{"created_at": "Sat Aug 25 02:52:18 +0000 2018", "id": 1033185269216882693, "id_str": "1033185269216882693", "full_text": "@welcomet0nature Unlike footprints, floofprints are undetectible.", "truncated": false, "display_text_range": [17, 65], "entities": {"hashtags": [], "symbols": [], "user_mentions": [{"screen_name": "welcomet0nature", "name": "Welcome To Nature", "id": 896158685533220864, "id_str": "896158685533220864", "indices": [0, 16]}], "urls": []}, "source": "<a href=\"http://twitter.com/download/android\" rel=\"nofollow\">Twitter for Android</a>", "in_reply_to_status_id": 1033014066095239168, "in_reply_to_status_id_str": "1033014066095239168", "in_reply_to_user_id": 896158685533220864, "in_reply_to_user_id_str": "896158685533220864", "in_reply_to_screen_name": "welcomet0nature", "user": {"id": 862019966744354816, "id_str": "862019966744354816", "name": "Bryce Lee", "screen_name": "_bryce_lee", "location": "Hudson Valley", "description": "experience design fan", "url": "https://t.co/SRi8rq8U2H", "entities": {"url": {"urls": [{"url": "https://t.co/SRi8rq8U2H", "expanded_url": "http://brycelee.com", "display_url": "brycelee.com", "indices": [0, 23]}]}, "description": {"urls": []}}, "protected": false, "followers_count": 26, "friends_count": 131, "listed_count": 0, "created_at": "Tue May 09 19:02:30 +0000 2017", "favourites_count": 600, "utc_offset": null, "time_zone": null, "geo_enabled": false, "verified": false, "statuses_count": 320, "lang": null, "contributors_enabled": false, "is_translator": false, "is_translation_enabled": false, "profile_background_color": "F5F8FA", "profile_background_image_url": null, "profile_background_image_url_https": null, "profile_background_tile": false, "profile_image_url": "http://pbs.twimg.com/profile_images/1128020083715002370/FTkHkKjt_normal.jpg", "profile_image_url_https": "https://pbs.twimg.com/profile_images/1128020083715002370/FTkHkKjt_normal.jpg", "profile_banner_url": "https://pbs.twimg.com/profile_banners/862019966744354816/1505497399", "profile_link_color": "1DA1F2", "profile_sidebar_border_color": "C0DEED", "profile_sidebar_fill_color": "DDEEF6", "profile_text_color": "333333", "profile_use_background_image": true, "has_extended_profile": false, "default_profile": true, "default_profile_image": false, "following": false, "follow_request_sent": false, "notifications": false, "translator_type": "none"}, "geo": null, "coordinates": null, "place": null, "contributors": null, "is_quote_status": false, "retweet_count": 1, "favorite_count": 0, "favorited": false, "retweeted": false, "lang": "en", "reply_count": 0}