{"created_at": "Fri Aug 24 19:06:20 +0000 2018", "id": 1033068003334582273, "id_str": "1033068003334582273", "full_text": "@welcomet0nature OMG. want!", "truncated": false, "display_text_range": [17, 27], "entities": {"hashtags": [], "symbols": [], "user_mentions": [{"screen_name": "welcomet0nature", "name": "Welcome To Nature", "id": 896158685533220864, "id_str": "896158685533220864", "indices": [0, 16]}], "urls": []}, "source": "<a href=\"http://twitter.com\" rel=\"nofollow\">Twitter Web Client</a>", "in_reply_to_status_id": 1033014066095239168, "in_reply_to_status_id_str": "1033014066095239168", "in_reply_to_user_id": 896158685533220864, "in_reply_to_user_id_str": "896158685533220864", "in_reply_to_screen_name": "welcomet0nature", "user": {"id": 998327891870937089, "id_str": "998327891870937089", "name": "Seattle Sunshine, Nobel Prize Winner", "screen_name": "SeattleSunshin1", "location": "Seattle, WA", "description": "Baba Yaga sisterhood of wise women. Compassionate #WarrenDemocrat. Mother of doodles. Lover of democracy and corvids. She/her. #BlueWave2020", "url": null, "entities": {"description": {"urls": []}}, "protected": false, "followers_count": 516, "friends_count": 1066, "listed_count": 1, "created_at": "Sun May 20 22:21:32 +0000 2018", "favourites_count": 19371, "utc_offset": null, "time_zone": null, "geo_enabled": true, "verified": false, "statuses_count": 10468, "lang": null, "contributors_enabled": false, "is_translator": false, "is_translation_enabled": false, "profile_background_color": "F5F8FA", "profile_background_image_url": null, "profile_background_image_url_https": null, "profile_background_tile": false, "profile_image_url": "http://pbs.twimg.com/profile_images/1261838152920035328/53ERyQgc_normal.jpg", "profile_image_url_https": "https://pbs.twimg.com/profile_images/1261838152920035328/53ERyQgc_normal.jpg", "profile_banner_url": "https://pbs.twimg.com/profile_banners/998327891870937089/1589680635", "profile_link_color": "1DA1F2", "profile_sidebar_border_color": "C0DEED", "profile_sidebar_fill_color": "DDEEF6", "profile_text_color": "333333", "profile_use_background_image": true, "has_extended_profile": false, "default_profile": true, "default_profile_image": false, "following": false, "follow_request_sent": false, "notifications": false, "translator_type": "none"}, "geo": null, "coordinates": null, "place": null, "contributors": null, "is_quote_status": false, "retweet_count": 1, "favorite_count": 1, "favorited": false, "retweeted": false, "lang": "en", "reply_count": 0}