{"created_at": "Sat Aug 25 00:51:23 +0000 2018", "id": 1033154838245208064, "id_str": "1033154838245208064", "full_text": "@welcomet0nature That looks like a soft sculpture, too, many dogs do as well. Not sure...", "truncated": false, "display_text_range": [17, 89], "entities": {"hashtags": [], "symbols": [], "user_mentions": [{"screen_name": "welcomet0nature", "name": "Welcome To Nature", "id": 896158685533220864, "id_str": "896158685533220864", "indices": [0, 16]}], "urls": []}, "source": "<a href=\"http://twitter.com/download/android\" rel=\"nofollow\">Twitter for Android</a>", "in_reply_to_status_id": 1033014066095239168, "in_reply_to_status_id_str": "1033014066095239168", "in_reply_to_user_id": 896158685533220864, "in_reply_to_user_id_str": "896158685533220864", "in_reply_to_screen_name": "welcomet0nature", "user": {"id": 749003978889785344, "id_str": "749003978889785344", "name": "PatCatFan \ud83d\udcda\ud83d\udc31\ud83c\uddfa\ud83c\uddf8\ud83d\uddfd\ud83c\udf0a\u270c", "screen_name": "pcduncle", "location": "Colorado, USA", "description": "#BlueWave #VoteBlue #RidingWithBiden Academic librarian. Inclusion, equity, sci-fi, pets, wildlife, ecology. Missing dear friend D.S , 1954-2020. \ud83d\ude2d No DMs.", "url": null, "entities": {"description": {"urls": []}}, "protected": false, "followers_count": 6499, "friends_count": 7131, "listed_count": 5, "created_at": "Fri Jul 01 22:17:19 +0000 2016", "favourites_count": 117951, "utc_offset": null, "time_zone": null, "geo_enabled": false, "verified": false, "statuses_count": 61682, "lang": null, "contributors_enabled": false, "is_translator": false, "is_translation_enabled": false, "profile_background_color": "F5F8FA", "profile_background_image_url": null, "profile_background_image_url_https": null, "profile_background_tile": false, "profile_image_url": "http://pbs.twimg.com/profile_images/1268369920548626433/MQDR6mZC_normal.jpg", "profile_image_url_https": "https://pbs.twimg.com/profile_images/1268369920548626433/MQDR6mZC_normal.jpg", "profile_banner_url": "https://pbs.twimg.com/profile_banners/749003978889785344/1558841853", "profile_link_color": "1DA1F2", "profile_sidebar_border_color": "C0DEED", "profile_sidebar_fill_color": "DDEEF6", "profile_text_color": "333333", "profile_use_background_image": true, "has_extended_profile": true, "default_profile": true, "default_profile_image": false, "following": false, "follow_request_sent": false, "notifications": false, "translator_type": "none"}, "geo": null, "coordinates": null, "place": null, "contributors": null, "is_quote_status": false, "retweet_count": 1, "favorite_count": 0, "favorited": false, "retweeted": false, "lang": "en", "reply_count": 0}