{"created_at": "Fri Aug 24 16:40:22 +0000 2018", "id": 1033031269435826177, "id_str": "1033031269435826177", "full_text": "@welcomet0nature \ud83e\udd23\ud83d\ude0d", "truncated": false, "display_text_range": [17, 19], "entities": {"hashtags": [], "symbols": [], "user_mentions": [{"screen_name": "welcomet0nature", "name": "Welcome To Nature", "id": 896158685533220864, "id_str": "896158685533220864", "indices": [0, 16]}], "urls": []}, "source": "<a href=\"http://twitter.com/download/android\" rel=\"nofollow\">Twitter for Android</a>", "in_reply_to_status_id": 1033014066095239168, "in_reply_to_status_id_str": "1033014066095239168", "in_reply_to_user_id": 896158685533220864, "in_reply_to_user_id_str": "896158685533220864", "in_reply_to_screen_name": "welcomet0nature", "user": {"id": 936829538692206592, "id_str": "936829538692206592", "name": "Rodrigo Torrejon", "screen_name": "RodrigoTorrej11", "location": "", "description": "Seguidor de las artes marciales mixtas, del fc barcelona, anime y la tecnologia", "url": null, "entities": {"description": {"urls": []}}, "protected": false, "followers_count": 84, "friends_count": 338, "listed_count": 0, "created_at": "Sat Dec 02 05:29:02 +0000 2017", "favourites_count": 1617, "utc_offset": null, "time_zone": null, "geo_enabled": false, "verified": false, "statuses_count": 432, "lang": null, "contributors_enabled": false, "is_translator": false, "is_translation_enabled": false, "profile_background_color": "F5F8FA", "profile_background_image_url": null, "profile_background_image_url_https": null, "profile_background_tile": false, "profile_image_url": "http://pbs.twimg.com/profile_images/936842336520126465/cOtln88j_normal.jpg", "profile_image_url_https": "https://pbs.twimg.com/profile_images/936842336520126465/cOtln88j_normal.jpg", "profile_banner_url": "https://pbs.twimg.com/profile_banners/936829538692206592/1512195592", "profile_link_color": "1DA1F2", "profile_sidebar_border_color": "C0DEED", "profile_sidebar_fill_color": "DDEEF6", "profile_text_color": "333333", "profile_use_background_image": true, "has_extended_profile": false, "default_profile": true, "default_profile_image": false, "following": false, "follow_request_sent": false, "notifications": false, "translator_type": "none"}, "geo": null, "coordinates": null, "place": null, "contributors": null, "is_quote_status": false, "retweet_count": 1, "favorite_count": 0, "favorited": false, "retweeted": false, "lang": "und", "reply_count": 0}