{"created_at": "Sat Aug 25 00:59:58 +0000 2018", "id": 1033157000484581378, "id_str": "1033157000484581378", "full_text": "@welcomet0nature So cute. It almost looks like a cartoon character. https://t.co/myohC7qoVD", "truncated": false, "display_text_range": [17, 67], "entities": {"hashtags": [], "symbols": [], "user_mentions": [{"screen_name": "welcomet0nature", "name": "Welcome To Nature", "id": 896158685533220864, "id_str": "896158685533220864", "indices": [0, 16]}], "urls": [], "media": [{"id": 1033156993341476864, "id_str": "1033156993341476864", "indices": [68, 91], "media_url": "http://pbs.twimg.com/tweet_video_thumb/DlaCz8FUUAAd7d6.jpg", "media_url_https": "https://pbs.twimg.com/tweet_video_thumb/DlaCz8FUUAAd7d6.jpg", "url": "https://t.co/myohC7qoVD", "display_url": "pic.twitter.com/myohC7qoVD", "expanded_url": "https://twitter.com/ErinTNance/status/1033157000484581378/photo/1", "type": "photo", "sizes": {"thumb": {"w": 150, "h": 150, "resize": "crop"}, "small": {"w": 400, "h": 182, "resize": "fit"}, "large": {"w": 400, "h": 182, "resize": "fit"}, "medium": {"w": 400, "h": 182, "resize": "fit"}}}]}, "extended_entities": {"media": [{"id": 1033156993341476864, "id_str": "1033156993341476864", "indices": [68, 91], "media_url": "http://pbs.twimg.com/tweet_video_thumb/DlaCz8FUUAAd7d6.jpg", "media_url_https": "https://pbs.twimg.com/tweet_video_thumb/DlaCz8FUUAAd7d6.jpg", "url": "https://t.co/myohC7qoVD", "display_url": "pic.twitter.com/myohC7qoVD", "expanded_url": "https://twitter.com/ErinTNance/status/1033157000484581378/photo/1", "type": "animated_gif", "sizes": {"thumb": {"w": 150, "h": 150, "resize": "crop"}, "small": {"w": 400, "h": 182, "resize": "fit"}, "large": {"w": 400, "h": 182, "resize": "fit"}, "medium": {"w": 400, "h": 182, "resize": "fit"}}, "video_info": {"aspect_ratio": [200, 91], "variants": [{"bitrate": 0, "content_type": "video/mp4", "url": "https://video.twimg.com/tweet_video/DlaCz8FUUAAd7d6.mp4"}]}}]}, "source": "<a href=\"http://twitter.com/download/iphone\" rel=\"nofollow\">Twitter for iPhone</a>", "in_reply_to_status_id": 1033014066095239168, "in_reply_to_status_id_str": "1033014066095239168", "in_reply_to_user_id": 896158685533220864, "in_reply_to_user_id_str": "896158685533220864", "in_reply_to_screen_name": "welcomet0nature", "user": {"id": 1711074608, "id_str": "1711074608", "name": "Erin Thompson Nance", "screen_name": "ErinTNance", "location": "Telluride, Co", "description": "Telluride, Co by way of Savannah, GA. Dawg for life and AZ Cardinal fan by marriage. Yes, I will like anything #BullTerrier related.", "url": null, "entities": {"description": {"urls": []}}, "protected": false, "followers_count": 259, "friends_count": 1136, "listed_count": 0, "created_at": "Thu Aug 29 21:48:33 +0000 2013", "favourites_count": 25805, "utc_offset": null, "time_zone": null, "geo_enabled": true, "verified": false, "statuses_count": 4286, "lang": null, "contributors_enabled": false, "is_translator": false, "is_translation_enabled": false, "profile_background_color": "000000", "profile_background_image_url": "http://abs.twimg.com/images/themes/theme1/bg.png", "profile_background_image_url_https": "https://abs.twimg.com/images/themes/theme1/bg.png", "profile_background_tile": false, "profile_image_url": "http://pbs.twimg.com/profile_images/1245391170961694726/EO_9fzpw_normal.jpg", "profile_image_url_https": "https://pbs.twimg.com/profile_images/1245391170961694726/EO_9fzpw_normal.jpg", "profile_banner_url": "https://pbs.twimg.com/profile_banners/1711074608/1492806123", "profile_link_color": "981CEB", "profile_sidebar_border_color": "000000", "profile_sidebar_fill_color": "000000", "profile_text_color": "000000", "profile_use_background_image": false, "has_extended_profile": true, "default_profile": false, "default_profile_image": false, "following": false, "follow_request_sent": false, "notifications": false, "translator_type": "none"}, "geo": null, "coordinates": null, "place": {"id": "0155518274018787", "url": "https://api.twitter.com/1.1/geo/id/0155518274018787.json", "place_type": "city", "name": "Bemiss", "full_name": "Bemiss, GA", "country_code": "US", "country": "United States", "contained_within": [], "bounding_box": {"type": "Polygon", "coordinates": [[[-83.265242, 30.9140373], [-83.227886, 30.9140373], [-83.227886, 30.947867], [-83.265242, 30.947867]]]}, "attributes": {}}, "contributors": null, "is_quote_status": false, "retweet_count": 1, "favorite_count": 0, "favorited": false, "retweeted": false, "possibly_sensitive": false, "possibly_sensitive_appealable": false, "lang": "en", "reply_count": 0}