{"created_at": "Sat Aug 25 12:36:04 +0000 2018", "id": 1033332180292911104, "id_str": "1033332180292911104", "full_text": "@welcomet0nature \ud83d\ude2dI wish it were real!!!", "truncated": false, "display_text_range": [17, 40], "entities": {"hashtags": [], "symbols": [], "user_mentions": [{"screen_name": "welcomet0nature", "name": "Welcome To Nature", "id": 896158685533220864, "id_str": "896158685533220864", "indices": [0, 16]}], "urls": []}, "source": "<a href=\"http://twitter.com/download/iphone\" rel=\"nofollow\">Twitter for iPhone</a>", "in_reply_to_status_id": 1033014066095239168, "in_reply_to_status_id_str": "1033014066095239168", "in_reply_to_user_id": 896158685533220864, "in_reply_to_user_id_str": "896158685533220864", "in_reply_to_screen_name": "welcomet0nature", "user": {"id": 142333313, "id_str": "142333313", "name": "Charlotte \ud83c\udff3\ufe0f\u200d\ud83c\udf08", "screen_name": "Charlot_sweetie", "location": "United Kingdom", "description": "I make the webcomic @SocietyDivide\nCo-host @charlotandzeke\nYou can find my art @charlsweetieART\nPronouns: She/They.", "url": "https://t.co/0HOlQCGCll", "entities": {"url": {"urls": [{"url": "https://t.co/0HOlQCGCll", "expanded_url": "http://charlot-sweetie.deviantart.com/", "display_url": "charlot-sweetie.deviantart.com", "indices": [0, 23]}]}, "description": {"urls": []}}, "protected": false, "followers_count": 137, "friends_count": 353, "listed_count": 6, "created_at": "Mon May 10 16:09:23 +0000 2010", "favourites_count": 3641, "utc_offset": null, "time_zone": null, "geo_enabled": false, "verified": false, "statuses_count": 8531, "lang": null, "contributors_enabled": false, "is_translator": false, "is_translation_enabled": false, "profile_background_color": "0099B9", "profile_background_image_url": "http://abs.twimg.com/images/themes/theme4/bg.gif", "profile_background_image_url_https": "https://abs.twimg.com/images/themes/theme4/bg.gif", "profile_background_tile": false, "profile_image_url": "http://pbs.twimg.com/profile_images/1275115858340327426/2GP3zrCn_normal.jpg", "profile_image_url_https": "https://pbs.twimg.com/profile_images/1275115858340327426/2GP3zrCn_normal.jpg", "profile_banner_url": "https://pbs.twimg.com/profile_banners/142333313/1590746297", "profile_link_color": "0099B9", "profile_sidebar_border_color": "5ED4DC", "profile_sidebar_fill_color": "95E8EC", "profile_text_color": "3C3940", "profile_use_background_image": true, "has_extended_profile": true, "default_profile": false, "default_profile_image": false, "following": false, "follow_request_sent": false, "notifications": false, "translator_type": "none"}, "geo": null, "coordinates": null, "place": null, "contributors": null, "is_quote_status": false, "retweet_count": 0, "favorite_count": 0, "favorited": false, "retweeted": false, "lang": "en", "reply_count": 0}