{"created_at": "Sat Aug 25 08:38:10 +0000 2018", "id": 1033272308658581504, "id_str": "1033272308658581504", "full_text": "@welcomet0nature CUTENESS OVERLOAD! https://t.co/FR8XSfHTT0", "truncated": false, "display_text_range": [17, 35], "entities": {"hashtags": [], "symbols": [], "user_mentions": [{"screen_name": "welcomet0nature", "name": "Welcome To Nature", "id": 896158685533220864, "id_str": "896158685533220864", "indices": [0, 16]}], "urls": [], "media": [{"id": 1033272294129455104, "id_str": "1033272294129455104", "indices": [36, 59], "media_url": "http://pbs.twimg.com/tweet_video_thumb/DlbrrU_W0AAZMvc.jpg", "media_url_https": "https://pbs.twimg.com/tweet_video_thumb/DlbrrU_W0AAZMvc.jpg", "url": "https://t.co/FR8XSfHTT0", "display_url": "pic.twitter.com/FR8XSfHTT0", "expanded_url": "https://twitter.com/ArcaneAce/status/1033272308658581504/photo/1", "type": "photo", "sizes": {"thumb": {"w": 150, "h": 150, "resize": "crop"}, "large": {"w": 498, "h": 248, "resize": "fit"}, "small": {"w": 498, "h": 248, "resize": "fit"}, "medium": {"w": 498, "h": 248, "resize": "fit"}}}]}, "extended_entities": {"media": [{"id": 1033272294129455104, "id_str": "1033272294129455104", "indices": [36, 59], "media_url": "http://pbs.twimg.com/tweet_video_thumb/DlbrrU_W0AAZMvc.jpg", "media_url_https": "https://pbs.twimg.com/tweet_video_thumb/DlbrrU_W0AAZMvc.jpg", "url": "https://t.co/FR8XSfHTT0", "display_url": "pic.twitter.com/FR8XSfHTT0", "expanded_url": "https://twitter.com/ArcaneAce/status/1033272308658581504/photo/1", "type": "animated_gif", "sizes": {"thumb": {"w": 150, "h": 150, "resize": "crop"}, "large": {"w": 498, "h": 248, "resize": "fit"}, "small": {"w": 498, "h": 248, "resize": "fit"}, "medium": {"w": 498, "h": 248, "resize": "fit"}}, "video_info": {"aspect_ratio": [249, 124], "variants": [{"bitrate": 0, "content_type": "video/mp4", "url": "https://video.twimg.com/tweet_video/DlbrrU_W0AAZMvc.mp4"}]}}]}, "source": "<a href=\"http://twitter.com/download/android\" rel=\"nofollow\">Twitter for Android</a>", "in_reply_to_status_id": 1033014066095239168, "in_reply_to_status_id_str": "1033014066095239168", "in_reply_to_user_id": 896158685533220864, "in_reply_to_user_id_str": "896158685533220864", "in_reply_to_screen_name": "welcomet0nature", "user": {"id": 589047205, "id_str": "589047205", "name": "Tar Deux", "screen_name": "ArcaneAce", "location": "Abuja", "description": "Ubermensch", "url": null, "entities": {"description": {"urls": []}}, "protected": false, "followers_count": 538, "friends_count": 615, "listed_count": 2, "created_at": "Thu May 24 11:23:27 +0000 2012", "favourites_count": 7034, "utc_offset": null, "time_zone": null, "geo_enabled": false, "verified": false, "statuses_count": 26719, "lang": null, "contributors_enabled": false, "is_translator": false, "is_translation_enabled": false, "profile_background_color": "C0DEED", "profile_background_image_url": "http://abs.twimg.com/images/themes/theme1/bg.png", "profile_background_image_url_https": "https://abs.twimg.com/images/themes/theme1/bg.png", "profile_background_tile": false, "profile_image_url": "http://pbs.twimg.com/profile_images/1055019150802911234/oL_1pxjm_normal.jpg", "profile_image_url_https": "https://pbs.twimg.com/profile_images/1055019150802911234/oL_1pxjm_normal.jpg", "profile_banner_url": "https://pbs.twimg.com/profile_banners/589047205/1392563154", "profile_link_color": "1DA1F2", "profile_sidebar_border_color": "C0DEED", "profile_sidebar_fill_color": "DDEEF6", "profile_text_color": "333333", "profile_use_background_image": true, "has_extended_profile": false, "default_profile": true, "default_profile_image": false, "following": false, "follow_request_sent": false, "notifications": false, "translator_type": "none"}, "geo": null, "coordinates": null, "place": null, "contributors": null, "is_quote_status": false, "retweet_count": 1, "favorite_count": 1, "favorited": false, "retweeted": false, "possibly_sensitive": false, "possibly_sensitive_appealable": false, "lang": "en", "reply_count": 0}