{"created_at": "Fri Aug 24 23:19:48 +0000 2018", "id": 1033131792331550720, "id_str": "1033131792331550720", "full_text": "@welcomet0nature @TinDizzy I just don\u2019t think \ud83e\udd14\ud83d\udcad anyone is buying it \ud83e\udd84\nIt\u2019s damn good though \ud83d\udc4f\ud83c\udffb and extremely adorable \ud83d\ude0d\n\n\ud83e\udd8b", "truncated": false, "display_text_range": [27, 123], "entities": {"hashtags": [], "symbols": [], "user_mentions": [{"screen_name": "welcomet0nature", "name": "Welcome To Nature", "id": 896158685533220864, "id_str": "896158685533220864", "indices": [0, 16]}, {"screen_name": "TinDizzy", "name": "Dizzy \u2605", "id": 598564308, "id_str": "598564308", "indices": [17, 26]}], "urls": []}, "source": "<a href=\"http://twitter.com/download/iphone\" rel=\"nofollow\">Twitter for iPhone</a>", "in_reply_to_status_id": 1033014066095239168, "in_reply_to_status_id_str": "1033014066095239168", "in_reply_to_user_id": 896158685533220864, "in_reply_to_user_id_str": "896158685533220864", "in_reply_to_screen_name": "welcomet0nature", "user": {"id": 873614790391889920, "id_str": "873614790391889920", "name": "Jennifer Garringer", "screen_name": "JenGarringer999", "location": "Montrose, CO", "description": "I\u2019m hooked on good role play pods & fiction! I enjoy movies, music & pets. Hoping to have fun & meet people. Fighting bipolar disorder alone. #SickNotWeak", "url": null, "entities": {"description": {"urls": []}}, "protected": false, "followers_count": 661, "friends_count": 3605, "listed_count": 3, "created_at": "Sat Jun 10 18:56:11 +0000 2017", "favourites_count": 4447, "utc_offset": null, "time_zone": null, "geo_enabled": false, "verified": false, "statuses_count": 2057, "lang": null, "contributors_enabled": false, "is_translator": false, "is_translation_enabled": false, "profile_background_color": "F5F8FA", "profile_background_image_url": null, "profile_background_image_url_https": null, "profile_background_tile": false, "profile_image_url": "http://pbs.twimg.com/profile_images/1267665128247504896/xQUBPaCm_normal.jpg", "profile_image_url_https": "https://pbs.twimg.com/profile_images/1267665128247504896/xQUBPaCm_normal.jpg", "profile_banner_url": "https://pbs.twimg.com/profile_banners/873614790391889920/1497124691", "profile_link_color": "1DA1F2", "profile_sidebar_border_color": "C0DEED", "profile_sidebar_fill_color": "DDEEF6", "profile_text_color": "333333", "profile_use_background_image": true, "has_extended_profile": true, "default_profile": true, "default_profile_image": false, "following": false, "follow_request_sent": false, "notifications": false, "translator_type": "none"}, "geo": null, "coordinates": null, "place": null, "contributors": null, "is_quote_status": false, "retweet_count": 2, "favorite_count": 4, "favorited": false, "retweeted": false, "lang": "en", "reply_count": 0}