{"created_at": "Fri Aug 24 17:08:03 +0000 2018", "id": 1033038239224012801, "id_str": "1033038239224012801", "full_text": "@welcomet0nature Haha... How did it get there.. No little fake weasel footprints in the fluffy fake snow. Lol.. Still cute though.", "truncated": false, "display_text_range": [17, 130], "entities": {"hashtags": [], "symbols": [], "user_mentions": [{"screen_name": "welcomet0nature", "name": "Welcome To Nature", "id": 896158685533220864, "id_str": "896158685533220864", "indices": [0, 16]}], "urls": []}, "source": "<a href=\"http://twitter.com/download/android\" rel=\"nofollow\">Twitter for Android</a>", "in_reply_to_status_id": 1033014066095239168, "in_reply_to_status_id_str": "1033014066095239168", "in_reply_to_user_id": 896158685533220864, "in_reply_to_user_id_str": "896158685533220864", "in_reply_to_screen_name": "welcomet0nature", "user": {"id": 969939850207088640, "id_str": "969939850207088640", "name": "Clare", "screen_name": "riddlededum", "location": "UK", "description": "", "url": null, "entities": {"description": {"urls": []}}, "protected": false, "followers_count": 95, "friends_count": 132, "listed_count": 0, "created_at": "Sat Mar 03 14:17:35 +0000 2018", "favourites_count": 7799, "utc_offset": null, "time_zone": null, "geo_enabled": false, "verified": false, "statuses_count": 2037, "lang": null, "contributors_enabled": false, "is_translator": false, "is_translation_enabled": false, "profile_background_color": "F5F8FA", "profile_background_image_url": null, "profile_background_image_url_https": null, "profile_background_tile": false, "profile_image_url": "http://pbs.twimg.com/profile_images/1111339587199266816/EMOga6Y4_normal.jpg", "profile_image_url_https": "https://pbs.twimg.com/profile_images/1111339587199266816/EMOga6Y4_normal.jpg", "profile_banner_url": "https://pbs.twimg.com/profile_banners/969939850207088640/1553703718", "profile_link_color": "1DA1F2", "profile_sidebar_border_color": "C0DEED", "profile_sidebar_fill_color": "DDEEF6", "profile_text_color": "333333", "profile_use_background_image": true, "has_extended_profile": false, "default_profile": true, "default_profile_image": false, "following": false, "follow_request_sent": false, "notifications": false, "translator_type": "none"}, "geo": null, "coordinates": null, "place": null, "contributors": null, "is_quote_status": false, "retweet_count": 1, "favorite_count": 1, "favorited": false, "retweeted": false, "lang": "en", "reply_count": 1}