{"created_at": "Sat Aug 25 13:47:48 +0000 2018", "id": 1033350231738527744, "id_str": "1033350231738527744", "full_text": "@welcomet0nature At least put some paw tracks ~~\ud83e\udd23\ud83d\ude02\ud83e\udd23\ud83d\ude02\ud83e\udd23\ud83d\ude02\ud83e\udde1\ud83d\udc9b\ud83d\udc9a", "truncated": false, "display_text_range": [17, 57], "entities": {"hashtags": [], "symbols": [], "user_mentions": [{"screen_name": "welcomet0nature", "name": "Welcome To Nature", "id": 896158685533220864, "id_str": "896158685533220864", "indices": [0, 16]}], "urls": []}, "source": "<a href=\"http://twitter.com/download/android\" rel=\"nofollow\">Twitter for Android</a>", "in_reply_to_status_id": 1033014066095239168, "in_reply_to_status_id_str": "1033014066095239168", "in_reply_to_user_id": 896158685533220864, "in_reply_to_user_id_str": "896158685533220864", "in_reply_to_screen_name": "welcomet0nature", "user": {"id": 844371453411758081, "id_str": "844371453411758081", "name": "Tess Kalmar\u264d\u262e\ud83c\udf7e", "screen_name": "tess_kalmar", "location": "wonderland", "description": "LIVING MY DREAM  WITH MY 3 CATS IN THE DESERT\ud83c\udf35\ud83c\udf34 ~\u264d  don't ask for money\ud83d\udc7f  PLZ NO LIST'S*NO DM*\nI take care of me & mine~\u262e", "url": null, "entities": {"description": {"urls": []}}, "protected": false, "followers_count": 1164, "friends_count": 1137, "listed_count": 3, "created_at": "Wed Mar 22 02:13:37 +0000 2017", "favourites_count": 146417, "utc_offset": null, "time_zone": null, "geo_enabled": false, "verified": false, "statuses_count": 41312, "lang": null, "contributors_enabled": false, "is_translator": false, "is_translation_enabled": false, "profile_background_color": "F5F8FA", "profile_background_image_url": null, "profile_background_image_url_https": null, "profile_background_tile": false, "profile_image_url": "http://pbs.twimg.com/profile_images/928880864108470272/Hw6TgFOH_normal.jpg", "profile_image_url_https": "https://pbs.twimg.com/profile_images/928880864108470272/Hw6TgFOH_normal.jpg", "profile_banner_url": "https://pbs.twimg.com/profile_banners/844371453411758081/1516721285", "profile_link_color": "1DA1F2", "profile_sidebar_border_color": "C0DEED", "profile_sidebar_fill_color": "DDEEF6", "profile_text_color": "333333", "profile_use_background_image": true, "has_extended_profile": true, "default_profile": true, "default_profile_image": false, "following": false, "follow_request_sent": false, "notifications": false, "translator_type": "none"}, "geo": null, "coordinates": null, "place": null, "contributors": null, "is_quote_status": false, "retweet_count": 0, "favorite_count": 0, "favorited": false, "retweeted": false, "lang": "en", "reply_count": 0}