{"created_at": "Fri Aug 24 16:19:02 +0000 2018", "id": 1033025902412738561, "id_str": "1033025902412738561", "full_text": "@welcomet0nature @hahnsmith Its a toy \ud83d\ude44", "truncated": false, "display_text_range": [28, 39], "entities": {"hashtags": [], "symbols": [], "user_mentions": [{"screen_name": "welcomet0nature", "name": "Welcome To Nature", "id": 896158685533220864, "id_str": "896158685533220864", "indices": [0, 16]}, {"screen_name": "hahnsmith", "name": "rose smith", "id": 48473299, "id_str": "48473299", "indices": [17, 27]}], "urls": []}, "source": "<a href=\"http://twitter.com/download/android\" rel=\"nofollow\">Twitter for Android</a>", "in_reply_to_status_id": 1033014066095239168, "in_reply_to_status_id_str": "1033014066095239168", "in_reply_to_user_id": 896158685533220864, "in_reply_to_user_id_str": "896158685533220864", "in_reply_to_screen_name": "welcomet0nature", "user": {"id": 155399685, "id_str": "155399685", "name": "RoiD.\u24c2\ufe0f", "screen_name": "R0D13", "location": "In-Rhar                       ", "description": "A veces el silencio es la mejor respuesta.\nThe best is yet to come. \n\nPsn:Rhoderic-\n\n\nXbl:Rodrios", "url": "https://t.co/4w4THCtsNu", "entities": {"url": {"urls": [{"url": "https://t.co/4w4THCtsNu", "expanded_url": "http://instagram.com/roidrios", "display_url": "instagram.com/roidrios", "indices": [0, 23]}]}, "description": {"urls": []}}, "protected": false, "followers_count": 713, "friends_count": 244, "listed_count": 4, "created_at": "Mon Jun 14 01:37:33 +0000 2010", "favourites_count": 802, "utc_offset": null, "time_zone": null, "geo_enabled": true, "verified": false, "statuses_count": 11245, "lang": null, "contributors_enabled": false, "is_translator": false, "is_translation_enabled": false, "profile_background_color": "120F0F", "profile_background_image_url": "http://abs.twimg.com/images/themes/theme9/bg.gif", "profile_background_image_url_https": "https://abs.twimg.com/images/themes/theme9/bg.gif", "profile_background_tile": true, "profile_image_url": "http://pbs.twimg.com/profile_images/1138838593194070017/Eiumw6Tf_normal.jpg", "profile_image_url_https": "https://pbs.twimg.com/profile_images/1138838593194070017/Eiumw6Tf_normal.jpg", "profile_banner_url": "https://pbs.twimg.com/profile_banners/155399685/1461005694", "profile_link_color": "3B94D9", "profile_sidebar_border_color": "000000", "profile_sidebar_fill_color": "EFEFEF", "profile_text_color": "333333", "profile_use_background_image": true, "has_extended_profile": true, "default_profile": false, "default_profile_image": false, "following": false, "follow_request_sent": false, "notifications": false, "translator_type": "none"}, "geo": null, "coordinates": null, "place": null, "contributors": null, "is_quote_status": false, "retweet_count": 1, "favorite_count": 4, "favorited": false, "retweeted": false, "lang": "en", "reply_count": 1}