{"created_at": "Fri Aug 24 16:32:39 +0000 2018", "id": 1033029328450342923, "id_str": "1033029328450342923", "full_text": "@welcomet0nature You're kidding.....", "truncated": false, "display_text_range": [17, 36], "entities": {"hashtags": [], "symbols": [], "user_mentions": [{"screen_name": "welcomet0nature", "name": "Welcome To Nature", "id": 896158685533220864, "id_str": "896158685533220864", "indices": [0, 16]}], "urls": []}, "source": "<a href=\"http://twitter.com\" rel=\"nofollow\">Twitter Web Client</a>", "in_reply_to_status_id": 1033014066095239168, "in_reply_to_status_id_str": "1033014066095239168", "in_reply_to_user_id": 896158685533220864, "in_reply_to_user_id_str": "896158685533220864", "in_reply_to_screen_name": "welcomet0nature", "user": {"id": 722188277869101057, "id_str": "722188277869101057", "name": "Marian Blacharski", "screen_name": "greenbouncer1", "location": "", "description": "#SilniRazem, Veni, Vidi, Nici. Je\u015bli Ci nie odpowiada j\u0119zyk jakiego u\u017cywam w odniesieniu do PISowcow, zablokuj. Nie mam szacunku do \u0142ami\u0105cych Konstytucje RP.", "url": null, "entities": {"description": {"urls": []}}, "protected": false, "followers_count": 2225, "friends_count": 4990, "listed_count": 4, "created_at": "Mon Apr 18 22:21:17 +0000 2016", "favourites_count": 143983, "utc_offset": null, "time_zone": null, "geo_enabled": true, "verified": false, "statuses_count": 118547, "lang": null, "contributors_enabled": false, "is_translator": false, "is_translation_enabled": false, "profile_background_color": "F5F8FA", "profile_background_image_url": null, "profile_background_image_url_https": null, "profile_background_tile": false, "profile_image_url": "http://pbs.twimg.com/profile_images/766344394995822592/A4F6x_oU_normal.jpg", "profile_image_url_https": "https://pbs.twimg.com/profile_images/766344394995822592/A4F6x_oU_normal.jpg", "profile_link_color": "1DA1F2", "profile_sidebar_border_color": "C0DEED", "profile_sidebar_fill_color": "DDEEF6", "profile_text_color": "333333", "profile_use_background_image": true, "has_extended_profile": false, "default_profile": true, "default_profile_image": false, "following": false, "follow_request_sent": false, "notifications": false, "translator_type": "none"}, "geo": null, "coordinates": null, "place": null, "contributors": null, "is_quote_status": false, "retweet_count": 1, "favorite_count": 1, "favorited": false, "retweeted": false, "lang": "en", "reply_count": 0}