{"created_at": "Sat Aug 25 01:30:16 +0000 2018", "id": 1033164626794610688, "id_str": "1033164626794610688", "full_text": "@welcomet0nature So cute!", "truncated": false, "display_text_range": [17, 25], "entities": {"hashtags": [], "symbols": [], "user_mentions": [{"screen_name": "welcomet0nature", "name": "Welcome To Nature", "id": 896158685533220864, "id_str": "896158685533220864", "indices": [0, 16]}], "urls": []}, "source": "<a href=\"http://twitter.com/download/iphone\" rel=\"nofollow\">Twitter for iPhone</a>", "in_reply_to_status_id": 1033014066095239168, "in_reply_to_status_id_str": "1033014066095239168", "in_reply_to_user_id": 896158685533220864, "in_reply_to_user_id_str": "896158685533220864", "in_reply_to_screen_name": "welcomet0nature", "user": {"id": 97689137, "id_str": "97689137", "name": "MacGirl", "screen_name": "Ilovememac", "location": "Puerto Rico", "description": "Cat and baby animals lover. Like great quotes and Science Fiction. Star Trek fan.", "url": null, "entities": {"description": {"urls": []}}, "protected": false, "followers_count": 251, "friends_count": 528, "listed_count": 1, "created_at": "Fri Dec 18 15:27:59 +0000 2009", "favourites_count": 7296, "utc_offset": null, "time_zone": null, "geo_enabled": true, "verified": false, "statuses_count": 6929, "lang": null, "contributors_enabled": false, "is_translator": false, "is_translation_enabled": false, "profile_background_color": "C0DEED", "profile_background_image_url": "http://abs.twimg.com/images/themes/theme1/bg.png", "profile_background_image_url_https": "https://abs.twimg.com/images/themes/theme1/bg.png", "profile_background_tile": false, "profile_image_url": "http://pbs.twimg.com/profile_images/972657862555176960/uVv75Aal_normal.jpg", "profile_image_url_https": "https://pbs.twimg.com/profile_images/972657862555176960/uVv75Aal_normal.jpg", "profile_banner_url": "https://pbs.twimg.com/profile_banners/97689137/1520734681", "profile_link_color": "1DA1F2", "profile_sidebar_border_color": "C0DEED", "profile_sidebar_fill_color": "DDEEF6", "profile_text_color": "333333", "profile_use_background_image": true, "has_extended_profile": true, "default_profile": true, "default_profile_image": false, "following": false, "follow_request_sent": false, "notifications": false, "translator_type": "none"}, "geo": null, "coordinates": null, "place": null, "contributors": null, "is_quote_status": false, "retweet_count": 1, "favorite_count": 0, "favorited": false, "retweeted": false, "lang": "en", "reply_count": 0}