{"created_at": "Fri Aug 24 17:44:29 +0000 2018", "id": 1033047406814941184, "id_str": "1033047406814941184", "full_text": "@welcomet0nature Sweet", "truncated": false, "display_text_range": [17, 22], "entities": {"hashtags": [], "symbols": [], "user_mentions": [{"screen_name": "welcomet0nature", "name": "Welcome To Nature", "id": 896158685533220864, "id_str": "896158685533220864", "indices": [0, 16]}], "urls": []}, "source": "<a href=\"http://twitter.com/#!/download/ipad\" rel=\"nofollow\">Twitter for iPad</a>", "in_reply_to_status_id": 1033014066095239168, "in_reply_to_status_id_str": "1033014066095239168", "in_reply_to_user_id": 896158685533220864, "in_reply_to_user_id_str": "896158685533220864", "in_reply_to_screen_name": "welcomet0nature", "user": {"id": 4235844983, "id_str": "4235844983", "name": "DH kane", "screen_name": "debh357", "location": "Oregon, USA", "description": "Love music, reading, and life. love everything Alaskan and Pacific Northwest. DIYer.", "url": null, "entities": {"description": {"urls": []}}, "protected": false, "followers_count": 162, "friends_count": 319, "listed_count": 0, "created_at": "Fri Nov 20 16:45:34 +0000 2015", "favourites_count": 9139, "utc_offset": null, "time_zone": null, "geo_enabled": false, "verified": false, "statuses_count": 1319, "lang": null, "contributors_enabled": false, "is_translator": false, "is_translation_enabled": false, "profile_background_color": "C0DEED", "profile_background_image_url": "http://abs.twimg.com/images/themes/theme1/bg.png", "profile_background_image_url_https": "https://abs.twimg.com/images/themes/theme1/bg.png", "profile_background_tile": false, "profile_image_url": "http://abs.twimg.com/sticky/default_profile_images/default_profile_normal.png", "profile_image_url_https": "https://abs.twimg.com/sticky/default_profile_images/default_profile_normal.png", "profile_link_color": "1DA1F2", "profile_sidebar_border_color": "C0DEED", "profile_sidebar_fill_color": "DDEEF6", "profile_text_color": "333333", "profile_use_background_image": true, "has_extended_profile": true, "default_profile": true, "default_profile_image": true, "following": false, "follow_request_sent": false, "notifications": false, "translator_type": "none"}, "geo": null, "coordinates": null, "place": null, "contributors": null, "is_quote_status": false, "retweet_count": 1, "favorite_count": 0, "favorited": false, "retweeted": false, "lang": "en", "reply_count": 0}