{"created_at": "Fri Aug 24 18:19:49 +0000 2018", "id": 1033056300106768384, "id_str": "1033056300106768384", "full_text": "@welcomet0nature its a stuffed animal.. adoreable but not alive", "truncated": false, "display_text_range": [17, 63], "entities": {"hashtags": [], "symbols": [], "user_mentions": [{"screen_name": "welcomet0nature", "name": "Welcome To Nature", "id": 896158685533220864, "id_str": "896158685533220864", "indices": [0, 16]}], "urls": []}, "source": "<a href=\"http://twitter.com\" rel=\"nofollow\">Twitter Web Client</a>", "in_reply_to_status_id": 1033014066095239168, "in_reply_to_status_id_str": "1033014066095239168", "in_reply_to_user_id": 896158685533220864, "in_reply_to_user_id_str": "896158685533220864", "in_reply_to_screen_name": "welcomet0nature", "user": {"id": 844974761453195265, "id_str": "844974761453195265", "name": "heartless0ne", "screen_name": "heartless0ne1", "location": "Georgetown, TX", "description": "", "url": null, "entities": {"description": {"urls": []}}, "protected": false, "followers_count": 41, "friends_count": 27, "listed_count": 0, "created_at": "Thu Mar 23 18:10:56 +0000 2017", "favourites_count": 5435, "utc_offset": null, "time_zone": null, "geo_enabled": false, "verified": false, "statuses_count": 1420, "lang": null, "contributors_enabled": false, "is_translator": false, "is_translation_enabled": false, "profile_background_color": "000000", "profile_background_image_url": "http://abs.twimg.com/images/themes/theme1/bg.png", "profile_background_image_url_https": "https://abs.twimg.com/images/themes/theme1/bg.png", "profile_background_tile": false, "profile_image_url": "http://pbs.twimg.com/profile_images/1107799906843013120/WyrVemIu_normal.png", "profile_image_url_https": "https://pbs.twimg.com/profile_images/1107799906843013120/WyrVemIu_normal.png", "profile_banner_url": "https://pbs.twimg.com/profile_banners/844974761453195265/1547152385", "profile_link_color": "1B95E0", "profile_sidebar_border_color": "000000", "profile_sidebar_fill_color": "000000", "profile_text_color": "000000", "profile_use_background_image": false, "has_extended_profile": true, "default_profile": false, "default_profile_image": false, "following": false, "follow_request_sent": false, "notifications": false, "translator_type": "none"}, "geo": null, "coordinates": null, "place": null, "contributors": null, "is_quote_status": false, "retweet_count": 1, "favorite_count": 1, "favorited": false, "retweeted": false, "lang": "en", "reply_count": 0}