{"created_at": "Fri Aug 24 15:47:43 +0000 2018", "id": 1033018019763482625, "id_str": "1033018019763482625", "full_text": "@welcomet0nature Not nature. Weasel is very fake.", "truncated": false, "display_text_range": [17, 49], "entities": {"hashtags": [], "symbols": [], "user_mentions": [{"screen_name": "welcomet0nature", "name": "Welcome To Nature", "id": 896158685533220864, "id_str": "896158685533220864", "indices": [0, 16]}], "urls": []}, "source": "<a href=\"https://mobile.twitter.com\" rel=\"nofollow\">Twitter Web App</a>", "in_reply_to_status_id": 1033014066095239168, "in_reply_to_status_id_str": "1033014066095239168", "in_reply_to_user_id": 896158685533220864, "in_reply_to_user_id_str": "896158685533220864", "in_reply_to_screen_name": "welcomet0nature", "user": {"id": 18733040, "id_str": "18733040", "name": "Harmonicat", "screen_name": "TaoOfCats", "location": "Washington State", "description": "Happily married father of four kids, two dogs, five cats. Anti-Trump. #VoteBlueNoMatterWho", "url": null, "entities": {"description": {"urls": []}}, "protected": false, "followers_count": 771, "friends_count": 1430, "listed_count": 3, "created_at": "Wed Jan 07 19:01:49 +0000 2009", "favourites_count": 98652, "utc_offset": null, "time_zone": null, "geo_enabled": false, "verified": false, "statuses_count": 13762, "lang": null, "contributors_enabled": false, "is_translator": false, "is_translation_enabled": false, "profile_background_color": "C0DEED", "profile_background_image_url": "http://abs.twimg.com/images/themes/theme1/bg.png", "profile_background_image_url_https": "https://abs.twimg.com/images/themes/theme1/bg.png", "profile_background_tile": false, "profile_image_url": "http://pbs.twimg.com/profile_images/1170393909496692736/L6B__Y8p_normal.jpg", "profile_image_url_https": "https://pbs.twimg.com/profile_images/1170393909496692736/L6B__Y8p_normal.jpg", "profile_banner_url": "https://pbs.twimg.com/profile_banners/18733040/1577048218", "profile_link_color": "1DA1F2", "profile_sidebar_border_color": "C0DEED", "profile_sidebar_fill_color": "DDEEF6", "profile_text_color": "333333", "profile_use_background_image": true, "has_extended_profile": false, "default_profile": true, "default_profile_image": false, "following": false, "follow_request_sent": false, "notifications": false, "translator_type": "none"}, "geo": null, "coordinates": null, "place": null, "contributors": null, "is_quote_status": false, "retweet_count": 1, "favorite_count": 0, "favorited": false, "retweeted": false, "lang": "en", "reply_count": 0}