{"created_at": "Fri Aug 24 21:48:32 +0000 2018", "id": 1033108824020799488, "id_str": "1033108824020799488", "full_text": "@welcomet0nature Is a toy", "truncated": false, "display_text_range": [17, 25], "entities": {"hashtags": [], "symbols": [], "user_mentions": [{"screen_name": "welcomet0nature", "name": "Welcome To Nature", "id": 896158685533220864, "id_str": "896158685533220864", "indices": [0, 16]}], "urls": []}, "source": "<a href=\"http://twitter.com/download/iphone\" rel=\"nofollow\">Twitter for iPhone</a>", "in_reply_to_status_id": 1033014066095239168, "in_reply_to_status_id_str": "1033014066095239168", "in_reply_to_user_id": 896158685533220864, "in_reply_to_user_id_str": "896158685533220864", "in_reply_to_screen_name": "welcomet0nature", "user": {"id": 966163574019141632, "id_str": "966163574019141632", "name": "Christine", "screen_name": "Rackapuzz1957", "location": "Melbourne, Victoria", "description": "Like the outdoors, fresh mornings and clear nights. Love animals, Hate cruelty, Adopt/Rescue senior pets, Love pizza with a glass of wine.", "url": null, "entities": {"description": {"urls": []}}, "protected": false, "followers_count": 246, "friends_count": 347, "listed_count": 0, "created_at": "Wed Feb 21 04:12:01 +0000 2018", "favourites_count": 10357, "utc_offset": null, "time_zone": null, "geo_enabled": false, "verified": false, "statuses_count": 9435, "lang": null, "contributors_enabled": false, "is_translator": false, "is_translation_enabled": false, "profile_background_color": "F5F8FA", "profile_background_image_url": null, "profile_background_image_url_https": null, "profile_background_tile": false, "profile_image_url": "http://pbs.twimg.com/profile_images/966168412539023360/Otf85kF2_normal.jpg", "profile_image_url_https": "https://pbs.twimg.com/profile_images/966168412539023360/Otf85kF2_normal.jpg", "profile_link_color": "1DA1F2", "profile_sidebar_border_color": "C0DEED", "profile_sidebar_fill_color": "DDEEF6", "profile_text_color": "333333", "profile_use_background_image": true, "has_extended_profile": true, "default_profile": true, "default_profile_image": false, "following": false, "follow_request_sent": false, "notifications": false, "translator_type": "none"}, "geo": null, "coordinates": null, "place": null, "contributors": null, "is_quote_status": false, "retweet_count": 0, "favorite_count": 0, "favorited": false, "retweeted": false, "lang": "en", "reply_count": 0}