{"created_at": "Fri Aug 24 18:06:24 +0000 2018", "id": 1033052921154297857, "id_str": "1033052921154297857", "full_text": "@welcomet0nature It\u2019s a very cute toy...", "truncated": false, "display_text_range": [17, 40], "entities": {"hashtags": [], "symbols": [], "user_mentions": [{"screen_name": "welcomet0nature", "name": "Welcome To Nature", "id": 896158685533220864, "id_str": "896158685533220864", "indices": [0, 16]}], "urls": []}, "source": "<a href=\"http://twitter.com/download/iphone\" rel=\"nofollow\">Twitter for iPhone</a>", "in_reply_to_status_id": 1033014066095239168, "in_reply_to_status_id_str": "1033014066095239168", "in_reply_to_user_id": 896158685533220864, "in_reply_to_user_id_str": "896158685533220864", "in_reply_to_screen_name": "welcomet0nature", "user": {"id": 1032715311441567744, "id_str": "1032715311441567744", "name": "rainydaylady", "screen_name": "rainydaylady2", "location": "Seattle, WA", "description": "Love cats, dogs, and coffee. Don\u2019t like rats, George Thorogood, or mushrooms. My nonpolitical account!", "url": null, "entities": {"description": {"urls": []}}, "protected": false, "followers_count": 5, "friends_count": 25, "listed_count": 0, "created_at": "Thu Aug 23 19:44:51 +0000 2018", "favourites_count": 150, "utc_offset": null, "time_zone": null, "geo_enabled": false, "verified": false, "statuses_count": 52, "lang": null, "contributors_enabled": false, "is_translator": false, "is_translation_enabled": false, "profile_background_color": "F5F8FA", "profile_background_image_url": null, "profile_background_image_url_https": null, "profile_background_tile": false, "profile_image_url": "http://pbs.twimg.com/profile_images/1032716072548368385/uKfiR14c_normal.jpg", "profile_image_url_https": "https://pbs.twimg.com/profile_images/1032716072548368385/uKfiR14c_normal.jpg", "profile_banner_url": "https://pbs.twimg.com/profile_banners/1032715311441567744/1535053754", "profile_link_color": "1DA1F2", "profile_sidebar_border_color": "C0DEED", "profile_sidebar_fill_color": "DDEEF6", "profile_text_color": "333333", "profile_use_background_image": true, "has_extended_profile": false, "default_profile": true, "default_profile_image": false, "following": false, "follow_request_sent": false, "notifications": false, "translator_type": "none"}, "geo": null, "coordinates": null, "place": null, "contributors": null, "is_quote_status": false, "retweet_count": 1, "favorite_count": 1, "favorited": false, "retweeted": false, "lang": "en", "reply_count": 0}