{"created_at": "Fri Aug 24 19:10:34 +0000 2018", "id": 1033069070424268802, "id_str": "1033069070424268802", "full_text": "@welcomet0nature It's a toy.", "truncated": false, "display_text_range": [17, 28], "entities": {"hashtags": [], "symbols": [], "user_mentions": [{"screen_name": "welcomet0nature", "name": "Welcome To Nature", "id": 896158685533220864, "id_str": "896158685533220864", "indices": [0, 16]}], "urls": []}, "source": "<a href=\"http://twitter.com/download/android\" rel=\"nofollow\">Twitter for Android</a>", "in_reply_to_status_id": 1033014066095239168, "in_reply_to_status_id_str": "1033014066095239168", "in_reply_to_user_id": 896158685533220864, "in_reply_to_user_id_str": "896158685533220864", "in_reply_to_screen_name": "welcomet0nature", "user": {"id": 1210026044, "id_str": "1210026044", "name": "Marcel", "screen_name": "marcelmtl", "location": "Montreal, Qu\u00e9bec, Canada", "description": "Hub & dad (7+4\u00d72). Home is an organic homestead. VW/general mechanic. Bee/Honey/Mead/Hot Sauce enthusiast. Yes, I RT. Sometimes alot. Take it or leave it. IDGAF", "url": null, "entities": {"description": {"urls": []}}, "protected": false, "followers_count": 636, "friends_count": 898, "listed_count": 76, "created_at": "Fri Feb 22 23:04:26 +0000 2013", "favourites_count": 69775, "utc_offset": null, "time_zone": null, "geo_enabled": false, "verified": false, "statuses_count": 84086, "lang": null, "contributors_enabled": false, "is_translator": false, "is_translation_enabled": false, "profile_background_color": "C0DEED", "profile_background_image_url": "http://abs.twimg.com/images/themes/theme1/bg.png", "profile_background_image_url_https": "https://abs.twimg.com/images/themes/theme1/bg.png", "profile_background_tile": false, "profile_image_url": "http://pbs.twimg.com/profile_images/544702335369641984/eu-EC6oX_normal.jpeg", "profile_image_url_https": "https://pbs.twimg.com/profile_images/544702335369641984/eu-EC6oX_normal.jpeg", "profile_banner_url": "https://pbs.twimg.com/profile_banners/1210026044/1581128394", "profile_link_color": "1DA1F2", "profile_sidebar_border_color": "C0DEED", "profile_sidebar_fill_color": "DDEEF6", "profile_text_color": "333333", "profile_use_background_image": true, "has_extended_profile": false, "default_profile": true, "default_profile_image": false, "following": false, "follow_request_sent": false, "notifications": false, "translator_type": "none"}, "geo": null, "coordinates": null, "place": null, "contributors": null, "is_quote_status": false, "retweet_count": 1, "favorite_count": 1, "favorited": false, "retweeted": false, "lang": "en", "reply_count": 0}