{"created_at": "Fri Aug 24 18:51:23 +0000 2018", "id": 1033064244416323586, "id_str": "1033064244416323586", "full_text": "@welcomet0nature Muy tierno, pero es un temible cazador.", "truncated": false, "display_text_range": [17, 56], "entities": {"hashtags": [], "symbols": [], "user_mentions": [{"screen_name": "welcomet0nature", "name": "Welcome To Nature", "id": 896158685533220864, "id_str": "896158685533220864", "indices": [0, 16]}], "urls": []}, "source": "<a href=\"https://mobile.twitter.com\" rel=\"nofollow\">Twitter Web App</a>", "in_reply_to_status_id": 1033014066095239168, "in_reply_to_status_id_str": "1033014066095239168", "in_reply_to_user_id": 896158685533220864, "in_reply_to_user_id_str": "896158685533220864", "in_reply_to_screen_name": "welcomet0nature", "user": {"id": 309078523, "id_str": "309078523", "name": "Julio Cesar\ud83d\udc2c Alayo", "screen_name": "JulioDelfinAlay", "location": "Per\u00fa", "description": "Ing. Electr\u00f3nico, opino porque a veces despierto de mal humor y como me ense\u00f1aron a compartir... \ud83d\ude0e", "url": null, "entities": {"description": {"urls": []}}, "protected": false, "followers_count": 273, "friends_count": 659, "listed_count": 3, "created_at": "Wed Jun 01 14:02:07 +0000 2011", "favourites_count": 18531, "utc_offset": null, "time_zone": null, "geo_enabled": false, "verified": false, "statuses_count": 10995, "lang": null, "contributors_enabled": false, "is_translator": false, "is_translation_enabled": false, "profile_background_color": "C0DEED", "profile_background_image_url": "http://abs.twimg.com/images/themes/theme1/bg.png", "profile_background_image_url_https": "https://abs.twimg.com/images/themes/theme1/bg.png", "profile_background_tile": false, "profile_image_url": "http://pbs.twimg.com/profile_images/1186413245860634624/qp55_l-2_normal.jpg", "profile_image_url_https": "https://pbs.twimg.com/profile_images/1186413245860634624/qp55_l-2_normal.jpg", "profile_banner_url": "https://pbs.twimg.com/profile_banners/309078523/1586450548", "profile_link_color": "1DA1F2", "profile_sidebar_border_color": "C0DEED", "profile_sidebar_fill_color": "DDEEF6", "profile_text_color": "333333", "profile_use_background_image": true, "has_extended_profile": true, "default_profile": true, "default_profile_image": false, "following": false, "follow_request_sent": false, "notifications": false, "translator_type": "none"}, "geo": null, "coordinates": null, "place": null, "contributors": null, "is_quote_status": false, "retweet_count": 1, "favorite_count": 0, "favorited": false, "retweeted": false, "lang": "es", "reply_count": 0}