{"created_at": "Sat Aug 25 08:57:16 +0000 2018", "id": 1033277117516066816, "id_str": "1033277117516066816", "full_text": "@welcomet0nature As pure as....!\ud83d\udc4c\ud83d\udc90", "truncated": false, "display_text_range": [17, 34], "entities": {"hashtags": [], "symbols": [], "user_mentions": [{"screen_name": "welcomet0nature", "name": "Welcome To Nature", "id": 896158685533220864, "id_str": "896158685533220864", "indices": [0, 16]}], "urls": []}, "source": "<a href=\"http://twitter.com/download/android\" rel=\"nofollow\">Twitter for Android</a>", "in_reply_to_status_id": 1033014066095239168, "in_reply_to_status_id_str": "1033014066095239168", "in_reply_to_user_id": 896158685533220864, "in_reply_to_user_id_str": "896158685533220864", "in_reply_to_screen_name": "welcomet0nature", "user": {"id": 1002997822302519296, "id_str": "1002997822302519296", "name": "S.Mani", "screen_name": "mani87944418", "location": "Chennai, India", "description": "Interested in Landscape, animals, humour,\nQuotes, Breaking News. The videos and images shared herein are not mine.", "url": null, "entities": {"description": {"urls": []}}, "protected": false, "followers_count": 126, "friends_count": 233, "listed_count": 0, "created_at": "Sat Jun 02 19:38:10 +0000 2018", "favourites_count": 4661, "utc_offset": null, "time_zone": null, "geo_enabled": false, "verified": false, "statuses_count": 6448, "lang": null, "contributors_enabled": false, "is_translator": false, "is_translation_enabled": false, "profile_background_color": "F5F8FA", "profile_background_image_url": null, "profile_background_image_url_https": null, "profile_background_tile": false, "profile_image_url": "http://pbs.twimg.com/profile_images/1003095908551032832/M1FcGtUZ_normal.jpg", "profile_image_url_https": "https://pbs.twimg.com/profile_images/1003095908551032832/M1FcGtUZ_normal.jpg", "profile_banner_url": "https://pbs.twimg.com/profile_banners/1002997822302519296/1527992068", "profile_link_color": "1DA1F2", "profile_sidebar_border_color": "C0DEED", "profile_sidebar_fill_color": "DDEEF6", "profile_text_color": "333333", "profile_use_background_image": true, "has_extended_profile": true, "default_profile": true, "default_profile_image": false, "following": false, "follow_request_sent": false, "notifications": false, "translator_type": "none"}, "geo": null, "coordinates": null, "place": null, "contributors": null, "is_quote_status": false, "retweet_count": 1, "favorite_count": 0, "favorited": false, "retweeted": false, "lang": "en", "reply_count": 0}