{"created_at": "Sat Aug 25 02:05:23 +0000 2018", "id": 1033173463354290176, "id_str": "1033173463354290176", "full_text": "@welcomet0nature I'll take 3 of them please.", "truncated": false, "display_text_range": [17, 44], "entities": {"hashtags": [], "symbols": [], "user_mentions": [{"screen_name": "welcomet0nature", "name": "Welcome To Nature", "id": 896158685533220864, "id_str": "896158685533220864", "indices": [0, 16]}], "urls": []}, "source": "<a href=\"https://mobile.twitter.com\" rel=\"nofollow\">Twitter Web App</a>", "in_reply_to_status_id": 1033014066095239168, "in_reply_to_status_id_str": "1033014066095239168", "in_reply_to_user_id": 896158685533220864, "in_reply_to_user_id_str": "896158685533220864", "in_reply_to_screen_name": "welcomet0nature", "user": {"id": 895815214926626816, "id_str": "895815214926626816", "name": "Robert", "screen_name": "carrjames72", "location": "Murder beach s.c", "description": "Bills fan.sabres fan..Howard stern fan.Rolling Stones fan and animal lover.Toots and the Maytals", "url": null, "entities": {"description": {"urls": []}}, "protected": false, "followers_count": 615, "friends_count": 675, "listed_count": 2, "created_at": "Fri Aug 11 01:12:45 +0000 2017", "favourites_count": 67746, "utc_offset": null, "time_zone": null, "geo_enabled": false, "verified": false, "statuses_count": 33101, "lang": null, "contributors_enabled": false, "is_translator": false, "is_translation_enabled": false, "profile_background_color": "F5F8FA", "profile_background_image_url": null, "profile_background_image_url_https": null, "profile_background_tile": false, "profile_image_url": "http://pbs.twimg.com/profile_images/1215056936627994624/xrMTdgIM_normal.jpg", "profile_image_url_https": "https://pbs.twimg.com/profile_images/1215056936627994624/xrMTdgIM_normal.jpg", "profile_banner_url": "https://pbs.twimg.com/profile_banners/895815214926626816/1578527481", "profile_link_color": "1DA1F2", "profile_sidebar_border_color": "C0DEED", "profile_sidebar_fill_color": "DDEEF6", "profile_text_color": "333333", "profile_use_background_image": true, "has_extended_profile": true, "default_profile": true, "default_profile_image": false, "following": false, "follow_request_sent": false, "notifications": false, "translator_type": "none"}, "geo": null, "coordinates": null, "place": null, "contributors": null, "is_quote_status": false, "retweet_count": 1, "favorite_count": 0, "favorited": false, "retweeted": false, "lang": "en", "reply_count": 1}