{"created_at": "Fri Aug 24 16:53:59 +0000 2018", "id": 1033034696739893249, "id_str": "1033034696739893249", "full_text": "@welcomet0nature Magic weasel leaves no footprints", "truncated": false, "display_text_range": [17, 50], "entities": {"hashtags": [], "symbols": [], "user_mentions": [{"screen_name": "welcomet0nature", "name": "Welcome To Nature", "id": 896158685533220864, "id_str": "896158685533220864", "indices": [0, 16]}], "urls": []}, "source": "<a href=\"http://twitter.com/download/iphone\" rel=\"nofollow\">Twitter for iPhone</a>", "in_reply_to_status_id": 1033014066095239168, "in_reply_to_status_id_str": "1033014066095239168", "in_reply_to_user_id": 896158685533220864, "in_reply_to_user_id_str": "896158685533220864", "in_reply_to_screen_name": "welcomet0nature", "user": {"id": 24200938, "id_str": "24200938", "name": "\u0455\u03b1\u03b7\u2202\u044f\u03b1 \u043c\u03b1\u0455\u03c3\u03b7", "screen_name": "HoundMason", "location": "S/W Ontario Canada", "description": "Retired from finance. Beader & Braider. 2 rescue dogs. Fellowship CSI & former Futures trader. #rescueAdog #DONATE @nywolforg \u2764\ufe0f\ud83d\udc3e\ud83d\udc3e\u2764\ufe0f Early modern history fan.", "url": "https://t.co/ikff7F1WIM", "entities": {"url": {"urls": [{"url": "https://t.co/ikff7F1WIM", "expanded_url": "http://resist.bot", "display_url": "resist.bot", "indices": [0, 23]}]}, "description": {"urls": []}}, "protected": false, "followers_count": 614, "friends_count": 1747, "listed_count": 16, "created_at": "Fri Mar 13 16:36:01 +0000 2009", "favourites_count": 9859, "utc_offset": null, "time_zone": null, "geo_enabled": true, "verified": false, "statuses_count": 8249, "lang": null, "contributors_enabled": false, "is_translator": false, "is_translation_enabled": false, "profile_background_color": "642D8B", "profile_background_image_url": "http://abs.twimg.com/images/themes/theme10/bg.gif", "profile_background_image_url_https": "https://abs.twimg.com/images/themes/theme10/bg.gif", "profile_background_tile": true, "profile_image_url": "http://pbs.twimg.com/profile_images/1277293612850720769/49SksDxn_normal.jpg", "profile_image_url_https": "https://pbs.twimg.com/profile_images/1277293612850720769/49SksDxn_normal.jpg", "profile_banner_url": "https://pbs.twimg.com/profile_banners/24200938/1590294434", "profile_link_color": "FF0000", "profile_sidebar_border_color": "65B0DA", "profile_sidebar_fill_color": "7AC3EE", "profile_text_color": "3D1957", "profile_use_background_image": true, "has_extended_profile": true, "default_profile": false, "default_profile_image": false, "following": false, "follow_request_sent": false, "notifications": false, "translator_type": "none"}, "geo": null, "coordinates": null, "place": null, "contributors": null, "is_quote_status": false, "retweet_count": 1, "favorite_count": 8, "favorited": false, "retweeted": false, "lang": "en", "reply_count": 0}