{"created_at": "Sat Aug 25 15:19:21 +0000 2018", "id": 1033373269204901888, "id_str": "1033373269204901888", "full_text": "@welcomet0nature It\u2019s a felt doll. Block this bullshit account. https://t.co/T8yBGLCBzH", "truncated": false, "display_text_range": [17, 87], "entities": {"hashtags": [], "symbols": [], "user_mentions": [{"screen_name": "welcomet0nature", "name": "Welcome To Nature", "id": 896158685533220864, "id_str": "896158685533220864", "indices": [0, 16]}], "urls": [{"url": "https://t.co/T8yBGLCBzH", "expanded_url": "https://www.snopes.com/fact-check/short-tailed-weasel/", "display_url": "snopes.com/fact-check/sho\u2026", "indices": [64, 87]}]}, "source": "<a href=\"http://twitter.com/download/iphone\" rel=\"nofollow\">Twitter for iPhone</a>", "in_reply_to_status_id": 1033014066095239168, "in_reply_to_status_id_str": "1033014066095239168", "in_reply_to_user_id": 896158685533220864, "in_reply_to_user_id_str": "896158685533220864", "in_reply_to_screen_name": "welcomet0nature", "user": {"id": 158471931, "id_str": "158471931", "name": "Sanho Tree", "screen_name": "SanhoTree", "location": "Mordor on the Potomac", "description": "Fellow, Inst. for Policy Studies. Tweets about drug policy, culture wars, social justice & stuff that amuses me. Professional border crosser. Personal account.", "url": "https://t.co/rqInBHeDgn", "entities": {"url": {"urls": [{"url": "https://t.co/rqInBHeDgn", "expanded_url": "http://www.ips-dc.org/", "display_url": "ips-dc.org", "indices": [0, 23]}]}, "description": {"urls": []}}, "protected": false, "followers_count": 12240, "friends_count": 3734, "listed_count": 421, "created_at": "Tue Jun 22 20:01:27 +0000 2010", "favourites_count": 32718, "utc_offset": null, "time_zone": null, "geo_enabled": true, "verified": false, "statuses_count": 155761, "lang": null, "contributors_enabled": false, "is_translator": false, "is_translation_enabled": false, "profile_background_color": "C0DEED", "profile_background_image_url": "http://abs.twimg.com/images/themes/theme1/bg.png", "profile_background_image_url_https": "https://abs.twimg.com/images/themes/theme1/bg.png", "profile_background_tile": false, "profile_image_url": "http://pbs.twimg.com/profile_images/875386278648438786/NQEfd-5Z_normal.jpg", "profile_image_url_https": "https://pbs.twimg.com/profile_images/875386278648438786/NQEfd-5Z_normal.jpg", "profile_banner_url": "https://pbs.twimg.com/profile_banners/158471931/1398266158", "profile_link_color": "0084B4", "profile_sidebar_border_color": "C0DEED", "profile_sidebar_fill_color": "DDEEF6", "profile_text_color": "333333", "profile_use_background_image": true, "has_extended_profile": true, "default_profile": false, "default_profile_image": false, "following": false, "follow_request_sent": false, "notifications": false, "translator_type": "none"}, "geo": null, "coordinates": null, "place": null, "contributors": null, "is_quote_status": false, "retweet_count": 0, "favorite_count": 1, "favorited": false, "retweeted": false, "possibly_sensitive": false, "possibly_sensitive_appealable": false, "lang": "en", "reply_count": 0}