{"created_at": "Fri Aug 24 15:33:08 +0000 2018", "id": 1033014353195421702, "id_str": "1033014353195421702", "full_text": "@welcomet0nature \ud83d\ude0d", "truncated": false, "display_text_range": [17, 18], "entities": {"hashtags": [], "symbols": [], "user_mentions": [{"screen_name": "welcomet0nature", "name": "Welcome To Nature", "id": 896158685533220864, "id_str": "896158685533220864", "indices": [0, 16]}], "urls": []}, "source": "<a href=\"http://twitter.com/download/iphone\" rel=\"nofollow\">Twitter for iPhone</a>", "in_reply_to_status_id": 1033014066095239168, "in_reply_to_status_id_str": "1033014066095239168", "in_reply_to_user_id": 896158685533220864, "in_reply_to_user_id_str": "896158685533220864", "in_reply_to_screen_name": "welcomet0nature", "user": {"id": 194582797, "id_str": "194582797", "name": "\ud83c\udde7\ud83c\uddf7Virg\u00ednia Wolffenb\u00fcttel", "screen_name": "VirginiaRolim", "location": "Porto Alegre-RS-Brasil", "description": "Handball coach. Brazilian \ud83c\udde7\ud83c\uddf7", "url": "https://t.co/UYTXBi9uIj", "entities": {"url": {"urls": [{"url": "https://t.co/UYTXBi9uIj", "expanded_url": "http://tiavirginia.blogspot.com/", "display_url": "tiavirginia.blogspot.com", "indices": [0, 23]}]}, "description": {"urls": []}}, "protected": false, "followers_count": 1482, "friends_count": 4274, "listed_count": 13, "created_at": "Fri Sep 24 14:02:11 +0000 2010", "favourites_count": 40066, "utc_offset": null, "time_zone": null, "geo_enabled": true, "verified": false, "statuses_count": 12915, "lang": null, "contributors_enabled": false, "is_translator": false, "is_translation_enabled": false, "profile_background_color": "3F3B42", "profile_background_image_url": "http://abs.twimg.com/images/themes/theme10/bg.gif", "profile_background_image_url_https": "https://abs.twimg.com/images/themes/theme10/bg.gif", "profile_background_tile": false, "profile_image_url": "http://pbs.twimg.com/profile_images/1277003198931312640/D9X1UhXh_normal.jpg", "profile_image_url_https": "https://pbs.twimg.com/profile_images/1277003198931312640/D9X1UhXh_normal.jpg", "profile_banner_url": "https://pbs.twimg.com/profile_banners/194582797/1583938704", "profile_link_color": "DD2E44", "profile_sidebar_border_color": "FFFFFF", "profile_sidebar_fill_color": "7AC3EE", "profile_text_color": "3D1957", "profile_use_background_image": true, "has_extended_profile": true, "default_profile": false, "default_profile_image": false, "following": false, "follow_request_sent": false, "notifications": false, "translator_type": "none"}, "geo": null, "coordinates": null, "place": null, "contributors": null, "is_quote_status": false, "retweet_count": 1, "favorite_count": 0, "favorited": false, "retweeted": false, "lang": "und", "reply_count": 0}