{"created_at": "Fri Aug 24 15:50:59 +0000 2018", "id": 1033018845135396864, "id_str": "1033018845135396864", "full_text": "@welcomet0nature What kind of Pok\u00e9mon is this?", "truncated": false, "display_text_range": [17, 46], "entities": {"hashtags": [], "symbols": [], "user_mentions": [{"screen_name": "welcomet0nature", "name": "Welcome To Nature", "id": 896158685533220864, "id_str": "896158685533220864", "indices": [0, 16]}], "urls": []}, "source": "<a href=\"http://twitter.com/download/iphone\" rel=\"nofollow\">Twitter for iPhone</a>", "in_reply_to_status_id": 1033014066095239168, "in_reply_to_status_id_str": "1033014066095239168", "in_reply_to_user_id": 896158685533220864, "in_reply_to_user_id_str": "896158685533220864", "in_reply_to_screen_name": "welcomet0nature", "user": {"id": 867469533925187584, "id_str": "867469533925187584", "name": "UnitedCryptos", "screen_name": "UCryptos", "location": "", "description": "", "url": null, "entities": {"description": {"urls": []}}, "protected": false, "followers_count": 232, "friends_count": 754, "listed_count": 1, "created_at": "Wed May 24 19:57:08 +0000 2017", "favourites_count": 32098, "utc_offset": null, "time_zone": null, "geo_enabled": false, "verified": false, "statuses_count": 20803, "lang": null, "contributors_enabled": false, "is_translator": false, "is_translation_enabled": false, "profile_background_color": "F5F8FA", "profile_background_image_url": null, "profile_background_image_url_https": null, "profile_background_tile": false, "profile_image_url": "http://pbs.twimg.com/profile_images/962107413888249856/kearlMYc_normal.jpg", "profile_image_url_https": "https://pbs.twimg.com/profile_images/962107413888249856/kearlMYc_normal.jpg", "profile_banner_url": "https://pbs.twimg.com/profile_banners/867469533925187584/1523313520", "profile_link_color": "1DA1F2", "profile_sidebar_border_color": "C0DEED", "profile_sidebar_fill_color": "DDEEF6", "profile_text_color": "333333", "profile_use_background_image": true, "has_extended_profile": false, "default_profile": true, "default_profile_image": false, "following": false, "follow_request_sent": false, "notifications": false, "translator_type": "none"}, "geo": null, "coordinates": null, "place": null, "contributors": null, "is_quote_status": false, "retweet_count": 0, "favorite_count": 0, "favorited": false, "retweeted": false, "lang": "de", "reply_count": 0}