{"created_at": "Sat Aug 25 10:58:49 +0000 2018", "id": 1033307703962042368, "id_str": "1033307703962042368", "full_text": "@welcomet0nature Thanking you", "truncated": false, "display_text_range": [17, 29], "entities": {"hashtags": [], "symbols": [], "user_mentions": [{"screen_name": "welcomet0nature", "name": "Welcome To Nature", "id": 896158685533220864, "id_str": "896158685533220864", "indices": [0, 16]}], "urls": []}, "source": "<a href=\"http://twitter.com/download/android\" rel=\"nofollow\">Twitter for Android</a>", "in_reply_to_status_id": 1033064017995001856, "in_reply_to_status_id_str": "1033064017995001856", "in_reply_to_user_id": 996786416892833795, "in_reply_to_user_id_str": "996786416892833795", "in_reply_to_screen_name": "Kumaraguru_str", "user": {"id": 996786416892833795, "id_str": "996786416892833795", "name": "", "screen_name": "Kumaraguru_str", "location": "Ramanathapuram, India", "description": "Iam big fan for STR", "url": null, "entities": {"description": {"urls": []}}, "protected": false, "followers_count": 6, "friends_count": 40, "listed_count": 0, "created_at": "Wed May 16 16:16:15 +0000 2018", "favourites_count": 333, "utc_offset": null, "time_zone": null, "geo_enabled": false, "verified": false, "statuses_count": 208, "lang": null, "contributors_enabled": false, "is_translator": false, "is_translation_enabled": false, "profile_background_color": "C0DEED", "profile_background_image_url": "http://abs.twimg.com/images/themes/theme1/bg.png", "profile_background_image_url_https": "https://abs.twimg.com/images/themes/theme1/bg.png", "profile_background_tile": false, "profile_image_url": "http://pbs.twimg.com/profile_images/999266666759389184/tr5s52rv_normal.jpg", "profile_image_url_https": "https://pbs.twimg.com/profile_images/999266666759389184/tr5s52rv_normal.jpg", "profile_banner_url": "https://pbs.twimg.com/profile_banners/996786416892833795/1533725994", "profile_link_color": "1DA1F2", "profile_sidebar_border_color": "C0DEED", "profile_sidebar_fill_color": "DDEEF6", "profile_text_color": "333333", "profile_use_background_image": true, "has_extended_profile": true, "default_profile": true, "default_profile_image": false, "following": false, "follow_request_sent": false, "notifications": false, "translator_type": "none"}, "geo": null, "coordinates": null, "place": null, "contributors": null, "is_quote_status": false, "retweet_count": 0, "favorite_count": 0, "favorited": false, "retweeted": false, "lang": "en", "reply_count": 0}