{"created_at": "Sat Aug 25 02:55:01 +0000 2018", "id": 1033185954058645504, "id_str": "1033185954058645504", "full_text": "@welcomet0nature @Wealthyvaryam Is this real? It's so cute", "truncated": false, "display_text_range": [32, 58], "entities": {"hashtags": [], "symbols": [], "user_mentions": [{"screen_name": "welcomet0nature", "name": "Welcome To Nature", "id": 896158685533220864, "id_str": "896158685533220864", "indices": [0, 16]}], "urls": []}, "source": "<a href=\"http://twitter.com/download/android\" rel=\"nofollow\">Twitter for Android</a>", "in_reply_to_status_id": 1033014066095239168, "in_reply_to_status_id_str": "1033014066095239168", "in_reply_to_user_id": 896158685533220864, "in_reply_to_user_id_str": "896158685533220864", "in_reply_to_screen_name": "welcomet0nature", "user": {"id": 24210904, "id_str": "24210904", "name": "Heather Caldwell", "screen_name": "hrosecaldwell", "location": "Gatlinburg, Tennessee", "description": "Marketing and Social Media Specialist for Smoky Mountain Resort - in the Great Smoky Mtns,I tweet & retweet about Tourism/SEO/Happiness", "url": "https://t.co/NjXdu5t1qF", "entities": {"url": {"urls": [{"url": "https://t.co/NjXdu5t1qF", "expanded_url": "http://www.governorscrossing.net", "display_url": "governorscrossing.net", "indices": [0, 23]}]}, "description": {"urls": []}}, "protected": false, "followers_count": 2770, "friends_count": 3512, "listed_count": 55, "created_at": "Fri Mar 13 17:30:10 +0000 2009", "favourites_count": 51, "utc_offset": null, "time_zone": null, "geo_enabled": true, "verified": false, "statuses_count": 5522, "lang": null, "contributors_enabled": false, "is_translator": false, "is_translation_enabled": false, "profile_background_color": "342506", "profile_background_image_url": "http://abs.twimg.com/images/themes/theme1/bg.png", "profile_background_image_url_https": "https://abs.twimg.com/images/themes/theme1/bg.png", "profile_background_tile": true, "profile_image_url": "http://pbs.twimg.com/profile_images/378800000035920182/4c749ac404eb5e0756b25837f7183c10_normal.jpeg", "profile_image_url_https": "https://pbs.twimg.com/profile_images/378800000035920182/4c749ac404eb5e0756b25837f7183c10_normal.jpeg", "profile_banner_url": "https://pbs.twimg.com/profile_banners/24210904/1398259838", "profile_link_color": "836A34", "profile_sidebar_border_color": "D7C295", "profile_sidebar_fill_color": "B0965D", "profile_text_color": "564013", "profile_use_background_image": true, "has_extended_profile": false, "default_profile": false, "default_profile_image": false, "following": false, "follow_request_sent": false, "notifications": false, "translator_type": "none"}, "geo": null, "coordinates": null, "place": null, "contributors": null, "is_quote_status": false, "retweet_count": 1, "favorite_count": 0, "favorited": false, "retweeted": false, "lang": "en", "reply_count": 0}