{"created_at": "Fri Aug 24 15:34:15 +0000 2018", "id": 1033014631898312706, "id_str": "1033014631898312706", "full_text": "@welcomet0nature fake", "truncated": false, "display_text_range": [17, 21], "entities": {"hashtags": [], "symbols": [], "user_mentions": [{"screen_name": "welcomet0nature", "name": "Welcome To Nature", "id": 896158685533220864, "id_str": "896158685533220864", "indices": [0, 16]}], "urls": []}, "source": "<a href=\"http://twitter.com\" rel=\"nofollow\">Twitter Web Client</a>", "in_reply_to_status_id": 1033014066095239168, "in_reply_to_status_id_str": "1033014066095239168", "in_reply_to_user_id": 896158685533220864, "in_reply_to_user_id_str": "896158685533220864", "in_reply_to_screen_name": "welcomet0nature", "user": {"id": 16285035, "id_str": "16285035", "name": "foo", "screen_name": "slashdottir", "location": "Washington, USA", "description": "I like the thinky stuffs", "url": null, "entities": {"description": {"urls": []}}, "protected": false, "followers_count": 583, "friends_count": 2530, "listed_count": 3, "created_at": "Sun Sep 14 17:33:29 +0000 2008", "favourites_count": 66553, "utc_offset": null, "time_zone": null, "geo_enabled": false, "verified": false, "statuses_count": 11497, "lang": null, "contributors_enabled": false, "is_translator": false, "is_translation_enabled": false, "profile_background_color": "000000", "profile_background_image_url": "http://abs.twimg.com/images/themes/theme1/bg.png", "profile_background_image_url_https": "https://abs.twimg.com/images/themes/theme1/bg.png", "profile_background_tile": false, "profile_image_url": "http://pbs.twimg.com/profile_images/1079857994412654592/8MDaideA_normal.jpg", "profile_image_url_https": "https://pbs.twimg.com/profile_images/1079857994412654592/8MDaideA_normal.jpg", "profile_banner_url": "https://pbs.twimg.com/profile_banners/16285035/1591812870", "profile_link_color": "1B95E0", "profile_sidebar_border_color": "000000", "profile_sidebar_fill_color": "000000", "profile_text_color": "000000", "profile_use_background_image": false, "has_extended_profile": false, "default_profile": false, "default_profile_image": false, "following": false, "follow_request_sent": false, "notifications": false, "translator_type": "none"}, "geo": null, "coordinates": null, "place": null, "contributors": null, "is_quote_status": false, "retweet_count": 1, "favorite_count": 2, "favorited": false, "retweeted": false, "lang": "en", "reply_count": 0}