{"created_at": "Sat Aug 25 03:02:49 +0000 2018", "id": 1033187917093429249, "id_str": "1033187917093429249", "full_text": "@welcomet0nature \ud83d\ude0d\ud83d\ude0d", "truncated": false, "display_text_range": [17, 19], "entities": {"hashtags": [], "symbols": [], "user_mentions": [{"screen_name": "welcomet0nature", "name": "Welcome To Nature", "id": 896158685533220864, "id_str": "896158685533220864", "indices": [0, 16]}], "urls": []}, "source": "<a href=\"http://twitter.com/download/iphone\" rel=\"nofollow\">Twitter for iPhone</a>", "in_reply_to_status_id": 1033014066095239168, "in_reply_to_status_id_str": "1033014066095239168", "in_reply_to_user_id": 896158685533220864, "in_reply_to_user_id_str": "896158685533220864", "in_reply_to_screen_name": "welcomet0nature", "user": {"id": 64270760, "id_str": "64270760", "name": "Adriana Casta\u00f1eda", "screen_name": "amcemp", "location": "MEXICO \ud83c\uddf2\ud83c\uddfd", "description": "Thanatologist, Educator, seeker of moments, rational, traveler of life, happy cook, avid reader, teacher in love, marveled mother, unfinished and endless.", "url": "https://t.co/ivfk2xLe7a", "entities": {"url": {"urls": [{"url": "https://t.co/ivfk2xLe7a", "expanded_url": "http://adrianistico.blogspot.mx", "display_url": "adrianistico.blogspot.mx", "indices": [0, 23]}]}, "description": {"urls": []}}, "protected": false, "followers_count": 327, "friends_count": 1031, "listed_count": 3, "created_at": "Sun Aug 09 22:32:39 +0000 2009", "favourites_count": 1398, "utc_offset": null, "time_zone": null, "geo_enabled": false, "verified": false, "statuses_count": 1934, "lang": null, "contributors_enabled": false, "is_translator": false, "is_translation_enabled": false, "profile_background_color": "000000", "profile_background_image_url": "http://abs.twimg.com/images/themes/theme1/bg.png", "profile_background_image_url_https": "https://abs.twimg.com/images/themes/theme1/bg.png", "profile_background_tile": false, "profile_image_url": "http://pbs.twimg.com/profile_images/1089581461362040832/eG3y-7Bl_normal.jpg", "profile_image_url_https": "https://pbs.twimg.com/profile_images/1089581461362040832/eG3y-7Bl_normal.jpg", "profile_banner_url": "https://pbs.twimg.com/profile_banners/64270760/1574106203", "profile_link_color": "981CEB", "profile_sidebar_border_color": "000000", "profile_sidebar_fill_color": "000000", "profile_text_color": "000000", "profile_use_background_image": false, "has_extended_profile": true, "default_profile": false, "default_profile_image": false, "following": false, "follow_request_sent": false, "notifications": false, "translator_type": "none"}, "geo": null, "coordinates": null, "place": null, "contributors": null, "is_quote_status": false, "retweet_count": 1, "favorite_count": 0, "favorited": false, "retweeted": false, "lang": "und", "reply_count": 0}