{"created_at": "Sat Aug 25 13:06:32 +0000 2018", "id": 1033339847333871617, "id_str": "1033339847333871617", "full_text": "@welcomet0nature Yet you will still nead a clothespeg for your nose....! A real beauty.", "truncated": false, "display_text_range": [17, 87], "entities": {"hashtags": [], "symbols": [], "user_mentions": [{"screen_name": "welcomet0nature", "name": "Welcome To Nature", "id": 896158685533220864, "id_str": "896158685533220864", "indices": [0, 16]}], "urls": []}, "source": "<a href=\"http://twitter.com/download/android\" rel=\"nofollow\">Twitter for Android</a>", "in_reply_to_status_id": 1033014066095239168, "in_reply_to_status_id_str": "1033014066095239168", "in_reply_to_user_id": 896158685533220864, "in_reply_to_user_id_str": "896158685533220864", "in_reply_to_screen_name": "welcomet0nature", "user": {"id": 3093596458, "id_str": "3093596458", "name": "@Virgincoxkay", "screen_name": "Virgincoxkay1", "location": "", "description": "", "url": null, "entities": {"description": {"urls": []}}, "protected": false, "followers_count": 49, "friends_count": 77, "listed_count": 0, "created_at": "Tue Mar 17 22:39:47 +0000 2015", "favourites_count": 1819, "utc_offset": null, "time_zone": null, "geo_enabled": true, "verified": false, "statuses_count": 10378, "lang": null, "contributors_enabled": false, "is_translator": false, "is_translation_enabled": false, "profile_background_color": "C0DEED", "profile_background_image_url": "http://abs.twimg.com/images/themes/theme1/bg.png", "profile_background_image_url_https": "https://abs.twimg.com/images/themes/theme1/bg.png", "profile_background_tile": false, "profile_image_url": "http://pbs.twimg.com/profile_images/931605936124424192/u11jCczP_normal.jpg", "profile_image_url_https": "https://pbs.twimg.com/profile_images/931605936124424192/u11jCczP_normal.jpg", "profile_banner_url": "https://pbs.twimg.com/profile_banners/3093596458/1510947136", "profile_link_color": "1DA1F2", "profile_sidebar_border_color": "C0DEED", "profile_sidebar_fill_color": "DDEEF6", "profile_text_color": "333333", "profile_use_background_image": true, "has_extended_profile": false, "default_profile": true, "default_profile_image": false, "following": false, "follow_request_sent": false, "notifications": false, "translator_type": "none"}, "geo": null, "coordinates": null, "place": null, "contributors": null, "is_quote_status": false, "retweet_count": 0, "favorite_count": 0, "favorited": false, "retweeted": false, "lang": "en", "reply_count": 0}