{"created_at": "Fri Aug 24 16:08:08 +0000 2018", "id": 1033023158624940033, "id_str": "1033023158624940033", "full_text": "@welcomet0nature It is so pretty.. I have never seen a weasel before but always thought it would be 'ugly\"", "truncated": false, "display_text_range": [17, 106], "entities": {"hashtags": [], "symbols": [], "user_mentions": [{"screen_name": "welcomet0nature", "name": "Welcome To Nature", "id": 896158685533220864, "id_str": "896158685533220864", "indices": [0, 16]}], "urls": []}, "source": "<a href=\"http://twitter.com\" rel=\"nofollow\">Twitter Web Client</a>", "in_reply_to_status_id": 1033014066095239168, "in_reply_to_status_id_str": "1033014066095239168", "in_reply_to_user_id": 896158685533220864, "in_reply_to_user_id_str": "896158685533220864", "in_reply_to_screen_name": "welcomet0nature", "user": {"id": 1460550595, "id_str": "1460550595", "name": "braveheart", "screen_name": "1958brave2013", "location": "Polokwane, South Africa", "description": "Proudly South African ; Independent affiliate for Crowd1;\nKaratbars International; MTI; hobbies - Gardening, line -dancing & music. *NO PORN!*", "url": "https://t.co/rpZ5JoiIQa", "entities": {"url": {"urls": [{"url": "https://t.co/rpZ5JoiIQa", "expanded_url": "http://babo1.com/iw05", "display_url": "babo1.com/iw05", "indices": [0, 23]}]}, "description": {"urls": []}}, "protected": false, "followers_count": 771, "friends_count": 923, "listed_count": 22, "created_at": "Sun May 26 20:05:58 +0000 2013", "favourites_count": 14230, "utc_offset": null, "time_zone": null, "geo_enabled": true, "verified": false, "statuses_count": 7973, "lang": null, "contributors_enabled": false, "is_translator": false, "is_translation_enabled": false, "profile_background_color": "000000", "profile_background_image_url": "http://abs.twimg.com/images/themes/theme1/bg.png", "profile_background_image_url_https": "https://abs.twimg.com/images/themes/theme1/bg.png", "profile_background_tile": false, "profile_image_url": "http://pbs.twimg.com/profile_images/1163094361879564289/JF2e-kP4_normal.jpg", "profile_image_url_https": "https://pbs.twimg.com/profile_images/1163094361879564289/JF2e-kP4_normal.jpg", "profile_banner_url": "https://pbs.twimg.com/profile_banners/1460550595/1496426136", "profile_link_color": "1B95E0", "profile_sidebar_border_color": "000000", "profile_sidebar_fill_color": "000000", "profile_text_color": "000000", "profile_use_background_image": false, "has_extended_profile": true, "default_profile": false, "default_profile_image": false, "following": false, "follow_request_sent": false, "notifications": false, "translator_type": "none"}, "geo": null, "coordinates": null, "place": null, "contributors": null, "is_quote_status": false, "retweet_count": 1, "favorite_count": 0, "favorited": false, "retweeted": false, "lang": "en", "reply_count": 1}