{"created_at": "Sat Aug 25 15:20:08 +0000 2018", "id": 1033373469264760832, "id_str": "1033373469264760832", "full_text": "@welcomet0nature This Weasel almost looks a small Kitten, absolutely adorable,  I want one for a pet, cute, cute\ud83d\udc08\ud83d\ude38\ud83d\udc95\ud83d\udc95\ud83d\udc3e\ud83d\udc3e", "truncated": false, "display_text_range": [17, 118], "entities": {"hashtags": [], "symbols": [], "user_mentions": [{"screen_name": "welcomet0nature", "name": "Welcome To Nature", "id": 896158685533220864, "id_str": "896158685533220864", "indices": [0, 16]}], "urls": []}, "source": "<a href=\"http://twitter.com/download/iphone\" rel=\"nofollow\">Twitter for iPhone</a>", "in_reply_to_status_id": 1033014066095239168, "in_reply_to_status_id_str": "1033014066095239168", "in_reply_to_user_id": 896158685533220864, "in_reply_to_user_id_str": "896158685533220864", "in_reply_to_screen_name": "welcomet0nature", "user": {"id": 822784883059781633, "id_str": "822784883059781633", "name": "Mary Adams", "screen_name": "maryelizadams", "location": "Gaithersburg, MD", "description": "", "url": null, "entities": {"description": {"urls": []}}, "protected": false, "followers_count": 109, "friends_count": 101, "listed_count": 0, "created_at": "Sat Jan 21 12:36:17 +0000 2017", "favourites_count": 6769, "utc_offset": null, "time_zone": null, "geo_enabled": true, "verified": false, "statuses_count": 1921, "lang": null, "contributors_enabled": false, "is_translator": false, "is_translation_enabled": false, "profile_background_color": "F5F8FA", "profile_background_image_url": null, "profile_background_image_url_https": null, "profile_background_tile": false, "profile_image_url": "http://pbs.twimg.com/profile_images/823227642782617601/l0Q8VTz2_normal.jpg", "profile_image_url_https": "https://pbs.twimg.com/profile_images/823227642782617601/l0Q8VTz2_normal.jpg", "profile_banner_url": "https://pbs.twimg.com/profile_banners/822784883059781633/1485107686", "profile_link_color": "1DA1F2", "profile_sidebar_border_color": "C0DEED", "profile_sidebar_fill_color": "DDEEF6", "profile_text_color": "333333", "profile_use_background_image": true, "has_extended_profile": true, "default_profile": true, "default_profile_image": false, "following": false, "follow_request_sent": false, "notifications": false, "translator_type": "none"}, "geo": null, "coordinates": null, "place": null, "contributors": null, "is_quote_status": false, "retweet_count": 0, "favorite_count": 0, "favorited": false, "retweeted": false, "lang": "en", "reply_count": 0}