{"created_at": "Sat Aug 25 01:00:56 +0000 2018", "id": 1033157241686261760, "id_str": "1033157241686261760", "full_text": "@welcomet0nature Has an icy personality. ..", "truncated": false, "display_text_range": [17, 43], "entities": {"hashtags": [], "symbols": [], "user_mentions": [{"screen_name": "welcomet0nature", "name": "Welcome To Nature", "id": 896158685533220864, "id_str": "896158685533220864", "indices": [0, 16]}], "urls": []}, "source": "<a href=\"http://twitter.com/download/android\" rel=\"nofollow\">Twitter for Android</a>", "in_reply_to_status_id": 1033014066095239168, "in_reply_to_status_id_str": "1033014066095239168", "in_reply_to_user_id": 896158685533220864, "in_reply_to_user_id_str": "896158685533220864", "in_reply_to_screen_name": "welcomet0nature", "user": {"id": 1017698900264738816, "id_str": "1017698900264738816", "name": "Trev", "screen_name": "Trev52745095", "location": "Queensland, Australia", "description": "Happily married with a wonderful family and enjoys a good laugh - lets make the  world funny...there's too much sadness out there... No DM's Please!!!!", "url": null, "entities": {"description": {"urls": []}}, "protected": false, "followers_count": 1144, "friends_count": 984, "listed_count": 0, "created_at": "Fri Jul 13 09:15:00 +0000 2018", "favourites_count": 28826, "utc_offset": null, "time_zone": null, "geo_enabled": false, "verified": false, "statuses_count": 11919, "lang": null, "contributors_enabled": false, "is_translator": false, "is_translation_enabled": false, "profile_background_color": "F5F8FA", "profile_background_image_url": null, "profile_background_image_url_https": null, "profile_background_tile": false, "profile_image_url": "http://pbs.twimg.com/profile_images/1020939905705185280/Go29Lv0__normal.jpg", "profile_image_url_https": "https://pbs.twimg.com/profile_images/1020939905705185280/Go29Lv0__normal.jpg", "profile_link_color": "1DA1F2", "profile_sidebar_border_color": "C0DEED", "profile_sidebar_fill_color": "DDEEF6", "profile_text_color": "333333", "profile_use_background_image": true, "has_extended_profile": false, "default_profile": true, "default_profile_image": false, "following": false, "follow_request_sent": false, "notifications": false, "translator_type": "none"}, "geo": null, "coordinates": null, "place": null, "contributors": null, "is_quote_status": false, "retweet_count": 1, "favorite_count": 0, "favorited": false, "retweeted": false, "lang": "en", "reply_count": 0}