{"created_at": "Fri Aug 24 16:17:33 +0000 2018", "id": 1033025529140666369, "id_str": "1033025529140666369", "full_text": "@welcomet0nature \ud83d\ude0d\ud83d\ude0d\ud83d\ude0d", "truncated": false, "display_text_range": [17, 20], "entities": {"hashtags": [], "symbols": [], "user_mentions": [{"screen_name": "welcomet0nature", "name": "Welcome To Nature", "id": 896158685533220864, "id_str": "896158685533220864", "indices": [0, 16]}], "urls": []}, "source": "<a href=\"http://twitter.com/download/android\" rel=\"nofollow\">Twitter for Android</a>", "in_reply_to_status_id": 1033014066095239168, "in_reply_to_status_id_str": "1033014066095239168", "in_reply_to_user_id": 896158685533220864, "in_reply_to_user_id_str": "896158685533220864", "in_reply_to_screen_name": "welcomet0nature", "user": {"id": 982001712549548033, "id_str": "982001712549548033", "name": "\u2661Sara\u2661", "screen_name": "saracaraba", "location": "Gualeguaych\u00fa, Argentina", "description": "Madre, esposa, amo los animales\ud83d\ude0d, ex odontologa, \ud83d\ude0dReiki. Hincha de River\ud83d\ude4b", "url": null, "entities": {"description": {"urls": []}}, "protected": false, "followers_count": 1407, "friends_count": 1376, "listed_count": 0, "created_at": "Thu Apr 05 21:07:07 +0000 2018", "favourites_count": 35663, "utc_offset": null, "time_zone": null, "geo_enabled": false, "verified": false, "statuses_count": 13471, "lang": null, "contributors_enabled": false, "is_translator": false, "is_translation_enabled": false, "profile_background_color": "F5F8FA", "profile_background_image_url": null, "profile_background_image_url_https": null, "profile_background_tile": false, "profile_image_url": "http://pbs.twimg.com/profile_images/1188774393431953408/a9NcpHl8_normal.jpg", "profile_image_url_https": "https://pbs.twimg.com/profile_images/1188774393431953408/a9NcpHl8_normal.jpg", "profile_banner_url": "https://pbs.twimg.com/profile_banners/982001712549548033/1551813085", "profile_link_color": "1DA1F2", "profile_sidebar_border_color": "C0DEED", "profile_sidebar_fill_color": "DDEEF6", "profile_text_color": "333333", "profile_use_background_image": true, "has_extended_profile": true, "default_profile": true, "default_profile_image": false, "following": false, "follow_request_sent": false, "notifications": false, "translator_type": "none"}, "geo": null, "coordinates": null, "place": null, "contributors": null, "is_quote_status": false, "retweet_count": 1, "favorite_count": 0, "favorited": false, "retweeted": false, "lang": "und", "reply_count": 0}