{"created_at": "Fri Aug 24 15:36:49 +0000 2018", "id": 1033015279771480066, "id_str": "1033015279771480066", "full_text": "@welcomet0nature Are you sure it's not a toy?\ud83e\udd14", "truncated": false, "display_text_range": [17, 46], "entities": {"hashtags": [], "symbols": [], "user_mentions": [{"screen_name": "welcomet0nature", "name": "Welcome To Nature", "id": 896158685533220864, "id_str": "896158685533220864", "indices": [0, 16]}], "urls": []}, "source": "<a href=\"http://twitter.com\" rel=\"nofollow\">Twitter Web Client</a>", "in_reply_to_status_id": 1033014066095239168, "in_reply_to_status_id_str": "1033014066095239168", "in_reply_to_user_id": 896158685533220864, "in_reply_to_user_id_str": "896158685533220864", "in_reply_to_screen_name": "welcomet0nature", "user": {"id": 15590750, "id_str": "15590750", "name": "B. Radhakrishna", "screen_name": "Radhkrishna", "location": "", "description": "", "url": null, "entities": {"description": {"urls": []}}, "protected": false, "followers_count": 91, "friends_count": 1253, "listed_count": 0, "created_at": "Thu Jul 24 23:18:45 +0000 2008", "favourites_count": 1918, "utc_offset": null, "time_zone": null, "geo_enabled": false, "verified": false, "statuses_count": 17166, "lang": null, "contributors_enabled": false, "is_translator": false, "is_translation_enabled": false, "profile_background_color": "000000", "profile_background_image_url": "http://abs.twimg.com/images/themes/theme1/bg.png", "profile_background_image_url_https": "https://abs.twimg.com/images/themes/theme1/bg.png", "profile_background_tile": false, "profile_image_url": "http://pbs.twimg.com/profile_images/1208688422677704706/bF7CdL-h_normal.jpg", "profile_image_url_https": "https://pbs.twimg.com/profile_images/1208688422677704706/bF7CdL-h_normal.jpg", "profile_banner_url": "https://pbs.twimg.com/profile_banners/15590750/1580478346", "profile_link_color": "1DA1F3", "profile_sidebar_border_color": "000000", "profile_sidebar_fill_color": "000000", "profile_text_color": "000000", "profile_use_background_image": false, "has_extended_profile": false, "default_profile": false, "default_profile_image": false, "following": false, "follow_request_sent": false, "notifications": false, "translator_type": "none"}, "geo": null, "coordinates": null, "place": null, "contributors": null, "is_quote_status": false, "retweet_count": 1, "favorite_count": 16, "favorited": false, "retweeted": false, "lang": "en", "reply_count": 1}