{"created_at": "Fri Aug 24 18:10:38 +0000 2018", "id": 1033053987816329216, "id_str": "1033053987816329216", "full_text": "@welcomet0nature Replicant.\ud83d\ude34", "truncated": false, "display_text_range": [17, 28], "entities": {"hashtags": [], "symbols": [], "user_mentions": [{"screen_name": "welcomet0nature", "name": "Welcome To Nature", "id": 896158685533220864, "id_str": "896158685533220864", "indices": [0, 16]}], "urls": []}, "source": "<a href=\"https://mobile.twitter.com\" rel=\"nofollow\">Twitter Web App</a>", "in_reply_to_status_id": 1033014066095239168, "in_reply_to_status_id_str": "1033014066095239168", "in_reply_to_user_id": 896158685533220864, "in_reply_to_user_id_str": "896158685533220864", "in_reply_to_screen_name": "welcomet0nature", "user": {"id": 625668578, "id_str": "625668578", "name": "Mike Snyderman", "screen_name": "farfel54", "location": "Polo Grounds", "description": "Loves the (insert  Avatar) Go the distance. Let me help. Yankee doodle dandy.  Hurrah for Anna & Ethel Brodsky, Bobby & Manny Shinoff! The Moop abides.", "url": null, "entities": {"description": {"urls": []}}, "protected": false, "followers_count": 11921, "friends_count": 12314, "listed_count": 678, "created_at": "Tue Jul 03 16:06:22 +0000 2012", "favourites_count": 86202, "utc_offset": null, "time_zone": null, "geo_enabled": true, "verified": false, "statuses_count": 299145, "lang": null, "contributors_enabled": false, "is_translator": false, "is_translation_enabled": false, "profile_background_color": "0099B9", "profile_background_image_url": "http://abs.twimg.com/images/themes/theme4/bg.gif", "profile_background_image_url_https": "https://abs.twimg.com/images/themes/theme4/bg.gif", "profile_background_tile": false, "profile_image_url": "http://pbs.twimg.com/profile_images/2998707016/8e97072ecf7f30017486bb609d3f3793_normal.jpeg", "profile_image_url_https": "https://pbs.twimg.com/profile_images/2998707016/8e97072ecf7f30017486bb609d3f3793_normal.jpeg", "profile_banner_url": "https://pbs.twimg.com/profile_banners/625668578/1399762100", "profile_link_color": "0099B9", "profile_sidebar_border_color": "5ED4DC", "profile_sidebar_fill_color": "95E8EC", "profile_text_color": "3C3940", "profile_use_background_image": true, "has_extended_profile": false, "default_profile": false, "default_profile_image": false, "following": false, "follow_request_sent": false, "notifications": false, "translator_type": "none"}, "geo": null, "coordinates": null, "place": null, "contributors": null, "is_quote_status": false, "retweet_count": 1, "favorite_count": 0, "favorited": false, "retweeted": false, "lang": "en", "reply_count": 0}