{"created_at": "Sat Aug 25 08:33:33 +0000 2018", "id": 1033271145980669952, "id_str": "1033271145980669952", "full_text": "@welcomet0nature Looks like he wouldn\u2019t harm anything, but as a weasel you can\u2019t trust him \ud83d\ude1c", "truncated": false, "display_text_range": [17, 92], "entities": {"hashtags": [], "symbols": [], "user_mentions": [{"screen_name": "welcomet0nature", "name": "Welcome To Nature", "id": 896158685533220864, "id_str": "896158685533220864", "indices": [0, 16]}], "urls": []}, "source": "<a href=\"https://mobile.twitter.com\" rel=\"nofollow\">Twitter Web App</a>", "in_reply_to_status_id": 1033014066095239168, "in_reply_to_status_id_str": "1033014066095239168", "in_reply_to_user_id": 896158685533220864, "in_reply_to_user_id_str": "896158685533220864", "in_reply_to_screen_name": "welcomet0nature", "user": {"id": 397213133, "id_str": "397213133", "name": "Ian Davies", "screen_name": "IanTheInventor", "location": "Blackburn", "description": "Inventor of The Plugster\u00ae that's been given to thousands of elderly & disabled in the UK, lots of inventions I'd love to develop.", "url": "http://t.co/PtuwRPbpDF", "entities": {"url": {"urls": [{"url": "http://t.co/PtuwRPbpDF", "expanded_url": "http://www.iantheinventor.co.uk", "display_url": "iantheinventor.co.uk", "indices": [0, 22]}]}, "description": {"urls": []}}, "protected": false, "followers_count": 1765, "friends_count": 243, "listed_count": 130, "created_at": "Mon Oct 24 11:47:54 +0000 2011", "favourites_count": 284, "utc_offset": null, "time_zone": null, "geo_enabled": false, "verified": false, "statuses_count": 182431, "lang": null, "contributors_enabled": false, "is_translator": false, "is_translation_enabled": false, "profile_background_color": "000000", "profile_background_image_url": "http://abs.twimg.com/images/themes/theme1/bg.png", "profile_background_image_url_https": "https://abs.twimg.com/images/themes/theme1/bg.png", "profile_background_tile": false, "profile_image_url": "http://pbs.twimg.com/profile_images/446335355050942464/TDSITKoI_normal.png", "profile_image_url_https": "https://pbs.twimg.com/profile_images/446335355050942464/TDSITKoI_normal.png", "profile_banner_url": "https://pbs.twimg.com/profile_banners/397213133/1574936583", "profile_link_color": "3B94D9", "profile_sidebar_border_color": "000000", "profile_sidebar_fill_color": "000000", "profile_text_color": "000000", "profile_use_background_image": false, "has_extended_profile": false, "default_profile": false, "default_profile_image": false, "following": false, "follow_request_sent": false, "notifications": false, "translator_type": "none"}, "geo": null, "coordinates": null, "place": null, "contributors": null, "is_quote_status": false, "retweet_count": 1, "favorite_count": 0, "favorited": false, "retweeted": false, "lang": "en", "reply_count": 0}