{"created_at": "Sun Mar 31 08:35:03 +0000 2013", "id": 318280266747617280, "id_str": "318280266747617280", "full_text": "Don't tell my crew, but I brought them Easter Eggs :) http://t.co/0gKpk9xWHi", "truncated": false, "display_text_range": [0, 76], "entities": {"hashtags": [], "symbols": [], "user_mentions": [], "urls": [], "media": [{"id": 318280266751811584, "id_str": "318280266751811584", "indices": [54, 76], "media_url": "http://pbs.twimg.com/media/BGrCN17CIAAR12r.jpg", "media_url_https": "https://pbs.twimg.com/media/BGrCN17CIAAR12r.jpg", "url": "http://t.co/0gKpk9xWHi", "display_url": "pic.twitter.com/0gKpk9xWHi", "expanded_url": "https://twitter.com/Cmdr_Hadfield/status/318280266747617280/photo/1", "type": "photo", "sizes": {"small": {"w": 680, "h": 452, "resize": "fit"}, "thumb": {"w": 150, "h": 150, "resize": "crop"}, "large": {"w": 1024, "h": 681, "resize": "fit"}, "medium": {"w": 1024, "h": 681, "resize": "fit"}}}]}, "extended_entities": {"media": [{"id": 318280266751811584, "id_str": "318280266751811584", "indices": [54, 76], "media_url": "http://pbs.twimg.com/media/BGrCN17CIAAR12r.jpg", "media_url_https": "https://pbs.twimg.com/media/BGrCN17CIAAR12r.jpg", "url": "http://t.co/0gKpk9xWHi", "display_url": "pic.twitter.com/0gKpk9xWHi", "expanded_url": "https://twitter.com/Cmdr_Hadfield/status/318280266747617280/photo/1", "type": "photo", "sizes": {"small": {"w": 680, "h": 452, "resize": "fit"}, "thumb": {"w": 150, "h": 150, "resize": "crop"}, "large": {"w": 1024, "h": 681, "resize": "fit"}, "medium": {"w": 1024, "h": 681, "resize": "fit"}}}]}, "source": "<a href=\"http://twitter.com\" rel=\"nofollow\">Twitter Web Client</a>", "in_reply_to_status_id": null, "in_reply_to_status_id_str": null, "in_reply_to_user_id": null, "in_reply_to_user_id_str": null, "in_reply_to_screen_name": null, "user": {"id": 186154646, "id_str": "186154646", "name": "Chris Hadfield", "screen_name": "Cmdr_Hadfield", "location": "Earth", "description": "Canadian Astronaut, back on Earth after 3 spaceflights. For events and media, please write to info@chrishadfield.ca.", "url": "http://t.co/lAFAbbMS1D", "entities": {"url": {"urls": [{"url": "http://t.co/lAFAbbMS1D", "expanded_url": "http://www.chrishadfield.ca", "display_url": "chrishadfield.ca", "indices": [0, 22]}]}, "description": {"urls": []}}, "protected": false, "followers_count": 2392728, "friends_count": 150, "listed_count": 11189, "created_at": "Thu Sep 02 18:21:55 +0000 2010", "favourites_count": 14723, "utc_offset": null, "time_zone": null, "geo_enabled": true, "verified": true, "statuses_count": 14931, "lang": null, "contributors_enabled": false, "is_translator": false, "is_translation_enabled": true, "profile_background_color": "000000", "profile_background_image_url": "http://abs.twimg.com/images/themes/theme1/bg.png", "profile_background_image_url_https": "https://abs.twimg.com/images/themes/theme1/bg.png", "profile_background_tile": false, "profile_image_url": "http://pbs.twimg.com/profile_images/620788674414952456/y_ozO3uO_normal.png", "profile_image_url_https": "https://pbs.twimg.com/profile_images/620788674414952456/y_ozO3uO_normal.png", "profile_banner_url": "https://pbs.twimg.com/profile_banners/186154646/1446146333", "profile_link_color": "0084B4", "profile_sidebar_border_color": "FFFFFF", "profile_sidebar_fill_color": "DDEEF6", "profile_text_color": "333333", "profile_use_background_image": false, "has_extended_profile": false, "default_profile": false, "default_profile_image": false, "following": false, "follow_request_sent": false, "notifications": false, "translator_type": "regular"}, "geo": null, "coordinates": null, "place": null, "contributors": null, "is_quote_status": false, "retweet_count": 2032, "favorite_count": 1785, "favorited": false, "retweeted": false, "possibly_sensitive": false, "possibly_sensitive_appealable": false, "lang": "en"}