{"created_at": "Tue Sep 25 17:32:32 +0000 2018", "id": 1044640812452253696, "id_str": "1044640812452253696", "full_text": "@Charles40985761 No. God, I wish there were photographic evidence. Maybe @MichaelAvenatti has something?", "truncated": false, "display_text_range": [17, 104], "entities": {"hashtags": [], "symbols": [], "user_mentions": [{"screen_name": "Charles40985761", "name": "Charles Williams", "id": 1020775783491440640, "id_str": "1020775783491440640", "indices": [0, 16]}, {"screen_name": "MichaelAvenatti", "name": "Michael Avenatti", "id": 251918778, "id_str": "251918778", "indices": [73, 89]}], "urls": []}, "source": "<a href=\"http://twitter.com/download/iphone\" rel=\"nofollow\">Twitter for iPhone</a>", "in_reply_to_status_id": 1044630030372954112, "in_reply_to_status_id_str": "1044630030372954112", "in_reply_to_user_id": 1020775783491440640, "in_reply_to_user_id_str": "1020775783491440640", "in_reply_to_screen_name": "Charles40985761", "user": {"id": 352529559, "id_str": "352529559", "name": "Jesse Jackman", "screen_name": "JesseJackmanXXX", "location": "Boston, MA", "description": "HuffPost contributor & part-time porn star. Come for the covfefe, stay for the hamberders! Also at https://t.co/EYtmGFa4LC & https://t.co/8f3GzqAZmU.", "url": "https://t.co/1COr2g2oKD", "entities": {"url": {"urls": [{"url": "https://t.co/1COr2g2oKD", "expanded_url": "https://www.huffingtonpost.com/author/jesse-263", "display_url": "huffingtonpost.com/author/jesse-2\u2026", "indices": [0, 23]}]}, "description": {"urls": [{"url": "https://t.co/EYtmGFa4LC", "expanded_url": "http://jessejackman.xxx", "display_url": "jessejackman.xxx", "indices": [99, 122]}, {"url": "https://t.co/8f3GzqAZmU", "expanded_url": "http://instagram.com/jesse_jackman", "display_url": "instagram.com/jesse_jackman", "indices": [125, 148]}]}}, "protected": false, "followers_count": 212769, "friends_count": 646, "listed_count": 266, "created_at": "Wed Aug 10 19:07:30 +0000 2011", "favourites_count": 2209, "utc_offset": null, "time_zone": null, "geo_enabled": true, "verified": true, "statuses_count": 11152, "lang": null, "contributors_enabled": false, "is_translator": false, "is_translation_enabled": false, "profile_background_color": "131516", "profile_background_image_url": "http://abs.twimg.com/images/themes/theme14/bg.gif", "profile_background_image_url_https": "https://abs.twimg.com/images/themes/theme14/bg.gif", "profile_background_tile": false, "profile_image_url": "http://pbs.twimg.com/profile_images/978662211257282560/NQnPf-u3_normal.jpg", "profile_image_url_https": "https://pbs.twimg.com/profile_images/978662211257282560/NQnPf-u3_normal.jpg", "profile_banner_url": "https://pbs.twimg.com/profile_banners/352529559/1586199668", "profile_link_color": "4395CF", "profile_sidebar_border_color": "EEEEEE", "profile_sidebar_fill_color": "EFEFEF", "profile_text_color": "333333", "profile_use_background_image": true, "has_extended_profile": true, "default_profile": false, "default_profile_image": false, "following": false, "follow_request_sent": false, "notifications": false, "translator_type": "none"}, "geo": null, "coordinates": null, "place": null, "contributors": null, "is_quote_status": false, "retweet_count": 0, "favorite_count": 1, "favorited": false, "retweeted": false, "lang": "en", "reply_count": 1}