{"created_at": "Tue Sep 25 18:21:20 +0000 2018", "id": 1044653093953122304, "id_str": "1044653093953122304", "full_text": "@JesseJackmanXXX And, what does this prove...", "truncated": false, "display_text_range": [17, 45], "entities": {"hashtags": [], "symbols": [], "user_mentions": [{"screen_name": "JesseJackmanXXX", "name": "Jesse Jackman", "id": 352529559, "id_str": "352529559", "indices": [0, 16]}], "urls": []}, "source": "<a href=\"http://twitter.com/download/android\" rel=\"nofollow\">Twitter for Android</a>", "in_reply_to_status_id": 1044629706337914881, "in_reply_to_status_id_str": "1044629706337914881", "in_reply_to_user_id": 352529559, "in_reply_to_user_id_str": "352529559", "in_reply_to_screen_name": "JesseJackmanXXX", "user": {"id": 2347264716, "id_str": "2347264716", "name": "TallTexan6ft6", "screen_name": "TallTexan6ft6", "location": "Highland Park, TX", "description": "From: Pennsylvania. Denver, Now Texas.\nStatements are my opinions, don't like them move on, all trolls blocked..", "url": null, "entities": {"description": {"urls": []}}, "protected": false, "followers_count": 422, "friends_count": 1268, "listed_count": 3, "created_at": "Sun Feb 16 18:33:40 +0000 2014", "favourites_count": 46713, "utc_offset": null, "time_zone": null, "geo_enabled": true, "verified": false, "statuses_count": 2966, "lang": null, "contributors_enabled": false, "is_translator": false, "is_translation_enabled": false, "profile_background_color": "C0DEED", "profile_background_image_url": "http://abs.twimg.com/images/themes/theme1/bg.png", "profile_background_image_url_https": "https://abs.twimg.com/images/themes/theme1/bg.png", "profile_background_tile": false, "profile_image_url": "http://pbs.twimg.com/profile_images/796009472225329152/oeFqzNQS_normal.jpg", "profile_image_url_https": "https://pbs.twimg.com/profile_images/796009472225329152/oeFqzNQS_normal.jpg", "profile_link_color": "1DA1F2", "profile_sidebar_border_color": "C0DEED", "profile_sidebar_fill_color": "DDEEF6", "profile_text_color": "333333", "profile_use_background_image": true, "has_extended_profile": true, "default_profile": true, "default_profile_image": false, "following": false, "follow_request_sent": false, "notifications": false, "translator_type": "none"}, "geo": null, "coordinates": null, "place": null, "contributors": null, "is_quote_status": false, "retweet_count": 0, "favorite_count": 0, "favorited": false, "retweeted": false, "lang": "en", "reply_count": 1}