{"created_at": "Wed Sep 26 01:35:52 +0000 2018", "id": 1044762445108129792, "id_str": "1044762445108129792", "full_text": "@JesseJackmanXXX Well look at that our all American school boy at his under age drinking best !!!", "truncated": false, "display_text_range": [17, 97], "entities": {"hashtags": [], "symbols": [], "user_mentions": [{"screen_name": "JesseJackmanXXX", "name": "Jesse Jackman", "id": 352529559, "id_str": "352529559", "indices": [0, 16]}], "urls": []}, "source": "<a href=\"http://twitter.com/download/iphone\" rel=\"nofollow\">Twitter for iPhone</a>", "in_reply_to_status_id": 1044629706337914881, "in_reply_to_status_id_str": "1044629706337914881", "in_reply_to_user_id": 352529559, "in_reply_to_user_id_str": "352529559", "in_reply_to_screen_name": "JesseJackmanXXX", "user": {"id": 162850999, "id_str": "162850999", "name": "MM", "screen_name": "MerleMerlot", "location": "", "description": "Just your average guy. I work, I love and I play Treat people well and hope they do the same. Want good sex ? Check out Spunk Lube http://t.co/VNLT0BVJh8", "url": null, "entities": {"description": {"urls": [{"url": "http://t.co/VNLT0BVJh8", "expanded_url": "http://spunklube.com", "display_url": "spunklube.com", "indices": [131, 153]}]}}, "protected": false, "followers_count": 145, "friends_count": 181, "listed_count": 15, "created_at": "Sun Jul 04 21:45:59 +0000 2010", "favourites_count": 33087, "utc_offset": null, "time_zone": null, "geo_enabled": true, "verified": false, "statuses_count": 183564, "lang": null, "contributors_enabled": false, "is_translator": false, "is_translation_enabled": false, "profile_background_color": "C0DEED", "profile_background_image_url": "http://abs.twimg.com/images/themes/theme1/bg.png", "profile_background_image_url_https": "https://abs.twimg.com/images/themes/theme1/bg.png", "profile_background_tile": false, "profile_image_url": "http://pbs.twimg.com/profile_images/2950029824/95400fab06976f596489d17f9e159690_normal.jpeg", "profile_image_url_https": "https://pbs.twimg.com/profile_images/2950029824/95400fab06976f596489d17f9e159690_normal.jpeg", "profile_banner_url": "https://pbs.twimg.com/profile_banners/162850999/1369862369", "profile_link_color": "1DA1F2", "profile_sidebar_border_color": "C0DEED", "profile_sidebar_fill_color": "DDEEF6", "profile_text_color": "333333", "profile_use_background_image": true, "has_extended_profile": false, "default_profile": true, "default_profile_image": false, "following": false, "follow_request_sent": false, "notifications": false, "translator_type": "none"}, "geo": null, "coordinates": null, "place": null, "contributors": null, "is_quote_status": false, "retweet_count": 0, "favorite_count": 1, "favorited": false, "retweeted": false, "lang": "en", "reply_count": 1}