{"created_at": "Sat Sep 29 04:07:59 +0000 2018", "id": 1045887889803014144, "id_str": "1045887889803014144", "full_text": "@JesseJackmanXXX https://t.co/O9cuDhSGrU  sorry another false statement", "truncated": false, "display_text_range": [17, 71], "entities": {"hashtags": [], "symbols": [], "user_mentions": [{"screen_name": "JesseJackmanXXX", "name": "Jesse Jackman", "id": 352529559, "id_str": "352529559", "indices": [0, 16]}], "urls": [{"url": "https://t.co/O9cuDhSGrU", "expanded_url": "https://www.snopes.com/fact-check/brett-kavanaugh-wasted-photo/", "display_url": "snopes.com/fact-check/bre\u2026", "indices": [17, 40]}]}, "source": "<a href=\"http://twitter.com\" rel=\"nofollow\">Twitter Web Client</a>", "in_reply_to_status_id": 1044629706337914881, "in_reply_to_status_id_str": "1044629706337914881", "in_reply_to_user_id": 352529559, "in_reply_to_user_id_str": "352529559", "in_reply_to_screen_name": "JesseJackmanXXX", "user": {"id": 76866234, "id_str": "76866234", "name": "Michelle Hughes", "screen_name": "MichelleHughes_", "location": "Alabama", "description": "Vaping saved my life after a COPD diagnosis. I'm an Author, Former Respiratory Therapist, Mother to Five, God Bless America!", "url": "http://t.co/8r4RmJxTxy", "entities": {"url": {"urls": [{"url": "http://t.co/8r4RmJxTxy", "expanded_url": "http://www.tearsofcrimson.com", "display_url": "tearsofcrimson.com", "indices": [0, 22]}]}, "description": {"urls": []}}, "protected": false, "followers_count": 12796, "friends_count": 12704, "listed_count": 785, "created_at": "Thu Sep 24 05:37:32 +0000 2009", "favourites_count": 2964, "utc_offset": null, "time_zone": null, "geo_enabled": false, "verified": false, "statuses_count": 204999, "lang": null, "contributors_enabled": false, "is_translator": false, "is_translation_enabled": false, "profile_background_color": "000000", "profile_background_image_url": "http://abs.twimg.com/images/themes/theme1/bg.png", "profile_background_image_url_https": "https://abs.twimg.com/images/themes/theme1/bg.png", "profile_background_tile": true, "profile_image_url": "http://pbs.twimg.com/profile_images/1153752594139013120/-8IjcCv0_normal.jpg", "profile_image_url_https": "https://pbs.twimg.com/profile_images/1153752594139013120/-8IjcCv0_normal.jpg", "profile_banner_url": "https://pbs.twimg.com/profile_banners/76866234/1531620344", "profile_link_color": "FF0000", "profile_sidebar_border_color": "FFFFFF", "profile_sidebar_fill_color": "990000", "profile_text_color": "A206BA", "profile_use_background_image": true, "has_extended_profile": true, "default_profile": false, "default_profile_image": false, "following": false, "follow_request_sent": false, "notifications": false, "translator_type": "none"}, "geo": null, "coordinates": null, "place": null, "contributors": null, "is_quote_status": false, "retweet_count": 0, "favorite_count": 3, "favorited": false, "retweeted": false, "possibly_sensitive": false, "possibly_sensitive_appealable": false, "lang": "en", "reply_count": 0}