{"created_at": "Mon Oct 01 00:53:15 +0000 2018", "id": 1046563661450551296, "id_str": "1046563661450551296", "full_text": "@JesseJackmanXXX https://t.co/9hsYuvC0B6", "truncated": false, "display_text_range": [17, 40], "entities": {"hashtags": [], "symbols": [], "user_mentions": [{"screen_name": "JesseJackmanXXX", "name": "Jesse Jackman", "id": 352529559, "id_str": "352529559", "indices": [0, 16]}], "urls": [{"url": "https://t.co/9hsYuvC0B6", "expanded_url": "https://www.snopes.com/fact-check/brett-kavanaugh-wasted-photo/", "display_url": "snopes.com/fact-check/bre\u2026", "indices": [17, 40]}]}, "source": "<a href=\"http://twitter.com\" rel=\"nofollow\">Twitter Web Client</a>", "in_reply_to_status_id": 1044629706337914881, "in_reply_to_status_id_str": "1044629706337914881", "in_reply_to_user_id": 352529559, "in_reply_to_user_id_str": "352529559", "in_reply_to_screen_name": "JesseJackmanXXX", "user": {"id": 25319089, "id_str": "25319089", "name": "Rob Mulligan", "screen_name": "RobMulligan", "location": "", "description": "", "url": null, "entities": {"description": {"urls": []}}, "protected": false, "followers_count": 24, "friends_count": 97, "listed_count": 0, "created_at": "Thu Mar 19 15:34:06 +0000 2009", "favourites_count": 1346, "utc_offset": null, "time_zone": null, "geo_enabled": false, "verified": false, "statuses_count": 619, "lang": null, "contributors_enabled": false, "is_translator": false, "is_translation_enabled": false, "profile_background_color": "C0DEED", "profile_background_image_url": "http://abs.twimg.com/images/themes/theme1/bg.png", "profile_background_image_url_https": "https://abs.twimg.com/images/themes/theme1/bg.png", "profile_background_tile": false, "profile_image_url": "http://pbs.twimg.com/profile_images/718187989910888448/FqnFHvz1_normal.jpg", "profile_image_url_https": "https://pbs.twimg.com/profile_images/718187989910888448/FqnFHvz1_normal.jpg", "profile_link_color": "1DA1F2", "profile_sidebar_border_color": "C0DEED", "profile_sidebar_fill_color": "DDEEF6", "profile_text_color": "333333", "profile_use_background_image": true, "has_extended_profile": false, "default_profile": true, "default_profile_image": false, "following": false, "follow_request_sent": false, "notifications": false, "translator_type": "none"}, "geo": null, "coordinates": null, "place": null, "contributors": null, "is_quote_status": false, "retweet_count": 0, "favorite_count": 0, "favorited": false, "retweeted": false, "possibly_sensitive": false, "possibly_sensitive_appealable": false, "lang": "und", "reply_count": 1}