{"created_at": "Sun Sep 30 21:16:39 +0000 2018", "id": 1046509150270836737, "id_str": "1046509150270836737", "full_text": "@JesseJackmanXXX Like to stir the shit don't you Mr. CNN Jr. Maybe you can go throw a shopping cart thru a window when the judge get voted onto the court just like your liberal friends. #TRUMP2020", "truncated": false, "display_text_range": [17, 196], "entities": {"hashtags": [{"text": "TRUMP2020", "indices": [186, 196]}], "symbols": [], "user_mentions": [{"screen_name": "JesseJackmanXXX", "name": "Jesse Jackman", "id": 352529559, "id_str": "352529559", "indices": [0, 16]}], "urls": []}, "source": "<a href=\"http://twitter.com\" rel=\"nofollow\">Twitter Web Client</a>", "in_reply_to_status_id": 1044629706337914881, "in_reply_to_status_id_str": "1044629706337914881", "in_reply_to_user_id": 352529559, "in_reply_to_user_id_str": "352529559", "in_reply_to_screen_name": "JesseJackmanXXX", "user": {"id": 1046454871665377282, "id_str": "1046454871665377282", "name": "THEBIGSPOON", "screen_name": "THEBIGSPOON1", "location": "United States", "description": "Hate people lying for their own political or employment gain!!!", "url": null, "entities": {"description": {"urls": []}}, "protected": false, "followers_count": 4, "friends_count": 76, "listed_count": 0, "created_at": "Sun Sep 30 17:40:58 +0000 2018", "favourites_count": 27, "utc_offset": null, "time_zone": null, "geo_enabled": false, "verified": false, "statuses_count": 454, "lang": null, "contributors_enabled": false, "is_translator": false, "is_translation_enabled": false, "profile_background_color": "F5F8FA", "profile_background_image_url": null, "profile_background_image_url_https": null, "profile_background_tile": false, "profile_image_url": "http://pbs.twimg.com/profile_images/1046464305951109120/CKpnaa4d_normal.jpg", "profile_image_url_https": "https://pbs.twimg.com/profile_images/1046464305951109120/CKpnaa4d_normal.jpg", "profile_banner_url": "https://pbs.twimg.com/profile_banners/1046454871665377282/1539584609", "profile_link_color": "1DA1F2", "profile_sidebar_border_color": "C0DEED", "profile_sidebar_fill_color": "DDEEF6", "profile_text_color": "333333", "profile_use_background_image": true, "has_extended_profile": true, "default_profile": true, "default_profile_image": false, "following": false, "follow_request_sent": false, "notifications": false, "translator_type": "none"}, "geo": null, "coordinates": null, "place": null, "contributors": null, "is_quote_status": false, "retweet_count": 0, "favorite_count": 0, "favorited": false, "retweeted": false, "lang": "en", "reply_count": 0}