{"created_at": "Sat Sep 29 16:46:06 +0000 2018", "id": 1046078679221178368, "id_str": "1046078679221178368", "full_text": "@JesseJackmanXXX See... he\u2019s a fool. Yes what teenage boys didn\u2019t underage drink? But when you know that your underage drinking caused you to assault girls and women, you start lying. Pictures don\u2019t lie.", "truncated": false, "display_text_range": [17, 203], "entities": {"hashtags": [], "symbols": [], "user_mentions": [{"screen_name": "JesseJackmanXXX", "name": "Jesse Jackman", "id": 352529559, "id_str": "352529559", "indices": [0, 16]}], "urls": []}, "source": "<a href=\"http://twitter.com/download/iphone\" rel=\"nofollow\">Twitter for iPhone</a>", "in_reply_to_status_id": 1044629706337914881, "in_reply_to_status_id_str": "1044629706337914881", "in_reply_to_user_id": 352529559, "in_reply_to_user_id_str": "352529559", "in_reply_to_screen_name": "JesseJackmanXXX", "user": {"id": 1536702475, "id_str": "1536702475", "name": "Sonya", "screen_name": "ezesgirl1", "location": "Chicago", "description": "My views are my own. Cannot stand trump. I am African American, Italian, Creole, Native American. MAGA mutts better think twice. No DM. Not looking for dates.", "url": null, "entities": {"description": {"urls": []}}, "protected": false, "followers_count": 1146, "friends_count": 1877, "listed_count": 0, "created_at": "Fri Jun 21 14:54:04 +0000 2013", "favourites_count": 11560, "utc_offset": null, "time_zone": null, "geo_enabled": true, "verified": false, "statuses_count": 6981, "lang": null, "contributors_enabled": false, "is_translator": false, "is_translation_enabled": false, "profile_background_color": "C0DEED", "profile_background_image_url": "http://abs.twimg.com/images/themes/theme1/bg.png", "profile_background_image_url_https": "https://abs.twimg.com/images/themes/theme1/bg.png", "profile_background_tile": false, "profile_image_url": "http://pbs.twimg.com/profile_images/962090374184538112/s4Lwy0wy_normal.jpg", "profile_image_url_https": "https://pbs.twimg.com/profile_images/962090374184538112/s4Lwy0wy_normal.jpg", "profile_banner_url": "https://pbs.twimg.com/profile_banners/1536702475/1518214958", "profile_link_color": "1DA1F2", "profile_sidebar_border_color": "C0DEED", "profile_sidebar_fill_color": "DDEEF6", "profile_text_color": "333333", "profile_use_background_image": true, "has_extended_profile": false, "default_profile": true, "default_profile_image": false, "following": false, "follow_request_sent": false, "notifications": false, "translator_type": "none"}, "geo": null, "coordinates": null, "place": null, "contributors": null, "is_quote_status": false, "retweet_count": 2, "favorite_count": 5, "favorited": false, "retweeted": false, "lang": "en", "reply_count": 1}