{"created_at": "Sat Sep 29 17:52:25 +0000 2018", "id": 1046095366402322437, "id_str": "1046095366402322437", "full_text": "@JesseJackmanXXX Actually looks like Michael Phelps", "truncated": false, "display_text_range": [17, 51], "entities": {"hashtags": [], "symbols": [], "user_mentions": [{"screen_name": "JesseJackmanXXX", "name": "Jesse Jackman", "id": 352529559, "id_str": "352529559", "indices": [0, 16]}], "urls": []}, "source": "<a href=\"http://twitter.com/download/iphone\" rel=\"nofollow\">Twitter for iPhone</a>", "in_reply_to_status_id": 1044629706337914881, "in_reply_to_status_id_str": "1044629706337914881", "in_reply_to_user_id": 352529559, "in_reply_to_user_id_str": "352529559", "in_reply_to_screen_name": "JesseJackmanXXX", "user": {"id": 1425975210, "id_str": "1425975210", "name": "Beverly", "screen_name": "BeverlyBlueWave", "location": "Annapolis, MD", "description": "I soar over mountains and remember places I have never been. Who Am I? Writer, Entrepreneur, Empath\u2014Lifelong Dem, #ImpeachandRemoveNow.", "url": null, "entities": {"description": {"urls": []}}, "protected": false, "followers_count": 6980, "friends_count": 7010, "listed_count": 5, "created_at": "Mon May 13 17:42:25 +0000 2013", "favourites_count": 7286, "utc_offset": null, "time_zone": null, "geo_enabled": false, "verified": false, "statuses_count": 12161, "lang": null, "contributors_enabled": false, "is_translator": false, "is_translation_enabled": false, "profile_background_color": "000000", "profile_background_image_url": "http://abs.twimg.com/images/themes/theme1/bg.png", "profile_background_image_url_https": "https://abs.twimg.com/images/themes/theme1/bg.png", "profile_background_tile": false, "profile_image_url": "http://pbs.twimg.com/profile_images/1189741522213855232/m-0_KOxw_normal.jpg", "profile_image_url_https": "https://pbs.twimg.com/profile_images/1189741522213855232/m-0_KOxw_normal.jpg", "profile_banner_url": "https://pbs.twimg.com/profile_banners/1425975210/1571348692", "profile_link_color": "3633FF", "profile_sidebar_border_color": "000000", "profile_sidebar_fill_color": "000000", "profile_text_color": "000000", "profile_use_background_image": false, "has_extended_profile": true, "default_profile": false, "default_profile_image": false, "following": false, "follow_request_sent": false, "notifications": false, "translator_type": "none"}, "geo": null, "coordinates": null, "place": null, "contributors": null, "is_quote_status": false, "retweet_count": 0, "favorite_count": 0, "favorited": false, "retweeted": false, "lang": "en", "reply_count": 0}