{"created_at": "Tue Oct 02 16:07:02 +0000 2018", "id": 1047156009871896576, "id_str": "1047156009871896576", "full_text": "@JesseJackmanXXX I... I hate Kavanaugh as much as the next person with a moral compass and capacity for judgement, but that's... not him in the first picture. Even beyond Snopes debunking it, they have differences in facial elements that would remain relatively static., such as nose shape.", "truncated": false, "display_text_range": [17, 290], "entities": {"hashtags": [], "symbols": [], "user_mentions": [{"screen_name": "JesseJackmanXXX", "name": "Jesse Jackman", "id": 352529559, "id_str": "352529559", "indices": [0, 16]}], "urls": []}, "source": "<a href=\"http://twitter.com\" rel=\"nofollow\">Twitter Web Client</a>", "in_reply_to_status_id": 1044629706337914881, "in_reply_to_status_id_str": "1044629706337914881", "in_reply_to_user_id": 352529559, "in_reply_to_user_id_str": "352529559", "in_reply_to_screen_name": "JesseJackmanXXX", "user": {"id": 246557633, "id_str": "246557633", "name": "La Princesse Orpheline Nezumi", "screen_name": "Nezumi_Youjo", "location": "", "description": "Trans girl, autistic mousie-squeak, sometimes-writer, often-roleplayer, and general gamer type person. Often NSFW. No-one under 18. Avatar by @NoxFoxArts", "url": "https://t.co/vXShq6fV9f", "entities": {"url": {"urls": [{"url": "https://t.co/vXShq6fV9f", "expanded_url": "http://luchagcaileag.tumblr.com", "display_url": "luchagcaileag.tumblr.com", "indices": [0, 23]}]}, "description": {"urls": []}}, "protected": false, "followers_count": 1008, "friends_count": 4995, "listed_count": 29, "created_at": "Thu Feb 03 00:43:30 +0000 2011", "favourites_count": 114305, "utc_offset": null, "time_zone": null, "geo_enabled": true, "verified": false, "statuses_count": 160282, "lang": null, "contributors_enabled": false, "is_translator": false, "is_translation_enabled": false, "profile_background_color": "C0DEED", "profile_background_image_url": "http://abs.twimg.com/images/themes/theme1/bg.png", "profile_background_image_url_https": "https://abs.twimg.com/images/themes/theme1/bg.png", "profile_background_tile": false, "profile_image_url": "http://pbs.twimg.com/profile_images/1125452670175604736/kz75J_3g_normal.png", "profile_image_url_https": "https://pbs.twimg.com/profile_images/1125452670175604736/kz75J_3g_normal.png", "profile_banner_url": "https://pbs.twimg.com/profile_banners/246557633/1546218859", "profile_link_color": "F58EA8", "profile_sidebar_border_color": "C0DEED", "profile_sidebar_fill_color": "DDEEF6", "profile_text_color": "333333", "profile_use_background_image": true, "has_extended_profile": true, "default_profile": false, "default_profile_image": false, "following": false, "follow_request_sent": false, "notifications": false, "translator_type": "none"}, "geo": null, "coordinates": null, "place": null, "contributors": null, "is_quote_status": false, "retweet_count": 0, "favorite_count": 0, "favorited": false, "retweeted": false, "lang": "en", "reply_count": 2}