{"created_at": "Tue Oct 02 19:09:07 +0000 2018", "id": 1047201830042816512, "id_str": "1047201830042816512", "full_text": "@Nezumi_Youjo Yep, and I made this image as a joke -- a riff on the whole #PubertyChallenge thing that was going around a couple of weeks ago. I was open about it being a joke from the very beginning, too, and that the image on the left was a stock photo: https://t.co/LiSXFd8h0d", "truncated": false, "display_text_range": [14, 279], "entities": {"hashtags": [{"text": "PubertyChallenge", "indices": [74, 91]}], "symbols": [], "user_mentions": [{"screen_name": "Nezumi_Youjo", "name": "La Princesse Orpheline Nezumi", "id": 246557633, "id_str": "246557633", "indices": [0, 13]}], "urls": [{"url": "https://t.co/LiSXFd8h0d", "expanded_url": "https://twitter.com/JesseJackmanXXX/status/1046098139881590785", "display_url": "twitter.com/JesseJackmanXX\u2026", "indices": [256, 279]}]}, "source": "<a href=\"http://twitter.com\" rel=\"nofollow\">Twitter Web Client</a>", "in_reply_to_status_id": 1047156009871896576, "in_reply_to_status_id_str": "1047156009871896576", "in_reply_to_user_id": 246557633, "in_reply_to_user_id_str": "246557633", "in_reply_to_screen_name": "Nezumi_Youjo", "user": {"id": 352529559, "id_str": "352529559", "name": "Jesse Jackman", "screen_name": "JesseJackmanXXX", "location": "Boston, MA", "description": "HuffPost contributor & part-time porn star. Come for the covfefe, stay for the hamberders! Also at https://t.co/EYtmGFa4LC & https://t.co/8f3GzqAZmU.", "url": "https://t.co/1COr2g2oKD", "entities": {"url": {"urls": [{"url": "https://t.co/1COr2g2oKD", "expanded_url": "https://www.huffingtonpost.com/author/jesse-263", "display_url": "huffingtonpost.com/author/jesse-2\u2026", "indices": [0, 23]}]}, "description": {"urls": [{"url": "https://t.co/EYtmGFa4LC", "expanded_url": "http://jessejackman.xxx", "display_url": "jessejackman.xxx", "indices": [99, 122]}, {"url": "https://t.co/8f3GzqAZmU", "expanded_url": "http://instagram.com/jesse_jackman", "display_url": "instagram.com/jesse_jackman", "indices": [125, 148]}]}}, "protected": false, "followers_count": 212769, "friends_count": 646, "listed_count": 266, "created_at": "Wed Aug 10 19:07:30 +0000 2011", "favourites_count": 2209, "utc_offset": null, "time_zone": null, "geo_enabled": true, "verified": true, "statuses_count": 11152, "lang": null, "contributors_enabled": false, "is_translator": false, "is_translation_enabled": false, "profile_background_color": "131516", "profile_background_image_url": "http://abs.twimg.com/images/themes/theme14/bg.gif", "profile_background_image_url_https": "https://abs.twimg.com/images/themes/theme14/bg.gif", "profile_background_tile": false, "profile_image_url": "http://pbs.twimg.com/profile_images/978662211257282560/NQnPf-u3_normal.jpg", "profile_image_url_https": "https://pbs.twimg.com/profile_images/978662211257282560/NQnPf-u3_normal.jpg", "profile_banner_url": "https://pbs.twimg.com/profile_banners/352529559/1586199668", "profile_link_color": "4395CF", "profile_sidebar_border_color": "EEEEEE", "profile_sidebar_fill_color": "EFEFEF", "profile_text_color": "333333", "profile_use_background_image": true, "has_extended_profile": true, "default_profile": false, "default_profile_image": false, "following": false, "follow_request_sent": false, "notifications": false, "translator_type": "none"}, "geo": null, "coordinates": null, "place": null, "contributors": null, "is_quote_status": true, "quoted_status_id": 1046098139881590785, "quoted_status_id_str": "1046098139881590785", "quoted_status_permalink": {"url": "https://t.co/LiSXFd8h0d", "expanded": "https://twitter.com/JesseJackmanXXX/status/1046098139881590785", "display": "twitter.com/JesseJackmanXX\u2026"}, "quoted_status": {"created_at": "Sat Sep 29 18:03:26 +0000 2018", "id": 1046098139881590785, "id_str": "1046098139881590785", "full_text": "@BeverlyCherry8 @MerleMerlot I know\u2026 it's a joke. The photo on the left is a stock photo.", "truncated": false, "display_text_range": [29, 89], "entities": {"hashtags": [], "symbols": [], "user_mentions": [{"screen_name": "BeverlyCherry8", "name": "Beverly Cherry", "id": 1158514899070443521, "id_str": "1158514899070443521", "indices": [0, 15]}, {"screen_name": "MerleMerlot", "name": "MM", "id": 162850999, "id_str": "162850999", "indices": [16, 28]}], "urls": []}, "source": "<a href=\"http://twitter.com/download/iphone\" rel=\"nofollow\">Twitter for iPhone</a>", "in_reply_to_status_id": 1046095528457580544, "in_reply_to_status_id_str": "1046095528457580544", "in_reply_to_user_id": 1425975210, "in_reply_to_user_id_str": "1425975210", "in_reply_to_screen_name": "BeverlyBlueWave", "user": {"id": 352529559, "id_str": "352529559", "name": "Jesse Jackman", "screen_name": "JesseJackmanXXX", "location": "Boston, MA", "description": "HuffPost contributor & part-time porn star. Come for the covfefe, stay for the hamberders! Also at https://t.co/EYtmGFa4LC & https://t.co/8f3GzqAZmU.", "url": "https://t.co/1COr2g2oKD", "entities": {"url": {"urls": [{"url": "https://t.co/1COr2g2oKD", "expanded_url": "https://www.huffingtonpost.com/author/jesse-263", "display_url": "huffingtonpost.com/author/jesse-2\u2026", "indices": [0, 23]}]}, "description": {"urls": [{"url": "https://t.co/EYtmGFa4LC", "expanded_url": "http://jessejackman.xxx", "display_url": "jessejackman.xxx", "indices": [99, 122]}, {"url": "https://t.co/8f3GzqAZmU", "expanded_url": "http://instagram.com/jesse_jackman", "display_url": "instagram.com/jesse_jackman", "indices": [125, 148]}]}}, "protected": false, "followers_count": 212769, "friends_count": 646, "listed_count": 266, "created_at": "Wed Aug 10 19:07:30 +0000 2011", "favourites_count": 2209, "utc_offset": null, "time_zone": null, "geo_enabled": true, "verified": true, "statuses_count": 11152, "lang": null, "contributors_enabled": false, "is_translator": false, "is_translation_enabled": false, "profile_background_color": "131516", "profile_background_image_url": "http://abs.twimg.com/images/themes/theme14/bg.gif", "profile_background_image_url_https": "https://abs.twimg.com/images/themes/theme14/bg.gif", "profile_background_tile": false, "profile_image_url": "http://pbs.twimg.com/profile_images/978662211257282560/NQnPf-u3_normal.jpg", "profile_image_url_https": "https://pbs.twimg.com/profile_images/978662211257282560/NQnPf-u3_normal.jpg", "profile_banner_url": "https://pbs.twimg.com/profile_banners/352529559/1586199668", "profile_link_color": "4395CF", "profile_sidebar_border_color": "EEEEEE", "profile_sidebar_fill_color": "EFEFEF", "profile_text_color": "333333", "profile_use_background_image": true, "has_extended_profile": true, "default_profile": false, "default_profile_image": false, "following": false, "follow_request_sent": false, "notifications": false, "translator_type": "none"}, "geo": null, "coordinates": null, "place": null, "contributors": null, "is_quote_status": false, "retweet_count": 0, "favorite_count": 2, "favorited": false, "retweeted": false, "lang": "en"}, "retweet_count": 0, "favorite_count": 1, "favorited": false, "retweeted": false, "possibly_sensitive": false, "possibly_sensitive_appealable": false, "lang": "en", "reply_count": 1}