{"created_at": "Tue Oct 16 05:52:53 +0000 2018", "id": 1052074883256131584, "id_str": "1052074883256131584", "full_text": "@JesseJackmanXXX This is a false image. Read: https://t.co/5QXhnuTRN7 to know the truth.", "truncated": false, "display_text_range": [17, 88], "entities": {"hashtags": [], "symbols": [], "user_mentions": [{"screen_name": "JesseJackmanXXX", "name": "Jesse Jackman", "id": 352529559, "id_str": "352529559", "indices": [0, 16]}], "urls": [{"url": "https://t.co/5QXhnuTRN7", "expanded_url": "http://metafact.org/blog/3751-2/", "display_url": "metafact.org/blog/3751-2/", "indices": [46, 69]}]}, "source": "<a href=\"http://twitter.com\" rel=\"nofollow\">Twitter Web Client</a>", "in_reply_to_status_id": 1044629706337914881, "in_reply_to_status_id_str": "1044629706337914881", "in_reply_to_user_id": 352529559, "in_reply_to_user_id_str": "352529559", "in_reply_to_screen_name": "JesseJackmanXXX", "user": {"id": 862617099587297280, "id_str": "862617099587297280", "name": "MetaFact", "screen_name": "metafactai", "location": "New Delhi, India", "description": "We're building a cohesive, self-sustaining, user-friendly ecosystem to fight fake news, propaganda & misinformation through the use of AI & NLP powered metadata", "url": "https://t.co/E1RDYtZZ1l", "entities": {"url": {"urls": [{"url": "https://t.co/E1RDYtZZ1l", "expanded_url": "http://metafact.org/", "display_url": "metafact.org", "indices": [0, 23]}]}, "description": {"urls": []}}, "protected": false, "followers_count": 183, "friends_count": 143, "listed_count": 6, "created_at": "Thu May 11 10:35:17 +0000 2017", "favourites_count": 33, "utc_offset": null, "time_zone": null, "geo_enabled": false, "verified": false, "statuses_count": 1081, "lang": null, "contributors_enabled": false, "is_translator": false, "is_translation_enabled": false, "profile_background_color": "F5F8FA", "profile_background_image_url": null, "profile_background_image_url_https": null, "profile_background_tile": false, "profile_image_url": "http://pbs.twimg.com/profile_images/885351291081285633/VdG8mavM_normal.jpg", "profile_image_url_https": "https://pbs.twimg.com/profile_images/885351291081285633/VdG8mavM_normal.jpg", "profile_banner_url": "https://pbs.twimg.com/profile_banners/862617099587297280/1505930072", "profile_link_color": "1DA1F2", "profile_sidebar_border_color": "C0DEED", "profile_sidebar_fill_color": "DDEEF6", "profile_text_color": "333333", "profile_use_background_image": true, "has_extended_profile": false, "default_profile": true, "default_profile_image": false, "following": false, "follow_request_sent": false, "notifications": false, "translator_type": "none"}, "geo": null, "coordinates": null, "place": null, "contributors": null, "is_quote_status": false, "retweet_count": 0, "favorite_count": 0, "favorited": false, "retweeted": false, "possibly_sensitive": false, "possibly_sensitive_appealable": false, "lang": "en", "reply_count": 0}