{"created_at": "Sun Jun 14 17:46:17 +0000 2020", "id": 1272223849824882690, "id_str": "1272223849824882690", "full_text": "Farage is going to relaunch the Brexit party, \"... amid growing demands for a centre right alternative to the Tories\".\n\nInteresting use of \"centre\". \n\nDicuss.\n\nTo get your research started, here's a picture of Nige with Martin Webster, leader of the National Front at the time. https://t.co/syiW26s3nf", "truncated": false, "display_text_range": [0, 277], "entities": {"hashtags": [], "symbols": [], "user_mentions": [], "urls": [], "media": [{"id": 1272223847337558016, "id_str": "1272223847337558016", "indices": [278, 301], "media_url": "http://pbs.twimg.com/media/EafY2T9WAAAXd7n.jpg", "media_url_https": "https://pbs.twimg.com/media/EafY2T9WAAAXd7n.jpg", "url": "https://t.co/syiW26s3nf", "display_url": "pic.twitter.com/syiW26s3nf", "expanded_url": "https://twitter.com/inkinick/status/1272223849824882690/photo/1", "type": "photo", "sizes": {"thumb": {"w": 150, "h": 150, "resize": "crop"}, "small": {"w": 564, "h": 423, "resize": "fit"}, "medium": {"w": 564, "h": 423, "resize": "fit"}, "large": {"w": 564, "h": 423, "resize": "fit"}}}]}, "extended_entities": {"media": [{"id": 1272223847337558016, "id_str": "1272223847337558016", "indices": [278, 301], "media_url": "http://pbs.twimg.com/media/EafY2T9WAAAXd7n.jpg", "media_url_https": "https://pbs.twimg.com/media/EafY2T9WAAAXd7n.jpg", "url": "https://t.co/syiW26s3nf", "display_url": "pic.twitter.com/syiW26s3nf", "expanded_url": "https://twitter.com/inkinick/status/1272223849824882690/photo/1", "type": "photo", "sizes": {"thumb": {"w": 150, "h": 150, "resize": "crop"}, "small": {"w": 564, "h": 423, "resize": "fit"}, "medium": {"w": 564, "h": 423, "resize": "fit"}, "large": {"w": 564, "h": 423, "resize": "fit"}}}]}, "source": "<a href=\"http://twitter.com/download/android\" rel=\"nofollow\">Twitter for Android</a>", "in_reply_to_status_id": null, "in_reply_to_status_id_str": null, "in_reply_to_user_id": null, "in_reply_to_user_id_str": null, "in_reply_to_screen_name": null, "user": {"id": 755505037, "id_str": "755505037", "name": "Nick Lumb \ud83c\uddea\ud83c\uddfa \ud83c\udf39\ud83d\udc1f", "screen_name": "inkinick", "location": "Sandbach, England", "description": "Freelance printer / print production engineer. Inky fingers, colour tweaker. Happiest at a cosy gig or regional theatre play.", "url": null, "entities": {"description": {"urls": []}}, "protected": false, "followers_count": 2425, "friends_count": 2918, "listed_count": 2, "created_at": "Mon Aug 13 17:17:05 +0000 2012", "favourites_count": 31686, "utc_offset": null, "time_zone": null, "geo_enabled": false, "verified": false, "statuses_count": 28342, "lang": null, "contributors_enabled": false, "is_translator": false, "is_translation_enabled": false, "profile_background_color": "C0DEED", "profile_background_image_url": "http://abs.twimg.com/images/themes/theme1/bg.png", "profile_background_image_url_https": "https://abs.twimg.com/images/themes/theme1/bg.png", "profile_background_tile": false, "profile_image_url": "http://pbs.twimg.com/profile_images/1196546498672177153/kvpqBVmV_normal.png", "profile_image_url_https": "https://pbs.twimg.com/profile_images/1196546498672177153/kvpqBVmV_normal.png", "profile_banner_url": "https://pbs.twimg.com/profile_banners/755505037/1576928664", "profile_link_color": "1DA1F2", "profile_sidebar_border_color": "C0DEED", "profile_sidebar_fill_color": "DDEEF6", "profile_text_color": "333333", "profile_use_background_image": true, "has_extended_profile": true, "default_profile": true, "default_profile_image": false, "following": false, "follow_request_sent": false, "notifications": false, "translator_type": "none"}, "geo": null, "coordinates": null, "place": null, "contributors": null, "is_quote_status": false, "retweet_count": 42, "favorite_count": 56, "favorited": false, "retweeted": false, "possibly_sensitive": false, "possibly_sensitive_appealable": false, "lang": "en"}