{"created_at": "Thu Apr 25 16:50:32 +0000 2019", "id": 1121456469185110022, "id_str": "1121456469185110022", "full_text": "@ebubekiryaman @wanderingsag wrong. this is digital art by Sara Shakeel.\n\nhttps://t.co/caOu9J4agS", "truncated": false, "display_text_range": [29, 97], "entities": {"hashtags": [], "symbols": [], "user_mentions": [{"screen_name": "ebubekiryaman", "name": "\u00dcsk\u00fcdarl\u0131 \ud83c\uddf9\ud83c\uddf7", "id": 337272764, "id_str": "337272764", "indices": [0, 14]}, {"screen_name": "wanderingsag", "name": "Solivagant", "id": 248972913, "id_str": "248972913", "indices": [15, 28]}], "urls": [{"url": "https://t.co/caOu9J4agS", "expanded_url": "https://www.designboom.com/art/sarah-shakeel-original-crystal-artist-12-08-2018/", "display_url": "designboom.com/art/sarah-shak\u2026", "indices": [74, 97]}]}, "source": "<a href=\"http://twitter.com/download/iphone\" rel=\"nofollow\">Twitter for iPhone</a>", "in_reply_to_status_id": 1121107218097737728, "in_reply_to_status_id_str": "1121107218097737728", "in_reply_to_user_id": 337272764, "in_reply_to_user_id_str": "337272764", "in_reply_to_screen_name": "ebubekiryaman", "user": {"id": 4358019795, "id_str": "4358019795", "name": "\u2767 D V L C I N E A \u2767", "screen_name": "CloisterFuck", "location": "the floating world", "description": "LOVE IS EXPENSIVE \u2767 https://t.co/VR4NF8AjaE", "url": "https://t.co/TY1yMCxN87", "entities": {"url": {"urls": [{"url": "https://t.co/TY1yMCxN87", "expanded_url": "http://bit.ly/dulcineabeatrix", "display_url": "bit.ly/dulcineabeatrix", "indices": [0, 23]}]}, "description": {"urls": [{"url": "https://t.co/VR4NF8AjaE", "expanded_url": "http://bit.ly/PayDulcinea", "display_url": "bit.ly/PayDulcinea", "indices": [20, 43]}]}}, "protected": false, "followers_count": 1885, "friends_count": 432, "listed_count": 4, "created_at": "Thu Dec 03 05:25:41 +0000 2015", "favourites_count": 126526, "utc_offset": null, "time_zone": null, "geo_enabled": false, "verified": false, "statuses_count": 55178, "lang": null, "contributors_enabled": false, "is_translator": false, "is_translation_enabled": false, "profile_background_color": "000000", "profile_background_image_url": "http://abs.twimg.com/images/themes/theme9/bg.gif", "profile_background_image_url_https": "https://abs.twimg.com/images/themes/theme9/bg.gif", "profile_background_tile": false, "profile_image_url": "http://pbs.twimg.com/profile_images/1235280143809208322/Yk1mfpgY_normal.jpg", "profile_image_url_https": "https://pbs.twimg.com/profile_images/1235280143809208322/Yk1mfpgY_normal.jpg", "profile_banner_url": "https://pbs.twimg.com/profile_banners/4358019795/1562130945", "profile_link_color": "ABB8C2", "profile_sidebar_border_color": "000000", "profile_sidebar_fill_color": "000000", "profile_text_color": "000000", "profile_use_background_image": false, "has_extended_profile": false, "default_profile": false, "default_profile_image": false, "following": false, "follow_request_sent": false, "notifications": false, "translator_type": "none"}, "geo": null, "coordinates": null, "place": null, "contributors": null, "is_quote_status": false, "retweet_count": 1, "favorite_count": 9, "favorited": false, "retweeted": false, "possibly_sensitive": false, "possibly_sensitive_appealable": false, "lang": "en", "reply_count": 1}