{"created_at": "Wed Apr 24 21:04:08 +0000 2019", "id": 1121157900838350848, "id_str": "1121157900838350848", "full_text": "@ebubekiryaman \u00bfCampanita? \ud83d\ude2e", "truncated": false, "display_text_range": [15, 28], "entities": {"hashtags": [], "symbols": [], "user_mentions": [{"screen_name": "ebubekiryaman", "name": "\u00dcsk\u00fcdarl\u0131 \ud83c\uddf9\ud83c\uddf7", "id": 337272764, "id_str": "337272764", "indices": [0, 14]}], "urls": []}, "source": "<a href=\"http://twitter.com/download/android\" rel=\"nofollow\">Twitter for Android</a>", "in_reply_to_status_id": 1121107218097737728, "in_reply_to_status_id_str": "1121107218097737728", "in_reply_to_user_id": 337272764, "in_reply_to_user_id_str": "337272764", "in_reply_to_screen_name": "ebubekiryaman", "user": {"id": 2213460420, "id_str": "2213460420", "name": "maida ramirez", "screen_name": "maidalore", "location": "Monterrey, Nuevo Le\u00f3n", "description": "\ud83d\ude0a\ud83d\ude0d\ud83d\ude4f\ud83d\udc95\ud83d\ude18\ud83d\udc8b\ud83d\udc8b\ud83d\udc78\ud83c\udffb", "url": null, "entities": {"description": {"urls": []}}, "protected": false, "followers_count": 358, "friends_count": 453, "listed_count": 0, "created_at": "Mon Nov 25 03:36:23 +0000 2013", "favourites_count": 59500, "utc_offset": null, "time_zone": null, "geo_enabled": false, "verified": false, "statuses_count": 20330, "lang": null, "contributors_enabled": false, "is_translator": false, "is_translation_enabled": false, "profile_background_color": "C0DEED", "profile_background_image_url": "http://abs.twimg.com/images/themes/theme1/bg.png", "profile_background_image_url_https": "https://abs.twimg.com/images/themes/theme1/bg.png", "profile_background_tile": false, "profile_image_url": "http://pbs.twimg.com/profile_images/1086072660499595264/2kKDtb9v_normal.jpg", "profile_image_url_https": "https://pbs.twimg.com/profile_images/1086072660499595264/2kKDtb9v_normal.jpg", "profile_banner_url": "https://pbs.twimg.com/profile_banners/2213460420/1565455140", "profile_link_color": "1DA1F2", "profile_sidebar_border_color": "C0DEED", "profile_sidebar_fill_color": "DDEEF6", "profile_text_color": "333333", "profile_use_background_image": true, "has_extended_profile": false, "default_profile": true, "default_profile_image": false, "following": false, "follow_request_sent": false, "notifications": false, "translator_type": "none"}, "geo": null, "coordinates": null, "place": null, "contributors": null, "is_quote_status": false, "retweet_count": 0, "favorite_count": 1, "favorited": false, "retweeted": false, "lang": "in", "reply_count": 1}