{"created_at": "Thu Apr 25 01:54:11 +0000 2019", "id": 1121230896286162944, "id_str": "1121230896286162944", "full_text": "@ebubekiryaman \uff33o Beautiful\u203c\ufe0f", "truncated": false, "display_text_range": [15, 29], "entities": {"hashtags": [], "symbols": [], "user_mentions": [{"screen_name": "ebubekiryaman", "name": "\u00dcsk\u00fcdarl\u0131 \ud83c\uddf9\ud83c\uddf7", "id": 337272764, "id_str": "337272764", "indices": [0, 14]}], "urls": []}, "source": "<a href=\"http://twitter.com/download/iphone\" rel=\"nofollow\">Twitter for iPhone</a>", "in_reply_to_status_id": 1121107218097737728, "in_reply_to_status_id_str": "1121107218097737728", "in_reply_to_user_id": 337272764, "in_reply_to_user_id_str": "337272764", "in_reply_to_screen_name": "ebubekiryaman", "user": {"id": 876004919123124224, "id_str": "876004919123124224", "name": "\u9752\u3044\u7a7a\ud83c\udf08", "screen_name": "mariko0815", "location": "\u5343\u8449 \u770c", "description": "\u4eba\u751f\u4e2d\u76e4\u3092\u904e\u304e\u751f\u304d\u3066\u3044\u308b\u81ea\u5206\u306e\u610f\u5473\u3092\u554f\u3046\u25c9\u6226\u4e89\u72a0\u7272\u8005\u306e\u7121\u5ff5\u25c9\u6226\u4e89\u7d76\u5bfe\u53cd\u5bfe \u25c9\u539f\u5b50\u529b\u767a\u96fb\u5373\u523b\u505c\u6b62 \u25c9\u5f31\u8005\u306b\u3084\u3055\u3057\u3044\u4e16\u306e\u4e2d\u306b\u25c9\u81ea\u5206\u3082\u767a\u4fe1\u3059\u308b\u70baTwitter\u3092\u306f\u3058\u3081\u307e\u3057\u305f\u3002#\u30a2\u30d9\u653f\u6cbb\u3092\u8a31\u3055\u306a\u3044 #\u30e4\u30d0\u3059\u304e\u308b\u7dca\u6025\u4e8b\u614b\u6761\u9805 #\u507d\u9020\u634f\u9020\u5b89\u500d\u664b\u4e09 #\u91ce\u515a\u306f\u307e\u3068\u307e\u308c #\u5f37\u5236\u4e0d\u598a #\u8089\u7403\u65b0\u515a #\u8fba\u91ce\u53e4\u57cb\u3081\u7acb\u3066\u53cd\u5bfe #\u53cd\u30d8\u30a4\u30c8#\u4e16\u754c\u5e73\u548c", "url": null, "entities": {"description": {"urls": []}}, "protected": false, "followers_count": 436, "friends_count": 1105, "listed_count": 1, "created_at": "Sat Jun 17 09:13:42 +0000 2017", "favourites_count": 20433, "utc_offset": null, "time_zone": null, "geo_enabled": false, "verified": false, "statuses_count": 18093, "lang": null, "contributors_enabled": false, "is_translator": false, "is_translation_enabled": false, "profile_background_color": "F5F8FA", "profile_background_image_url": null, "profile_background_image_url_https": null, "profile_background_tile": false, "profile_image_url": "http://pbs.twimg.com/profile_images/1127887457301622784/ODKGCAOw_normal.jpg", "profile_image_url_https": "https://pbs.twimg.com/profile_images/1127887457301622784/ODKGCAOw_normal.jpg", "profile_banner_url": "https://pbs.twimg.com/profile_banners/876004919123124224/1511858643", "profile_link_color": "1DA1F2", "profile_sidebar_border_color": "C0DEED", "profile_sidebar_fill_color": "DDEEF6", "profile_text_color": "333333", "profile_use_background_image": true, "has_extended_profile": false, "default_profile": true, "default_profile_image": false, "following": false, "follow_request_sent": false, "notifications": false, "translator_type": "none"}, "geo": null, "coordinates": null, "place": null, "contributors": null, "is_quote_status": false, "retweet_count": 0, "favorite_count": 0, "favorited": false, "retweeted": false, "lang": "en", "reply_count": 0}