{"created_at": "Thu Apr 25 05:13:25 +0000 2019", "id": 1121281031926112256, "id_str": "1121281031926112256", "full_text": "@ebubekiryaman \ud83d\udc4d", "truncated": false, "display_text_range": [15, 16], "entities": {"hashtags": [], "symbols": [], "user_mentions": [{"screen_name": "ebubekiryaman", "name": "\u00dcsk\u00fcdarl\u0131 \ud83c\uddf9\ud83c\uddf7", "id": 337272764, "id_str": "337272764", "indices": [0, 14]}], "urls": []}, "source": "<a href=\"http://twitter.com\" rel=\"nofollow\">Twitter Web Client</a>", "in_reply_to_status_id": 1121107218097737728, "in_reply_to_status_id_str": "1121107218097737728", "in_reply_to_user_id": 337272764, "in_reply_to_user_id_str": "337272764", "in_reply_to_screen_name": "ebubekiryaman", "user": {"id": 1027060194226921472, "id_str": "1027060194226921472", "name": "Liliya", "screen_name": "Liliya779999", "location": "", "description": "", "url": null, "entities": {"description": {"urls": []}}, "protected": false, "followers_count": 686, "friends_count": 673, "listed_count": 0, "created_at": "Wed Aug 08 05:13:26 +0000 2018", "favourites_count": 14532, "utc_offset": null, "time_zone": null, "geo_enabled": false, "verified": false, "statuses_count": 7112, "lang": null, "contributors_enabled": false, "is_translator": false, "is_translation_enabled": false, "profile_background_color": "000000", "profile_background_image_url": "http://abs.twimg.com/images/themes/theme1/bg.png", "profile_background_image_url_https": "https://abs.twimg.com/images/themes/theme1/bg.png", "profile_background_tile": false, "profile_image_url": "http://pbs.twimg.com/profile_images/1051664051678404608/G0Agnz05_normal.jpg", "profile_image_url_https": "https://pbs.twimg.com/profile_images/1051664051678404608/G0Agnz05_normal.jpg", "profile_banner_url": "https://pbs.twimg.com/profile_banners/1027060194226921472/1539571327", "profile_link_color": "19CF86", "profile_sidebar_border_color": "000000", "profile_sidebar_fill_color": "000000", "profile_text_color": "000000", "profile_use_background_image": false, "has_extended_profile": false, "default_profile": false, "default_profile_image": false, "following": false, "follow_request_sent": false, "notifications": false, "translator_type": "none"}, "geo": null, "coordinates": null, "place": null, "contributors": null, "is_quote_status": false, "retweet_count": 0, "favorite_count": 1, "favorited": false, "retweeted": false, "lang": "und", "reply_count": 0}