{"created_at": "Fri Apr 26 06:20:00 +0000 2019", "id": 1121660178506469377, "id_str": "1121660178506469377", "full_text": "@ebubekiryaman Wow magical", "truncated": false, "display_text_range": [15, 26], "entities": {"hashtags": [], "symbols": [], "user_mentions": [{"screen_name": "ebubekiryaman", "name": "\u00dcsk\u00fcdarl\u0131 \ud83c\uddf9\ud83c\uddf7", "id": 337272764, "id_str": "337272764", "indices": [0, 14]}], "urls": []}, "source": "<a href=\"http://twitter.com/download/iphone\" rel=\"nofollow\">Twitter for iPhone</a>", "in_reply_to_status_id": 1121107218097737728, "in_reply_to_status_id_str": "1121107218097737728", "in_reply_to_user_id": 337272764, "in_reply_to_user_id_str": "337272764", "in_reply_to_screen_name": "ebubekiryaman", "user": {"id": 152210753, "id_str": "152210753", "name": "Nasim", "screen_name": "NasimRua", "location": "Perdu dans le monde", "description": "A free spirit roaming this illusionary world a hippy at heart and LFC \u2764\ufe0f fan that's all u need to know! \ud83d\udc81\ud83c\udffb\u200d\u2640\ufe0f", "url": null, "entities": {"description": {"urls": []}}, "protected": false, "followers_count": 768, "friends_count": 573, "listed_count": 45, "created_at": "Sat Jun 05 10:51:19 +0000 2010", "favourites_count": 13669, "utc_offset": null, "time_zone": null, "geo_enabled": true, "verified": false, "statuses_count": 28391, "lang": null, "contributors_enabled": false, "is_translator": false, "is_translation_enabled": false, "profile_background_color": "FFFFFF", "profile_background_image_url": "http://abs.twimg.com/images/themes/theme1/bg.png", "profile_background_image_url_https": "https://abs.twimg.com/images/themes/theme1/bg.png", "profile_background_tile": true, "profile_image_url": "http://pbs.twimg.com/profile_images/489471706885783552/z0snXNpv_normal.jpeg", "profile_image_url_https": "https://pbs.twimg.com/profile_images/489471706885783552/z0snXNpv_normal.jpeg", "profile_banner_url": "https://pbs.twimg.com/profile_banners/152210753/1357174297", "profile_link_color": "0084B4", "profile_sidebar_border_color": "FFFFFF", "profile_sidebar_fill_color": "DDEEF6", "profile_text_color": "333333", "profile_use_background_image": true, "has_extended_profile": false, "default_profile": false, "default_profile_image": false, "following": false, "follow_request_sent": false, "notifications": false, "translator_type": "none"}, "geo": null, "coordinates": null, "place": null, "contributors": null, "is_quote_status": false, "retweet_count": 0, "favorite_count": 0, "favorited": false, "retweeted": false, "lang": "en", "reply_count": 0}