{"created_at": "Wed Apr 24 21:22:37 +0000 2019", "id": 1121162552258519040, "id_str": "1121162552258519040", "full_text": "@ebubekiryaman This butterfly is amazing and gorgeous\u2763\ufe0f\ud83d\ude0d\u2764\ufe0f\u2764\ufe0f\u2764\ufe0f\u2764\ufe0f\u2764\ufe0f", "truncated": false, "display_text_range": [15, 66], "entities": {"hashtags": [], "symbols": [], "user_mentions": [{"screen_name": "ebubekiryaman", "name": "\u00dcsk\u00fcdarl\u0131 \ud83c\uddf9\ud83c\uddf7", "id": 337272764, "id_str": "337272764", "indices": [0, 14]}], "urls": []}, "source": "<a href=\"https://mobile.twitter.com\" rel=\"nofollow\">Twitter Web App</a>", "in_reply_to_status_id": 1121107218097737728, "in_reply_to_status_id_str": "1121107218097737728", "in_reply_to_user_id": 337272764, "in_reply_to_user_id_str": "337272764", "in_reply_to_screen_name": "ebubekiryaman", "user": {"id": 1019984762243559424, "id_str": "1019984762243559424", "name": "Shirley Hutchinson", "screen_name": "Shirley82556494", "location": "United States \ud83c\uddfa\ud83c\uddf8 ", "description": "Christian woman, who loves (first, God), then, His creatian, all animals, nature, and photography.", "url": null, "entities": {"description": {"urls": []}}, "protected": false, "followers_count": 898, "friends_count": 975, "listed_count": 1, "created_at": "Thu Jul 19 16:38:12 +0000 2018", "favourites_count": 25094, "utc_offset": null, "time_zone": null, "geo_enabled": true, "verified": false, "statuses_count": 31582, "lang": null, "contributors_enabled": false, "is_translator": false, "is_translation_enabled": false, "profile_background_color": "F5F8FA", "profile_background_image_url": null, "profile_background_image_url_https": null, "profile_background_tile": false, "profile_image_url": "http://pbs.twimg.com/profile_images/1242704104281051136/uxgE_U3B_normal.jpg", "profile_image_url_https": "https://pbs.twimg.com/profile_images/1242704104281051136/uxgE_U3B_normal.jpg", "profile_banner_url": "https://pbs.twimg.com/profile_banners/1019984762243559424/1591833588", "profile_link_color": "1DA1F2", "profile_sidebar_border_color": "C0DEED", "profile_sidebar_fill_color": "DDEEF6", "profile_text_color": "333333", "profile_use_background_image": true, "has_extended_profile": false, "default_profile": true, "default_profile_image": false, "following": false, "follow_request_sent": false, "notifications": false, "translator_type": "none"}, "geo": null, "coordinates": null, "place": null, "contributors": null, "is_quote_status": false, "retweet_count": 0, "favorite_count": 0, "favorited": false, "retweeted": false, "lang": "en", "reply_count": 0}