{"created_at": "Fri Apr 26 02:31:02 +0000 2019", "id": 1121602556852097025, "id_str": "1121602556852097025", "full_text": "@ebubekiryaman Que belleza ! Parece de un jard\u00edn m\u00e1gico!\ud83d\ude0d", "truncated": false, "display_text_range": [15, 57], "entities": {"hashtags": [], "symbols": [], "user_mentions": [{"screen_name": "ebubekiryaman", "name": "\u00dcsk\u00fcdarl\u0131 \ud83c\uddf9\ud83c\uddf7", "id": 337272764, "id_str": "337272764", "indices": [0, 14]}], "urls": []}, "source": "<a href=\"http://twitter.com/download/iphone\" rel=\"nofollow\">Twitter for iPhone</a>", "in_reply_to_status_id": 1121107218097737728, "in_reply_to_status_id_str": "1121107218097737728", "in_reply_to_user_id": 337272764, "in_reply_to_user_id_str": "337272764", "in_reply_to_screen_name": "ebubekiryaman", "user": {"id": 314364398, "id_str": "314364398", "name": "Mily", "screen_name": "mile25milena", "location": "", "description": "La paz \ud83d\udd4a alg\u00fan d\u00eda vencer\u00e1 !Sembremos esperanza para luego cosechar la paz !                \ud83d\ude4f\ud83d\udc9b\ud83d\udc99\u2764\ufe0f", "url": null, "entities": {"description": {"urls": []}}, "protected": false, "followers_count": 3133, "friends_count": 1379, "listed_count": 21, "created_at": "Fri Jun 10 04:07:21 +0000 2011", "favourites_count": 99464, "utc_offset": null, "time_zone": null, "geo_enabled": false, "verified": false, "statuses_count": 121969, "lang": null, "contributors_enabled": false, "is_translator": false, "is_translation_enabled": false, "profile_background_color": "C0DEED", "profile_background_image_url": "http://abs.twimg.com/images/themes/theme1/bg.png", "profile_background_image_url_https": "https://abs.twimg.com/images/themes/theme1/bg.png", "profile_background_tile": false, "profile_image_url": "http://pbs.twimg.com/profile_images/1276687849555922947/2rO1mK_K_normal.jpg", "profile_image_url_https": "https://pbs.twimg.com/profile_images/1276687849555922947/2rO1mK_K_normal.jpg", "profile_banner_url": "https://pbs.twimg.com/profile_banners/314364398/1565531762", "profile_link_color": "1DA1F2", "profile_sidebar_border_color": "C0DEED", "profile_sidebar_fill_color": "DDEEF6", "profile_text_color": "333333", "profile_use_background_image": true, "has_extended_profile": true, "default_profile": true, "default_profile_image": false, "following": false, "follow_request_sent": false, "notifications": false, "translator_type": "none"}, "geo": null, "coordinates": null, "place": null, "contributors": null, "is_quote_status": false, "retweet_count": 0, "favorite_count": 0, "favorited": false, "retweeted": false, "lang": "es", "reply_count": 0}