{"created_at": "Thu Apr 25 10:37:22 +0000 2019", "id": 1121362558835884034, "id_str": "1121362558835884034", "full_text": "@ebubekiryaman Wow!!", "truncated": false, "display_text_range": [15, 20], "entities": {"hashtags": [], "symbols": [], "user_mentions": [{"screen_name": "ebubekiryaman", "name": "\u00dcsk\u00fcdarl\u0131 \ud83c\uddf9\ud83c\uddf7", "id": 337272764, "id_str": "337272764", "indices": [0, 14]}], "urls": []}, "source": "<a href=\"http://twitter.com/download/iphone\" rel=\"nofollow\">Twitter for iPhone</a>", "in_reply_to_status_id": 1121107218097737728, "in_reply_to_status_id_str": "1121107218097737728", "in_reply_to_user_id": 337272764, "in_reply_to_user_id_str": "337272764", "in_reply_to_screen_name": "ebubekiryaman", "user": {"id": 569410380, "id_str": "569410380", "name": "Pupul", "screen_name": "Pupulmimi", "location": "Mumbai India", "description": "Lover of books, music ,art, mountains, nature, animals. Believe in standing up for my rights. Fotball crazy! Happiness is being with friends.", "url": null, "entities": {"description": {"urls": []}}, "protected": false, "followers_count": 2578, "friends_count": 343, "listed_count": 92, "created_at": "Wed May 02 18:47:19 +0000 2012", "favourites_count": 259552, "utc_offset": null, "time_zone": null, "geo_enabled": true, "verified": false, "statuses_count": 169066, "lang": null, "contributors_enabled": false, "is_translator": false, "is_translation_enabled": false, "profile_background_color": "C0DEED", "profile_background_image_url": "http://abs.twimg.com/images/themes/theme1/bg.png", "profile_background_image_url_https": "https://abs.twimg.com/images/themes/theme1/bg.png", "profile_background_tile": false, "profile_image_url": "http://pbs.twimg.com/profile_images/1192446721835458560/lVtIuCW5_normal.jpg", "profile_image_url_https": "https://pbs.twimg.com/profile_images/1192446721835458560/lVtIuCW5_normal.jpg", "profile_banner_url": "https://pbs.twimg.com/profile_banners/569410380/1573136768", "profile_link_color": "1DA1F2", "profile_sidebar_border_color": "C0DEED", "profile_sidebar_fill_color": "DDEEF6", "profile_text_color": "333333", "profile_use_background_image": true, "has_extended_profile": false, "default_profile": true, "default_profile_image": false, "following": false, "follow_request_sent": false, "notifications": false, "translator_type": "none"}, "geo": null, "coordinates": null, "place": null, "contributors": null, "is_quote_status": false, "retweet_count": 0, "favorite_count": 0, "favorited": false, "retweeted": false, "lang": "und", "reply_count": 0}