{"created_at": "Thu Apr 25 02:43:23 +0000 2019", "id": 1121243277397676032, "id_str": "1121243277397676032", "full_text": "@maidalore @ebubekiryaman Lo mismo pens\u00e9 :o", "truncated": false, "display_text_range": [26, 43], "entities": {"hashtags": [], "symbols": [], "user_mentions": [{"screen_name": "maidalore", "name": "maida ramirez", "id": 2213460420, "id_str": "2213460420", "indices": [0, 10]}, {"screen_name": "ebubekiryaman", "name": "\u00dcsk\u00fcdarl\u0131 \ud83c\uddf9\ud83c\uddf7", "id": 337272764, "id_str": "337272764", "indices": [11, 25]}], "urls": []}, "source": "<a href=\"http://twitter.com/download/android\" rel=\"nofollow\">Twitter for Android</a>", "in_reply_to_status_id": 1121157900838350848, "in_reply_to_status_id_str": "1121157900838350848", "in_reply_to_user_id": 2213460420, "in_reply_to_user_id_str": "2213460420", "in_reply_to_screen_name": "maidalore", "user": {"id": 1014468544472469504, "id_str": "1014468544472469504", "name": "Avecaminantte", "screen_name": "Mim_Esor", "location": "M\u00e9xico", "description": "Intent\u00e9 escribir poemas y resultaron puros cuentos.\nAspirante a escritora, zombie y lo que resulte.  \u2615\n04/07/18", "url": null, "entities": {"description": {"urls": []}}, "protected": false, "followers_count": 1548, "friends_count": 1550, "listed_count": 8, "created_at": "Wed Jul 04 11:18:43 +0000 2018", "favourites_count": 84072, "utc_offset": null, "time_zone": null, "geo_enabled": true, "verified": false, "statuses_count": 19013, "lang": null, "contributors_enabled": false, "is_translator": false, "is_translation_enabled": false, "profile_background_color": "F5F8FA", "profile_background_image_url": null, "profile_background_image_url_https": null, "profile_background_tile": false, "profile_image_url": "http://pbs.twimg.com/profile_images/1263909602724327436/6PEZB_th_normal.jpg", "profile_image_url_https": "https://pbs.twimg.com/profile_images/1263909602724327436/6PEZB_th_normal.jpg", "profile_banner_url": "https://pbs.twimg.com/profile_banners/1014468544472469504/1590174340", "profile_link_color": "1DA1F2", "profile_sidebar_border_color": "C0DEED", "profile_sidebar_fill_color": "DDEEF6", "profile_text_color": "333333", "profile_use_background_image": true, "has_extended_profile": true, "default_profile": true, "default_profile_image": false, "following": false, "follow_request_sent": false, "notifications": false, "translator_type": "none"}, "geo": null, "coordinates": null, "place": null, "contributors": null, "is_quote_status": false, "retweet_count": 0, "favorite_count": 1, "favorited": false, "retweeted": false, "lang": "es", "reply_count": 0}