{"created_at": "Thu Apr 25 03:36:04 +0000 2019", "id": 1121256536741953536, "id_str": "1121256536741953536", "full_text": "@ebubekiryaman @GloriaMontiel10 Es una penita!!! es tan hermosa\ud83d\ude3f\ud83e\udd8b!!!", "truncated": false, "display_text_range": [32, 68], "entities": {"hashtags": [], "symbols": [], "user_mentions": [{"screen_name": "ebubekiryaman", "name": "\u00dcsk\u00fcdarl\u0131 \ud83c\uddf9\ud83c\uddf7", "id": 337272764, "id_str": "337272764", "indices": [0, 14]}, {"screen_name": "GloriaMontiel10", "name": "Gloria Montiel", "id": 1535016601, "id_str": "1535016601", "indices": [15, 31]}], "urls": []}, "source": "<a href=\"http://twitter.com/download/iphone\" rel=\"nofollow\">Twitter for iPhone</a>", "in_reply_to_status_id": 1121107218097737728, "in_reply_to_status_id_str": "1121107218097737728", "in_reply_to_user_id": 337272764, "in_reply_to_user_id_str": "337272764", "in_reply_to_screen_name": "ebubekiryaman", "user": {"id": 809977793056481280, "id_str": "809977793056481280", "name": "denisse PH marie", "screen_name": "Dema0709", "location": "Guayaquil, Ecuador", "description": "YO QUISIERA SER CIVILIZADA COMO LOS ANIMALES\ud83d\ude3b\ud83d\udc3e!!!", "url": null, "entities": {"description": {"urls": []}}, "protected": false, "followers_count": 1050, "friends_count": 237, "listed_count": 4, "created_at": "Sat Dec 17 04:25:29 +0000 2016", "favourites_count": 188232, "utc_offset": null, "time_zone": null, "geo_enabled": true, "verified": false, "statuses_count": 171497, "lang": null, "contributors_enabled": false, "is_translator": false, "is_translation_enabled": false, "profile_background_color": "F5F8FA", "profile_background_image_url": null, "profile_background_image_url_https": null, "profile_background_tile": false, "profile_image_url": "http://pbs.twimg.com/profile_images/1262977690233118729/S4XNxL9E_normal.jpg", "profile_image_url_https": "https://pbs.twimg.com/profile_images/1262977690233118729/S4XNxL9E_normal.jpg", "profile_banner_url": "https://pbs.twimg.com/profile_banners/809977793056481280/1585457895", "profile_link_color": "1DA1F2", "profile_sidebar_border_color": "C0DEED", "profile_sidebar_fill_color": "DDEEF6", "profile_text_color": "333333", "profile_use_background_image": true, "has_extended_profile": true, "default_profile": true, "default_profile_image": false, "following": false, "follow_request_sent": false, "notifications": false, "translator_type": "none"}, "geo": null, "coordinates": null, "place": null, "contributors": null, "is_quote_status": false, "retweet_count": 0, "favorite_count": 1, "favorited": false, "retweeted": false, "lang": "es", "reply_count": 0}