{"created_at": "Thu Apr 25 22:23:57 +0000 2019", "id": 1121540375691370496, "id_str": "1121540375691370496", "full_text": "@ebubekiryaman Nice try.", "truncated": false, "display_text_range": [15, 24], "entities": {"hashtags": [], "symbols": [], "user_mentions": [{"screen_name": "ebubekiryaman", "name": "\u00dcsk\u00fcdarl\u0131 \ud83c\uddf9\ud83c\uddf7", "id": 337272764, "id_str": "337272764", "indices": [0, 14]}], "urls": []}, "source": "<a href=\"http://twitter.com/#!/download/ipad\" rel=\"nofollow\">Twitter for iPad</a>", "in_reply_to_status_id": 1121107218097737728, "in_reply_to_status_id_str": "1121107218097737728", "in_reply_to_user_id": 337272764, "in_reply_to_user_id_str": "337272764", "in_reply_to_screen_name": "ebubekiryaman", "user": {"id": 2469259256, "id_str": "2469259256", "name": "AH", "screen_name": "Lumikello26", "location": "D - Bonn", "description": "Je weniger Geist, desto weniger Angst. (S\u00f8ren Kierkegaard, 1813 - 1855)", "url": null, "entities": {"description": {"urls": []}}, "protected": false, "followers_count": 114, "friends_count": 71, "listed_count": 3, "created_at": "Tue Apr 29 13:03:51 +0000 2014", "favourites_count": 17604, "utc_offset": null, "time_zone": null, "geo_enabled": true, "verified": false, "statuses_count": 8565, "lang": null, "contributors_enabled": false, "is_translator": false, "is_translation_enabled": false, "profile_background_color": "C0DEED", "profile_background_image_url": "http://abs.twimg.com/images/themes/theme1/bg.png", "profile_background_image_url_https": "https://abs.twimg.com/images/themes/theme1/bg.png", "profile_background_tile": false, "profile_image_url": "http://pbs.twimg.com/profile_images/556737661889941504/aJPMC2qG_normal.jpeg", "profile_image_url_https": "https://pbs.twimg.com/profile_images/556737661889941504/aJPMC2qG_normal.jpeg", "profile_banner_url": "https://pbs.twimg.com/profile_banners/2469259256/1421571319", "profile_link_color": "3B94D9", "profile_sidebar_border_color": "C0DEED", "profile_sidebar_fill_color": "DDEEF6", "profile_text_color": "333333", "profile_use_background_image": true, "has_extended_profile": false, "default_profile": false, "default_profile_image": false, "following": false, "follow_request_sent": false, "notifications": false, "translator_type": "none"}, "geo": null, "coordinates": null, "place": null, "contributors": null, "is_quote_status": false, "retweet_count": 0, "favorite_count": 1, "favorited": false, "retweeted": false, "lang": "en", "reply_count": 0}