{"created_at": "Fri Apr 26 06:01:31 +0000 2019", "id": 1121655525072965639, "id_str": "1121655525072965639", "full_text": "@ebubekiryaman @mcmounes Magnifique!", "truncated": false, "display_text_range": [25, 36], "entities": {"hashtags": [], "symbols": [], "user_mentions": [{"screen_name": "ebubekiryaman", "name": "\u00dcsk\u00fcdarl\u0131 \ud83c\uddf9\ud83c\uddf7", "id": 337272764, "id_str": "337272764", "indices": [0, 14]}], "urls": []}, "source": "<a href=\"http://twitter.com/download/iphone\" rel=\"nofollow\">Twitter for iPhone</a>", "in_reply_to_status_id": 1121107218097737728, "in_reply_to_status_id_str": "1121107218097737728", "in_reply_to_user_id": 337272764, "in_reply_to_user_id_str": "337272764", "in_reply_to_screen_name": "ebubekiryaman", "user": {"id": 394614554, "id_str": "394614554", "name": "nadia", "screen_name": "nadianazzal", "location": "", "description": "Citoyenne du monde: Libano-franco-s\u00e9n\u00e9galaise !", "url": null, "entities": {"description": {"urls": []}}, "protected": false, "followers_count": 232, "friends_count": 575, "listed_count": 4, "created_at": "Thu Oct 20 10:54:06 +0000 2011", "favourites_count": 1089, "utc_offset": null, "time_zone": null, "geo_enabled": true, "verified": false, "statuses_count": 5811, "lang": null, "contributors_enabled": false, "is_translator": false, "is_translation_enabled": false, "profile_background_color": "C0DEED", "profile_background_image_url": "http://abs.twimg.com/images/themes/theme1/bg.png", "profile_background_image_url_https": "https://abs.twimg.com/images/themes/theme1/bg.png", "profile_background_tile": false, "profile_image_url": "http://pbs.twimg.com/profile_images/1249078057157169160/6iBfLCJT_normal.jpg", "profile_image_url_https": "https://pbs.twimg.com/profile_images/1249078057157169160/6iBfLCJT_normal.jpg", "profile_link_color": "1DA1F2", "profile_sidebar_border_color": "C0DEED", "profile_sidebar_fill_color": "DDEEF6", "profile_text_color": "333333", "profile_use_background_image": true, "has_extended_profile": false, "default_profile": true, "default_profile_image": false, "following": false, "follow_request_sent": false, "notifications": false, "translator_type": "none"}, "geo": null, "coordinates": null, "place": null, "contributors": null, "is_quote_status": false, "retweet_count": 0, "favorite_count": 0, "favorited": false, "retweeted": false, "lang": "fr", "reply_count": 0}