{"created_at": "Thu Apr 25 13:19:02 +0000 2019", "id": 1121403242053869569, "id_str": "1121403242053869569", "full_text": "@ebubekiryaman Linda.", "truncated": false, "display_text_range": [15, 21], "entities": {"hashtags": [], "symbols": [], "user_mentions": [{"screen_name": "ebubekiryaman", "name": "\u00dcsk\u00fcdarl\u0131 \ud83c\uddf9\ud83c\uddf7", "id": 337272764, "id_str": "337272764", "indices": [0, 14]}], "urls": []}, "source": "<a href=\"http://twitter.com/download/android\" rel=\"nofollow\">Twitter for Android</a>", "in_reply_to_status_id": 1121107218097737728, "in_reply_to_status_id_str": "1121107218097737728", "in_reply_to_user_id": 337272764, "in_reply_to_user_id_str": "337272764", "in_reply_to_screen_name": "ebubekiryaman", "user": {"id": 965763620738093056, "id_str": "965763620738093056", "name": "p\u00e1ssaro Azul\u2764\u2764\u2764", "screen_name": "passaroAzul46", "location": "", "description": "Sei que sou sonhadora, mas n\u00e3o t\u00eam problema, n\u00e3o tolero injusti\u00e7a, que todos tenham vida digna!", "url": null, "entities": {"description": {"urls": []}}, "protected": false, "followers_count": 1272, "friends_count": 1274, "listed_count": 0, "created_at": "Tue Feb 20 01:42:45 +0000 2018", "favourites_count": 62915, "utc_offset": null, "time_zone": null, "geo_enabled": false, "verified": false, "statuses_count": 99998, "lang": null, "contributors_enabled": false, "is_translator": false, "is_translation_enabled": false, "profile_background_color": "F5F8FA", "profile_background_image_url": null, "profile_background_image_url_https": null, "profile_background_tile": false, "profile_image_url": "http://pbs.twimg.com/profile_images/1266886308397490176/JfWBhzvZ_normal.jpg", "profile_image_url_https": "https://pbs.twimg.com/profile_images/1266886308397490176/JfWBhzvZ_normal.jpg", "profile_link_color": "1DA1F2", "profile_sidebar_border_color": "C0DEED", "profile_sidebar_fill_color": "DDEEF6", "profile_text_color": "333333", "profile_use_background_image": true, "has_extended_profile": true, "default_profile": true, "default_profile_image": false, "following": false, "follow_request_sent": false, "notifications": false, "translator_type": "none"}, "geo": null, "coordinates": null, "place": null, "contributors": null, "is_quote_status": false, "retweet_count": 0, "favorite_count": 0, "favorited": false, "retweeted": false, "lang": "pt", "reply_count": 0}