{"created_at": "Thu Apr 25 08:27:42 +0000 2019", "id": 1121329928530563072, "id_str": "1121329928530563072", "full_text": "@ebubekiryaman @BotanybyBeeny https://t.co/YKV9Y0uAwS", "truncated": false, "display_text_range": [29, 29], "entities": {"hashtags": [], "symbols": [], "user_mentions": [{"screen_name": "ebubekiryaman", "name": "\u00dcsk\u00fcdarl\u0131 \ud83c\uddf9\ud83c\uddf7", "id": 337272764, "id_str": "337272764", "indices": [0, 14]}], "urls": [], "media": [{"id": 1121329924604747776, "id_str": "1121329924604747776", "indices": [30, 53], "media_url": "http://pbs.twimg.com/media/D4_DoBgU4AAu3EE.jpg", "media_url_https": "https://pbs.twimg.com/media/D4_DoBgU4AAu3EE.jpg", "url": "https://t.co/YKV9Y0uAwS", "display_url": "pic.twitter.com/YKV9Y0uAwS", "expanded_url": "https://twitter.com/7MXgc4Z9ikksZu1/status/1121329928530563072/photo/1", "type": "photo", "sizes": {"large": {"w": 457, "h": 640, "resize": "fit"}, "thumb": {"w": 150, "h": 150, "resize": "crop"}, "medium": {"w": 457, "h": 640, "resize": "fit"}, "small": {"w": 457, "h": 640, "resize": "fit"}}}]}, "extended_entities": {"media": [{"id": 1121329924604747776, "id_str": "1121329924604747776", "indices": [30, 53], "media_url": "http://pbs.twimg.com/media/D4_DoBgU4AAu3EE.jpg", "media_url_https": "https://pbs.twimg.com/media/D4_DoBgU4AAu3EE.jpg", "url": "https://t.co/YKV9Y0uAwS", "display_url": "pic.twitter.com/YKV9Y0uAwS", "expanded_url": "https://twitter.com/7MXgc4Z9ikksZu1/status/1121329928530563072/photo/1", "type": "photo", "sizes": {"large": {"w": 457, "h": 640, "resize": "fit"}, "thumb": {"w": 150, "h": 150, "resize": "crop"}, "medium": {"w": 457, "h": 640, "resize": "fit"}, "small": {"w": 457, "h": 640, "resize": "fit"}}}]}, "source": "<a href=\"http://twitter.com/download/android\" rel=\"nofollow\">Twitter for Android</a>", "in_reply_to_status_id": 1121107218097737728, "in_reply_to_status_id_str": "1121107218097737728", "in_reply_to_user_id": 337272764, "in_reply_to_user_id_str": "337272764", "in_reply_to_screen_name": "ebubekiryaman", "user": {"id": 1116701383770525696, "id_str": "1116701383770525696", "name": "RK LATHIYA", "screen_name": "7MXgc4Z9ikksZu1", "location": "lndia ", "description": "Fillm writor oss Bollywood Mumbai.", "url": null, "entities": {"description": {"urls": []}}, "protected": false, "followers_count": 1090, "friends_count": 3374, "listed_count": 1, "created_at": "Fri Apr 12 13:55:32 +0000 2019", "favourites_count": 34397, "utc_offset": null, "time_zone": null, "geo_enabled": false, "verified": false, "statuses_count": 16840, "lang": null, "contributors_enabled": false, "is_translator": false, "is_translation_enabled": false, "profile_background_color": "F5F8FA", "profile_background_image_url": null, "profile_background_image_url_https": null, "profile_background_tile": false, "profile_image_url": "http://pbs.twimg.com/profile_images/1129471449981308928/QpREMyvX_normal.jpg", "profile_image_url_https": "https://pbs.twimg.com/profile_images/1129471449981308928/QpREMyvX_normal.jpg", "profile_banner_url": "https://pbs.twimg.com/profile_banners/1116701383770525696/1562332344", "profile_link_color": "1DA1F2", "profile_sidebar_border_color": "C0DEED", "profile_sidebar_fill_color": "DDEEF6", "profile_text_color": "333333", "profile_use_background_image": true, "has_extended_profile": false, "default_profile": true, "default_profile_image": false, "following": false, "follow_request_sent": false, "notifications": false, "translator_type": "none"}, "geo": null, "coordinates": null, "place": null, "contributors": null, "is_quote_status": false, "retweet_count": 1, "favorite_count": 6, "favorited": false, "retweeted": false, "possibly_sensitive": false, "possibly_sensitive_appealable": false, "lang": "und", "reply_count": 0}