{"created_at": "Thu Apr 25 17:14:56 +0000 2019", "id": 1121462609096605696, "id_str": "1121462609096605696", "full_text": "@CloisterFuck @ebubekiryaman @wanderingsag \u2767 D V L C I N E A \u2767 is correct.\n\nDoes nobody fact check anymore?\nEven though the first couple of levels are easier than they've ever been?\nAnd though it's never been  more necessary?\n\nWheel-tapping for safety.\nDoes that ring true,  or not? https://t.co/ITpNdxlgVz", "truncated": false, "display_text_range": [43, 282], "entities": {"hashtags": [], "symbols": [], "user_mentions": [{"screen_name": "CloisterFuck", "name": "\u2767 D V L C I N E A \u2767", "id": 4358019795, "id_str": "4358019795", "indices": [0, 13]}, {"screen_name": "ebubekiryaman", "name": "\u00dcsk\u00fcdarl\u0131 \ud83c\uddf9\ud83c\uddf7", "id": 337272764, "id_str": "337272764", "indices": [14, 28]}, {"screen_name": "wanderingsag", "name": "Solivagant", "id": 248972913, "id_str": "248972913", "indices": [29, 42]}], "urls": [], "media": [{"id": 1121462576309854214, "id_str": "1121462576309854214", "indices": [283, 306], "media_url": "http://pbs.twimg.com/media/D5A8RXnX4AYgbzx.jpg", "media_url_https": "https://pbs.twimg.com/media/D5A8RXnX4AYgbzx.jpg", "url": "https://t.co/ITpNdxlgVz", "display_url": "pic.twitter.com/ITpNdxlgVz", "expanded_url": "https://twitter.com/chrisbrownofca1/status/1121462609096605696/photo/1", "type": "photo", "sizes": {"thumb": {"w": 150, "h": 150, "resize": "crop"}, "large": {"w": 740, "h": 484, "resize": "fit"}, "medium": {"w": 740, "h": 484, "resize": "fit"}, "small": {"w": 680, "h": 445, "resize": "fit"}}}]}, "extended_entities": {"media": [{"id": 1121462576309854214, "id_str": "1121462576309854214", "indices": [283, 306], "media_url": "http://pbs.twimg.com/media/D5A8RXnX4AYgbzx.jpg", "media_url_https": "https://pbs.twimg.com/media/D5A8RXnX4AYgbzx.jpg", "url": "https://t.co/ITpNdxlgVz", "display_url": "pic.twitter.com/ITpNdxlgVz", "expanded_url": "https://twitter.com/chrisbrownofca1/status/1121462609096605696/photo/1", "type": "photo", "sizes": {"thumb": {"w": 150, "h": 150, "resize": "crop"}, "large": {"w": 740, "h": 484, "resize": "fit"}, "medium": {"w": 740, "h": 484, "resize": "fit"}, "small": {"w": 680, "h": 445, "resize": "fit"}}}]}, "source": "<a href=\"http://twitter.com\" rel=\"nofollow\">Twitter Web Client</a>", "in_reply_to_status_id": 1121456469185110022, "in_reply_to_status_id_str": "1121456469185110022", "in_reply_to_user_id": 4358019795, "in_reply_to_user_id_str": "4358019795", "in_reply_to_screen_name": "CloisterFuck", "user": {"id": 724576807371046912, "id_str": "724576807371046912", "name": "Chris Brown", "screen_name": "chrisbrownofca1", "location": "Cornwall, England", "description": "Housebound with CFS/ME ---Will shall be the sterner, heart the bolder,  spirit the greater as our strength lessens---\n\nWheeltapper and occasional iconoclast.", "url": null, "entities": {"description": {"urls": []}}, "protected": false, "followers_count": 676, "friends_count": 55, "listed_count": 40, "created_at": "Mon Apr 25 12:32:27 +0000 2016", "favourites_count": 39553, "utc_offset": null, "time_zone": null, "geo_enabled": false, "verified": false, "statuses_count": 50433, "lang": null, "contributors_enabled": false, "is_translator": false, "is_translation_enabled": false, "profile_background_color": "F5F8FA", "profile_background_image_url": null, "profile_background_image_url_https": null, "profile_background_tile": false, "profile_image_url": "http://pbs.twimg.com/profile_images/726477535048007680/z5qnyaUb_normal.jpg", "profile_image_url_https": "https://pbs.twimg.com/profile_images/726477535048007680/z5qnyaUb_normal.jpg", "profile_link_color": "1DA1F2", "profile_sidebar_border_color": "C0DEED", "profile_sidebar_fill_color": "DDEEF6", "profile_text_color": "333333", "profile_use_background_image": true, "has_extended_profile": false, "default_profile": true, "default_profile_image": false, "following": false, "follow_request_sent": false, "notifications": false, "translator_type": "none"}, "geo": null, "coordinates": null, "place": null, "contributors": null, "is_quote_status": false, "retweet_count": 0, "favorite_count": 1, "favorited": false, "retweeted": false, "possibly_sensitive": false, "possibly_sensitive_appealable": false, "lang": "en", "reply_count": 0}