{"created_at": "Tue Apr 30 17:17:04 +0000 2019", "id": 1123275085220077574, "id_str": "1123275085220077574", "full_text": "@ebubekiryaman Linda mariposa. \ud83d\ude0d\ud83d\ude0d\ud83d\ude0d\ud83d\ude0d", "truncated": false, "display_text_range": [15, 35], "entities": {"hashtags": [], "symbols": [], "user_mentions": [{"screen_name": "ebubekiryaman", "name": "\u00dcsk\u00fcdarl\u0131 \ud83c\uddf9\ud83c\uddf7", "id": 337272764, "id_str": "337272764", "indices": [0, 14]}], "urls": []}, "source": "<a href=\"http://twitter.com/download/android\" rel=\"nofollow\">Twitter for Android</a>", "in_reply_to_status_id": 1121107218097737728, "in_reply_to_status_id_str": "1121107218097737728", "in_reply_to_user_id": 337272764, "in_reply_to_user_id_str": "337272764", "in_reply_to_screen_name": "ebubekiryaman", "user": {"id": 1195146806, "id_str": "1195146806", "name": "\ud83c\udde8\ud83c\uddf1\ud83c\udf39 Lily Brujita\ud83c\udf39\ud83c\udde8\ud83c\uddf1", "screen_name": "LilyMandelli", "location": "", "description": "Tengo un caracter fuerte y dulce que se complementan. Asi soy yo.\u2698\u2698\u2698\ud83c\udde8\ud83c\uddf1\ud83c\udde8\ud83c\uddf1\ud83c\udde8\ud83c\uddf1", "url": null, "entities": {"description": {"urls": []}}, "protected": false, "followers_count": 1705, "friends_count": 3047, "listed_count": 3, "created_at": "Mon Feb 18 22:41:08 +0000 2013", "favourites_count": 115616, "utc_offset": null, "time_zone": null, "geo_enabled": false, "verified": false, "statuses_count": 14055, "lang": null, "contributors_enabled": false, "is_translator": false, "is_translation_enabled": false, "profile_background_color": "642D8B", "profile_background_image_url": "http://abs.twimg.com/images/themes/theme10/bg.gif", "profile_background_image_url_https": "https://abs.twimg.com/images/themes/theme10/bg.gif", "profile_background_tile": true, "profile_image_url": "http://pbs.twimg.com/profile_images/793920809517678592/fOkFId8L_normal.jpg", "profile_image_url_https": "https://pbs.twimg.com/profile_images/793920809517678592/fOkFId8L_normal.jpg", "profile_banner_url": "https://pbs.twimg.com/profile_banners/1195146806/1478734017", "profile_link_color": "FF0000", "profile_sidebar_border_color": "65B0DA", "profile_sidebar_fill_color": "7AC3EE", "profile_text_color": "3D1957", "profile_use_background_image": true, "has_extended_profile": false, "default_profile": false, "default_profile_image": false, "following": false, "follow_request_sent": false, "notifications": false, "translator_type": "none"}, "geo": null, "coordinates": null, "place": null, "contributors": null, "is_quote_status": false, "retweet_count": 0, "favorite_count": 0, "favorited": false, "retweeted": false, "lang": "in", "reply_count": 0}