{"created_at": "Tue Sep 25 16:48:24 +0000 2018", "id": 1044629706337914881, "id_str": "1044629706337914881", "full_text": "#PubertyChallenge https://t.co/AWLuucdj62 https://t.co/1VQuC2x4AC", "truncated": false, "display_text_range": [0, 41], "entities": {"hashtags": [{"text": "PubertyChallenge", "indices": [0, 17]}], "symbols": [], "user_mentions": [], "urls": [{"url": "https://t.co/AWLuucdj62", "expanded_url": "https://ift.tt/2zsaLUE", "display_url": "ift.tt/2zsaLUE", "indices": [18, 41]}], "media": [{"id": 1044629704861503488, "id_str": "1044629704861503488", "indices": [42, 65], "media_url": "http://pbs.twimg.com/media/Dn9FLpAXUAAt6vj.jpg", "media_url_https": "https://pbs.twimg.com/media/Dn9FLpAXUAAt6vj.jpg", "url": "https://t.co/1VQuC2x4AC", "display_url": "pic.twitter.com/1VQuC2x4AC", "expanded_url": "https://twitter.com/JesseJackmanXXX/status/1044629706337914881/photo/1", "type": "photo", "sizes": {"thumb": {"w": 150, "h": 150, "resize": "crop"}, "large": {"w": 720, "h": 420, "resize": "fit"}, "medium": {"w": 720, "h": 420, "resize": "fit"}, "small": {"w": 680, "h": 397, "resize": "fit"}}}]}, "extended_entities": {"media": [{"id": 1044629704861503488, "id_str": "1044629704861503488", "indices": [42, 65], "media_url": "http://pbs.twimg.com/media/Dn9FLpAXUAAt6vj.jpg", "media_url_https": "https://pbs.twimg.com/media/Dn9FLpAXUAAt6vj.jpg", "url": "https://t.co/1VQuC2x4AC", "display_url": "pic.twitter.com/1VQuC2x4AC", "expanded_url": "https://twitter.com/JesseJackmanXXX/status/1044629706337914881/photo/1", "type": "photo", "sizes": {"thumb": {"w": 150, "h": 150, "resize": "crop"}, "large": {"w": 720, "h": 420, "resize": "fit"}, "medium": {"w": 720, "h": 420, "resize": "fit"}, "small": {"w": 680, "h": 397, "resize": "fit"}}}]}, "source": "<a href=\"https://ifttt.com\" rel=\"nofollow\">IFTTT</a>", "in_reply_to_status_id": null, "in_reply_to_status_id_str": null, "in_reply_to_user_id": null, "in_reply_to_user_id_str": null, "in_reply_to_screen_name": null, "user": {"id": 352529559, "id_str": "352529559", "name": "Jesse Jackman", "screen_name": "JesseJackmanXXX", "location": "Boston, MA", "description": "HuffPost contributor & part-time porn star. Come for the covfefe, stay for the hamberders! Also at https://t.co/EYtmGFa4LC & https://t.co/8f3GzqAZmU.", "url": "https://t.co/1COr2g2oKD", "entities": {"url": {"urls": [{"url": "https://t.co/1COr2g2oKD", "expanded_url": "https://www.huffingtonpost.com/author/jesse-263", "display_url": "huffingtonpost.com/author/jesse-2\u2026", "indices": [0, 23]}]}, "description": {"urls": [{"url": "https://t.co/EYtmGFa4LC", "expanded_url": "http://jessejackman.xxx", "display_url": "jessejackman.xxx", "indices": [99, 122]}, {"url": "https://t.co/8f3GzqAZmU", "expanded_url": "http://instagram.com/jesse_jackman", "display_url": "instagram.com/jesse_jackman", "indices": [125, 148]}]}}, "protected": false, "followers_count": 212770, "friends_count": 646, "listed_count": 266, "created_at": "Wed Aug 10 19:07:30 +0000 2011", "favourites_count": 2209, "utc_offset": null, "time_zone": null, "geo_enabled": true, "verified": true, "statuses_count": 11152, "lang": null, "contributors_enabled": false, "is_translator": false, "is_translation_enabled": false, "profile_background_color": "131516", "profile_background_image_url": "http://abs.twimg.com/images/themes/theme14/bg.gif", "profile_background_image_url_https": "https://abs.twimg.com/images/themes/theme14/bg.gif", "profile_background_tile": false, "profile_image_url": "http://pbs.twimg.com/profile_images/978662211257282560/NQnPf-u3_normal.jpg", "profile_image_url_https": "https://pbs.twimg.com/profile_images/978662211257282560/NQnPf-u3_normal.jpg", "profile_banner_url": "https://pbs.twimg.com/profile_banners/352529559/1586199668", "profile_link_color": "4395CF", "profile_sidebar_border_color": "EEEEEE", "profile_sidebar_fill_color": "EFEFEF", "profile_text_color": "333333", "profile_use_background_image": true, "has_extended_profile": true, "default_profile": false, "default_profile_image": false, "following": false, "follow_request_sent": false, "notifications": false, "translator_type": "none"}, "geo": null, "coordinates": null, "place": null, "contributors": null, "is_quote_status": false, "retweet_count": 9, "favorite_count": 56, "favorited": false, "retweeted": false, "possibly_sensitive": false, "possibly_sensitive_appealable": false, "lang": "und"}