{"created_at": "Sat May 30 17:17:46 +0000 2020", "id": 1266780857974603778, "id_str": "1266780857974603778", "full_text": "@Q8Sobieski @foxwoundband NAGR is a better organization.", "truncated": false, "display_text_range": [26, 56], "entities": {"hashtags": [], "symbols": [], "user_mentions": [{"screen_name": "Q8Sobieski", "name": "Q8 Sobieski", "id": 1257931054104498178, "id_str": "1257931054104498178", "indices": [0, 11]}, {"screen_name": "foxwoundband", "name": "Fox Wound", "id": 3253132793, "id_str": "3253132793", "indices": [12, 25]}], "urls": []}, "source": "<a href=\"http://twitter.com/download/android\" rel=\"nofollow\">Twitter for Android</a>", "in_reply_to_status_id": 1266743761515606016, "in_reply_to_status_id_str": "1266743761515606016", "in_reply_to_user_id": 1257931054104498178, "in_reply_to_user_id_str": "1257931054104498178", "in_reply_to_screen_name": "Q8Sobieski", "user": {"id": 1660223030, "id_str": "1660223030", "name": "PopcornSutton", "screen_name": "eericturbeville", "location": "Ocala, FL", "description": "conservative, family loving. KAGA2020!, WWG1WGA", "url": null, "entities": {"description": {"urls": []}}, "protected": false, "followers_count": 595, "friends_count": 664, "listed_count": 0, "created_at": "Sat Aug 10 14:14:59 +0000 2013", "favourites_count": 1354, "utc_offset": null, "time_zone": null, "geo_enabled": false, "verified": false, "statuses_count": 1977, "lang": null, "contributors_enabled": false, "is_translator": false, "is_translation_enabled": false, "profile_background_color": "C0DEED", "profile_background_image_url": "http://abs.twimg.com/images/themes/theme1/bg.png", "profile_background_image_url_https": "https://abs.twimg.com/images/themes/theme1/bg.png", "profile_background_tile": false, "profile_image_url": "http://pbs.twimg.com/profile_images/1243367568158662657/ijM4sbC9_normal.jpg", "profile_image_url_https": "https://pbs.twimg.com/profile_images/1243367568158662657/ijM4sbC9_normal.jpg", "profile_link_color": "1DA1F2", "profile_sidebar_border_color": "C0DEED", "profile_sidebar_fill_color": "DDEEF6", "profile_text_color": "333333", "profile_use_background_image": true, "has_extended_profile": false, "default_profile": true, "default_profile_image": false, "following": false, "follow_request_sent": false, "notifications": false, "translator_type": "none"}, "geo": null, "coordinates": null, "place": null, "contributors": null, "is_quote_status": false, "retweet_count": 0, "favorite_count": 1, "favorited": false, "retweeted": false, "lang": "en", "reply_count": 1}