{"created_at": "Sat May 30 22:18:56 +0000 2020", "id": 1266856646753517568, "id_str": "1266856646753517568", "full_text": "@authorisebeaver @ryanisnotflyin @foxwoundband What game is this ? \ud83d\ude02\ud83d\ude2d", "truncated": false, "display_text_range": [47, 69], "entities": {"hashtags": [], "symbols": [], "user_mentions": [{"screen_name": "authorisebeaver", "name": "rhi\u2601\ufe0f//backup", "id": 1248421549981523968, "id_str": "1248421549981523968", "indices": [0, 16]}, {"screen_name": "ryanisnotflyin", "name": "Ryan", "id": 1254255948756967425, "id_str": "1254255948756967425", "indices": [17, 32]}, {"screen_name": "foxwoundband", "name": "Fox Wound", "id": 3253132793, "id_str": "3253132793", "indices": [33, 46]}], "urls": []}, "source": "<a href=\"http://twitter.com/download/iphone\" rel=\"nofollow\">Twitter for iPhone</a>", "in_reply_to_status_id": 1266615838829883394, "in_reply_to_status_id_str": "1266615838829883394", "in_reply_to_user_id": 1248421549981523968, "in_reply_to_user_id_str": "1248421549981523968", "in_reply_to_screen_name": "authorisebeaver", "user": {"id": 736363942595940352, "id_str": "736363942595940352", "name": "ShaddyUchiha", "screen_name": "rashadp_11", "location": "St Petersburg, FL", "description": "", "url": "https://t.co/cgtCtH7yc1", "entities": {"url": {"urls": [{"url": "https://t.co/cgtCtH7yc1", "expanded_url": "https://www.instagram.com/shaddyuchiha/", "display_url": "instagram.com/shaddyuchiha/", "indices": [0, 23]}]}, "description": {"urls": []}}, "protected": false, "followers_count": 285, "friends_count": 498, "listed_count": 2, "created_at": "Sat May 28 01:10:19 +0000 2016", "favourites_count": 7289, "utc_offset": null, "time_zone": null, "geo_enabled": true, "verified": false, "statuses_count": 9295, "lang": null, "contributors_enabled": false, "is_translator": false, "is_translation_enabled": false, "profile_background_color": "F5F8FA", "profile_background_image_url": null, "profile_background_image_url_https": null, "profile_background_tile": false, "profile_image_url": "http://pbs.twimg.com/profile_images/1266157225397096449/qCPMG5aO_normal.jpg", "profile_image_url_https": "https://pbs.twimg.com/profile_images/1266157225397096449/qCPMG5aO_normal.jpg", "profile_banner_url": "https://pbs.twimg.com/profile_banners/736363942595940352/1588359994", "profile_link_color": "1DA1F2", "profile_sidebar_border_color": "C0DEED", "profile_sidebar_fill_color": "DDEEF6", "profile_text_color": "333333", "profile_use_background_image": true, "has_extended_profile": true, "default_profile": true, "default_profile_image": false, "following": false, "follow_request_sent": false, "notifications": false, "translator_type": "none"}, "geo": null, "coordinates": null, "place": null, "contributors": null, "is_quote_status": false, "retweet_count": 0, "favorite_count": 0, "favorited": false, "retweeted": false, "lang": "en", "reply_count": 2}