{"created_at": "Sat May 30 21:49:54 +0000 2020", "id": 1266849340812783621, "id_str": "1266849340812783621", "full_text": "@KevinNotACook @alexbahr @foxwoundband @chick_in_kiev Yes, I do", "truncated": false, "display_text_range": [54, 63], "entities": {"hashtags": [], "symbols": [], "user_mentions": [{"screen_name": "KevinNotACook", "name": "pinche gringo", "id": 168334190, "id_str": "168334190", "indices": [0, 14]}, {"screen_name": "alexbahr", "name": "Alexander Sullivan Bahr", "id": 15755189, "id_str": "15755189", "indices": [15, 24]}, {"screen_name": "foxwoundband", "name": "Fox Wound", "id": 3253132793, "id_str": "3253132793", "indices": [25, 38]}, {"screen_name": "chick_in_kiev", "name": "Talia Lavin", "id": 595245502, "id_str": "595245502", "indices": [39, 53]}], "urls": []}, "source": "<a href=\"http://twitter.com/download/iphone\" rel=\"nofollow\">Twitter for iPhone</a>", "in_reply_to_status_id": 1266620143649595392, "in_reply_to_status_id_str": "1266620143649595392", "in_reply_to_user_id": 168334190, "in_reply_to_user_id_str": "168334190", "in_reply_to_screen_name": "KevinNotACook", "user": {"id": 1225902552493023232, "id_str": "1225902552493023232", "name": "animal champion 100", "screen_name": "champion_animal", "location": "", "description": "Critter lover", "url": null, "entities": {"description": {"urls": []}}, "protected": false, "followers_count": 165, "friends_count": 708, "listed_count": 0, "created_at": "Fri Feb 07 22:02:50 +0000 2020", "favourites_count": 18923, "utc_offset": null, "time_zone": null, "geo_enabled": false, "verified": false, "statuses_count": 6966, "lang": null, "contributors_enabled": false, "is_translator": false, "is_translation_enabled": false, "profile_background_color": "F5F8FA", "profile_background_image_url": null, "profile_background_image_url_https": null, "profile_background_tile": false, "profile_image_url": "http://pbs.twimg.com/profile_images/1225902942429073409/99gOu3aJ_normal.jpg", "profile_image_url_https": "https://pbs.twimg.com/profile_images/1225902942429073409/99gOu3aJ_normal.jpg", "profile_banner_url": "https://pbs.twimg.com/profile_banners/1225902552493023232/1590891330", "profile_link_color": "1DA1F2", "profile_sidebar_border_color": "C0DEED", "profile_sidebar_fill_color": "DDEEF6", "profile_text_color": "333333", "profile_use_background_image": true, "has_extended_profile": true, "default_profile": true, "default_profile_image": false, "following": false, "follow_request_sent": false, "notifications": false, "translator_type": "none"}, "geo": null, "coordinates": null, "place": null, "contributors": null, "is_quote_status": false, "retweet_count": 0, "favorite_count": 0, "favorited": false, "retweeted": false, "lang": "en", "reply_count": 1}