{"created_at": "Sat May 30 07:57:24 +0000 2020", "id": 1266639836900974597, "id_str": "1266639836900974597", "full_text": "@depressedJagfan @beanie_tv @foxwoundband The slander \ud83d\ude24", "truncated": false, "display_text_range": [42, 55], "entities": {"hashtags": [], "symbols": [], "user_mentions": [{"screen_name": "depressedJagfan", "name": "JW", "id": 1239621791619792896, "id_str": "1239621791619792896", "indices": [0, 16]}, {"screen_name": "beanie_tv", "name": "BeanieTv", "id": 1209597165716131840, "id_str": "1209597165716131840", "indices": [17, 27]}, {"screen_name": "foxwoundband", "name": "Fox Wound", "id": 3253132793, "id_str": "3253132793", "indices": [28, 41]}], "urls": []}, "source": "<a href=\"http://twitter.com/download/android\" rel=\"nofollow\">Twitter for Android</a>", "in_reply_to_status_id": 1266622084748320768, "in_reply_to_status_id_str": "1266622084748320768", "in_reply_to_user_id": 1239621791619792896, "in_reply_to_user_id_str": "1239621791619792896", "in_reply_to_screen_name": "depressedJagfan", "user": {"id": 1216184700034830339, "id_str": "1216184700034830339", "name": "Shingeki no Beyonc\u00e9", "screen_name": "byefeliciachan", "location": "#BLM / kjh\u2764", "description": "I stan a lotta shit, okay", "url": null, "entities": {"description": {"urls": []}}, "protected": false, "followers_count": 28, "friends_count": 105, "listed_count": 0, "created_at": "Sun Jan 12 02:26:51 +0000 2020", "favourites_count": 5789, "utc_offset": null, "time_zone": null, "geo_enabled": false, "verified": false, "statuses_count": 2414, "lang": null, "contributors_enabled": false, "is_translator": false, "is_translation_enabled": false, "profile_background_color": "F5F8FA", "profile_background_image_url": null, "profile_background_image_url_https": null, "profile_background_tile": false, "profile_image_url": "http://pbs.twimg.com/profile_images/1274762906526199809/lyd0sDrN_normal.jpg", "profile_image_url_https": "https://pbs.twimg.com/profile_images/1274762906526199809/lyd0sDrN_normal.jpg", "profile_banner_url": "https://pbs.twimg.com/profile_banners/1216184700034830339/1591138948", "profile_link_color": "1DA1F2", "profile_sidebar_border_color": "C0DEED", "profile_sidebar_fill_color": "DDEEF6", "profile_text_color": "333333", "profile_use_background_image": true, "has_extended_profile": true, "default_profile": true, "default_profile_image": false, "following": false, "follow_request_sent": false, "notifications": false, "translator_type": "none"}, "geo": null, "coordinates": null, "place": null, "contributors": null, "is_quote_status": false, "retweet_count": 2, "favorite_count": 80, "favorited": false, "retweeted": false, "lang": "en", "reply_count": 1}