{"created_at": "Sat May 30 22:50:12 +0000 2020", "id": 1266864516010311683, "id_str": "1266864516010311683", "full_text": "@foxwoundband I think I'd rather donate to the people whose businesses and property have been lost or damaged, honestly.", "truncated": false, "display_text_range": [14, 120], "entities": {"hashtags": [], "symbols": [], "user_mentions": [{"screen_name": "foxwoundband", "name": "Fox Wound", "id": 3253132793, "id_str": "3253132793", "indices": [0, 13]}], "urls": []}, "source": "<a href=\"https://mobile.twitter.com\" rel=\"nofollow\">Twitter Web App</a>", "in_reply_to_status_id": 1266626646280413185, "in_reply_to_status_id_str": "1266626646280413185", "in_reply_to_user_id": 3253132793, "in_reply_to_user_id_str": "3253132793", "in_reply_to_screen_name": "foxwoundband", "user": {"id": 724266356150046720, "id_str": "724266356150046720", "name": "CaoCao", "screen_name": "HildegainCaoCao", "location": "", "description": "", "url": null, "entities": {"description": {"urls": []}}, "protected": false, "followers_count": 37, "friends_count": 108, "listed_count": 0, "created_at": "Sun Apr 24 15:58:50 +0000 2016", "favourites_count": 11302, "utc_offset": null, "time_zone": null, "geo_enabled": false, "verified": false, "statuses_count": 8827, "lang": null, "contributors_enabled": false, "is_translator": false, "is_translation_enabled": false, "profile_background_color": "F5F8FA", "profile_background_image_url": null, "profile_background_image_url_https": null, "profile_background_tile": false, "profile_image_url": "http://pbs.twimg.com/profile_images/1072213302548287490/ZluqbT0j_normal.jpg", "profile_image_url_https": "https://pbs.twimg.com/profile_images/1072213302548287490/ZluqbT0j_normal.jpg", "profile_link_color": "1DA1F2", "profile_sidebar_border_color": "C0DEED", "profile_sidebar_fill_color": "DDEEF6", "profile_text_color": "333333", "profile_use_background_image": true, "has_extended_profile": false, "default_profile": true, "default_profile_image": false, "following": false, "follow_request_sent": false, "notifications": false, "translator_type": "none"}, "geo": null, "coordinates": null, "place": null, "contributors": null, "is_quote_status": false, "retweet_count": 2, "favorite_count": 11, "favorited": false, "retweeted": false, "lang": "en", "reply_count": 1}