{"created_at": "Sat May 30 06:57:57 +0000 2020", "id": 1266624874564337664, "id_str": "1266624874564337664", "full_text": "@foxwoundband @celestiiaall https://t.co/NOyTSeuJic", "truncated": false, "display_text_range": [27, 27], "entities": {"hashtags": [], "symbols": [], "user_mentions": [{"screen_name": "foxwoundband", "name": "Fox Wound", "id": 3253132793, "id_str": "3253132793", "indices": [0, 13]}, {"screen_name": "celestiiaall", "name": "celery", "id": 350191422, "id_str": "350191422", "indices": [14, 27]}], "urls": [], "media": [{"id": 1266624870734901248, "id_str": "1266624870734901248", "indices": [28, 51], "media_url": "http://pbs.twimg.com/media/EZP0m-vUMAAcGt0.jpg", "media_url_https": "https://pbs.twimg.com/media/EZP0m-vUMAAcGt0.jpg", "url": "https://t.co/NOyTSeuJic", "display_url": "pic.twitter.com/NOyTSeuJic", "expanded_url": "https://twitter.com/basedjehova/status/1266624874564337664/photo/1", "type": "photo", "sizes": {"thumb": {"w": 150, "h": 150, "resize": "crop"}, "small": {"w": 680, "h": 673, "resize": "fit"}, "large": {"w": 1000, "h": 989, "resize": "fit"}, "medium": {"w": 1000, "h": 989, "resize": "fit"}}}]}, "extended_entities": {"media": [{"id": 1266624870734901248, "id_str": "1266624870734901248", "indices": [28, 51], "media_url": "http://pbs.twimg.com/media/EZP0m-vUMAAcGt0.jpg", "media_url_https": "https://pbs.twimg.com/media/EZP0m-vUMAAcGt0.jpg", "url": "https://t.co/NOyTSeuJic", "display_url": "pic.twitter.com/NOyTSeuJic", "expanded_url": "https://twitter.com/basedjehova/status/1266624874564337664/photo/1", "type": "photo", "sizes": {"thumb": {"w": 150, "h": 150, "resize": "crop"}, "small": {"w": 680, "h": 673, "resize": "fit"}, "large": {"w": 1000, "h": 989, "resize": "fit"}, "medium": {"w": 1000, "h": 989, "resize": "fit"}}}]}, "source": "<a href=\"http://twitter.com/download/iphone\" rel=\"nofollow\">Twitter for iPhone</a>", "in_reply_to_status_id": 1266613385862447104, "in_reply_to_status_id_str": "1266613385862447104", "in_reply_to_user_id": 3253132793, "in_reply_to_user_id_str": "3253132793", "in_reply_to_screen_name": "foxwoundband", "user": {"id": 586979561, "id_str": "586979561", "name": "Matapacos", "screen_name": "basedjehova", "location": "", "description": "i hate it here", "url": null, "entities": {"description": {"urls": []}}, "protected": false, "followers_count": 331, "friends_count": 373, "listed_count": 2, "created_at": "Mon May 21 23:49:28 +0000 2012", "favourites_count": 15907, "utc_offset": null, "time_zone": null, "geo_enabled": true, "verified": false, "statuses_count": 8915, "lang": null, "contributors_enabled": false, "is_translator": false, "is_translation_enabled": false, "profile_background_color": "C0DEED", "profile_background_image_url": "http://abs.twimg.com/images/themes/theme1/bg.png", "profile_background_image_url_https": "https://abs.twimg.com/images/themes/theme1/bg.png", "profile_background_tile": true, "profile_image_url": "http://pbs.twimg.com/profile_images/1267263260249616385/cP7HpCos_normal.jpg", "profile_image_url_https": "https://pbs.twimg.com/profile_images/1267263260249616385/cP7HpCos_normal.jpg", "profile_banner_url": "https://pbs.twimg.com/profile_banners/586979561/1587148884", "profile_link_color": "0084B4", "profile_sidebar_border_color": "C0DEED", "profile_sidebar_fill_color": "DDEEF6", "profile_text_color": "333333", "profile_use_background_image": true, "has_extended_profile": false, "default_profile": false, "default_profile_image": false, "following": false, "follow_request_sent": false, "notifications": false, "translator_type": "none"}, "geo": null, "coordinates": null, "place": null, "contributors": null, "is_quote_status": false, "retweet_count": 1, "favorite_count": 15, "favorited": false, "retweeted": false, "possibly_sensitive": false, "possibly_sensitive_appealable": false, "lang": "und", "reply_count": 1}