{"created_at": "Sat May 30 19:59:26 +0000 2020", "id": 1266821539376357379, "id_str": "1266821539376357379", "full_text": "@foxwoundband @HappyMrsTaylor what the actual?!! \ud83d\ude02\ud83d\ude02\ud83d\ude02", "truncated": false, "display_text_range": [14, 52], "entities": {"hashtags": [], "symbols": [], "user_mentions": [{"screen_name": "foxwoundband", "name": "Fox Wound", "id": 3253132793, "id_str": "3253132793", "indices": [0, 13]}, {"screen_name": "HappyMrsTaylor", "name": "Kathryn Taylor", "id": 835893623107567616, "id_str": "835893623107567616", "indices": [14, 29]}], "urls": []}, "source": "<a href=\"http://twitter.com/download/android\" rel=\"nofollow\">Twitter for Android</a>", "in_reply_to_status_id": 1266613385862447104, "in_reply_to_status_id_str": "1266613385862447104", "in_reply_to_user_id": 3253132793, "in_reply_to_user_id_str": "3253132793", "in_reply_to_screen_name": "foxwoundband", "user": {"id": 1584014646, "id_str": "1584014646", "name": "Anthony quinn", "screen_name": "Quinnster82", "location": "", "description": "mufc, gaming, movies, pretty much anything\nliving month to month, totally surving and the father to the best little girl!! \ud83d\ude01", "url": null, "entities": {"description": {"urls": []}}, "protected": false, "followers_count": 344, "friends_count": 1111, "listed_count": 2, "created_at": "Wed Jul 10 21:12:27 +0000 2013", "favourites_count": 67002, "utc_offset": null, "time_zone": null, "geo_enabled": false, "verified": false, "statuses_count": 8873, "lang": null, "contributors_enabled": false, "is_translator": false, "is_translation_enabled": false, "profile_background_color": "C0DEED", "profile_background_image_url": "http://abs.twimg.com/images/themes/theme1/bg.png", "profile_background_image_url_https": "https://abs.twimg.com/images/themes/theme1/bg.png", "profile_background_tile": false, "profile_image_url": "http://pbs.twimg.com/profile_images/1231430394685349897/-uXrDiL9_normal.jpg", "profile_image_url_https": "https://pbs.twimg.com/profile_images/1231430394685349897/-uXrDiL9_normal.jpg", "profile_banner_url": "https://pbs.twimg.com/profile_banners/1584014646/1559858403", "profile_link_color": "1DA1F2", "profile_sidebar_border_color": "C0DEED", "profile_sidebar_fill_color": "DDEEF6", "profile_text_color": "333333", "profile_use_background_image": true, "has_extended_profile": true, "default_profile": true, "default_profile_image": false, "following": false, "follow_request_sent": false, "notifications": false, "translator_type": "none"}, "geo": null, "coordinates": null, "place": null, "contributors": null, "is_quote_status": false, "retweet_count": 0, "favorite_count": 0, "favorited": false, "retweeted": false, "lang": "en", "reply_count": 1}