{"created_at": "Sat May 30 13:01:03 +0000 2020", "id": 1266716251482710016, "id_str": "1266716251482710016", "full_text": "@MJacksonFae @tynate1 @foxwoundband @killmeslime You can't say I never defend the good people just because I'm a white person \ud83d\ude02", "truncated": false, "display_text_range": [49, 127], "entities": {"hashtags": [], "symbols": [], "user_mentions": [{"screen_name": "MJacksonFae", "name": "\u264b\ud83e\udd8aFae\ud83e\udd8a\u264b", "id": 904116768481976327, "id_str": "904116768481976327", "indices": [0, 12]}, {"screen_name": "tynate1", "name": "Flphonton 1", "id": 2583344674, "id_str": "2583344674", "indices": [13, 21]}, {"screen_name": "foxwoundband", "name": "Fox Wound", "id": 3253132793, "id_str": "3253132793", "indices": [22, 35]}, {"screen_name": "killmeslime", "name": "slime", "id": 4836335414, "id_str": "4836335414", "indices": [36, 48]}], "urls": []}, "source": "<a href=\"http://twitter.com/download/android\" rel=\"nofollow\">Twitter for Android</a>", "in_reply_to_status_id": 1266711044694687744, "in_reply_to_status_id_str": "1266711044694687744", "in_reply_to_user_id": 904116768481976327, "in_reply_to_user_id_str": "904116768481976327", "in_reply_to_screen_name": "MJacksonFae", "user": {"id": 1264449874029879296, "id_str": "1264449874029879296", "name": "Unconventional Leprechaun", "screen_name": "UnconLeprec", "location": "", "description": "Top of the mornin' to ya bitches \ud83c\udf08\ud83c\udf40      \n\n             I'm not a Republican and I'm not a Democrat. Both wings are on the same bird. I'm politically homeless", "url": null, "entities": {"description": {"urls": []}}, "protected": false, "followers_count": 31, "friends_count": 529, "listed_count": 0, "created_at": "Sun May 24 06:55:24 +0000 2020", "favourites_count": 2007, "utc_offset": null, "time_zone": null, "geo_enabled": false, "verified": false, "statuses_count": 1334, "lang": null, "contributors_enabled": false, "is_translator": false, "is_translation_enabled": false, "profile_background_color": "F5F8FA", "profile_background_image_url": null, "profile_background_image_url_https": null, "profile_background_tile": false, "profile_image_url": "http://pbs.twimg.com/profile_images/1264450157237743616/c5aaQfSU_normal.jpg", "profile_image_url_https": "https://pbs.twimg.com/profile_images/1264450157237743616/c5aaQfSU_normal.jpg", "profile_banner_url": "https://pbs.twimg.com/profile_banners/1264449874029879296/1590303518", "profile_link_color": "1DA1F2", "profile_sidebar_border_color": "C0DEED", "profile_sidebar_fill_color": "DDEEF6", "profile_text_color": "333333", "profile_use_background_image": true, "has_extended_profile": true, "default_profile": true, "default_profile_image": false, "following": false, "follow_request_sent": false, "notifications": false, "translator_type": "none"}, "geo": null, "coordinates": null, "place": null, "contributors": null, "is_quote_status": false, "retweet_count": 0, "favorite_count": 7, "favorited": false, "retweeted": false, "lang": "en", "reply_count": 1}