{"created_at": "Sat May 30 19:29:57 +0000 2020", "id": 1266814123540545536, "id_str": "1266814123540545536", "full_text": "@foxwoundband @ShoeFly18 what the heck", "truncated": false, "display_text_range": [14, 38], "entities": {"hashtags": [], "symbols": [], "user_mentions": [{"screen_name": "foxwoundband", "name": "Fox Wound", "id": 3253132793, "id_str": "3253132793", "indices": [0, 13]}, {"screen_name": "ShoeFly18", "name": "Shoe Fly \ud83d\udc38", "id": 970758618894094337, "id_str": "970758618894094337", "indices": [14, 24]}], "urls": []}, "source": "<a href=\"http://twitter.com/download/iphone\" rel=\"nofollow\">Twitter for iPhone</a>", "in_reply_to_status_id": 1266613385862447104, "in_reply_to_status_id_str": "1266613385862447104", "in_reply_to_user_id": 3253132793, "in_reply_to_user_id_str": "3253132793", "in_reply_to_screen_name": "foxwoundband", "user": {"id": 1636580616, "id_str": "1636580616", "name": "Tired of Shutdowns", "screen_name": "tired_fighting", "location": "", "description": "#LiveAndLetLive Advocate of personal responsibility and the power of the individual. Government is not the answer. INTJ", "url": null, "entities": {"description": {"urls": []}}, "protected": false, "followers_count": 970, "friends_count": 2348, "listed_count": 0, "created_at": "Wed Jul 31 23:10:22 +0000 2013", "favourites_count": 41025, "utc_offset": null, "time_zone": null, "geo_enabled": false, "verified": false, "statuses_count": 14392, "lang": null, "contributors_enabled": false, "is_translator": false, "is_translation_enabled": false, "profile_background_color": "C0DEED", "profile_background_image_url": "http://abs.twimg.com/images/themes/theme1/bg.png", "profile_background_image_url_https": "https://abs.twimg.com/images/themes/theme1/bg.png", "profile_background_tile": false, "profile_image_url": "http://pbs.twimg.com/profile_images/1145863294491586560/wzkqHV7S_normal.jpg", "profile_image_url_https": "https://pbs.twimg.com/profile_images/1145863294491586560/wzkqHV7S_normal.jpg", "profile_banner_url": "https://pbs.twimg.com/profile_banners/1636580616/1591759711", "profile_link_color": "1DA1F2", "profile_sidebar_border_color": "C0DEED", "profile_sidebar_fill_color": "DDEEF6", "profile_text_color": "333333", "profile_use_background_image": true, "has_extended_profile": false, "default_profile": true, "default_profile_image": false, "following": false, "follow_request_sent": false, "notifications": false, "translator_type": "none"}, "geo": null, "coordinates": null, "place": null, "contributors": null, "is_quote_status": false, "retweet_count": 1, "favorite_count": 1, "favorited": false, "retweeted": false, "lang": "en", "reply_count": 1}