{"created_at": "Sat May 30 07:58:41 +0000 2020", "id": 1266640158201274370, "id_str": "1266640158201274370", "full_text": "@leiakanani @foxwoundband I hope those parents are slapped with some disciplinary action, what a bunch of cowards. I bet those kids have no clue how much danger they\u2019re even in.", "truncated": false, "display_text_range": [26, 177], "entities": {"hashtags": [], "symbols": [], "user_mentions": [{"screen_name": "leiakanani", "name": "\u064b", "id": 412820768, "id_str": "412820768", "indices": [0, 11]}, {"screen_name": "foxwoundband", "name": "Fox Wound", "id": 3253132793, "id_str": "3253132793", "indices": [12, 25]}], "urls": []}, "source": "<a href=\"http://twitter.com/download/iphone\" rel=\"nofollow\">Twitter for iPhone</a>", "in_reply_to_status_id": 1266637932527484930, "in_reply_to_status_id_str": "1266637932527484930", "in_reply_to_user_id": 412820768, "in_reply_to_user_id_str": "412820768", "in_reply_to_screen_name": "leiakanani", "user": {"id": 2922351, "id_str": "2922351", "name": "Amanda Flagg \ud83e\udd88", "screen_name": "AmandaFlagg", "location": "California, USA", "description": "she/her | IGN | BlackLivesMatter", "url": "https://t.co/2N53CGqL3r", "entities": {"url": {"urls": [{"url": "https://t.co/2N53CGqL3r", "expanded_url": "http://AmandaFlagg.com", "display_url": "AmandaFlagg.com", "indices": [0, 23]}]}, "description": {"urls": []}}, "protected": false, "followers_count": 10845, "friends_count": 703, "listed_count": 56, "created_at": "Fri Mar 30 01:45:56 +0000 2007", "favourites_count": 51913, "utc_offset": null, "time_zone": null, "geo_enabled": false, "verified": true, "statuses_count": 31017, "lang": null, "contributors_enabled": false, "is_translator": false, "is_translation_enabled": false, "profile_background_color": "000000", "profile_background_image_url": "http://abs.twimg.com/images/themes/theme12/bg.gif", "profile_background_image_url_https": "https://abs.twimg.com/images/themes/theme12/bg.gif", "profile_background_tile": true, "profile_image_url": "http://pbs.twimg.com/profile_images/1230226941342433280/NCVWfaTx_normal.jpg", "profile_image_url_https": "https://pbs.twimg.com/profile_images/1230226941342433280/NCVWfaTx_normal.jpg", "profile_banner_url": "https://pbs.twimg.com/profile_banners/2922351/1582143934", "profile_link_color": "7FDBB6", "profile_sidebar_border_color": "FFFFFF", "profile_sidebar_fill_color": "FFFFFF", "profile_text_color": "4D4D4D", "profile_use_background_image": true, "has_extended_profile": false, "default_profile": false, "default_profile_image": false, "following": false, "follow_request_sent": false, "notifications": false, "translator_type": "none"}, "geo": null, "coordinates": null, "place": null, "contributors": null, "is_quote_status": false, "retweet_count": 2, "favorite_count": 68, "favorited": false, "retweeted": false, "lang": "en", "reply_count": 2}