{"created_at": "Sat May 30 22:00:40 +0000 2020", "id": 1266852051482361857, "id_str": "1266852051482361857", "full_text": "@POCrights @foxwoundband I mean, you have to be at least 4'8 to enlist and she is in the middle of a bunch of tall dudes.  I'm very much in favor of the protests and getting change, but claiming we use \"child soldiers\" because you saw a short servicewoman ain't it.", "truncated": false, "display_text_range": [25, 265], "entities": {"hashtags": [], "symbols": [], "user_mentions": [{"screen_name": "foxwoundband", "name": "Fox Wound", "id": 3253132793, "id_str": "3253132793", "indices": [11, 24]}], "urls": []}, "source": "<a href=\"http://twitter.com/download/android\" rel=\"nofollow\">Twitter for Android</a>", "in_reply_to_status_id": 1266851351771766784, "in_reply_to_status_id_str": "1266851351771766784", "in_reply_to_user_id": 2583109531, "in_reply_to_user_id_str": "2583109531", "in_reply_to_screen_name": "exposearacisst", "user": {"id": 216177450, "id_str": "216177450", "name": "Jake Marx", "screen_name": "lostmidwestern", "location": "DKB-C66-DCA-SPI-ADQ", "description": "Politics+NatSec\nSilver Bar in the oldest sea service sharing my junior officer shenanigans. From ILL with stops in DC and AK.  Support your unions!\nHe/Him.", "url": null, "entities": {"description": {"urls": []}}, "protected": false, "followers_count": 903, "friends_count": 2126, "listed_count": 10, "created_at": "Tue Nov 16 00:00:11 +0000 2010", "favourites_count": 21723, "utc_offset": null, "time_zone": null, "geo_enabled": false, "verified": false, "statuses_count": 6604, "lang": null, "contributors_enabled": false, "is_translator": false, "is_translation_enabled": false, "profile_background_color": "C0DEED", "profile_background_image_url": "http://abs.twimg.com/images/themes/theme1/bg.png", "profile_background_image_url_https": "https://abs.twimg.com/images/themes/theme1/bg.png", "profile_background_tile": false, "profile_image_url": "http://pbs.twimg.com/profile_images/1194071576263553024/jo744wuS_normal.jpg", "profile_image_url_https": "https://pbs.twimg.com/profile_images/1194071576263553024/jo744wuS_normal.jpg", "profile_banner_url": "https://pbs.twimg.com/profile_banners/216177450/1573523824", "profile_link_color": "0084B4", "profile_sidebar_border_color": "FFFFFF", "profile_sidebar_fill_color": "DDEEF6", "profile_text_color": "333333", "profile_use_background_image": false, "has_extended_profile": true, "default_profile": false, "default_profile_image": false, "following": false, "follow_request_sent": false, "notifications": false, "translator_type": "none"}, "geo": null, "coordinates": null, "place": null, "contributors": null, "is_quote_status": false, "retweet_count": 0, "favorite_count": 14, "favorited": false, "retweeted": false, "lang": "en", "reply_count": 2}