{"created_at": "Sat May 30 06:53:16 +0000 2020", "id": 1266623694677442560, "id_str": "1266623694677442560", "full_text": "@foxwoundband We need to involve Georgia Child Protective Services (@GADFCSOPFS) if the parents put them out there, and Human Rights Watch (@hrw) if the state of Georgia put those children out there.", "truncated": false, "display_text_range": [14, 199], "entities": {"hashtags": [], "symbols": [], "user_mentions": [{"screen_name": "foxwoundband", "name": "Fox Wound", "id": 3253132793, "id_str": "3253132793", "indices": [0, 13]}, {"screen_name": "GADFCSOPFS", "name": "GA DFCS Prevention and Community Support", "id": 826530663675396097, "id_str": "826530663675396097", "indices": [68, 79]}, {"screen_name": "hrw", "name": "Human Rights Watch", "id": 14700316, "id_str": "14700316", "indices": [140, 144]}], "urls": []}, "source": "<a href=\"http://twitter.com/download/android\" rel=\"nofollow\">Twitter for Android</a>", "in_reply_to_status_id": 1266613385862447104, "in_reply_to_status_id_str": "1266613385862447104", "in_reply_to_user_id": 3253132793, "in_reply_to_user_id_str": "3253132793", "in_reply_to_screen_name": "foxwoundband", "user": {"id": 26273230, "id_str": "26273230", "name": "Ald. Carlos Ramirez-Rosa\ud83c\udff3\ufe0f\u200d\ud83c\udf08\ud83c\uddf5\ud83c\uddf7", "screen_name": "CDRosa", "location": "Chicago born & raised", "description": "Chicago's @35th_Ward Alderman. Organizing with @DemSocialists, @UWFIllinois, @Neighbors35th. While there is a lower class, I am in it.", "url": "https://t.co/b4dQepP8Ht", "entities": {"url": {"urls": [{"url": "https://t.co/b4dQepP8Ht", "expanded_url": "http://www.linktr.ee/cdrosa", "display_url": "linktr.ee/cdrosa", "indices": [0, 23]}]}, "description": {"urls": []}}, "protected": false, "followers_count": 23486, "friends_count": 1402, "listed_count": 264, "created_at": "Tue Mar 24 16:54:57 +0000 2009", "favourites_count": 23547, "utc_offset": null, "time_zone": null, "geo_enabled": true, "verified": true, "statuses_count": 17260, "lang": null, "contributors_enabled": false, "is_translator": false, "is_translation_enabled": false, "profile_background_color": "131516", "profile_background_image_url": "http://abs.twimg.com/images/themes/theme14/bg.gif", "profile_background_image_url_https": "https://abs.twimg.com/images/themes/theme14/bg.gif", "profile_background_tile": true, "profile_image_url": "http://pbs.twimg.com/profile_images/1181703704526745600/W1HxIFcQ_normal.jpg", "profile_image_url_https": "https://pbs.twimg.com/profile_images/1181703704526745600/W1HxIFcQ_normal.jpg", "profile_banner_url": "https://pbs.twimg.com/profile_banners/26273230/1585886469", "profile_link_color": "009999", "profile_sidebar_border_color": "EEEEEE", "profile_sidebar_fill_color": "EFEFEF", "profile_text_color": "333333", "profile_use_background_image": true, "has_extended_profile": true, "default_profile": false, "default_profile_image": false, "following": false, "follow_request_sent": false, "notifications": false, "translator_type": "none"}, "geo": null, "coordinates": null, "place": null, "contributors": null, "is_quote_status": false, "retweet_count": 112, "favorite_count": 881, "favorited": false, "retweeted": false, "lang": "en", "reply_count": 11}