{"created_at": "Sun May 31 05:19:42 +0000 2020", "id": 1266962537251246081, "id_str": "1266962537251246081", "full_text": "@SolFlos66 @foxwoundband you are correct!", "truncated": false, "display_text_range": [25, 41], "entities": {"hashtags": [], "symbols": [], "user_mentions": [{"screen_name": "SolFlos66", "name": "Sol Flos\ud83c\udf0a\ud83d\udc99\ud83c\udf0a", "id": 836664279763910656, "id_str": "836664279763910656", "indices": [0, 10]}, {"screen_name": "foxwoundband", "name": "Fox Wound", "id": 3253132793, "id_str": "3253132793", "indices": [11, 24]}], "urls": []}, "source": "<a href=\"https://mobile.twitter.com\" rel=\"nofollow\">Twitter Web App</a>", "in_reply_to_status_id": 1266867929238339584, "in_reply_to_status_id_str": "1266867929238339584", "in_reply_to_user_id": 836664279763910656, "in_reply_to_user_id_str": "836664279763910656", "in_reply_to_screen_name": "SolFlos66", "user": {"id": 1163157085179252737, "id_str": "1163157085179252737", "name": "Yardstick of Civilization", "screen_name": "YardstickOfCiv", "location": "It's cold here.", "description": "Just want the truth.", "url": "https://t.co/OuMlAZu8YP", "entities": {"url": {"urls": [{"url": "https://t.co/OuMlAZu8YP", "expanded_url": "http://yardstickofcivilization.com", "display_url": "yardstickofcivilization.com", "indices": [0, 23]}]}, "description": {"urls": []}}, "protected": false, "followers_count": 27, "friends_count": 189, "listed_count": 2, "created_at": "Sun Aug 18 18:34:22 +0000 2019", "favourites_count": 327, "utc_offset": null, "time_zone": null, "geo_enabled": false, "verified": false, "statuses_count": 813, "lang": null, "contributors_enabled": false, "is_translator": false, "is_translation_enabled": false, "profile_background_color": "F5F8FA", "profile_background_image_url": null, "profile_background_image_url_https": null, "profile_background_tile": false, "profile_image_url": "http://pbs.twimg.com/profile_images/1172999876172484608/wsvUZYI9_normal.jpg", "profile_image_url_https": "https://pbs.twimg.com/profile_images/1172999876172484608/wsvUZYI9_normal.jpg", "profile_banner_url": "https://pbs.twimg.com/profile_banners/1163157085179252737/1568500385", "profile_link_color": "1DA1F2", "profile_sidebar_border_color": "C0DEED", "profile_sidebar_fill_color": "DDEEF6", "profile_text_color": "333333", "profile_use_background_image": true, "has_extended_profile": true, "default_profile": true, "default_profile_image": false, "following": false, "follow_request_sent": false, "notifications": false, "translator_type": "none"}, "geo": null, "coordinates": null, "place": null, "contributors": null, "is_quote_status": false, "retweet_count": 0, "favorite_count": 0, "favorited": false, "retweeted": false, "lang": "en", "reply_count": 0}