{"created_at": "Sat May 30 06:38:34 +0000 2020", "id": 1266619996395966465, "id_str": "1266619996395966465", "full_text": "@SAMOYEDCORE @foxwoundband https://t.co/jS7IJkmPvo", "truncated": false, "display_text_range": [26, 26], "entities": {"hashtags": [], "symbols": [], "user_mentions": [{"screen_name": "SAMOYEDCORE", "name": "1312/40%", "id": 708035683, "id_str": "708035683", "indices": [0, 12]}, {"screen_name": "foxwoundband", "name": "Fox Wound", "id": 3253132793, "id_str": "3253132793", "indices": [13, 26]}], "urls": [], "media": [{"id": 1266619990201032710, "id_str": "1266619990201032710", "indices": [27, 50], "media_url": "http://pbs.twimg.com/media/EZPwK5VXYAYJ9__.jpg", "media_url_https": "https://pbs.twimg.com/media/EZPwK5VXYAYJ9__.jpg", "url": "https://t.co/jS7IJkmPvo", "display_url": "pic.twitter.com/jS7IJkmPvo", "expanded_url": "https://twitter.com/recchinball28/status/1266619996395966465/photo/1", "type": "photo", "sizes": {"thumb": {"w": 150, "h": 150, "resize": "crop"}, "medium": {"w": 1000, "h": 600, "resize": "fit"}, "small": {"w": 680, "h": 408, "resize": "fit"}, "large": {"w": 1000, "h": 600, "resize": "fit"}}}]}, "extended_entities": {"media": [{"id": 1266619990201032710, "id_str": "1266619990201032710", "indices": [27, 50], "media_url": "http://pbs.twimg.com/media/EZPwK5VXYAYJ9__.jpg", "media_url_https": "https://pbs.twimg.com/media/EZPwK5VXYAYJ9__.jpg", "url": "https://t.co/jS7IJkmPvo", "display_url": "pic.twitter.com/jS7IJkmPvo", "expanded_url": "https://twitter.com/recchinball28/status/1266619996395966465/photo/1", "type": "photo", "sizes": {"thumb": {"w": 150, "h": 150, "resize": "crop"}, "medium": {"w": 1000, "h": 600, "resize": "fit"}, "small": {"w": 680, "h": 408, "resize": "fit"}, "large": {"w": 1000, "h": 600, "resize": "fit"}}}]}, "source": "<a href=\"http://twitter.com/#!/download/ipad\" rel=\"nofollow\">Twitter for iPad</a>", "in_reply_to_status_id": 1266618460479483904, "in_reply_to_status_id_str": "1266618460479483904", "in_reply_to_user_id": 708035683, "in_reply_to_user_id_str": "708035683", "in_reply_to_screen_name": "SAMOYEDCORE", "user": {"id": 376519100, "id_str": "376519100", "name": "no snakes alive", "screen_name": "recchinball28", "location": "Revere, MA", "description": "\u201cDefund the police, stay safe, and have a nice summer\u201d- coach bread stevens", "url": null, "entities": {"description": {"urls": []}}, "protected": false, "followers_count": 260, "friends_count": 381, "listed_count": 4, "created_at": "Tue Sep 20 01:16:25 +0000 2011", "favourites_count": 37473, "utc_offset": null, "time_zone": null, "geo_enabled": false, "verified": false, "statuses_count": 21846, "lang": null, "contributors_enabled": false, "is_translator": false, "is_translation_enabled": false, "profile_background_color": "C0DEED", "profile_background_image_url": "http://abs.twimg.com/images/themes/theme1/bg.png", "profile_background_image_url_https": "https://abs.twimg.com/images/themes/theme1/bg.png", "profile_background_tile": false, "profile_image_url": "http://pbs.twimg.com/profile_images/1262011900335984641/D3zNaoWw_normal.jpg", "profile_image_url_https": "https://pbs.twimg.com/profile_images/1262011900335984641/D3zNaoWw_normal.jpg", "profile_banner_url": "https://pbs.twimg.com/profile_banners/376519100/1587581872", "profile_link_color": "0084B4", "profile_sidebar_border_color": "C0DEED", "profile_sidebar_fill_color": "DDEEF6", "profile_text_color": "333333", "profile_use_background_image": true, "has_extended_profile": true, "default_profile": false, "default_profile_image": false, "following": false, "follow_request_sent": false, "notifications": false, "translator_type": "none"}, "geo": null, "coordinates": null, "place": null, "contributors": null, "is_quote_status": false, "retweet_count": 177, "favorite_count": 5038, "favorited": false, "retweeted": false, "possibly_sensitive": false, "possibly_sensitive_appealable": false, "lang": "und", "reply_count": 9}