{"created_at": "Sun May 31 01:10:39 +0000 2020", "id": 1266899861653401602, "id_str": "1266899861653401602", "full_text": "@UnconLeprec @tynate1 @foxwoundband @killmeslime They mean (racist) white people. Use your brain", "truncated": false, "display_text_range": [49, 96], "entities": {"hashtags": [], "symbols": [], "user_mentions": [{"screen_name": "UnconLeprec", "name": "Unconventional Leprechaun", "id": 1264449874029879296, "id_str": "1264449874029879296", "indices": [0, 12]}, {"screen_name": "tynate1", "name": "Flphonton 1", "id": 2583344674, "id_str": "2583344674", "indices": [13, 21]}, {"screen_name": "foxwoundband", "name": "Fox Wound", "id": 3253132793, "id_str": "3253132793", "indices": [22, 35]}, {"screen_name": "killmeslime", "name": "slime", "id": 4836335414, "id_str": "4836335414", "indices": [36, 48]}], "urls": []}, "source": "<a href=\"http://twitter.com/download/iphone\" rel=\"nofollow\">Twitter for iPhone</a>", "in_reply_to_status_id": 1266652399608922112, "in_reply_to_status_id_str": "1266652399608922112", "in_reply_to_user_id": 1264449874029879296, "in_reply_to_user_id_str": "1264449874029879296", "in_reply_to_screen_name": "UnconLeprec", "user": {"id": 992024069284524033, "id_str": "992024069284524033", "name": "J | BLM | Bi", "screen_name": "yeaimj", "location": "He/Him", "description": "Minor | I love music and my dogs | I can play the euphonium and I\u2019m learning the piano | Proud to be a \u201ctraitor\u201d to America | ENFP-T", "url": "https://t.co/Bn4XzdXYC8", "entities": {"url": {"urls": [{"url": "https://t.co/Bn4XzdXYC8", "expanded_url": "https://www.google.com/amp/s/www.oneangrygamer.net/traitors-of-america/%3famp", "display_url": "google.com/amp/s/www.onea\u2026", "indices": [0, 23]}]}, "description": {"urls": []}}, "protected": false, "followers_count": 43, "friends_count": 231, "listed_count": 0, "created_at": "Thu May 03 12:52:23 +0000 2018", "favourites_count": 32591, "utc_offset": null, "time_zone": null, "geo_enabled": false, "verified": false, "statuses_count": 6880, "lang": null, "contributors_enabled": false, "is_translator": false, "is_translation_enabled": false, "profile_background_color": "000000", "profile_background_image_url": "http://abs.twimg.com/images/themes/theme1/bg.png", "profile_background_image_url_https": "https://abs.twimg.com/images/themes/theme1/bg.png", "profile_background_tile": false, "profile_image_url": "http://pbs.twimg.com/profile_images/1272773344002297856/b0E5SEg8_normal.jpg", "profile_image_url_https": "https://pbs.twimg.com/profile_images/1272773344002297856/b0E5SEg8_normal.jpg", "profile_banner_url": "https://pbs.twimg.com/profile_banners/992024069284524033/1590918603", "profile_link_color": "19CF86", "profile_sidebar_border_color": "000000", "profile_sidebar_fill_color": "000000", "profile_text_color": "000000", "profile_use_background_image": false, "has_extended_profile": true, "default_profile": false, "default_profile_image": false, "following": false, "follow_request_sent": false, "notifications": false, "translator_type": "none"}, "geo": null, "coordinates": null, "place": null, "contributors": null, "is_quote_status": false, "retweet_count": 0, "favorite_count": 1, "favorited": false, "retweeted": false, "lang": "en", "reply_count": 1}