{"created_at": "Sun May 31 01:29:38 +0000 2020", "id": 1266904639204544512, "id_str": "1266904639204544512", "full_text": "@mmetalmike92 Yeah you\u2019ve lost me again", "truncated": false, "display_text_range": [14, 39], "entities": {"hashtags": [], "symbols": [], "user_mentions": [{"screen_name": "mmetalmike92", "name": "Mike M", "id": 242863421, "id_str": "242863421", "indices": [0, 13]}], "urls": []}, "source": "<a href=\"http://twitter.com/download/iphone\" rel=\"nofollow\">Twitter for iPhone</a>", "in_reply_to_status_id": 1266904239286235137, "in_reply_to_status_id_str": "1266904239286235137", "in_reply_to_user_id": 242863421, "in_reply_to_user_id_str": "242863421", "in_reply_to_screen_name": "mmetalmike92", "user": {"id": 1079271528343040000, "id_str": "1079271528343040000", "name": "\u262d \ud835\udc10\ud835\udc14\ud835\udc08\ud835\udc0d\ud835\udc0d #\ud835\udc01\ud835\udc0b\ud835\udc0c \u2665\ufe0f", "screen_name": "captainchikara", "location": "he/him, she/her", "description": "#SAKUSA: \ud835\ude75\ud835\ude84\ud835\ude72\ud835\ude7a \ud835\ude85\ud835\ude7e\ud835\ude7b\ud835\ude7b\ud835\ude74\ud835\ude88\ud835\ude71\ud835\ude70\ud835\ude7b\ud835\ude7b \ud835\ude78 \ud835\ude7e\ud835\ude7d\ud835\ude7b\ud835\ude88 \ud835\ude7b\ud835\ude7e\ud835\ude85\ud835\ude74 \ud835\ude77\ud835\ude78\ud835\ude7d\ud835\ude70\ud835\ude83\ud835\ude70 \ud83c\udfd0 i write content for hq rare pairs (spoilers!) \ud83c\udfd0 \ud835\ude4d\ud835\ude4a\ud835\ude43\ud835\ude44\ud835\ude49\ud835\ude3c \ud835\ude3d\ud835\ude4a\ud835\ude4f", "url": "https://t.co/H92OZLUMQY", "entities": {"url": {"urls": [{"url": "https://t.co/H92OZLUMQY", "expanded_url": "https://archiveofourown.org/users/possiblewitch/profile", "display_url": "archiveofourown.org/users/possible\u2026", "indices": [0, 23]}]}, "description": {"urls": []}}, "protected": false, "followers_count": 544, "friends_count": 440, "listed_count": 14, "created_at": "Sun Dec 30 07:02:39 +0000 2018", "favourites_count": 45576, "utc_offset": null, "time_zone": null, "geo_enabled": true, "verified": false, "statuses_count": 36005, "lang": null, "contributors_enabled": false, "is_translator": false, "is_translation_enabled": false, "profile_background_color": "F5F8FA", "profile_background_image_url": null, "profile_background_image_url_https": null, "profile_background_tile": false, "profile_image_url": "http://pbs.twimg.com/profile_images/1263660132140937217/eDOqJTpj_normal.jpg", "profile_image_url_https": "https://pbs.twimg.com/profile_images/1263660132140937217/eDOqJTpj_normal.jpg", "profile_banner_url": "https://pbs.twimg.com/profile_banners/1079271528343040000/1590195538", "profile_link_color": "1DA1F2", "profile_sidebar_border_color": "C0DEED", "profile_sidebar_fill_color": "DDEEF6", "profile_text_color": "333333", "profile_use_background_image": true, "has_extended_profile": false, "default_profile": true, "default_profile_image": false, "following": false, "follow_request_sent": false, "notifications": false, "translator_type": "none"}, "geo": null, "coordinates": null, "place": null, "contributors": null, "is_quote_status": false, "retweet_count": 0, "favorite_count": 3, "favorited": false, "retweeted": false, "lang": "en", "reply_count": 2}