{"created_at": "Sat May 30 16:19:43 +0000 2020", "id": 1266766249226375169, "id_str": "1266766249226375169", "full_text": "@I_am_Steele @occularmandible @KennyLggins4evr @joeisagoon @BKforBernie @foxwoundband That might not be a man and yes I think they do M16s are pretty long", "truncated": false, "display_text_range": [86, 154], "entities": {"hashtags": [], "symbols": [], "user_mentions": [{"screen_name": "I_am_Steele", "name": "Bryan Steele- #SpacePirate", "id": 75457408, "id_str": "75457408", "indices": [0, 12]}, {"screen_name": "occularmandible", "name": "30-50 Antifa in a Trenchcoat", "id": 15359018, "id_str": "15359018", "indices": [13, 29]}, {"screen_name": "KennyLggins4evr", "name": "Deirdre Mac", "id": 3847339191, "id_str": "3847339191", "indices": [30, 46]}, {"screen_name": "joeisagoon", "name": "joe", "id": 352569575, "id_str": "352569575", "indices": [47, 58]}, {"screen_name": "BKforBernie", "name": "The Brooklyn Bernout \ud83d\udd25 \ud83c\udf39", "id": 3395691123, "id_str": "3395691123", "indices": [59, 71]}, {"screen_name": "foxwoundband", "name": "Fox Wound", "id": 3253132793, "id_str": "3253132793", "indices": [72, 85]}], "urls": []}, "source": "<a href=\"http://twitter.com/download/iphone\" rel=\"nofollow\">Twitter for iPhone</a>", "in_reply_to_status_id": 1266765829112201216, "in_reply_to_status_id_str": "1266765829112201216", "in_reply_to_user_id": 75457408, "in_reply_to_user_id_str": "75457408", "in_reply_to_screen_name": "I_am_Steele", "user": {"id": 1071528619481198592, "id_str": "1071528619481198592", "name": "Justin L\u00ea", "screen_name": "jle992", "location": "", "description": "Army \ud83c\uddfa\ud83c\uddf8 Superior EMS \ud83d\ude91\ud83d\udca8 #L40", "url": null, "entities": {"description": {"urls": []}}, "protected": false, "followers_count": 68, "friends_count": 529, "listed_count": 0, "created_at": "Sat Dec 08 22:15:05 +0000 2018", "favourites_count": 1794, "utc_offset": null, "time_zone": null, "geo_enabled": false, "verified": false, "statuses_count": 412, "lang": null, "contributors_enabled": false, "is_translator": false, "is_translation_enabled": false, "profile_background_color": "F5F8FA", "profile_background_image_url": null, "profile_background_image_url_https": null, "profile_background_tile": false, "profile_image_url": "http://pbs.twimg.com/profile_images/1218703054637277191/-MEK8TkP_normal.jpg", "profile_image_url_https": "https://pbs.twimg.com/profile_images/1218703054637277191/-MEK8TkP_normal.jpg", "profile_banner_url": "https://pbs.twimg.com/profile_banners/1071528619481198592/1544309219", "profile_link_color": "1DA1F2", "profile_sidebar_border_color": "C0DEED", "profile_sidebar_fill_color": "DDEEF6", "profile_text_color": "333333", "profile_use_background_image": true, "has_extended_profile": true, "default_profile": true, "default_profile_image": false, "following": false, "follow_request_sent": false, "notifications": false, "translator_type": "none"}, "geo": null, "coordinates": null, "place": null, "contributors": null, "is_quote_status": false, "retweet_count": 0, "favorite_count": 1, "favorited": false, "retweeted": false, "lang": "en", "reply_count": 1}