{"created_at": "Sat May 30 20:53:02 +0000 2020", "id": 1266835029885411330, "id_str": "1266835029885411330", "full_text": "@foxwoundband Yooo is this for real? \ud83d\ude02\ud83d\ude02\ud83d\ude02\ud83d\ude02", "truncated": false, "display_text_range": [14, 41], "entities": {"hashtags": [], "symbols": [], "user_mentions": [{"screen_name": "foxwoundband", "name": "Fox Wound", "id": 3253132793, "id_str": "3253132793", "indices": [0, 13]}], "urls": []}, "source": "<a href=\"http://twitter.com/download/iphone\" rel=\"nofollow\">Twitter for iPhone</a>", "in_reply_to_status_id": 1266613385862447104, "in_reply_to_status_id_str": "1266613385862447104", "in_reply_to_user_id": 3253132793, "in_reply_to_user_id_str": "3253132793", "in_reply_to_screen_name": "foxwoundband", "user": {"id": 1524828073, "id_str": "1524828073", "name": "Moreno", "screen_name": "JMoreno412", "location": "", "description": "", "url": null, "entities": {"description": {"urls": []}}, "protected": false, "followers_count": 18, "friends_count": 90, "listed_count": 0, "created_at": "Mon Jun 17 13:08:35 +0000 2013", "favourites_count": 457, "utc_offset": null, "time_zone": null, "geo_enabled": false, "verified": false, "statuses_count": 619, "lang": null, "contributors_enabled": false, "is_translator": false, "is_translation_enabled": false, "profile_background_color": "C0DEED", "profile_background_image_url": "http://abs.twimg.com/images/themes/theme1/bg.png", "profile_background_image_url_https": "https://abs.twimg.com/images/themes/theme1/bg.png", "profile_background_tile": false, "profile_image_url": "http://pbs.twimg.com/profile_images/1251602115476291586/lpCfjRxM_normal.jpg", "profile_image_url_https": "https://pbs.twimg.com/profile_images/1251602115476291586/lpCfjRxM_normal.jpg", "profile_banner_url": "https://pbs.twimg.com/profile_banners/1524828073/1526824137", "profile_link_color": "1DA1F2", "profile_sidebar_border_color": "C0DEED", "profile_sidebar_fill_color": "DDEEF6", "profile_text_color": "333333", "profile_use_background_image": true, "has_extended_profile": false, "default_profile": true, "default_profile_image": false, "following": false, "follow_request_sent": false, "notifications": false, "translator_type": "none"}, "geo": null, "coordinates": null, "place": null, "contributors": null, "is_quote_status": false, "retweet_count": 0, "favorite_count": 0, "favorited": false, "retweeted": false, "lang": "en", "reply_count": 0}