{"created_at": "Sun May 31 03:20:10 +0000 2020", "id": 1266932456600584194, "id_str": "1266932456600584194", "full_text": "@foxwoundband Ya'll funded by Soros you don't need donations lmao", "truncated": false, "display_text_range": [14, 65], "entities": {"hashtags": [], "symbols": [], "user_mentions": [{"screen_name": "foxwoundband", "name": "Fox Wound", "id": 3253132793, "id_str": "3253132793", "indices": [0, 13]}], "urls": []}, "source": "<a href=\"http://twitter.com/download/android\" rel=\"nofollow\">Twitter for Android</a>", "in_reply_to_status_id": 1266732674204516357, "in_reply_to_status_id_str": "1266732674204516357", "in_reply_to_user_id": 3253132793, "in_reply_to_user_id_str": "3253132793", "in_reply_to_screen_name": "foxwoundband", "user": {"id": 1259351449483358208, "id_str": "1259351449483358208", "name": "LONG KANG", "screen_name": "longkang_", "location": "", "description": "Bitcoiner since 2012. TA methods = PA, fibs & MAs. Chad moves only.", "url": "https://t.co/jHf30m1YX6", "entities": {"url": {"urls": [{"url": "https://t.co/jHf30m1YX6", "expanded_url": "http://t.me/BTCLONK", "display_url": "t.me/BTCLONK", "indices": [0, 23]}]}, "description": {"urls": []}}, "protected": false, "followers_count": 147, "friends_count": 563, "listed_count": 0, "created_at": "Sun May 10 05:16:09 +0000 2020", "favourites_count": 1306, "utc_offset": null, "time_zone": null, "geo_enabled": false, "verified": false, "statuses_count": 485, "lang": null, "contributors_enabled": false, "is_translator": false, "is_translation_enabled": false, "profile_background_color": "F5F8FA", "profile_background_image_url": null, "profile_background_image_url_https": null, "profile_background_tile": false, "profile_image_url": "http://pbs.twimg.com/profile_images/1261219893535522818/nB4Zu4Kx_normal.jpg", "profile_image_url_https": "https://pbs.twimg.com/profile_images/1261219893535522818/nB4Zu4Kx_normal.jpg", "profile_banner_url": "https://pbs.twimg.com/profile_banners/1259351449483358208/1589533850", "profile_link_color": "1DA1F2", "profile_sidebar_border_color": "C0DEED", "profile_sidebar_fill_color": "DDEEF6", "profile_text_color": "333333", "profile_use_background_image": true, "has_extended_profile": false, "default_profile": true, "default_profile_image": false, "following": false, "follow_request_sent": false, "notifications": false, "translator_type": "none"}, "geo": null, "coordinates": null, "place": null, "contributors": null, "is_quote_status": false, "retweet_count": 0, "favorite_count": 1, "favorited": false, "retweeted": false, "lang": "en", "reply_count": 1}