{"created_at": "Sat May 30 18:22:28 +0000 2020", "id": 1266797139918827520, "id_str": "1266797139918827520", "full_text": "@CDRosa @foxwoundband @GADFCSOPFS @hrw Or you can check your sources before retweeting shit. It's a video. No info on when it was actually taken. No context behind what's going on. Right-wing nutjobs? Old pre-COVID JROTC performance video? Cite your sources before rabble-rousing or you're no better than Trump.", "truncated": false, "display_text_range": [39, 311], "entities": {"hashtags": [], "symbols": [], "user_mentions": [{"screen_name": "CDRosa", "name": "Ald. Carlos Ramirez-Rosa\ud83c\udff3\ufe0f\u200d\ud83c\udf08\ud83c\uddf5\ud83c\uddf7", "id": 26273230, "id_str": "26273230", "indices": [0, 7]}, {"screen_name": "foxwoundband", "name": "Fox Wound", "id": 3253132793, "id_str": "3253132793", "indices": [8, 21]}, {"screen_name": "GADFCSOPFS", "name": "GA DFCS Prevention and Community Support", "id": 826530663675396097, "id_str": "826530663675396097", "indices": [22, 33]}, {"screen_name": "hrw", "name": "Human Rights Watch", "id": 14700316, "id_str": "14700316", "indices": [34, 38]}], "urls": []}, "source": "<a href=\"http://twitter.com/download/android\" rel=\"nofollow\">Twitter for Android</a>", "in_reply_to_status_id": 1266623694677442560, "in_reply_to_status_id_str": "1266623694677442560", "in_reply_to_user_id": 26273230, "in_reply_to_user_id_str": "26273230", "in_reply_to_screen_name": "CDRosa", "user": {"id": 2397570002, "id_str": "2397570002", "name": "Brandon Robinson", "screen_name": "0edf814800064a5", "location": "", "description": "", "url": null, "entities": {"description": {"urls": []}}, "protected": false, "followers_count": 6, "friends_count": 16, "listed_count": 0, "created_at": "Wed Mar 19 09:31:05 +0000 2014", "favourites_count": 134, "utc_offset": null, "time_zone": null, "geo_enabled": false, "verified": false, "statuses_count": 19, "lang": null, "contributors_enabled": false, "is_translator": false, "is_translation_enabled": false, "profile_background_color": "C0DEED", "profile_background_image_url": "http://abs.twimg.com/images/themes/theme1/bg.png", "profile_background_image_url_https": "https://abs.twimg.com/images/themes/theme1/bg.png", "profile_background_tile": false, "profile_image_url": "http://pbs.twimg.com/profile_images/569763619412643840/9Ng4FI4v_normal.jpeg", "profile_image_url_https": "https://pbs.twimg.com/profile_images/569763619412643840/9Ng4FI4v_normal.jpeg", "profile_link_color": "1DA1F2", "profile_sidebar_border_color": "C0DEED", "profile_sidebar_fill_color": "DDEEF6", "profile_text_color": "333333", "profile_use_background_image": true, "has_extended_profile": false, "default_profile": true, "default_profile_image": false, "following": false, "follow_request_sent": false, "notifications": false, "translator_type": "none"}, "geo": null, "coordinates": null, "place": null, "contributors": null, "is_quote_status": false, "retweet_count": 0, "favorite_count": 2, "favorited": false, "retweeted": false, "lang": "en", "reply_count": 2}