{"created_at": "Sat May 30 21:03:46 +0000 2020", "id": 1266837733131128833, "id_str": "1266837733131128833", "full_text": "@andy1show @BKforBernie @TheNakedPanther @joeisagoon @foxwoundband As in are not under the command structure of the DoD. They could be considered a militia if they have an armory, and I\u2019ve heard of sheriffs using them for shit like junior police. But JROTC is not military at all. Even ROTC is only an enlisted member once their second year", "truncated": false, "display_text_range": [67, 340], "entities": {"hashtags": [], "symbols": [], "user_mentions": [{"screen_name": "andy1show", "name": "X \u00c6 A-11", "id": 578741842, "id_str": "578741842", "indices": [0, 10]}, {"screen_name": "BKforBernie", "name": "The Brooklyn Bernout \ud83d\udd25 \ud83c\udf39", "id": 3395691123, "id_str": "3395691123", "indices": [11, 23]}, {"screen_name": "TheNakedPanther", "name": "TheNakedPanther", "id": 890249906052530177, "id_str": "890249906052530177", "indices": [24, 40]}, {"screen_name": "joeisagoon", "name": "joe", "id": 352569575, "id_str": "352569575", "indices": [41, 52]}, {"screen_name": "foxwoundband", "name": "Fox Wound", "id": 3253132793, "id_str": "3253132793", "indices": [53, 66]}], "urls": []}, "source": "<a href=\"https://mobile.twitter.com\" rel=\"nofollow\">Twitter Web App</a>", "in_reply_to_status_id": 1266835027381440517, "in_reply_to_status_id_str": "1266835027381440517", "in_reply_to_user_id": 578741842, "in_reply_to_user_id_str": "578741842", "in_reply_to_screen_name": "andy1show", "user": {"id": 1262874664050798593, "id_str": "1262874664050798593", "name": "Dam son", "screen_name": "Wut_damn", "location": "", "description": "Ask me no question, I\u2019ll tell you no lies. I have many answers, but not all you want to hear.", "url": null, "entities": {"description": {"urls": []}}, "protected": false, "followers_count": 8, "friends_count": 21, "listed_count": 0, "created_at": "Tue May 19 22:36:08 +0000 2020", "favourites_count": 257, "utc_offset": null, "time_zone": null, "geo_enabled": false, "verified": false, "statuses_count": 1082, "lang": null, "contributors_enabled": false, "is_translator": false, "is_translation_enabled": false, "profile_background_color": "F5F8FA", "profile_background_image_url": null, "profile_background_image_url_https": null, "profile_background_tile": false, "profile_image_url": "http://pbs.twimg.com/profile_images/1262875994672652288/AMFI0JAf_normal.jpg", "profile_image_url_https": "https://pbs.twimg.com/profile_images/1262875994672652288/AMFI0JAf_normal.jpg", "profile_link_color": "1DA1F2", "profile_sidebar_border_color": "C0DEED", "profile_sidebar_fill_color": "DDEEF6", "profile_text_color": "333333", "profile_use_background_image": true, "has_extended_profile": true, "default_profile": true, "default_profile_image": false, "following": false, "follow_request_sent": false, "notifications": false, "translator_type": "none"}, "geo": null, "coordinates": null, "place": null, "contributors": null, "is_quote_status": false, "retweet_count": 0, "favorite_count": 1, "favorited": false, "retweeted": false, "lang": "en", "reply_count": 0}