{"created_at": "Sun May 31 00:01:46 +0000 2020", "id": 1266882527588954112, "id_str": "1266882527588954112", "full_text": "@ashleyguinn_ @angel_felixv @foxwoundband dumb bih \ud83d\ude02\ud83d\ude02", "truncated": false, "display_text_range": [42, 53], "entities": {"hashtags": [], "symbols": [], "user_mentions": [{"screen_name": "ashleyguinn_", "name": "hanigirl", "id": 4302831677, "id_str": "4302831677", "indices": [0, 13]}, {"screen_name": "angel_felixv", "name": "No Justice, No Peace. \ud83c\udf39\ud83e\uddba", "id": 2323154035, "id_str": "2323154035", "indices": [14, 27]}, {"screen_name": "foxwoundband", "name": "Fox Wound", "id": 3253132793, "id_str": "3253132793", "indices": [28, 41]}], "urls": []}, "source": "<a href=\"http://twitter.com/download/iphone\" rel=\"nofollow\">Twitter for iPhone</a>", "in_reply_to_status_id": 1266839642013233152, "in_reply_to_status_id_str": "1266839642013233152", "in_reply_to_user_id": 4302831677, "in_reply_to_user_id_str": "4302831677", "in_reply_to_screen_name": "ashleyguinn_", "user": {"id": 1202415114567204864, "id_str": "1202415114567204864", "name": "Malte", "screen_name": "Malte99_", "location": "", "description": "", "url": null, "entities": {"description": {"urls": []}}, "protected": false, "followers_count": 5, "friends_count": 212, "listed_count": 0, "created_at": "Thu Dec 05 02:31:27 +0000 2019", "favourites_count": 1169, "utc_offset": null, "time_zone": null, "geo_enabled": false, "verified": false, "statuses_count": 118, "lang": null, "contributors_enabled": false, "is_translator": false, "is_translation_enabled": false, "profile_background_color": "F5F8FA", "profile_background_image_url": null, "profile_background_image_url_https": null, "profile_background_tile": false, "profile_image_url": "http://pbs.twimg.com/profile_images/1202415545859096577/zA03aamM_normal.jpg", "profile_image_url_https": "https://pbs.twimg.com/profile_images/1202415545859096577/zA03aamM_normal.jpg", "profile_link_color": "1DA1F2", "profile_sidebar_border_color": "C0DEED", "profile_sidebar_fill_color": "DDEEF6", "profile_text_color": "333333", "profile_use_background_image": true, "has_extended_profile": false, "default_profile": true, "default_profile_image": false, "following": false, "follow_request_sent": false, "notifications": false, "translator_type": "none"}, "geo": null, "coordinates": null, "place": null, "contributors": null, "is_quote_status": false, "retweet_count": 0, "favorite_count": 1, "favorited": false, "retweeted": false, "lang": "in", "reply_count": 0}