{"created_at": "Sat May 30 19:38:05 +0000 2020", "id": 1266816167299162117, "id_str": "1266816167299162117", "full_text": "@foxwoundband @mashdaal they\u2019re basically deploying child soldiers.........", "truncated": false, "display_text_range": [14, 75], "entities": {"hashtags": [], "symbols": [], "user_mentions": [{"screen_name": "foxwoundband", "name": "Fox Wound", "id": 3253132793, "id_str": "3253132793", "indices": [0, 13]}, {"screen_name": "mashdaal", "name": "roti aur", "id": 779583952436785152, "id_str": "779583952436785152", "indices": [14, 23]}], "urls": []}, "source": "<a href=\"http://twitter.com/download/iphone\" rel=\"nofollow\">Twitter for iPhone</a>", "in_reply_to_status_id": 1266613385862447104, "in_reply_to_status_id_str": "1266613385862447104", "in_reply_to_user_id": 3253132793, "in_reply_to_user_id_str": "3253132793", "in_reply_to_screen_name": "foxwoundband", "user": {"id": 1175445162937466882, "id_str": "1175445162937466882", "name": "(/\u2022.\u2022)/ \ud83e\udd6d \\(\u2022.\u2022\\)", "screen_name": "aambaambastic", "location": "", "description": "walking talking chaotic energy", "url": "https://t.co/ScNVY5d91C", "entities": {"url": {"urls": [{"url": "https://t.co/ScNVY5d91C", "expanded_url": "https://blacklivesmatters.carrd.co/", "display_url": "blacklivesmatters.carrd.co", "indices": [0, 23]}]}, "description": {"urls": []}}, "protected": false, "followers_count": 39, "friends_count": 306, "listed_count": 0, "created_at": "Sat Sep 21 16:22:29 +0000 2019", "favourites_count": 2557, "utc_offset": null, "time_zone": null, "geo_enabled": false, "verified": false, "statuses_count": 997, "lang": null, "contributors_enabled": false, "is_translator": false, "is_translation_enabled": false, "profile_background_color": "F5F8FA", "profile_background_image_url": null, "profile_background_image_url_https": null, "profile_background_tile": false, "profile_image_url": "http://pbs.twimg.com/profile_images/1249009355338526725/ueLkxtiE_normal.jpg", "profile_image_url_https": "https://pbs.twimg.com/profile_images/1249009355338526725/ueLkxtiE_normal.jpg", "profile_banner_url": "https://pbs.twimg.com/profile_banners/1175445162937466882/1585307414", "profile_link_color": "1DA1F2", "profile_sidebar_border_color": "C0DEED", "profile_sidebar_fill_color": "DDEEF6", "profile_text_color": "333333", "profile_use_background_image": true, "has_extended_profile": false, "default_profile": true, "default_profile_image": false, "following": false, "follow_request_sent": false, "notifications": false, "translator_type": "none"}, "geo": null, "coordinates": null, "place": null, "contributors": null, "is_quote_status": false, "retweet_count": 0, "favorite_count": 0, "favorited": false, "retweeted": false, "lang": "en", "reply_count": 1}