{"created_at": "Sun May 31 00:58:15 +0000 2020", "id": 1266896738931150848, "id_str": "1266896738931150848", "full_text": "@joeisagoon @Dekaa101 @foxwoundband its a right wing militia not jrotc", "truncated": false, "display_text_range": [36, 70], "entities": {"hashtags": [], "symbols": [], "user_mentions": [{"screen_name": "joeisagoon", "name": "joe", "id": 352569575, "id_str": "352569575", "indices": [0, 11]}, {"screen_name": "foxwoundband", "name": "Fox Wound", "id": 3253132793, "id_str": "3253132793", "indices": [22, 35]}], "urls": []}, "source": "<a href=\"https://mobile.twitter.com\" rel=\"nofollow\">Twitter Web App</a>", "in_reply_to_status_id": 1266705981968449542, "in_reply_to_status_id_str": "1266705981968449542", "in_reply_to_user_id": 352569575, "in_reply_to_user_id_str": "352569575", "in_reply_to_screen_name": "joeisagoon", "user": {"id": 3390995411, "id_str": "3390995411", "name": "Luis Marroquin", "screen_name": "elwolf6", "location": "", "description": "", "url": null, "entities": {"description": {"urls": []}}, "protected": false, "followers_count": 9, "friends_count": 125, "listed_count": 0, "created_at": "Fri Jul 24 13:37:26 +0000 2015", "favourites_count": 1616, "utc_offset": null, "time_zone": null, "geo_enabled": false, "verified": false, "statuses_count": 265, "lang": null, "contributors_enabled": false, "is_translator": false, "is_translation_enabled": false, "profile_background_color": "C0DEED", "profile_background_image_url": "http://abs.twimg.com/images/themes/theme1/bg.png", "profile_background_image_url_https": "https://abs.twimg.com/images/themes/theme1/bg.png", "profile_background_tile": false, "profile_image_url": "http://pbs.twimg.com/profile_images/1192505872221638657/JnmcuByJ_normal.jpg", "profile_image_url_https": "https://pbs.twimg.com/profile_images/1192505872221638657/JnmcuByJ_normal.jpg", "profile_link_color": "1DA1F2", "profile_sidebar_border_color": "C0DEED", "profile_sidebar_fill_color": "DDEEF6", "profile_text_color": "333333", "profile_use_background_image": true, "has_extended_profile": false, "default_profile": true, "default_profile_image": false, "following": false, "follow_request_sent": false, "notifications": false, "translator_type": "none"}, "geo": null, "coordinates": null, "place": null, "contributors": null, "is_quote_status": false, "retweet_count": 0, "favorite_count": 1, "favorited": false, "retweeted": false, "lang": "en", "reply_count": 0}