{"created_at": "Sat May 30 22:24:02 +0000 2020", "id": 1266857931275767808, "id_str": "1266857931275767808", "full_text": "@NunesAlt @foxwoundband They are members of the National Guard (can be as young as 17). \nhttps://t.co/SElcRDvn4p", "truncated": false, "display_text_range": [24, 112], "entities": {"hashtags": [], "symbols": [], "user_mentions": [{"screen_name": "NunesAlt", "name": "Devin Nunes' Alt-Mom", "id": 1107896723936940032, "id_str": "1107896723936940032", "indices": [0, 9]}, {"screen_name": "foxwoundband", "name": "Fox Wound", "id": 3253132793, "id_str": "3253132793", "indices": [10, 23]}], "urls": [{"url": "https://t.co/SElcRDvn4p", "expanded_url": "https://heavy.com/news/2020/05/children-soldiers-lenox-mall-atlanta-protest/", "display_url": "heavy.com/news/2020/05/c\u2026", "indices": [89, 112]}]}, "source": "<a href=\"http://twitter.com/download/iphone\" rel=\"nofollow\">Twitter for iPhone</a>", "in_reply_to_status_id": 1266623843705085952, "in_reply_to_status_id_str": "1266623843705085952", "in_reply_to_user_id": 1107896723936940032, "in_reply_to_user_id_str": "1107896723936940032", "in_reply_to_screen_name": "NunesAlt", "user": {"id": 582126006, "id_str": "582126006", "name": "JustCallMeMary", "screen_name": "_JustCallMeMary", "location": "Colorado, USA", "description": "There is not enough wine in this world.", "url": null, "entities": {"description": {"urls": []}}, "protected": false, "followers_count": 56, "friends_count": 162, "listed_count": 0, "created_at": "Wed May 16 18:11:22 +0000 2012", "favourites_count": 78250, "utc_offset": null, "time_zone": null, "geo_enabled": false, "verified": false, "statuses_count": 1294, "lang": null, "contributors_enabled": false, "is_translator": false, "is_translation_enabled": false, "profile_background_color": "C0DEED", "profile_background_image_url": "http://abs.twimg.com/images/themes/theme1/bg.png", "profile_background_image_url_https": "https://abs.twimg.com/images/themes/theme1/bg.png", "profile_background_tile": false, "profile_image_url": "http://pbs.twimg.com/profile_images/471434031867777024/LWsOYYr__normal.jpeg", "profile_image_url_https": "https://pbs.twimg.com/profile_images/471434031867777024/LWsOYYr__normal.jpeg", "profile_link_color": "1DA1F2", "profile_sidebar_border_color": "C0DEED", "profile_sidebar_fill_color": "DDEEF6", "profile_text_color": "333333", "profile_use_background_image": true, "has_extended_profile": false, "default_profile": true, "default_profile_image": false, "following": false, "follow_request_sent": false, "notifications": false, "translator_type": "none"}, "geo": null, "coordinates": null, "place": null, "contributors": null, "is_quote_status": false, "retweet_count": 0, "favorite_count": 0, "favorited": false, "retweeted": false, "possibly_sensitive": false, "possibly_sensitive_appealable": false, "lang": "en", "reply_count": 0}