{"created_at": "Sat May 30 20:38:05 +0000 2020", "id": 1266831268974559232, "id_str": "1266831268974559232", "full_text": "@rinnanzingaling @authorisebeaver @ryanisnotflyin @foxwoundband jrotc kids have entered the chat", "truncated": false, "display_text_range": [64, 96], "entities": {"hashtags": [], "symbols": [], "user_mentions": [{"screen_name": "authorisebeaver", "name": "rhi\u2601\ufe0f//backup", "id": 1248421549981523968, "id_str": "1248421549981523968", "indices": [17, 33]}, {"screen_name": "ryanisnotflyin", "name": "Ryan", "id": 1254255948756967425, "id_str": "1254255948756967425", "indices": [34, 49]}, {"screen_name": "foxwoundband", "name": "Fox Wound", "id": 3253132793, "id_str": "3253132793", "indices": [50, 63]}], "urls": []}, "source": "<a href=\"http://twitter.com/download/iphone\" rel=\"nofollow\">Twitter for iPhone</a>", "in_reply_to_status_id": 1266819112052891650, "in_reply_to_status_id_str": "1266819112052891650", "in_reply_to_user_id": 1003649719371993088, "in_reply_to_user_id_str": "1003649719371993088", "in_reply_to_screen_name": "spacymarais", "user": {"id": 1168942931878850565, "id_str": "1168942931878850565", "name": "anika and jeremy saw ari 7/8/19", "screen_name": "arianas_hoe", "location": "", "description": "ACAB \ud83d\udc8b anika~ no. 1 the way stan \u2661 jeremy~ NO. 1 ALMOST IS NEVER ENOUGH STAN", "url": null, "entities": {"description": {"urls": []}}, "protected": false, "followers_count": 119, "friends_count": 150, "listed_count": 0, "created_at": "Tue Sep 03 17:45:21 +0000 2019", "favourites_count": 518, "utc_offset": null, "time_zone": null, "geo_enabled": true, "verified": false, "statuses_count": 293, "lang": null, "contributors_enabled": false, "is_translator": false, "is_translation_enabled": false, "profile_background_color": "F5F8FA", "profile_background_image_url": null, "profile_background_image_url_https": null, "profile_background_tile": false, "profile_image_url": "http://pbs.twimg.com/profile_images/1170823149384085507/5HQwRaYn_normal.jpg", "profile_image_url_https": "https://pbs.twimg.com/profile_images/1170823149384085507/5HQwRaYn_normal.jpg", "profile_banner_url": "https://pbs.twimg.com/profile_banners/1168942931878850565/1567655539", "profile_link_color": "1DA1F2", "profile_sidebar_border_color": "C0DEED", "profile_sidebar_fill_color": "DDEEF6", "profile_text_color": "333333", "profile_use_background_image": true, "has_extended_profile": true, "default_profile": true, "default_profile_image": false, "following": false, "follow_request_sent": false, "notifications": false, "translator_type": "none"}, "geo": null, "coordinates": null, "place": null, "contributors": null, "is_quote_status": false, "retweet_count": 0, "favorite_count": 2, "favorited": false, "retweeted": false, "lang": "en", "reply_count": 0}