{"created_at": "Sat May 30 16:13:42 +0000 2020", "id": 1266764734260490240, "id_str": "1266764734260490240", "full_text": "@_ARosa_ @angel_felixv @foxwoundband Stfu Zionist", "truncated": false, "display_text_range": [37, 49], "entities": {"hashtags": [], "symbols": [], "user_mentions": [{"screen_name": "_ARosa_", "name": "A.Rosa", "id": 865648053444681728, "id_str": "865648053444681728", "indices": [0, 8]}, {"screen_name": "angel_felixv", "name": "No Justice, No Peace. \ud83c\udf39\ud83e\uddba", "id": 2323154035, "id_str": "2323154035", "indices": [9, 22]}, {"screen_name": "foxwoundband", "name": "Fox Wound", "id": 3253132793, "id_str": "3253132793", "indices": [23, 36]}], "urls": []}, "source": "<a href=\"http://twitter.com/download/iphone\" rel=\"nofollow\">Twitter for iPhone</a>", "in_reply_to_status_id": 1266631934316290048, "in_reply_to_status_id_str": "1266631934316290048", "in_reply_to_user_id": 865648053444681728, "in_reply_to_user_id_str": "865648053444681728", "in_reply_to_screen_name": "_ARosa_", "user": {"id": 763472826494050304, "id_str": "763472826494050304", "name": "rey", "screen_name": "PanPan1scus", "location": "la tierra", "description": "quisqueyano/@/x", "url": "https://t.co/fNCrlm1QeH", "entities": {"url": {"urls": [{"url": "https://t.co/fNCrlm1QeH", "expanded_url": "https://bdsmovement.net/get-involved/what-to-boycott", "display_url": "bdsmovement.net/get-involved/w\u2026", "indices": [0, 23]}]}, "description": {"urls": []}}, "protected": false, "followers_count": 275, "friends_count": 347, "listed_count": 0, "created_at": "Wed Aug 10 20:31:21 +0000 2016", "favourites_count": 73524, "utc_offset": null, "time_zone": null, "geo_enabled": true, "verified": false, "statuses_count": 5880, "lang": null, "contributors_enabled": false, "is_translator": false, "is_translation_enabled": false, "profile_background_color": "000000", "profile_background_image_url": "http://abs.twimg.com/images/themes/theme1/bg.png", "profile_background_image_url_https": "https://abs.twimg.com/images/themes/theme1/bg.png", "profile_background_tile": false, "profile_image_url": "http://pbs.twimg.com/profile_images/1214331302662594563/E5Bl3w4k_normal.jpg", "profile_image_url_https": "https://pbs.twimg.com/profile_images/1214331302662594563/E5Bl3w4k_normal.jpg", "profile_banner_url": "https://pbs.twimg.com/profile_banners/763472826494050304/1591052086", "profile_link_color": "000000", "profile_sidebar_border_color": "000000", "profile_sidebar_fill_color": "000000", "profile_text_color": "000000", "profile_use_background_image": false, "has_extended_profile": false, "default_profile": false, "default_profile_image": false, "following": false, "follow_request_sent": false, "notifications": false, "translator_type": "none"}, "geo": null, "coordinates": null, "place": null, "contributors": null, "is_quote_status": false, "retweet_count": 0, "favorite_count": 5, "favorited": false, "retweeted": false, "lang": "da", "reply_count": 1}