{"created_at": "Sun May 31 03:04:18 +0000 2020", "id": 1266928462272409601, "id_str": "1266928462272409601", "full_text": "@alexbahr @foxwoundband @chick_in_kiev Our kids are truly in trouble. The highest grossing business is child sex trafficking.. no outrage for that. Our kids are supposed to go back to school w hospital partitions and masks on.. no outrage. They are the unhealthiest for first world country.. no outrage. Sick.", "truncated": false, "display_text_range": [39, 309], "entities": {"hashtags": [], "symbols": [], "user_mentions": [{"screen_name": "alexbahr", "name": "Alexander Sullivan Bahr", "id": 15755189, "id_str": "15755189", "indices": [0, 9]}, {"screen_name": "foxwoundband", "name": "Fox Wound", "id": 3253132793, "id_str": "3253132793", "indices": [10, 23]}, {"screen_name": "chick_in_kiev", "name": "Talia Lavin", "id": 595245502, "id_str": "595245502", "indices": [24, 38]}], "urls": []}, "source": "<a href=\"https://mobile.twitter.com\" rel=\"nofollow\">Twitter Web App</a>", "in_reply_to_status_id": 1266619102329597957, "in_reply_to_status_id_str": "1266619102329597957", "in_reply_to_user_id": 15755189, "in_reply_to_user_id_str": "15755189", "in_reply_to_screen_name": "alexbahr", "user": {"id": 1233528473253076992, "id_str": "1233528473253076992", "name": "Rumi", "screen_name": "wethepeoplecee", "location": "", "description": "Critical thinker. Listening + learning from we the people \ud83d\ude4f\u2728 Combatting the war being waged on our children. #MedicalFreedom #ProtectChildren \n* New Account", "url": null, "entities": {"description": {"urls": []}}, "protected": false, "followers_count": 259, "friends_count": 718, "listed_count": 2, "created_at": "Fri Feb 28 23:05:02 +0000 2020", "favourites_count": 2789, "utc_offset": null, "time_zone": null, "geo_enabled": false, "verified": false, "statuses_count": 4694, "lang": null, "contributors_enabled": false, "is_translator": false, "is_translation_enabled": false, "profile_background_color": "F5F8FA", "profile_background_image_url": null, "profile_background_image_url_https": null, "profile_background_tile": false, "profile_image_url": "http://pbs.twimg.com/profile_images/1233528792729161730/edxFbzAN_normal.jpg", "profile_image_url_https": "https://pbs.twimg.com/profile_images/1233528792729161730/edxFbzAN_normal.jpg", "profile_banner_url": "https://pbs.twimg.com/profile_banners/1233528473253076992/1585534850", "profile_link_color": "1DA1F2", "profile_sidebar_border_color": "C0DEED", "profile_sidebar_fill_color": "DDEEF6", "profile_text_color": "333333", "profile_use_background_image": true, "has_extended_profile": true, "default_profile": true, "default_profile_image": false, "following": false, "follow_request_sent": false, "notifications": false, "translator_type": "none"}, "geo": null, "coordinates": null, "place": null, "contributors": null, "is_quote_status": false, "retweet_count": 0, "favorite_count": 0, "favorited": false, "retweeted": false, "lang": "en", "reply_count": 0}