{"created_at": "Sun May 31 01:42:31 +0000 2020", "id": 1266907880671895553, "id_str": "1266907880671895553", "full_text": "@foxwoundband @jmullerhome @willyloman1 thoughts?", "truncated": false, "display_text_range": [14, 49], "entities": {"hashtags": [], "symbols": [], "user_mentions": [{"screen_name": "foxwoundband", "name": "Fox Wound", "id": 3253132793, "id_str": "3253132793", "indices": [0, 13]}, {"screen_name": "jmullerhome", "name": "Aunt BB \u7b06\u7b06\u62c9", "id": 1220546688, "id_str": "1220546688", "indices": [14, 26]}, {"screen_name": "willyloman1", "name": "Scott Creighton", "id": 17794234, "id_str": "17794234", "indices": [27, 39]}], "urls": []}, "source": "<a href=\"http://twitter.com/download/iphone\" rel=\"nofollow\">Twitter for iPhone</a>", "in_reply_to_status_id": 1266613385862447104, "in_reply_to_status_id_str": "1266613385862447104", "in_reply_to_user_id": 3253132793, "in_reply_to_user_id_str": "3253132793", "in_reply_to_screen_name": "foxwoundband", "user": {"id": 753066309911326721, "id_str": "753066309911326721", "name": "\u2605 julie \u2605", "screen_name": "bookofoursjulie", "location": "Free, Earth", "description": "I am not a virus", "url": "https://t.co/W6pbBTJGVu", "entities": {"url": {"urls": [{"url": "https://t.co/W6pbBTJGVu", "expanded_url": "http://www.patreon.com/bookofours/posts", "display_url": "patreon.com/bookofours/pos\u2026", "indices": [0, 23]}]}, "description": {"urls": []}}, "protected": false, "followers_count": 506, "friends_count": 325, "listed_count": 2, "created_at": "Wed Jul 13 03:19:34 +0000 2016", "favourites_count": 27839, "utc_offset": null, "time_zone": null, "geo_enabled": true, "verified": false, "statuses_count": 30573, "lang": null, "contributors_enabled": false, "is_translator": false, "is_translation_enabled": false, "profile_background_color": "000000", "profile_background_image_url": "http://abs.twimg.com/images/themes/theme1/bg.png", "profile_background_image_url_https": "https://abs.twimg.com/images/themes/theme1/bg.png", "profile_background_tile": false, "profile_image_url": "http://pbs.twimg.com/profile_images/1191549048630759424/Wbo8v05Z_normal.jpg", "profile_image_url_https": "https://pbs.twimg.com/profile_images/1191549048630759424/Wbo8v05Z_normal.jpg", "profile_banner_url": "https://pbs.twimg.com/profile_banners/753066309911326721/1572922407", "profile_link_color": "000000", "profile_sidebar_border_color": "000000", "profile_sidebar_fill_color": "000000", "profile_text_color": "000000", "profile_use_background_image": false, "has_extended_profile": true, "default_profile": false, "default_profile_image": false, "following": false, "follow_request_sent": false, "notifications": false, "translator_type": "none"}, "geo": null, "coordinates": null, "place": null, "contributors": null, "is_quote_status": false, "retweet_count": 0, "favorite_count": 1, "favorited": false, "retweeted": false, "lang": "en", "reply_count": 2}