{"created_at": "Sat May 30 21:06:47 +0000 2020", "id": 1266838489590628352, "id_str": "1266838489590628352", "full_text": "@foxwoundband @PRlNCEofBelgium", "truncated": false, "display_text_range": [14, 30], "entities": {"hashtags": [], "symbols": [], "user_mentions": [{"screen_name": "foxwoundband", "name": "Fox Wound", "id": 3253132793, "id_str": "3253132793", "indices": [0, 13]}, {"screen_name": "PRlNCEofBelgium", "name": "Nick", "id": 2973011344, "id_str": "2973011344", "indices": [14, 30]}], "urls": []}, "source": "<a href=\"http://twitter.com/download/iphone\" rel=\"nofollow\">Twitter for iPhone</a>", "in_reply_to_status_id": 1266613385862447104, "in_reply_to_status_id_str": "1266613385862447104", "in_reply_to_user_id": 3253132793, "in_reply_to_user_id_str": "3253132793", "in_reply_to_screen_name": "foxwoundband", "user": {"id": 392321676, "id_str": "392321676", "name": "Brent Van Herck", "screen_name": "brentvanherck", "location": "Belgium", "description": "", "url": "https://t.co/OUl18sw0V3", "entities": {"url": {"urls": [{"url": "https://t.co/OUl18sw0V3", "expanded_url": "http://Instagram.com/brentvanherck", "display_url": "Instagram.com/brentvanherck", "indices": [0, 23]}]}, "description": {"urls": []}}, "protected": false, "followers_count": 11, "friends_count": 112, "listed_count": 0, "created_at": "Sun Oct 16 21:16:40 +0000 2011", "favourites_count": 430, "utc_offset": null, "time_zone": null, "geo_enabled": false, "verified": false, "statuses_count": 238, "lang": null, "contributors_enabled": false, "is_translator": false, "is_translation_enabled": false, "profile_background_color": "C0DEED", "profile_background_image_url": "http://abs.twimg.com/images/themes/theme1/bg.png", "profile_background_image_url_https": "https://abs.twimg.com/images/themes/theme1/bg.png", "profile_background_tile": false, "profile_image_url": "http://pbs.twimg.com/profile_images/821460793610956803/0xQS3C6p_normal.jpg", "profile_image_url_https": "https://pbs.twimg.com/profile_images/821460793610956803/0xQS3C6p_normal.jpg", "profile_banner_url": "https://pbs.twimg.com/profile_banners/392321676/1484686626", "profile_link_color": "1DA1F2", "profile_sidebar_border_color": "C0DEED", "profile_sidebar_fill_color": "DDEEF6", "profile_text_color": "333333", "profile_use_background_image": true, "has_extended_profile": false, "default_profile": true, "default_profile_image": false, "following": false, "follow_request_sent": false, "notifications": false, "translator_type": "none"}, "geo": null, "coordinates": null, "place": null, "contributors": null, "is_quote_status": false, "retweet_count": 0, "favorite_count": 0, "favorited": false, "retweeted": false, "lang": "und", "reply_count": 0}