{"created_at": "Sat May 30 23:07:11 +0000 2020", "id": 1266868791247605760, "id_str": "1266868791247605760", "full_text": "@wiel75 @foxwoundband Actually these numbers are not accurate. \nHere are the actual numbers: https://t.co/DoGP6Uhfh0\nIt is mostly intraracial.", "truncated": false, "display_text_range": [22, 142], "entities": {"hashtags": [], "symbols": [], "user_mentions": [{"screen_name": "wiel75", "name": "Will. \ud83c\udfdb", "id": 53743439, "id_str": "53743439", "indices": [0, 7]}, {"screen_name": "foxwoundband", "name": "Fox Wound", "id": 3253132793, "id_str": "3253132793", "indices": [8, 21]}], "urls": [{"url": "https://t.co/DoGP6Uhfh0", "expanded_url": "https://ucr.fbi.gov/crime-in-the-u.s/2014/crime-in-the-u.s.-2014/tables/expanded-homicide-data/expanded_homicide_data_table_6_murder_race_and_sex_of_vicitm_by_race_and_sex_of_offender_2014.xls", "display_url": "ucr.fbi.gov/crime-in-the-u\u2026", "indices": [93, 116]}]}, "source": "<a href=\"https://mobile.twitter.com\" rel=\"nofollow\">Twitter Web App</a>", "in_reply_to_status_id": 1266868144544587783, "in_reply_to_status_id_str": "1266868144544587783", "in_reply_to_user_id": 970539660861673472, "in_reply_to_user_id_str": "970539660861673472", "in_reply_to_screen_name": "OverUnderStuff", "user": {"id": 970539660861673472, "id_str": "970539660861673472", "name": "The Over/Under", "screen_name": "OverUnderStuff", "location": "Minneapolis, Minnesota", "description": "NBA + \ud83c\uddfa\ud83c\uddf2 News Stuff + Movies \ud83d\udd25\ud83d\udd25\ud83d\udd25\n\nI'm a centrist trying to educate myself and make sense of everything.", "url": "https://t.co/XoWSSQ4tsj", "entities": {"url": {"urls": [{"url": "https://t.co/XoWSSQ4tsj", "expanded_url": "https://www.youtube.com/channel/UCdQ1Xd59z1yW5zYLVlubZAA", "display_url": "youtube.com/channel/UCdQ1X\u2026", "indices": [0, 23]}]}, "description": {"urls": []}}, "protected": false, "followers_count": 58, "friends_count": 132, "listed_count": 0, "created_at": "Mon Mar 05 06:01:01 +0000 2018", "favourites_count": 1490, "utc_offset": null, "time_zone": null, "geo_enabled": false, "verified": false, "statuses_count": 1622, "lang": null, "contributors_enabled": false, "is_translator": false, "is_translation_enabled": false, "profile_background_color": "F5F8FA", "profile_background_image_url": null, "profile_background_image_url_https": null, "profile_background_tile": false, "profile_image_url": "http://pbs.twimg.com/profile_images/1260281483329224705/kFPr9txd_normal.jpg", "profile_image_url_https": "https://pbs.twimg.com/profile_images/1260281483329224705/kFPr9txd_normal.jpg", "profile_banner_url": "https://pbs.twimg.com/profile_banners/970539660861673472/1592914200", "profile_link_color": "1DA1F2", "profile_sidebar_border_color": "C0DEED", "profile_sidebar_fill_color": "DDEEF6", "profile_text_color": "333333", "profile_use_background_image": true, "has_extended_profile": false, "default_profile": true, "default_profile_image": false, "following": false, "follow_request_sent": false, "notifications": false, "translator_type": "none"}, "geo": null, "coordinates": null, "place": null, "contributors": null, "is_quote_status": false, "retweet_count": 0, "favorite_count": 0, "favorited": false, "retweeted": false, "possibly_sensitive": false, "possibly_sensitive_appealable": false, "lang": "en", "reply_count": 0}