{"created_at": "Sun May 31 00:51:11 +0000 2020", "id": 1266894964333539328, "id_str": "1266894964333539328", "full_text": "@foxwoundband Such a tragedy &amp; so unnecessary. My heart goes out to this poor family. They shouldn\u2019t have to be stressing out about money at a time like this. Thank you to all the amazing people who are donating. \nRIP George \ud83d\ude2a\u2764\ufe0f\ud83d\ude07", "truncated": false, "display_text_range": [14, 233], "entities": {"hashtags": [], "symbols": [], "user_mentions": [{"screen_name": "foxwoundband", "name": "Fox Wound", "id": 3253132793, "id_str": "3253132793", "indices": [0, 13]}], "urls": []}, "source": "<a href=\"http://twitter.com/download/iphone\" rel=\"nofollow\">Twitter for iPhone</a>", "in_reply_to_status_id": 1266735137200525314, "in_reply_to_status_id_str": "1266735137200525314", "in_reply_to_user_id": 3253132793, "in_reply_to_user_id_str": "3253132793", "in_reply_to_screen_name": "foxwoundband", "user": {"id": 2872086290, "id_str": "2872086290", "name": "Mama Flip", "screen_name": "MamaFlip13", "location": "Calgary, Alberta", "description": "on Aug 1/15,Taylor made my daughters biggest dream come true.we walked in & i heard these words..Hey BUDDY! Its about time we finally get to meet, Ashley!", "url": null, "entities": {"description": {"urls": []}}, "protected": false, "followers_count": 93, "friends_count": 126, "listed_count": 0, "created_at": "Wed Oct 22 22:37:40 +0000 2014", "favourites_count": 3865, "utc_offset": null, "time_zone": null, "geo_enabled": true, "verified": false, "statuses_count": 1027, "lang": null, "contributors_enabled": false, "is_translator": false, "is_translation_enabled": false, "profile_background_color": "C0DEED", "profile_background_image_url": "http://abs.twimg.com/images/themes/theme1/bg.png", "profile_background_image_url_https": "https://abs.twimg.com/images/themes/theme1/bg.png", "profile_background_tile": false, "profile_image_url": "http://pbs.twimg.com/profile_images/1086207294105243649/pNpNQDfz_normal.jpg", "profile_image_url_https": "https://pbs.twimg.com/profile_images/1086207294105243649/pNpNQDfz_normal.jpg", "profile_banner_url": "https://pbs.twimg.com/profile_banners/2872086290/1438673758", "profile_link_color": "1DA1F2", "profile_sidebar_border_color": "C0DEED", "profile_sidebar_fill_color": "DDEEF6", "profile_text_color": "333333", "profile_use_background_image": true, "has_extended_profile": true, "default_profile": true, "default_profile_image": false, "following": false, "follow_request_sent": false, "notifications": false, "translator_type": "none"}, "geo": null, "coordinates": null, "place": null, "contributors": null, "is_quote_status": false, "retweet_count": 0, "favorite_count": 1, "favorited": false, "retweeted": false, "lang": "en", "reply_count": 0}