{"created_at": "Sat May 30 23:28:56 +0000 2020", "id": 1266874263224680449, "id_str": "1266874263224680449", "full_text": "@MtlfanSakic @Kittlylane @joeisagoon @foxwoundband How do you know? Did you check his ID? Look how much shorter he is. Look at his face and his stubby little kid hands.", "truncated": false, "display_text_range": [51, 168], "entities": {"hashtags": [], "symbols": [], "user_mentions": [{"screen_name": "MtlfanSakic", "name": "PeterSakic", "id": 1155297483502866432, "id_str": "1155297483502866432", "indices": [0, 12]}, {"screen_name": "Kittlylane", "name": "HRH Katherine Queen Of Antifa", "id": 63819798, "id_str": "63819798", "indices": [13, 24]}, {"screen_name": "joeisagoon", "name": "joe", "id": 352569575, "id_str": "352569575", "indices": [25, 36]}, {"screen_name": "foxwoundband", "name": "Fox Wound", "id": 3253132793, "id_str": "3253132793", "indices": [37, 50]}], "urls": []}, "source": "<a href=\"http://twitter.com/download/android\" rel=\"nofollow\">Twitter for Android</a>", "in_reply_to_status_id": 1266790879714410496, "in_reply_to_status_id_str": "1266790879714410496", "in_reply_to_user_id": 1155297483502866432, "in_reply_to_user_id_str": "1155297483502866432", "in_reply_to_screen_name": "MtlfanSakic", "user": {"id": 1155295005893955586, "id_str": "1155295005893955586", "name": "Blank (HA! I showed you!)", "screen_name": "TrickiestHarpy", "location": "", "description": "she/her. Not a celebrity or anything cool like that.\n\nBlack Lives Matter", "url": null, "entities": {"description": {"urls": []}}, "protected": false, "followers_count": 24, "friends_count": 123, "listed_count": 0, "created_at": "Sun Jul 28 01:52:48 +0000 2019", "favourites_count": 6702, "utc_offset": null, "time_zone": null, "geo_enabled": false, "verified": false, "statuses_count": 480, "lang": null, "contributors_enabled": false, "is_translator": false, "is_translation_enabled": false, "profile_background_color": "F5F8FA", "profile_background_image_url": null, "profile_background_image_url_https": null, "profile_background_tile": false, "profile_image_url": "http://pbs.twimg.com/profile_images/1268613762061385728/x5KRUGzV_normal.jpg", "profile_image_url_https": "https://pbs.twimg.com/profile_images/1268613762061385728/x5KRUGzV_normal.jpg", "profile_banner_url": "https://pbs.twimg.com/profile_banners/1155295005893955586/1591661681", "profile_link_color": "1DA1F2", "profile_sidebar_border_color": "C0DEED", "profile_sidebar_fill_color": "DDEEF6", "profile_text_color": "333333", "profile_use_background_image": true, "has_extended_profile": true, "default_profile": true, "default_profile_image": false, "following": false, "follow_request_sent": false, "notifications": false, "translator_type": "none"}, "geo": null, "coordinates": null, "place": null, "contributors": null, "is_quote_status": false, "retweet_count": 0, "favorite_count": 0, "favorited": false, "retweeted": false, "lang": "en", "reply_count": 1}