{"created_at": "Sat May 30 20:56:28 +0000 2020", "id": 1266835892905312256, "id_str": "1266835892905312256", "full_text": "@foxwoundband Raising money for NAACP education and  legal defense fund.  A signal boost would be welcome.", "truncated": false, "display_text_range": [14, 106], "entities": {"hashtags": [], "symbols": [], "user_mentions": [{"screen_name": "foxwoundband", "name": "Fox Wound", "id": 3253132793, "id_str": "3253132793", "indices": [0, 13]}], "urls": []}, "source": "<a href=\"http://twitter.com/download/iphone\" rel=\"nofollow\">Twitter for iPhone</a>", "in_reply_to_status_id": 1266613385862447104, "in_reply_to_status_id_str": "1266613385862447104", "in_reply_to_user_id": 3253132793, "in_reply_to_user_id_str": "3253132793", "in_reply_to_screen_name": "foxwoundband", "user": {"id": 1663703389, "id_str": "1663703389", "name": "I \ud83d\udc9c\ud83e\udd96\ud83e\udd95\ud83e\udd43\ud83c\udf77\ud83c\udf79", "screen_name": "floopymonsters", "location": "", "description": "", "url": null, "entities": {"description": {"urls": []}}, "protected": false, "followers_count": 25, "friends_count": 135, "listed_count": 3, "created_at": "Sun Aug 11 23:26:12 +0000 2013", "favourites_count": 2874, "utc_offset": null, "time_zone": null, "geo_enabled": false, "verified": false, "statuses_count": 2635, "lang": null, "contributors_enabled": false, "is_translator": false, "is_translation_enabled": false, "profile_background_color": "C0DEED", "profile_background_image_url": "http://abs.twimg.com/images/themes/theme1/bg.png", "profile_background_image_url_https": "https://abs.twimg.com/images/themes/theme1/bg.png", "profile_background_tile": false, "profile_image_url": "http://pbs.twimg.com/profile_images/814712927529766912/hpg-Fgdk_normal.jpg", "profile_image_url_https": "https://pbs.twimg.com/profile_images/814712927529766912/hpg-Fgdk_normal.jpg", "profile_banner_url": "https://pbs.twimg.com/profile_banners/1663703389/1483077675", "profile_link_color": "006BB3", "profile_sidebar_border_color": "C0DEED", "profile_sidebar_fill_color": "DDEEF6", "profile_text_color": "333333", "profile_use_background_image": true, "has_extended_profile": false, "default_profile": false, "default_profile_image": false, "following": false, "follow_request_sent": false, "notifications": false, "translator_type": "none"}, "geo": null, "coordinates": null, "place": null, "contributors": null, "is_quote_status": false, "retweet_count": 0, "favorite_count": 0, "favorited": false, "retweeted": false, "lang": "en", "reply_count": 0}