{"created_at": "Sat May 30 22:31:55 +0000 2020", "id": 1266859915068481536, "id_str": "1266859915068481536", "full_text": "@ashleyguinn_ @angel_felixv @foxwoundband Even as a troll", "truncated": false, "display_text_range": [42, 57], "entities": {"hashtags": [], "symbols": [], "user_mentions": [{"screen_name": "ashleyguinn_", "name": "hanigirl", "id": 4302831677, "id_str": "4302831677", "indices": [0, 13]}, {"screen_name": "angel_felixv", "name": "No Justice, No Peace. \ud83c\udf39\ud83e\uddba", "id": 2323154035, "id_str": "2323154035", "indices": [14, 27]}, {"screen_name": "foxwoundband", "name": "Fox Wound", "id": 3253132793, "id_str": "3253132793", "indices": [28, 41]}], "urls": []}, "source": "<a href=\"http://twitter.com/download/android\" rel=\"nofollow\">Twitter for Android</a>", "in_reply_to_status_id": 1266859664022650880, "in_reply_to_status_id_str": "1266859664022650880", "in_reply_to_user_id": 1226704169530204160, "in_reply_to_user_id_str": "1226704169530204160", "in_reply_to_screen_name": "SanitySybil", "user": {"id": 1226704169530204160, "id_str": "1226704169530204160", "name": "SybilSanity", "screen_name": "SanitySybil", "location": "", "description": "Bringing the sanity in religion, politics, and life. Also I like horror movies and video games \ud83e\udd23", "url": null, "entities": {"description": {"urls": []}}, "protected": false, "followers_count": 1, "friends_count": 24, "listed_count": 0, "created_at": "Mon Feb 10 03:07:48 +0000 2020", "favourites_count": 121, "utc_offset": null, "time_zone": null, "geo_enabled": false, "verified": false, "statuses_count": 81, "lang": null, "contributors_enabled": false, "is_translator": false, "is_translation_enabled": false, "profile_background_color": "F5F8FA", "profile_background_image_url": null, "profile_background_image_url_https": null, "profile_background_tile": false, "profile_image_url": "http://pbs.twimg.com/profile_images/1226705182286852098/MoXTrSHm_normal.jpg", "profile_image_url_https": "https://pbs.twimg.com/profile_images/1226705182286852098/MoXTrSHm_normal.jpg", "profile_link_color": "1DA1F2", "profile_sidebar_border_color": "C0DEED", "profile_sidebar_fill_color": "DDEEF6", "profile_text_color": "333333", "profile_use_background_image": true, "has_extended_profile": false, "default_profile": true, "default_profile_image": false, "following": false, "follow_request_sent": false, "notifications": false, "translator_type": "none"}, "geo": null, "coordinates": null, "place": null, "contributors": null, "is_quote_status": false, "retweet_count": 0, "favorite_count": 34, "favorited": false, "retweeted": false, "lang": "en", "reply_count": 1}