{"created_at": "Sat May 30 21:21:03 +0000 2020", "id": 1266842082787950595, "id_str": "1266842082787950595", "full_text": "@foxwoundband Huh!? I am confused now.", "truncated": false, "display_text_range": [14, 38], "entities": {"hashtags": [], "symbols": [], "user_mentions": [{"screen_name": "foxwoundband", "name": "Fox Wound", "id": 3253132793, "id_str": "3253132793", "indices": [0, 13]}], "urls": []}, "source": "<a href=\"http://twitter.com/download/android\" rel=\"nofollow\">Twitter for Android</a>", "in_reply_to_status_id": 1266613385862447104, "in_reply_to_status_id_str": "1266613385862447104", "in_reply_to_user_id": 3253132793, "in_reply_to_user_id_str": "3253132793", "in_reply_to_screen_name": "foxwoundband", "user": {"id": 2411544284, "id_str": "2411544284", "name": "Nyxll Arnana", "screen_name": "Nyxll_Arnana", "location": "", "description": "I am Nyxll. I am that nobody on Twitter. Despite being a nobody, I am a supporter of the #BringBackNationalDex movement, and will do anything to defend it.", "url": null, "entities": {"description": {"urls": []}}, "protected": false, "followers_count": 23, "friends_count": 21, "listed_count": 0, "created_at": "Tue Mar 25 21:10:33 +0000 2014", "favourites_count": 165, "utc_offset": null, "time_zone": null, "geo_enabled": false, "verified": false, "statuses_count": 735, "lang": null, "contributors_enabled": false, "is_translator": false, "is_translation_enabled": false, "profile_background_color": "000000", "profile_background_image_url": "http://abs.twimg.com/images/themes/theme1/bg.png", "profile_background_image_url_https": "https://abs.twimg.com/images/themes/theme1/bg.png", "profile_background_tile": false, "profile_image_url": "http://pbs.twimg.com/profile_images/1264954579151728646/ONx11KVT_normal.jpg", "profile_image_url_https": "https://pbs.twimg.com/profile_images/1264954579151728646/ONx11KVT_normal.jpg", "profile_link_color": "981CEB", "profile_sidebar_border_color": "000000", "profile_sidebar_fill_color": "000000", "profile_text_color": "000000", "profile_use_background_image": false, "has_extended_profile": false, "default_profile": false, "default_profile_image": false, "following": false, "follow_request_sent": false, "notifications": false, "translator_type": "none"}, "geo": null, "coordinates": null, "place": null, "contributors": null, "is_quote_status": false, "retweet_count": 0, "favorite_count": 0, "favorited": false, "retweeted": false, "lang": "en", "reply_count": 0}