{"created_at": "Sat May 30 06:39:47 +0000 2020", "id": 1266620302022369280, "id_str": "1266620302022369280", "full_text": "@foxwoundband The city of Atlanta has activated its Volkssturm. Never a good sign, folks.", "truncated": false, "display_text_range": [14, 89], "entities": {"hashtags": [], "symbols": [], "user_mentions": [{"screen_name": "foxwoundband", "name": "Fox Wound", "id": 3253132793, "id_str": "3253132793", "indices": [0, 13]}], "urls": []}, "source": "<a href=\"https://mobile.twitter.com\" rel=\"nofollow\">Twitter Web App</a>", "in_reply_to_status_id": 1266613385862447104, "in_reply_to_status_id_str": "1266613385862447104", "in_reply_to_user_id": 3253132793, "in_reply_to_user_id_str": "3253132793", "in_reply_to_screen_name": "foxwoundband", "user": {"id": 1157792664949055488, "id_str": "1157792664949055488", "name": "Krumping4Christ \ud83e\udde0\ud83d\udcc9", "screen_name": "krumping4", "location": "Diego Garcia, CIA", "description": "Hunter Biden stan account/Mind File Computer for podcasts and arcane twitter beefs. Pronouns. Marg bar \u0100mrik\u0101, of course. #RepealTaftHartley \u262d", "url": "https://t.co/2zqoIxZwlI", "entities": {"url": {"urls": [{"url": "https://t.co/2zqoIxZwlI", "expanded_url": "http://sensualdemocrat.com", "display_url": "sensualdemocrat.com", "indices": [0, 23]}]}, "description": {"urls": []}}, "protected": false, "followers_count": 362, "friends_count": 882, "listed_count": 0, "created_at": "Sat Aug 03 23:17:36 +0000 2019", "favourites_count": 113519, "utc_offset": null, "time_zone": null, "geo_enabled": false, "verified": false, "statuses_count": 7425, "lang": null, "contributors_enabled": false, "is_translator": false, "is_translation_enabled": false, "profile_background_color": "F5F8FA", "profile_background_image_url": null, "profile_background_image_url_https": null, "profile_background_tile": false, "profile_image_url": "http://pbs.twimg.com/profile_images/1237948852512206848/C6Sb2D7T_normal.png", "profile_image_url_https": "https://pbs.twimg.com/profile_images/1237948852512206848/C6Sb2D7T_normal.png", "profile_banner_url": "https://pbs.twimg.com/profile_banners/1157792664949055488/1569528809", "profile_link_color": "1DA1F2", "profile_sidebar_border_color": "C0DEED", "profile_sidebar_fill_color": "DDEEF6", "profile_text_color": "333333", "profile_use_background_image": true, "has_extended_profile": false, "default_profile": true, "default_profile_image": false, "following": false, "follow_request_sent": false, "notifications": false, "translator_type": "none"}, "geo": null, "coordinates": null, "place": null, "contributors": null, "is_quote_status": false, "retweet_count": 5, "favorite_count": 153, "favorited": false, "retweeted": false, "lang": "en", "reply_count": 2}