{"created_at": "Sat May 30 07:00:59 +0000 2020", "id": 1266625635851567104, "id_str": "1266625635851567104", "full_text": "@tynate1 @foxwoundband @killmeslime It could backfire HORRIBLY. The question is going to be asked \"why did you send your son to be used as a meat shield for adult cops?\"", "truncated": false, "display_text_range": [36, 169], "entities": {"hashtags": [], "symbols": [], "user_mentions": [{"screen_name": "tynate1", "name": "Flphonton 1", "id": 2583344674, "id_str": "2583344674", "indices": [0, 8]}, {"screen_name": "foxwoundband", "name": "Fox Wound", "id": 3253132793, "id_str": "3253132793", "indices": [9, 22]}, {"screen_name": "killmeslime", "name": "slime", "id": 4836335414, "id_str": "4836335414", "indices": [23, 35]}], "urls": []}, "source": "<a href=\"http://twitter.com/download/android\" rel=\"nofollow\">Twitter for Android</a>", "in_reply_to_status_id": 1266619593143058432, "in_reply_to_status_id_str": "1266619593143058432", "in_reply_to_user_id": 2583344674, "in_reply_to_user_id_str": "2583344674", "in_reply_to_screen_name": "tynate1", "user": {"id": 1189343064776740864, "id_str": "1189343064776740864", "name": "Throatshot", "screen_name": "Throatshot_", "location": "", "description": "some graffiti schmuck", "url": null, "entities": {"description": {"urls": []}}, "protected": false, "followers_count": 22, "friends_count": 49, "listed_count": 0, "created_at": "Wed Oct 30 00:47:53 +0000 2019", "favourites_count": 2058, "utc_offset": null, "time_zone": null, "geo_enabled": false, "verified": false, "statuses_count": 3471, "lang": null, "contributors_enabled": false, "is_translator": false, "is_translation_enabled": false, "profile_background_color": "F5F8FA", "profile_background_image_url": null, "profile_background_image_url_https": null, "profile_background_tile": false, "profile_image_url": "http://pbs.twimg.com/profile_images/1236026060074110977/fE1gAT1p_normal.jpg", "profile_image_url_https": "https://pbs.twimg.com/profile_images/1236026060074110977/fE1gAT1p_normal.jpg", "profile_banner_url": "https://pbs.twimg.com/profile_banners/1189343064776740864/1592094563", "profile_link_color": "1DA1F2", "profile_sidebar_border_color": "C0DEED", "profile_sidebar_fill_color": "DDEEF6", "profile_text_color": "333333", "profile_use_background_image": true, "has_extended_profile": true, "default_profile": true, "default_profile_image": false, "following": false, "follow_request_sent": false, "notifications": false, "translator_type": "none"}, "geo": null, "coordinates": null, "place": null, "contributors": null, "is_quote_status": false, "retweet_count": 1, "favorite_count": 61, "favorited": false, "retweeted": false, "lang": "en", "reply_count": 1}