{"created_at": "Sun May 31 05:36:21 +0000 2020", "id": 1266966726832345095, "id_str": "1266966726832345095", "full_text": "@sevenofnine328 @foxwoundband @sylviamcc123 Whatever, you're a Borg", "truncated": false, "display_text_range": [44, 67], "entities": {"hashtags": [], "symbols": [], "user_mentions": [{"screen_name": "sevenofnine328", "name": "Seven of Nine", "id": 1105047493, "id_str": "1105047493", "indices": [0, 15]}, {"screen_name": "foxwoundband", "name": "Fox Wound", "id": 3253132793, "id_str": "3253132793", "indices": [16, 29]}, {"screen_name": "sylviamcc123", "name": "A girl from belfast ( sophia )\ud83c\udf40\ud83c\uddec\ud83c\udde7\ud83c\udf40", "id": 2487465981, "id_str": "2487465981", "indices": [30, 43]}], "urls": []}, "source": "<a href=\"http://twitter.com/download/android\" rel=\"nofollow\">Twitter for Android</a>", "in_reply_to_status_id": 1266964780419612673, "in_reply_to_status_id_str": "1266964780419612673", "in_reply_to_user_id": 1105047493, "in_reply_to_user_id_str": "1105047493", "in_reply_to_screen_name": "sevenofnine328", "user": {"id": 39206426, "id_str": "39206426", "name": "Sleepy Head", "screen_name": "paidpublished", "location": "", "description": "sf born and raised, oakland local, trying to survive a capitalist dystopia, harm reductionist, they/them", "url": null, "entities": {"description": {"urls": []}}, "protected": false, "followers_count": 162, "friends_count": 650, "listed_count": 1, "created_at": "Mon May 11 06:35:19 +0000 2009", "favourites_count": 4842, "utc_offset": null, "time_zone": null, "geo_enabled": false, "verified": false, "statuses_count": 6791, "lang": null, "contributors_enabled": false, "is_translator": false, "is_translation_enabled": false, "profile_background_color": "000000", "profile_background_image_url": "http://abs.twimg.com/images/themes/theme1/bg.png", "profile_background_image_url_https": "https://abs.twimg.com/images/themes/theme1/bg.png", "profile_background_tile": false, "profile_image_url": "http://pbs.twimg.com/profile_images/491983632802660352/327_lwht_normal.jpeg", "profile_image_url_https": "https://pbs.twimg.com/profile_images/491983632802660352/327_lwht_normal.jpeg", "profile_link_color": "7FDBB6", "profile_sidebar_border_color": "000000", "profile_sidebar_fill_color": "000000", "profile_text_color": "000000", "profile_use_background_image": false, "has_extended_profile": false, "default_profile": false, "default_profile_image": false, "following": false, "follow_request_sent": false, "notifications": false, "translator_type": "none"}, "geo": null, "coordinates": null, "place": null, "contributors": null, "is_quote_status": false, "retweet_count": 0, "favorite_count": 0, "favorited": false, "retweeted": false, "lang": "en", "reply_count": 0}