{"created_at": "Sat May 30 06:40:34 +0000 2020", "id": 1266620499024654337, "id_str": "1266620499024654337", "full_text": "@foxwoundband @JamilahLemieux If this is real, it\u2019s child abuse.", "truncated": false, "display_text_range": [30, 64], "entities": {"hashtags": [], "symbols": [], "user_mentions": [{"screen_name": "foxwoundband", "name": "Fox Wound", "id": 3253132793, "id_str": "3253132793", "indices": [0, 13]}, {"screen_name": "JamilahLemieux", "name": "jamilah (is in the crib like you should be.)", "id": 16265742, "id_str": "16265742", "indices": [14, 29]}], "urls": []}, "source": "<a href=\"http://twitter.com/#!/download/ipad\" rel=\"nofollow\">Twitter for iPad</a>", "in_reply_to_status_id": 1266613385862447104, "in_reply_to_status_id_str": "1266613385862447104", "in_reply_to_user_id": 3253132793, "in_reply_to_user_id_str": "3253132793", "in_reply_to_screen_name": "foxwoundband", "user": {"id": 293116887, "id_str": "293116887", "name": "Deirdre", "screen_name": "DeedeBerg", "location": "", "description": "teacher, musician, reader, avid supporter of equality. love=love, progressive Democrat, UCC Christian.", "url": null, "entities": {"description": {"urls": []}}, "protected": false, "followers_count": 281, "friends_count": 507, "listed_count": 8, "created_at": "Wed May 04 19:51:20 +0000 2011", "favourites_count": 23232, "utc_offset": null, "time_zone": null, "geo_enabled": true, "verified": false, "statuses_count": 6351, "lang": null, "contributors_enabled": false, "is_translator": false, "is_translation_enabled": false, "profile_background_color": "C0DEED", "profile_background_image_url": "http://abs.twimg.com/images/themes/theme1/bg.png", "profile_background_image_url_https": "https://abs.twimg.com/images/themes/theme1/bg.png", "profile_background_tile": false, "profile_image_url": "http://pbs.twimg.com/profile_images/1230168689074429953/wBuL5Zjf_normal.jpg", "profile_image_url_https": "https://pbs.twimg.com/profile_images/1230168689074429953/wBuL5Zjf_normal.jpg", "profile_banner_url": "https://pbs.twimg.com/profile_banners/293116887/1568483377", "profile_link_color": "1DA1F2", "profile_sidebar_border_color": "C0DEED", "profile_sidebar_fill_color": "DDEEF6", "profile_text_color": "333333", "profile_use_background_image": true, "has_extended_profile": false, "default_profile": true, "default_profile_image": false, "following": false, "follow_request_sent": false, "notifications": false, "translator_type": "none"}, "geo": null, "coordinates": null, "place": null, "contributors": null, "is_quote_status": false, "retweet_count": 1, "favorite_count": 108, "favorited": false, "retweeted": false, "lang": "en", "reply_count": 1}