{"created_at": "Sun May 31 02:14:57 +0000 2020", "id": 1266916044804952064, "id_str": "1266916044804952064", "full_text": "@pinkpastelles @lostmidwestern @foxwoundband I don\u2019t believe that\u2019s a man though, also proportions do changed with age, the minimum age to join the national guard is 17 there\u2019s plenty of 17 year old who look like they are 14 and have the proportions of a 14 year old", "truncated": false, "display_text_range": [45, 266], "entities": {"hashtags": [], "symbols": [], "user_mentions": [{"screen_name": "pinkpastelles", "name": "\ud835\udd64\ud835\udd52\ud835\udd63\ud835\udd52 \ud835\udd5d\ud835\udd60\ud835\udd54\ud835\udd5c\ud835\udd5d\ud835\udd56\ud835\udd52\ud835\udd63 \ud83c\udf80\ud83d\udc96\ud83d\udc31\ud83c\udf6d", "id": 1197100240278441984, "id_str": "1197100240278441984", "indices": [0, 14]}, {"screen_name": "lostmidwestern", "name": "Jake Marx", "id": 216177450, "id_str": "216177450", "indices": [15, 30]}, {"screen_name": "foxwoundband", "name": "Fox Wound", "id": 3253132793, "id_str": "3253132793", "indices": [31, 44]}], "urls": []}, "source": "<a href=\"http://twitter.com/download/iphone\" rel=\"nofollow\">Twitter for iPhone</a>", "in_reply_to_status_id": 1266914290637758464, "in_reply_to_status_id_str": "1266914290637758464", "in_reply_to_user_id": 1197100240278441984, "in_reply_to_user_id_str": "1197100240278441984", "in_reply_to_screen_name": "pinkpastelles", "user": {"id": 2432802489, "id_str": "2432802489", "name": "ADS", "screen_name": "AFC_ADS", "location": "London, England", "description": "Arsenal \ud83d\udd34\u26aa\ufe0f", "url": null, "entities": {"description": {"urls": []}}, "protected": false, "followers_count": 115, "friends_count": 130, "listed_count": 0, "created_at": "Mon Mar 24 07:51:09 +0000 2014", "favourites_count": 794, "utc_offset": null, "time_zone": null, "geo_enabled": false, "verified": false, "statuses_count": 12422, "lang": null, "contributors_enabled": false, "is_translator": false, "is_translation_enabled": false, "profile_background_color": "C0DEED", "profile_background_image_url": "http://abs.twimg.com/images/themes/theme1/bg.png", "profile_background_image_url_https": "https://abs.twimg.com/images/themes/theme1/bg.png", "profile_background_tile": false, "profile_image_url": "http://pbs.twimg.com/profile_images/1137472966999072768/mAuPRsnz_normal.jpg", "profile_image_url_https": "https://pbs.twimg.com/profile_images/1137472966999072768/mAuPRsnz_normal.jpg", "profile_banner_url": "https://pbs.twimg.com/profile_banners/2432802489/1560030125", "profile_link_color": "1DA1F2", "profile_sidebar_border_color": "C0DEED", "profile_sidebar_fill_color": "DDEEF6", "profile_text_color": "333333", "profile_use_background_image": true, "has_extended_profile": false, "default_profile": true, "default_profile_image": false, "following": false, "follow_request_sent": false, "notifications": false, "translator_type": "none"}, "geo": null, "coordinates": null, "place": null, "contributors": null, "is_quote_status": false, "retweet_count": 0, "favorite_count": 1, "favorited": false, "retweeted": false, "lang": "en", "reply_count": 0}