{"created_at": "Sat May 30 22:48:41 +0000 2020", "id": 1266864133489688577, "id_str": "1266864133489688577", "full_text": "@YardstickOfCiv @foxwoundband Helping one another? Cmon now", "truncated": false, "display_text_range": [30, 59], "entities": {"hashtags": [], "symbols": [], "user_mentions": [{"screen_name": "YardstickOfCiv", "name": "Yardstick of Civilization", "id": 1163157085179252737, "id_str": "1163157085179252737", "indices": [0, 15]}, {"screen_name": "foxwoundband", "name": "Fox Wound", "id": 3253132793, "id_str": "3253132793", "indices": [16, 29]}], "urls": []}, "source": "<a href=\"http://twitter.com/download/iphone\" rel=\"nofollow\">Twitter for iPhone</a>", "in_reply_to_status_id": 1266785058024718336, "in_reply_to_status_id_str": "1266785058024718336", "in_reply_to_user_id": 1163157085179252737, "in_reply_to_user_id_str": "1163157085179252737", "in_reply_to_screen_name": "YardstickOfCiv", "user": {"id": 3290049567, "id_str": "3290049567", "name": "Jaz \ud83d\udd96\ud83c\udffe", "screen_name": "jaz_rich99", "location": "Oklahoma City, OK", "description": "\ud83d\udc7d Fuck me up on a spiritual level. \ud83d\udc7d #feelLebass", "url": null, "entities": {"description": {"urls": []}}, "protected": false, "followers_count": 329, "friends_count": 137, "listed_count": 1, "created_at": "Tue May 19 14:49:23 +0000 2015", "favourites_count": 397, "utc_offset": null, "time_zone": null, "geo_enabled": false, "verified": false, "statuses_count": 508, "lang": null, "contributors_enabled": false, "is_translator": false, "is_translation_enabled": false, "profile_background_color": "C0DEED", "profile_background_image_url": "http://abs.twimg.com/images/themes/theme1/bg.png", "profile_background_image_url_https": "https://abs.twimg.com/images/themes/theme1/bg.png", "profile_background_tile": false, "profile_image_url": "http://pbs.twimg.com/profile_images/860993041993265153/lNMP5y0d_normal.jpg", "profile_image_url_https": "https://pbs.twimg.com/profile_images/860993041993265153/lNMP5y0d_normal.jpg", "profile_banner_url": "https://pbs.twimg.com/profile_banners/3290049567/1489726723", "profile_link_color": "1DA1F2", "profile_sidebar_border_color": "C0DEED", "profile_sidebar_fill_color": "DDEEF6", "profile_text_color": "333333", "profile_use_background_image": true, "has_extended_profile": true, "default_profile": true, "default_profile_image": false, "following": false, "follow_request_sent": false, "notifications": false, "translator_type": "none"}, "geo": null, "coordinates": null, "place": null, "contributors": null, "is_quote_status": false, "retweet_count": 0, "favorite_count": 0, "favorited": false, "retweeted": false, "lang": "en", "reply_count": 0}