{"created_at": "Sat May 30 20:38:33 +0000 2020", "id": 1266831385676910593, "id_str": "1266831385676910593", "full_text": "@HelloIambored @poopoo41114625 @joeisagoon Judging from the truck in the back (an LMTV), the others are between 5' and 6'. The person filming this is very tall, or holding his camera above his head. They're normal sized people, they just look little because of the angle.", "truncated": false, "display_text_range": [43, 271], "entities": {"hashtags": [], "symbols": [], "user_mentions": [{"screen_name": "HelloIambored", "name": "Hleen", "id": 974214372326338561, "id_str": "974214372326338561", "indices": [0, 14]}, {"screen_name": "poopoo41114625", "name": "poopoo", "id": 1233751134969438208, "id_str": "1233751134969438208", "indices": [15, 30]}, {"screen_name": "joeisagoon", "name": "joe", "id": 352569575, "id_str": "352569575", "indices": [31, 42]}], "urls": []}, "source": "<a href=\"https://mobile.twitter.com\" rel=\"nofollow\">Twitter Web App</a>", "in_reply_to_status_id": 1266828546078502912, "in_reply_to_status_id_str": "1266828546078502912", "in_reply_to_user_id": 974214372326338561, "in_reply_to_user_id_str": "974214372326338561", "in_reply_to_screen_name": "HelloIambored", "user": {"id": 1199736533592395777, "id_str": "1199736533592395777", "name": "M_messervy", "screen_name": "messervy_m", "location": "", "description": "you ever just put a gun to your temple to see what it feels like", "url": null, "entities": {"description": {"urls": []}}, "protected": false, "followers_count": 7, "friends_count": 33, "listed_count": 0, "created_at": "Wed Nov 27 17:07:43 +0000 2019", "favourites_count": 1417, "utc_offset": null, "time_zone": null, "geo_enabled": false, "verified": false, "statuses_count": 636, "lang": null, "contributors_enabled": false, "is_translator": false, "is_translation_enabled": false, "profile_background_color": "F5F8FA", "profile_background_image_url": null, "profile_background_image_url_https": null, "profile_background_tile": false, "profile_image_url": "http://pbs.twimg.com/profile_images/1216092014606835712/b4pET1yT_normal.jpg", "profile_image_url_https": "https://pbs.twimg.com/profile_images/1216092014606835712/b4pET1yT_normal.jpg", "profile_banner_url": "https://pbs.twimg.com/profile_banners/1199736533592395777/1581916160", "profile_link_color": "1DA1F2", "profile_sidebar_border_color": "C0DEED", "profile_sidebar_fill_color": "DDEEF6", "profile_text_color": "333333", "profile_use_background_image": true, "has_extended_profile": true, "default_profile": true, "default_profile_image": false, "following": false, "follow_request_sent": false, "notifications": false, "translator_type": "none"}, "geo": null, "coordinates": null, "place": null, "contributors": null, "is_quote_status": false, "retweet_count": 0, "favorite_count": 0, "favorited": false, "retweeted": false, "lang": "en", "reply_count": 0}