{"created_at": "Sat May 30 21:09:34 +0000 2020", "id": 1266839189582200833, "id_str": "1266839189582200833", "full_text": "@foxwoundband Child abuse!", "truncated": false, "display_text_range": [14, 26], "entities": {"hashtags": [], "symbols": [], "user_mentions": [{"screen_name": "foxwoundband", "name": "Fox Wound", "id": 3253132793, "id_str": "3253132793", "indices": [0, 13]}], "urls": []}, "source": "<a href=\"http://twitter.com/download/android\" rel=\"nofollow\">Twitter for Android</a>", "in_reply_to_status_id": 1266613385862447104, "in_reply_to_status_id_str": "1266613385862447104", "in_reply_to_user_id": 3253132793, "in_reply_to_user_id_str": "3253132793", "in_reply_to_screen_name": "foxwoundband", "user": {"id": 732899092523687937, "id_str": "732899092523687937", "name": "Mary Caruso", "screen_name": "Chicagoing1", "location": "", "description": "", "url": null, "entities": {"description": {"urls": []}}, "protected": false, "followers_count": 47, "friends_count": 639, "listed_count": 0, "created_at": "Wed May 18 11:42:15 +0000 2016", "favourites_count": 24429, "utc_offset": null, "time_zone": null, "geo_enabled": false, "verified": false, "statuses_count": 1433, "lang": null, "contributors_enabled": false, "is_translator": false, "is_translation_enabled": false, "profile_background_color": "F5F8FA", "profile_background_image_url": null, "profile_background_image_url_https": null, "profile_background_tile": false, "profile_image_url": "http://pbs.twimg.com/profile_images/829803318910283780/0H4dfHip_normal.jpg", "profile_image_url_https": "https://pbs.twimg.com/profile_images/829803318910283780/0H4dfHip_normal.jpg", "profile_link_color": "1DA1F2", "profile_sidebar_border_color": "C0DEED", "profile_sidebar_fill_color": "DDEEF6", "profile_text_color": "333333", "profile_use_background_image": true, "has_extended_profile": false, "default_profile": true, "default_profile_image": false, "following": false, "follow_request_sent": false, "notifications": false, "translator_type": "none"}, "geo": null, "coordinates": null, "place": null, "contributors": null, "is_quote_status": false, "retweet_count": 0, "favorite_count": 0, "favorited": false, "retweeted": false, "lang": "en", "reply_count": 0}