{"created_at": "Sat May 30 07:45:50 +0000 2020", "id": 1266636923734376448, "id_str": "1266636923734376448", "full_text": "@authorisebeaver @ryanisnotflyin @foxwoundband I know it\u2019s not an accurate take, but really was hoping to see my hero with his IPad Pro in there\ud83d\udc80\ud83d\ude2d https://t.co/OwZma5VbbG", "truncated": false, "display_text_range": [47, 146], "entities": {"hashtags": [], "symbols": [], "user_mentions": [{"screen_name": "authorisebeaver", "name": "rhi\u2601\ufe0f//backup", "id": 1248421549981523968, "id_str": "1248421549981523968", "indices": [0, 16]}, {"screen_name": "ryanisnotflyin", "name": "Ryan", "id": 1254255948756967425, "id_str": "1254255948756967425", "indices": [17, 32]}, {"screen_name": "foxwoundband", "name": "Fox Wound", "id": 3253132793, "id_str": "3253132793", "indices": [33, 46]}], "urls": [], "media": [{"id": 1266636917698818049, "id_str": "1266636917698818049", "indices": [147, 170], "media_url": "http://pbs.twimg.com/media/EZP_kNLVcAE5ZKG.jpg", "media_url_https": "https://pbs.twimg.com/media/EZP_kNLVcAE5ZKG.jpg", "url": "https://t.co/OwZma5VbbG", "display_url": "pic.twitter.com/OwZma5VbbG", "expanded_url": "https://twitter.com/thejessejr/status/1266636923734376448/photo/1", "type": "photo", "sizes": {"thumb": {"w": 150, "h": 150, "resize": "crop"}, "medium": {"w": 796, "h": 1024, "resize": "fit"}, "large": {"w": 796, "h": 1024, "resize": "fit"}, "small": {"w": 529, "h": 680, "resize": "fit"}}}]}, "extended_entities": {"media": [{"id": 1266636917698818049, "id_str": "1266636917698818049", "indices": [147, 170], "media_url": "http://pbs.twimg.com/media/EZP_kNLVcAE5ZKG.jpg", "media_url_https": "https://pbs.twimg.com/media/EZP_kNLVcAE5ZKG.jpg", "url": "https://t.co/OwZma5VbbG", "display_url": "pic.twitter.com/OwZma5VbbG", "expanded_url": "https://twitter.com/thejessejr/status/1266636923734376448/photo/1", "type": "photo", "sizes": {"thumb": {"w": 150, "h": 150, "resize": "crop"}, "medium": {"w": 796, "h": 1024, "resize": "fit"}, "large": {"w": 796, "h": 1024, "resize": "fit"}, "small": {"w": 529, "h": 680, "resize": "fit"}}}]}, "source": "<a href=\"http://twitter.com/download/iphone\" rel=\"nofollow\">Twitter for iPhone</a>", "in_reply_to_status_id": 1266615838829883394, "in_reply_to_status_id_str": "1266615838829883394", "in_reply_to_user_id": 1248421549981523968, "in_reply_to_user_id_str": "1248421549981523968", "in_reply_to_screen_name": "authorisebeaver", "user": {"id": 1077825546078175232, "id_str": "1077825546078175232", "name": "Jesse", "screen_name": "thejessejr", "location": "California, USA", "description": "welcome to the island of misfit toys. 28.", "url": null, "entities": {"description": {"urls": []}}, "protected": false, "followers_count": 71, "friends_count": 155, "listed_count": 0, "created_at": "Wed Dec 26 07:16:49 +0000 2018", "favourites_count": 13474, "utc_offset": null, "time_zone": null, "geo_enabled": true, "verified": false, "statuses_count": 3310, "lang": null, "contributors_enabled": false, "is_translator": false, "is_translation_enabled": false, "profile_background_color": "F5F8FA", "profile_background_image_url": null, "profile_background_image_url_https": null, "profile_background_tile": false, "profile_image_url": "http://pbs.twimg.com/profile_images/1268060947018477569/xNqUOF25_normal.jpg", "profile_image_url_https": "https://pbs.twimg.com/profile_images/1268060947018477569/xNqUOF25_normal.jpg", "profile_banner_url": "https://pbs.twimg.com/profile_banners/1077825546078175232/1591080969", "profile_link_color": "1DA1F2", "profile_sidebar_border_color": "C0DEED", "profile_sidebar_fill_color": "DDEEF6", "profile_text_color": "333333", "profile_use_background_image": true, "has_extended_profile": true, "default_profile": true, "default_profile_image": false, "following": false, "follow_request_sent": false, "notifications": false, "translator_type": "none"}, "geo": null, "coordinates": null, "place": null, "contributors": null, "is_quote_status": false, "retweet_count": 3, "favorite_count": 222, "favorited": false, "retweeted": false, "possibly_sensitive": false, "possibly_sensitive_appealable": false, "lang": "en", "reply_count": 2}