{"created_at": "Sat May 30 14:21:01 +0000 2020", "id": 1266736376562802690, "id_str": "1266736376562802690", "full_text": "@foxwoundband Shiiiit https://t.co/xPzizh0cVi", "truncated": false, "display_text_range": [14, 21], "entities": {"hashtags": [], "symbols": [], "user_mentions": [{"screen_name": "foxwoundband", "name": "Fox Wound", "id": 3253132793, "id_str": "3253132793", "indices": [0, 13]}], "urls": [], "media": [{"id": 1266736311727280131, "id_str": "1266736311727280131", "indices": [22, 45], "media_url": "http://pbs.twimg.com/ext_tw_video_thumb/1266736311727280131/pu/img/4BrujsLv4Zm8ueQd.jpg", "media_url_https": "https://pbs.twimg.com/ext_tw_video_thumb/1266736311727280131/pu/img/4BrujsLv4Zm8ueQd.jpg", "url": "https://t.co/xPzizh0cVi", "display_url": "pic.twitter.com/xPzizh0cVi", "expanded_url": "https://twitter.com/abus2bam/status/1266736376562802690/video/1", "type": "photo", "sizes": {"thumb": {"w": 150, "h": 150, "resize": "crop"}, "small": {"w": 680, "h": 368, "resize": "fit"}, "large": {"w": 886, "h": 480, "resize": "fit"}, "medium": {"w": 886, "h": 480, "resize": "fit"}}}]}, "extended_entities": {"media": [{"id": 1266736311727280131, "id_str": "1266736311727280131", "indices": [22, 45], "media_url": "http://pbs.twimg.com/ext_tw_video_thumb/1266736311727280131/pu/img/4BrujsLv4Zm8ueQd.jpg", "media_url_https": "https://pbs.twimg.com/ext_tw_video_thumb/1266736311727280131/pu/img/4BrujsLv4Zm8ueQd.jpg", "url": "https://t.co/xPzizh0cVi", "display_url": "pic.twitter.com/xPzizh0cVi", "expanded_url": "https://twitter.com/abus2bam/status/1266736376562802690/video/1", "type": "video", "sizes": {"thumb": {"w": 150, "h": 150, "resize": "crop"}, "small": {"w": 680, "h": 368, "resize": "fit"}, "large": {"w": 886, "h": 480, "resize": "fit"}, "medium": {"w": 886, "h": 480, "resize": "fit"}}, "video_info": {"aspect_ratio": [443, 240], "duration_millis": 17962, "variants": [{"bitrate": 832000, "content_type": "video/mp4", "url": "https://video.twimg.com/ext_tw_video/1266736311727280131/pu/vid/664x360/E5hIkeo1qUOf2TD6.mp4?tag=10"}, {"bitrate": 2176000, "content_type": "video/mp4", "url": "https://video.twimg.com/ext_tw_video/1266736311727280131/pu/vid/886x480/dacXOmHRaIKk7YYu.mp4?tag=10"}, {"bitrate": 256000, "content_type": "video/mp4", "url": "https://video.twimg.com/ext_tw_video/1266736311727280131/pu/vid/498x270/AEj6ZJiQRxsDnxqD.mp4?tag=10"}, {"content_type": "application/x-mpegURL", "url": "https://video.twimg.com/ext_tw_video/1266736311727280131/pu/pl/kxv7us3ZcDnCpu8q.m3u8?tag=10"}]}, "additional_media_info": {"monetizable": false}}]}, "source": "<a href=\"http://twitter.com/download/iphone\" rel=\"nofollow\">Twitter for iPhone</a>", "in_reply_to_status_id": 1266613385862447104, "in_reply_to_status_id_str": "1266613385862447104", "in_reply_to_user_id": 3253132793, "in_reply_to_user_id_str": "3253132793", "in_reply_to_screen_name": "foxwoundband", "user": {"id": 255759776, "id_str": "255759776", "name": "Bill Clinton", "screen_name": "abus2bam", "location": "", "description": "You're not what you go through But what you go through helps make you who you are.", "url": null, "entities": {"description": {"urls": []}}, "protected": false, "followers_count": 922, "friends_count": 1181, "listed_count": 0, "created_at": "Tue Feb 22 00:35:15 +0000 2011", "favourites_count": 20208, "utc_offset": null, "time_zone": null, "geo_enabled": false, "verified": false, "statuses_count": 5728, "lang": null, "contributors_enabled": false, "is_translator": false, "is_translation_enabled": false, "profile_background_color": "000000", "profile_background_image_url": "http://abs.twimg.com/images/themes/theme1/bg.png", "profile_background_image_url_https": "https://abs.twimg.com/images/themes/theme1/bg.png", "profile_background_tile": false, "profile_image_url": "http://pbs.twimg.com/profile_images/1169904983937974272/G-SbeleC_normal.jpg", "profile_image_url_https": "https://pbs.twimg.com/profile_images/1169904983937974272/G-SbeleC_normal.jpg", "profile_banner_url": "https://pbs.twimg.com/profile_banners/255759776/1541614652", "profile_link_color": "89C9FA", "profile_sidebar_border_color": "000000", "profile_sidebar_fill_color": "000000", "profile_text_color": "000000", "profile_use_background_image": false, "has_extended_profile": false, "default_profile": false, "default_profile_image": false, "following": false, "follow_request_sent": false, "notifications": false, "translator_type": "none"}, "geo": null, "coordinates": null, "place": null, "contributors": null, "is_quote_status": false, "retweet_count": 7, "favorite_count": 51, "favorited": false, "retweeted": false, "possibly_sensitive": false, "possibly_sensitive_appealable": false, "lang": "en", "reply_count": 1}