{"created_at": "Sat May 30 22:01:29 +0000 2020", "id": 1266852255090671616, "id_str": "1266852255090671616", "full_text": "@PersonalJezzus @authorisebeaver @ryanisnotflyin @foxwoundband That lifebar was a nice touch \ud83d\ude02", "truncated": false, "display_text_range": [63, 94], "entities": {"hashtags": [], "symbols": [], "user_mentions": [{"screen_name": "PersonalJezzus", "name": "Jesus \ud83d\udc3a", "id": 118619227, "id_str": "118619227", "indices": [0, 15]}, {"screen_name": "authorisebeaver", "name": "rhi\u2601\ufe0f//backup", "id": 1248421549981523968, "id_str": "1248421549981523968", "indices": [16, 32]}, {"screen_name": "ryanisnotflyin", "name": "Ryan", "id": 1254255948756967425, "id_str": "1254255948756967425", "indices": [33, 48]}, {"screen_name": "foxwoundband", "name": "Fox Wound", "id": 3253132793, "id_str": "3253132793", "indices": [49, 62]}], "urls": []}, "source": "<a href=\"http://twitter.com/download/iphone\" rel=\"nofollow\">Twitter for iPhone</a>", "in_reply_to_status_id": 1266850131980107776, "in_reply_to_status_id_str": "1266850131980107776", "in_reply_to_user_id": 118619227, "in_reply_to_user_id_str": "118619227", "in_reply_to_screen_name": "PersonalJezzus", "user": {"id": 544012501, "id_str": "544012501", "name": "Nigel - Mr. Moseby but EDM", "screen_name": "ThorniestBerry", "location": "Las Vegas, NV He/Him", "description": "That there Electronic Dance Music, Video Games, & Memes | \ud83d\udc40 wide open underneath the \u2600\ufe0f | CODEX LEONIS | \ud83c\udff3\ufe0f\u200d\ud83c\udf08", "url": null, "entities": {"description": {"urls": []}}, "protected": false, "followers_count": 3587, "friends_count": 4400, "listed_count": 6, "created_at": "Tue Apr 03 05:52:27 +0000 2012", "favourites_count": 46645, "utc_offset": null, "time_zone": null, "geo_enabled": false, "verified": false, "statuses_count": 54490, "lang": null, "contributors_enabled": false, "is_translator": false, "is_translation_enabled": false, "profile_background_color": "000000", "profile_background_image_url": "http://abs.twimg.com/images/themes/theme1/bg.png", "profile_background_image_url_https": "https://abs.twimg.com/images/themes/theme1/bg.png", "profile_background_tile": false, "profile_image_url": "http://pbs.twimg.com/profile_images/1176787564298039297/_mcpUL9B_normal.jpg", "profile_image_url_https": "https://pbs.twimg.com/profile_images/1176787564298039297/_mcpUL9B_normal.jpg", "profile_banner_url": "https://pbs.twimg.com/profile_banners/544012501/1590527501", "profile_link_color": "4A913C", "profile_sidebar_border_color": "000000", "profile_sidebar_fill_color": "000000", "profile_text_color": "000000", "profile_use_background_image": false, "has_extended_profile": true, "default_profile": false, "default_profile_image": false, "following": false, "follow_request_sent": false, "notifications": false, "translator_type": "none"}, "geo": null, "coordinates": null, "place": null, "contributors": null, "is_quote_status": false, "retweet_count": 0, "favorite_count": 3, "favorited": false, "retweeted": false, "lang": "en", "reply_count": 0}