{"created_at": "Sat May 30 20:29:08 +0000 2020", "id": 1266829015177990144, "id_str": "1266829015177990144", "full_text": "@foxwoundband The point here is that if the rioters attack these kids, then they're justified in the use of lethal force.\n\nIf the rioters do anything to them, then it proves this wasn't about racism, but about be able to loot. That's their backwards thinking.\n\nPeople are gonna die.", "truncated": false, "display_text_range": [14, 282], "entities": {"hashtags": [], "symbols": [], "user_mentions": [{"screen_name": "foxwoundband", "name": "Fox Wound", "id": 3253132793, "id_str": "3253132793", "indices": [0, 13]}], "urls": []}, "source": "<a href=\"http://twitter.com/download/android\" rel=\"nofollow\">Twitter for Android</a>", "in_reply_to_status_id": 1266613385862447104, "in_reply_to_status_id_str": "1266613385862447104", "in_reply_to_user_id": 3253132793, "in_reply_to_user_id_str": "3253132793", "in_reply_to_screen_name": "foxwoundband", "user": {"id": 2402292702, "id_str": "2402292702", "name": "OlympicCameltoe", "screen_name": "ExyleCage", "location": "", "description": "I'm a realist with correct opinions.\n\nTweet I got my screen name from: https://t.co/5m65WoT7YY", "url": null, "entities": {"description": {"urls": [{"url": "https://t.co/5m65WoT7YY", "expanded_url": "https://twitter.com/ExyleCage/status/1227028349677166592?s=19", "display_url": "twitter.com/ExyleCage/stat\u2026", "indices": [71, 94]}]}}, "protected": false, "followers_count": 50, "friends_count": 412, "listed_count": 0, "created_at": "Fri Mar 21 23:32:37 +0000 2014", "favourites_count": 3645, "utc_offset": null, "time_zone": null, "geo_enabled": false, "verified": false, "statuses_count": 1976, "lang": null, "contributors_enabled": false, "is_translator": false, "is_translation_enabled": false, "profile_background_color": "1A1B1F", "profile_background_image_url": "http://abs.twimg.com/images/themes/theme1/bg.png", "profile_background_image_url_https": "https://abs.twimg.com/images/themes/theme1/bg.png", "profile_background_tile": true, "profile_image_url": "http://pbs.twimg.com/profile_images/1203477843545604096/a5mEHxtM_normal.jpg", "profile_image_url_https": "https://pbs.twimg.com/profile_images/1203477843545604096/a5mEHxtM_normal.jpg", "profile_banner_url": "https://pbs.twimg.com/profile_banners/2402292702/1544241253", "profile_link_color": "9266CC", "profile_sidebar_border_color": "FFFFFF", "profile_sidebar_fill_color": "DDEEF6", "profile_text_color": "333333", "profile_use_background_image": true, "has_extended_profile": false, "default_profile": false, "default_profile_image": false, "following": false, "follow_request_sent": false, "notifications": false, "translator_type": "none"}, "geo": null, "coordinates": null, "place": null, "contributors": null, "is_quote_status": false, "retweet_count": 0, "favorite_count": 0, "favorited": false, "retweeted": false, "lang": "en", "reply_count": 0}