{"created_at": "Sun May 31 01:26:00 +0000 2020", "id": 1266903724900917255, "id_str": "1266903724900917255", "full_text": "@foxwoundband If you want solidarity go to MLK's museum &amp; learn how to get it!", "truncated": false, "display_text_range": [14, 82], "entities": {"hashtags": [], "symbols": [], "user_mentions": [{"screen_name": "foxwoundband", "name": "Fox Wound", "id": 3253132793, "id_str": "3253132793", "indices": [0, 13]}], "urls": []}, "source": "<a href=\"http://twitter.com/download/android\" rel=\"nofollow\">Twitter for Android</a>", "in_reply_to_status_id": 1266626646280413185, "in_reply_to_status_id_str": "1266626646280413185", "in_reply_to_user_id": 3253132793, "in_reply_to_user_id_str": "3253132793", "in_reply_to_screen_name": "foxwoundband", "user": {"id": 954698141751758849, "id_str": "954698141751758849", "name": "Sue Jones", "screen_name": "SueJone54923872", "location": "", "description": "", "url": null, "entities": {"description": {"urls": []}}, "protected": false, "followers_count": 3435, "friends_count": 3286, "listed_count": 1, "created_at": "Sat Jan 20 12:52:29 +0000 2018", "favourites_count": 88130, "utc_offset": null, "time_zone": null, "geo_enabled": true, "verified": false, "statuses_count": 83587, "lang": null, "contributors_enabled": false, "is_translator": false, "is_translation_enabled": false, "profile_background_color": "F5F8FA", "profile_background_image_url": null, "profile_background_image_url_https": null, "profile_background_tile": false, "profile_image_url": "http://pbs.twimg.com/profile_images/1153874856829771776/Qyu9wm-w_normal.jpg", "profile_image_url_https": "https://pbs.twimg.com/profile_images/1153874856829771776/Qyu9wm-w_normal.jpg", "profile_banner_url": "https://pbs.twimg.com/profile_banners/954698141751758849/1585543320", "profile_link_color": "1DA1F2", "profile_sidebar_border_color": "C0DEED", "profile_sidebar_fill_color": "DDEEF6", "profile_text_color": "333333", "profile_use_background_image": true, "has_extended_profile": false, "default_profile": true, "default_profile_image": false, "following": false, "follow_request_sent": false, "notifications": false, "translator_type": "none"}, "geo": null, "coordinates": null, "place": null, "contributors": null, "is_quote_status": false, "retweet_count": 0, "favorite_count": 3, "favorited": false, "retweeted": false, "lang": "en", "reply_count": 0}