{"created_at": "Sun May 31 05:35:24 +0000 2020", "id": 1266966487383838720, "id_str": "1266966487383838720", "full_text": "@ashleyguinn_ @angel_felixv @foxwoundband Step dad **", "truncated": false, "display_text_range": [42, 53], "entities": {"hashtags": [], "symbols": [], "user_mentions": [{"screen_name": "ashleyguinn_", "name": "hanigirl", "id": 4302831677, "id_str": "4302831677", "indices": [0, 13]}, {"screen_name": "angel_felixv", "name": "No Justice, No Peace. \ud83c\udf39\ud83e\uddba", "id": 2323154035, "id_str": "2323154035", "indices": [14, 27]}, {"screen_name": "foxwoundband", "name": "Fox Wound", "id": 3253132793, "id_str": "3253132793", "indices": [28, 41]}], "urls": []}, "source": "<a href=\"http://twitter.com/download/iphone\" rel=\"nofollow\">Twitter for iPhone</a>", "in_reply_to_status_id": 1266948824309944320, "in_reply_to_status_id_str": "1266948824309944320", "in_reply_to_user_id": 713174921619382273, "in_reply_to_user_id_str": "713174921619382273", "in_reply_to_screen_name": "omgitsktt", "user": {"id": 713174921619382273, "id_str": "713174921619382273", "name": "yikes", "screen_name": "omgitsktt", "location": "Texas, USA", "description": "The chip on my shoulder is probably BBQ", "url": "https://t.co/rY8Ak8zGZq", "entities": {"url": {"urls": [{"url": "https://t.co/rY8Ak8zGZq", "expanded_url": "https://www.altnps.org/thank-you", "display_url": "altnps.org/thank-you", "indices": [0, 23]}]}, "description": {"urls": []}}, "protected": false, "followers_count": 202, "friends_count": 138, "listed_count": 0, "created_at": "Fri Mar 25 01:25:26 +0000 2016", "favourites_count": 4373, "utc_offset": null, "time_zone": null, "geo_enabled": true, "verified": false, "statuses_count": 4057, "lang": null, "contributors_enabled": false, "is_translator": false, "is_translation_enabled": false, "profile_background_color": "F5F8FA", "profile_background_image_url": null, "profile_background_image_url_https": null, "profile_background_tile": false, "profile_image_url": "http://pbs.twimg.com/profile_images/1261535330936782848/eMSF1HqP_normal.jpg", "profile_image_url_https": "https://pbs.twimg.com/profile_images/1261535330936782848/eMSF1HqP_normal.jpg", "profile_banner_url": "https://pbs.twimg.com/profile_banners/713174921619382273/1590959809", "profile_link_color": "1DA1F2", "profile_sidebar_border_color": "C0DEED", "profile_sidebar_fill_color": "DDEEF6", "profile_text_color": "333333", "profile_use_background_image": true, "has_extended_profile": true, "default_profile": true, "default_profile_image": false, "following": false, "follow_request_sent": false, "notifications": false, "translator_type": "none"}, "geo": null, "coordinates": null, "place": null, "contributors": null, "is_quote_status": false, "retweet_count": 0, "favorite_count": 0, "favorited": false, "retweeted": false, "lang": "en", "reply_count": 0}