{"created_at": "Sat May 30 20:48:17 +0000 2020", "id": 1266833833686495232, "id_str": "1266833833686495232", "full_text": "@corvidsrcool @angel_felixv @foxwoundband Because they\u2019re racists that need other racists", "truncated": false, "display_text_range": [42, 89], "entities": {"hashtags": [], "symbols": [], "user_mentions": [{"screen_name": "corvidsrcool", "name": "Ln", "id": 4841657832, "id_str": "4841657832", "indices": [0, 13]}, {"screen_name": "angel_felixv", "name": "No Justice, No Peace. \ud83c\udf39\ud83e\uddba", "id": 2323154035, "id_str": "2323154035", "indices": [14, 27]}, {"screen_name": "foxwoundband", "name": "Fox Wound", "id": 3253132793, "id_str": "3253132793", "indices": [28, 41]}], "urls": []}, "source": "<a href=\"http://twitter.com/download/iphone\" rel=\"nofollow\">Twitter for iPhone</a>", "in_reply_to_status_id": 1266813232137801729, "in_reply_to_status_id_str": "1266813232137801729", "in_reply_to_user_id": 4841657832, "in_reply_to_user_id_str": "4841657832", "in_reply_to_screen_name": "corvidsrcool", "user": {"id": 1158516299481387009, "id_str": "1158516299481387009", "name": "UrbanUnicorn", "screen_name": "UrbanUnicorn23", "location": "Washington, DC", "description": "There's a  million ways to be a part of a revolution! Also - don't be a dick. Also - anonymous because my existence depends on it. That is all.", "url": null, "entities": {"description": {"urls": []}}, "protected": false, "followers_count": 43, "friends_count": 198, "listed_count": 0, "created_at": "Mon Aug 05 23:13:04 +0000 2019", "favourites_count": 1374, "utc_offset": null, "time_zone": null, "geo_enabled": false, "verified": false, "statuses_count": 973, "lang": null, "contributors_enabled": false, "is_translator": false, "is_translation_enabled": false, "profile_background_color": "F5F8FA", "profile_background_image_url": null, "profile_background_image_url_https": null, "profile_background_tile": false, "profile_image_url": "http://pbs.twimg.com/profile_images/1246114414966833159/serIawAV_normal.jpg", "profile_image_url_https": "https://pbs.twimg.com/profile_images/1246114414966833159/serIawAV_normal.jpg", "profile_banner_url": "https://pbs.twimg.com/profile_banners/1158516299481387009/1584162309", "profile_link_color": "1DA1F2", "profile_sidebar_border_color": "C0DEED", "profile_sidebar_fill_color": "DDEEF6", "profile_text_color": "333333", "profile_use_background_image": true, "has_extended_profile": false, "default_profile": true, "default_profile_image": false, "following": false, "follow_request_sent": false, "notifications": false, "translator_type": "none"}, "geo": null, "coordinates": null, "place": null, "contributors": null, "is_quote_status": false, "retweet_count": 0, "favorite_count": 1, "favorited": false, "retweeted": false, "lang": "en", "reply_count": 1}