{"created_at": "Sat May 30 07:13:24 +0000 2020", "id": 1266628761165815809, "id_str": "1266628761165815809", "full_text": "@foxwoundband @OG_ButterFinger  bro what", "truncated": false, "display_text_range": [14, 40], "entities": {"hashtags": [], "symbols": [], "user_mentions": [{"screen_name": "foxwoundband", "name": "Fox Wound", "id": 3253132793, "id_str": "3253132793", "indices": [0, 13]}, {"screen_name": "OG_ButterFinger", "name": "Tupac Trembath", "id": 3263050688, "id_str": "3263050688", "indices": [14, 30]}], "urls": []}, "source": "<a href=\"http://twitter.com/download/android\" rel=\"nofollow\">Twitter for Android</a>", "in_reply_to_status_id": 1266613385862447104, "in_reply_to_status_id_str": "1266613385862447104", "in_reply_to_user_id": 3253132793, "in_reply_to_user_id_str": "3253132793", "in_reply_to_screen_name": "foxwoundband", "user": {"id": 2987661497, "id_str": "2987661497", "name": "Sean", "screen_name": "Seanbeantoes", "location": "Western Australia, Australia", "description": "Nothing", "url": null, "entities": {"description": {"urls": []}}, "protected": false, "followers_count": 21, "friends_count": 331, "listed_count": 0, "created_at": "Tue Jan 20 18:05:09 +0000 2015", "favourites_count": 7482, "utc_offset": null, "time_zone": null, "geo_enabled": false, "verified": false, "statuses_count": 3511, "lang": null, "contributors_enabled": false, "is_translator": false, "is_translation_enabled": false, "profile_background_color": "C0DEED", "profile_background_image_url": "http://abs.twimg.com/images/themes/theme1/bg.png", "profile_background_image_url_https": "https://abs.twimg.com/images/themes/theme1/bg.png", "profile_background_tile": false, "profile_image_url": "http://pbs.twimg.com/profile_images/1273464079567319040/mQTXB_Nx_normal.jpg", "profile_image_url_https": "https://pbs.twimg.com/profile_images/1273464079567319040/mQTXB_Nx_normal.jpg", "profile_banner_url": "https://pbs.twimg.com/profile_banners/2987661497/1585915438", "profile_link_color": "1DA1F2", "profile_sidebar_border_color": "C0DEED", "profile_sidebar_fill_color": "DDEEF6", "profile_text_color": "333333", "profile_use_background_image": true, "has_extended_profile": true, "default_profile": true, "default_profile_image": false, "following": false, "follow_request_sent": false, "notifications": false, "translator_type": "none"}, "geo": null, "coordinates": null, "place": null, "contributors": null, "is_quote_status": false, "retweet_count": 0, "favorite_count": 0, "favorited": false, "retweeted": false, "lang": "en", "reply_count": 1}