{"created_at": "Sun May 31 00:26:00 +0000 2020", "id": 1266888625553379332, "id_str": "1266888625553379332", "full_text": "@pinky75705848 @ShawnFnLucas @tynate1 @foxwoundband @killmeslime The science lab", "truncated": false, "display_text_range": [65, 80], "entities": {"hashtags": [], "symbols": [], "user_mentions": [{"screen_name": "pinky75705848", "name": "pinky", "id": 1258553106314358784, "id_str": "1258553106314358784", "indices": [0, 14]}, {"screen_name": "ShawnFnLucas", "name": "LUCAS", "id": 35698331, "id_str": "35698331", "indices": [15, 28]}, {"screen_name": "tynate1", "name": "Flphonton 1", "id": 2583344674, "id_str": "2583344674", "indices": [29, 37]}, {"screen_name": "foxwoundband", "name": "Fox Wound", "id": 3253132793, "id_str": "3253132793", "indices": [38, 51]}, {"screen_name": "killmeslime", "name": "slime", "id": 4836335414, "id_str": "4836335414", "indices": [52, 64]}], "urls": []}, "source": "<a href=\"http://twitter.com/download/iphone\" rel=\"nofollow\">Twitter for iPhone</a>", "in_reply_to_status_id": 1266819962020048897, "in_reply_to_status_id_str": "1266819962020048897", "in_reply_to_user_id": 1258553106314358784, "in_reply_to_user_id_str": "1258553106314358784", "in_reply_to_screen_name": "pinky75705848", "user": {"id": 1169826365836709888, "id_str": "1169826365836709888", "name": "mio", "screen_name": "_mio_______", "location": "Chicago, IL", "description": "On a mission to become the ratio god", "url": null, "entities": {"description": {"urls": []}}, "protected": false, "followers_count": 18, "friends_count": 350, "listed_count": 0, "created_at": "Fri Sep 06 04:15:28 +0000 2019", "favourites_count": 12410, "utc_offset": null, "time_zone": null, "geo_enabled": false, "verified": false, "statuses_count": 235, "lang": null, "contributors_enabled": false, "is_translator": false, "is_translation_enabled": false, "profile_background_color": "F5F8FA", "profile_background_image_url": null, "profile_background_image_url_https": null, "profile_background_tile": false, "profile_image_url": "http://pbs.twimg.com/profile_images/1276230338675650560/qdJVnxAB_normal.jpg", "profile_image_url_https": "https://pbs.twimg.com/profile_images/1276230338675650560/qdJVnxAB_normal.jpg", "profile_link_color": "1DA1F2", "profile_sidebar_border_color": "C0DEED", "profile_sidebar_fill_color": "DDEEF6", "profile_text_color": "333333", "profile_use_background_image": true, "has_extended_profile": false, "default_profile": true, "default_profile_image": false, "following": false, "follow_request_sent": false, "notifications": false, "translator_type": "none"}, "geo": null, "coordinates": null, "place": null, "contributors": null, "is_quote_status": false, "retweet_count": 0, "favorite_count": 2, "favorited": false, "retweeted": false, "lang": "en", "reply_count": 0}