{"created_at": "Sat May 30 07:00:42 +0000 2020", "id": 1266625566091833345, "id_str": "1266625566091833345", "full_text": "@SAMOYEDCORE https://t.co/JliW0fgr8I", "truncated": false, "display_text_range": [12, 12], "entities": {"hashtags": [], "symbols": [], "user_mentions": [{"screen_name": "SAMOYEDCORE", "name": "1312/40%", "id": 708035683, "id_str": "708035683", "indices": [0, 12]}], "urls": [], "media": [{"id": 1266625558374281216, "id_str": "1266625558374281216", "indices": [13, 36], "media_url": "http://pbs.twimg.com/media/EZP1PAZUcAA8_2e.jpg", "media_url_https": "https://pbs.twimg.com/media/EZP1PAZUcAA8_2e.jpg", "url": "https://t.co/JliW0fgr8I", "display_url": "pic.twitter.com/JliW0fgr8I", "expanded_url": "https://twitter.com/DubuJichu/status/1266625566091833345/photo/1", "type": "photo", "sizes": {"large": {"w": 828, "h": 801, "resize": "fit"}, "small": {"w": 680, "h": 658, "resize": "fit"}, "thumb": {"w": 150, "h": 150, "resize": "crop"}, "medium": {"w": 828, "h": 801, "resize": "fit"}}}]}, "extended_entities": {"media": [{"id": 1266625558374281216, "id_str": "1266625558374281216", "indices": [13, 36], "media_url": "http://pbs.twimg.com/media/EZP1PAZUcAA8_2e.jpg", "media_url_https": "https://pbs.twimg.com/media/EZP1PAZUcAA8_2e.jpg", "url": "https://t.co/JliW0fgr8I", "display_url": "pic.twitter.com/JliW0fgr8I", "expanded_url": "https://twitter.com/DubuJichu/status/1266625566091833345/photo/1", "type": "photo", "sizes": {"large": {"w": 828, "h": 801, "resize": "fit"}, "small": {"w": 680, "h": 658, "resize": "fit"}, "thumb": {"w": 150, "h": 150, "resize": "crop"}, "medium": {"w": 828, "h": 801, "resize": "fit"}}}]}, "source": "<a href=\"http://twitter.com/download/iphone\" rel=\"nofollow\">Twitter for iPhone</a>", "in_reply_to_status_id": 1266618460479483904, "in_reply_to_status_id_str": "1266618460479483904", "in_reply_to_user_id": 708035683, "in_reply_to_user_id_str": "708035683", "in_reply_to_screen_name": "SAMOYEDCORE", "user": {"id": 943380798656233472, "id_str": "943380798656233472", "name": "\u1d0a THE9", "screen_name": "DubuJichu", "location": "IZ*ONE", "description": "Dreamcatcher \ud83e\udd18\ud83c\udffc, simple I stan talent", "url": null, "entities": {"description": {"urls": []}}, "protected": false, "followers_count": 586, "friends_count": 1963, "listed_count": 1, "created_at": "Wed Dec 20 07:21:24 +0000 2017", "favourites_count": 106695, "utc_offset": null, "time_zone": null, "geo_enabled": false, "verified": false, "statuses_count": 48680, "lang": null, "contributors_enabled": false, "is_translator": false, "is_translation_enabled": false, "profile_background_color": "F5F8FA", "profile_background_image_url": null, "profile_background_image_url_https": null, "profile_background_tile": false, "profile_image_url": "http://pbs.twimg.com/profile_images/1218167920066318336/aL-zu1in_normal.jpg", "profile_image_url_https": "https://pbs.twimg.com/profile_images/1218167920066318336/aL-zu1in_normal.jpg", "profile_banner_url": "https://pbs.twimg.com/profile_banners/943380798656233472/1588343988", "profile_link_color": "1DA1F2", "profile_sidebar_border_color": "C0DEED", "profile_sidebar_fill_color": "DDEEF6", "profile_text_color": "333333", "profile_use_background_image": true, "has_extended_profile": false, "default_profile": true, "default_profile_image": false, "following": false, "follow_request_sent": false, "notifications": false, "translator_type": "none"}, "geo": null, "coordinates": null, "place": null, "contributors": null, "is_quote_status": false, "retweet_count": 0, "favorite_count": 9, "favorited": false, "retweeted": false, "possibly_sensitive": false, "possibly_sensitive_appealable": false, "lang": "und", "reply_count": 0}