{"created_at": "Sat May 30 13:09:26 +0000 2020", "id": 1266718360575840259, "id_str": "1266718360575840259", "full_text": "@UnconLeprec @tynate1 @foxwoundband @killmeslime I'm saying the majority I see do not.  I'm saying the majority I see, including the idiot in chief would rather chalk people up to being thugs instead of understanding their pain &amp; doing something about it. People can't so much as sit in their homes safely when they're black.", "truncated": false, "display_text_range": [49, 329], "entities": {"hashtags": [], "symbols": [], "user_mentions": [{"screen_name": "UnconLeprec", "name": "Unconventional Leprechaun", "id": 1264449874029879296, "id_str": "1264449874029879296", "indices": [0, 12]}, {"screen_name": "tynate1", "name": "Flphonton 1", "id": 2583344674, "id_str": "2583344674", "indices": [13, 21]}, {"screen_name": "foxwoundband", "name": "Fox Wound", "id": 3253132793, "id_str": "3253132793", "indices": [22, 35]}, {"screen_name": "killmeslime", "name": "slime", "id": 4836335414, "id_str": "4836335414", "indices": [36, 48]}], "urls": []}, "source": "<a href=\"http://twitter.com/download/android\" rel=\"nofollow\">Twitter for Android</a>", "in_reply_to_status_id": 1266716251482710016, "in_reply_to_status_id_str": "1266716251482710016", "in_reply_to_user_id": 1264449874029879296, "in_reply_to_user_id_str": "1264449874029879296", "in_reply_to_screen_name": "UnconLeprec", "user": {"id": 904116768481976327, "id_str": "904116768481976327", "name": "\u264b\ud83e\udd8aFae\ud83e\udd8a\u264b", "screen_name": "MJacksonFae", "location": "Texas", "description": "Neither here nor there\n\nBLM! \n\nEnd Racism!", "url": null, "entities": {"description": {"urls": []}}, "protected": false, "followers_count": 174, "friends_count": 151, "listed_count": 1, "created_at": "Sat Sep 02 23:00:10 +0000 2017", "favourites_count": 67404, "utc_offset": null, "time_zone": null, "geo_enabled": false, "verified": false, "statuses_count": 18813, "lang": null, "contributors_enabled": false, "is_translator": false, "is_translation_enabled": false, "profile_background_color": "F5F8FA", "profile_background_image_url": null, "profile_background_image_url_https": null, "profile_background_tile": false, "profile_image_url": "http://pbs.twimg.com/profile_images/1151247411840475136/hBfATlw__normal.jpg", "profile_image_url_https": "https://pbs.twimg.com/profile_images/1151247411840475136/hBfATlw__normal.jpg", "profile_banner_url": "https://pbs.twimg.com/profile_banners/904116768481976327/1563315541", "profile_link_color": "1DA1F2", "profile_sidebar_border_color": "C0DEED", "profile_sidebar_fill_color": "DDEEF6", "profile_text_color": "333333", "profile_use_background_image": true, "has_extended_profile": true, "default_profile": true, "default_profile_image": false, "following": false, "follow_request_sent": false, "notifications": false, "translator_type": "none"}, "geo": null, "coordinates": null, "place": null, "contributors": null, "is_quote_status": false, "retweet_count": 0, "favorite_count": 3, "favorited": false, "retweeted": false, "lang": "en", "reply_count": 4}