{"created_at": "Sat May 30 20:29:24 +0000 2020", "id": 1266829081804509184, "id_str": "1266829081804509184", "full_text": "@foxwoundband @Shania_Mona", "truncated": false, "display_text_range": [14, 26], "entities": {"hashtags": [], "symbols": [], "user_mentions": [{"screen_name": "foxwoundband", "name": "Fox Wound", "id": 3253132793, "id_str": "3253132793", "indices": [0, 13]}, {"screen_name": "Shania_Mona", "name": "Shania Mon'a", "id": 319208586, "id_str": "319208586", "indices": [14, 26]}], "urls": []}, "source": "<a href=\"http://twitter.com/download/iphone\" rel=\"nofollow\">Twitter for iPhone</a>", "in_reply_to_status_id": 1266613385862447104, "in_reply_to_status_id_str": "1266613385862447104", "in_reply_to_user_id": 3253132793, "in_reply_to_user_id_str": "3253132793", "in_reply_to_screen_name": "foxwoundband", "user": {"id": 2466553350, "id_str": "2466553350", "name": "Ashley \u2728", "screen_name": "AshleyKayleigh_", "location": "", "description": "\u264b\ufe0f \u2022T\ud83d\udc18\ud83d\udc9c", "url": null, "entities": {"description": {"urls": []}}, "protected": false, "followers_count": 573, "friends_count": 381, "listed_count": 2, "created_at": "Sun Apr 27 19:33:14 +0000 2014", "favourites_count": 14669, "utc_offset": null, "time_zone": null, "geo_enabled": false, "verified": false, "statuses_count": 4395, "lang": null, "contributors_enabled": false, "is_translator": false, "is_translation_enabled": false, "profile_background_color": "C0DEED", "profile_background_image_url": "http://abs.twimg.com/images/themes/theme1/bg.png", "profile_background_image_url_https": "https://abs.twimg.com/images/themes/theme1/bg.png", "profile_background_tile": false, "profile_image_url": "http://pbs.twimg.com/profile_images/1276910957395140615/kQwVwJW__normal.jpg", "profile_image_url_https": "https://pbs.twimg.com/profile_images/1276910957395140615/kQwVwJW__normal.jpg", "profile_banner_url": "https://pbs.twimg.com/profile_banners/2466553350/1590809812", "profile_link_color": "1DA1F2", "profile_sidebar_border_color": "C0DEED", "profile_sidebar_fill_color": "DDEEF6", "profile_text_color": "333333", "profile_use_background_image": true, "has_extended_profile": true, "default_profile": true, "default_profile_image": false, "following": false, "follow_request_sent": false, "notifications": false, "translator_type": "none"}, "geo": null, "coordinates": null, "place": null, "contributors": null, "is_quote_status": false, "retweet_count": 0, "favorite_count": 0, "favorited": false, "retweeted": false, "lang": "und", "reply_count": 0}