{"created_at": "Sat May 30 09:32:09 +0000 2020", "id": 1266663681858945029, "id_str": "1266663681858945029", "full_text": "@UnconLeprec @tynate1 @foxwoundband @killmeslime Isn\u2019t that how all Black people are categorized by most whites? Isn\u2019t that why people are protesting now because white cops feel that ALL Black lives are expendable and they all commit crime and are less than human and unfit to live?", "truncated": false, "display_text_range": [49, 282], "entities": {"hashtags": [], "symbols": [], "user_mentions": [{"screen_name": "UnconLeprec", "name": "Unconventional Leprechaun", "id": 1264449874029879296, "id_str": "1264449874029879296", "indices": [0, 12]}, {"screen_name": "tynate1", "name": "Flphonton 1", "id": 2583344674, "id_str": "2583344674", "indices": [13, 21]}, {"screen_name": "foxwoundband", "name": "Fox Wound", "id": 3253132793, "id_str": "3253132793", "indices": [22, 35]}, {"screen_name": "killmeslime", "name": "slime", "id": 4836335414, "id_str": "4836335414", "indices": [36, 48]}], "urls": []}, "source": "<a href=\"http://twitter.com/download/iphone\" rel=\"nofollow\">Twitter for iPhone</a>", "in_reply_to_status_id": 1266652399608922112, "in_reply_to_status_id_str": "1266652399608922112", "in_reply_to_user_id": 1264449874029879296, "in_reply_to_user_id_str": "1264449874029879296", "in_reply_to_screen_name": "UnconLeprec", "user": {"id": 154112893, "id_str": "154112893", "name": "I\u2019M A WINNER, I\u2019M VOTING BLUE!", "screen_name": "StartingNow2020", "location": "America ", "description": "Paper Ballots in 2020", "url": null, "entities": {"description": {"urls": []}}, "protected": false, "followers_count": 3051, "friends_count": 4398, "listed_count": 19, "created_at": "Thu Jun 10 11:56:08 +0000 2010", "favourites_count": 101487, "utc_offset": null, "time_zone": null, "geo_enabled": true, "verified": false, "statuses_count": 39209, "lang": null, "contributors_enabled": false, "is_translator": false, "is_translation_enabled": false, "profile_background_color": "F5ABB5", "profile_background_image_url": "http://abs.twimg.com/images/themes/theme9/bg.gif", "profile_background_image_url_https": "https://abs.twimg.com/images/themes/theme9/bg.gif", "profile_background_tile": true, "profile_image_url": "http://pbs.twimg.com/profile_images/1265936441462448128/NlOHyHRs_normal.jpg", "profile_image_url_https": "https://pbs.twimg.com/profile_images/1265936441462448128/NlOHyHRs_normal.jpg", "profile_banner_url": "https://pbs.twimg.com/profile_banners/154112893/1592514756", "profile_link_color": "89C9FA", "profile_sidebar_border_color": "181A1E", "profile_sidebar_fill_color": "252429", "profile_text_color": "666666", "profile_use_background_image": true, "has_extended_profile": false, "default_profile": false, "default_profile_image": false, "following": false, "follow_request_sent": false, "notifications": false, "translator_type": "none"}, "geo": null, "coordinates": null, "place": null, "contributors": null, "is_quote_status": false, "retweet_count": 2, "favorite_count": 116, "favorited": false, "retweeted": false, "lang": "en", "reply_count": 3}