{"created_at": "Sat May 30 21:34:17 +0000 2020", "id": 1266845409072340992, "id_str": "1266845409072340992", "full_text": "@foxwoundband if they didn't do anything wrong they shouldn't of gotten arrested FYI vandalism looting arson and destruction of private property is not protest", "truncated": false, "display_text_range": [14, 159], "entities": {"hashtags": [], "symbols": [], "user_mentions": [{"screen_name": "foxwoundband", "name": "Fox Wound", "id": 3253132793, "id_str": "3253132793", "indices": [0, 13]}], "urls": []}, "source": "<a href=\"https://mobile.twitter.com\" rel=\"nofollow\">Twitter Web App</a>", "in_reply_to_status_id": 1266626646280413185, "in_reply_to_status_id_str": "1266626646280413185", "in_reply_to_user_id": 3253132793, "in_reply_to_user_id_str": "3253132793", "in_reply_to_screen_name": "foxwoundband", "user": {"id": 339890609, "id_str": "339890609", "name": "Axlzero 2.0", "screen_name": "keithstarr78", "location": "front lines of freedom", "description": "I'm changing this account to politics & crap if you wanna be online gaming friends go here https://t.co/snINhZiaV4 \nbut its only for gaming no politics!!!!", "url": null, "entities": {"description": {"urls": [{"url": "https://t.co/snINhZiaV4", "expanded_url": "https://twitter.com/axlzero5", "display_url": "twitter.com/axlzero5", "indices": [91, 114]}]}}, "protected": false, "followers_count": 261, "friends_count": 820, "listed_count": 2, "created_at": "Thu Jul 21 20:36:48 +0000 2011", "favourites_count": 30707, "utc_offset": null, "time_zone": null, "geo_enabled": true, "verified": false, "statuses_count": 19425, "lang": null, "contributors_enabled": false, "is_translator": false, "is_translation_enabled": false, "profile_background_color": "000000", "profile_background_image_url": "http://abs.twimg.com/images/themes/theme1/bg.png", "profile_background_image_url_https": "https://abs.twimg.com/images/themes/theme1/bg.png", "profile_background_tile": false, "profile_image_url": "http://pbs.twimg.com/profile_images/1276346472146100229/JkK2ovLB_normal.jpg", "profile_image_url_https": "https://pbs.twimg.com/profile_images/1276346472146100229/JkK2ovLB_normal.jpg", "profile_banner_url": "https://pbs.twimg.com/profile_banners/339890609/1593139687", "profile_link_color": "1B95E0", "profile_sidebar_border_color": "000000", "profile_sidebar_fill_color": "000000", "profile_text_color": "000000", "profile_use_background_image": false, "has_extended_profile": true, "default_profile": false, "default_profile_image": false, "following": false, "follow_request_sent": false, "notifications": false, "translator_type": "none"}, "geo": null, "coordinates": null, "place": null, "contributors": null, "is_quote_status": false, "retweet_count": 0, "favorite_count": 3, "favorited": false, "retweeted": false, "lang": "en", "reply_count": 0}