{"created_at": "Sat May 30 22:43:49 +0000 2020", "id": 1266862908681719814, "id_str": "1266862908681719814", "full_text": "@Tha_Prince_Ali @pinkpastelles @lostmidwestern @foxwoundband https://t.co/cTYjRovqZK", "truncated": false, "display_text_range": [60, 60], "entities": {"hashtags": [], "symbols": [], "user_mentions": [{"screen_name": "Tha_Prince_Ali", "name": "\ud83c\uddea\ud83c\uddf9Street Rat\ud83c\uddfa\ud83c\uddf8", "id": 771781570164322304, "id_str": "771781570164322304", "indices": [0, 15]}, {"screen_name": "pinkpastelles", "name": "\ud835\udd64\ud835\udd52\ud835\udd63\ud835\udd52 \ud835\udd5d\ud835\udd60\ud835\udd54\ud835\udd5c\ud835\udd5d\ud835\udd56\ud835\udd52\ud835\udd63 \ud83c\udf80\ud83d\udc96\ud83d\udc31\ud83c\udf6d", "id": 1197100240278441984, "id_str": "1197100240278441984", "indices": [16, 30]}, {"screen_name": "lostmidwestern", "name": "Jake Marx", "id": 216177450, "id_str": "216177450", "indices": [31, 46]}, {"screen_name": "foxwoundband", "name": "Fox Wound", "id": 3253132793, "id_str": "3253132793", "indices": [47, 60]}], "urls": [], "media": [{"id": 1266862901240963072, "id_str": "1266862901240963072", "indices": [61, 84], "media_url": "http://pbs.twimg.com/tweet_video_thumb/EZTNGLeWoAAMVfd.jpg", "media_url_https": "https://pbs.twimg.com/tweet_video_thumb/EZTNGLeWoAAMVfd.jpg", "url": "https://t.co/cTYjRovqZK", "display_url": "pic.twitter.com/cTYjRovqZK", "expanded_url": "https://twitter.com/Jennifblair/status/1266862908681719814/photo/1", "type": "photo", "sizes": {"thumb": {"w": 150, "h": 150, "resize": "crop"}, "large": {"w": 220, "h": 220, "resize": "fit"}, "small": {"w": 220, "h": 220, "resize": "fit"}, "medium": {"w": 220, "h": 220, "resize": "fit"}}}]}, "extended_entities": {"media": [{"id": 1266862901240963072, "id_str": "1266862901240963072", "indices": [61, 84], "media_url": "http://pbs.twimg.com/tweet_video_thumb/EZTNGLeWoAAMVfd.jpg", "media_url_https": "https://pbs.twimg.com/tweet_video_thumb/EZTNGLeWoAAMVfd.jpg", "url": "https://t.co/cTYjRovqZK", "display_url": "pic.twitter.com/cTYjRovqZK", "expanded_url": "https://twitter.com/Jennifblair/status/1266862908681719814/photo/1", "type": "animated_gif", "sizes": {"thumb": {"w": 150, "h": 150, "resize": "crop"}, "large": {"w": 220, "h": 220, "resize": "fit"}, "small": {"w": 220, "h": 220, "resize": "fit"}, "medium": {"w": 220, "h": 220, "resize": "fit"}}, "video_info": {"aspect_ratio": [1, 1], "variants": [{"bitrate": 0, "content_type": "video/mp4", "url": "https://video.twimg.com/tweet_video/EZTNGLeWoAAMVfd.mp4"}]}}]}, "source": "<a href=\"http://twitter.com/download/android\" rel=\"nofollow\">Twitter for Android</a>", "in_reply_to_status_id": 1266827099228307459, "in_reply_to_status_id_str": "1266827099228307459", "in_reply_to_user_id": 771781570164322304, "in_reply_to_user_id_str": "771781570164322304", "in_reply_to_screen_name": "Tha_Prince_Ali", "user": {"id": 33342933, "id_str": "33342933", "name": "Jennifer\ud83c\udf39", "screen_name": "Jennifblair", "location": "Dallas, TX", "description": "Go to the YouTube, right now.\n- #Bernie2020", "url": null, "entities": {"description": {"urls": []}}, "protected": false, "followers_count": 718, "friends_count": 1690, "listed_count": 4, "created_at": "Sun Apr 19 23:40:02 +0000 2009", "favourites_count": 102514, "utc_offset": null, "time_zone": null, "geo_enabled": true, "verified": false, "statuses_count": 21521, "lang": null, "contributors_enabled": false, "is_translator": false, "is_translation_enabled": false, "profile_background_color": "D7BCA0", "profile_background_image_url": "http://abs.twimg.com/images/themes/theme19/bg.gif", "profile_background_image_url_https": "https://abs.twimg.com/images/themes/theme19/bg.gif", "profile_background_tile": true, "profile_image_url": "http://pbs.twimg.com/profile_images/1147274985813237763/rmYzbTUV_normal.jpg", "profile_image_url_https": "https://pbs.twimg.com/profile_images/1147274985813237763/rmYzbTUV_normal.jpg", "profile_banner_url": "https://pbs.twimg.com/profile_banners/33342933/1410834828", "profile_link_color": "C4B6A4", "profile_sidebar_border_color": "503A4C", "profile_sidebar_fill_color": "5C656C", "profile_text_color": "90A699", "profile_use_background_image": false, "has_extended_profile": false, "default_profile": false, "default_profile_image": false, "following": false, "follow_request_sent": false, "notifications": false, "translator_type": "none"}, "geo": null, "coordinates": null, "place": null, "contributors": null, "is_quote_status": false, "retweet_count": 0, "favorite_count": 0, "favorited": false, "retweeted": false, "possibly_sensitive": false, "possibly_sensitive_appealable": false, "lang": "und", "reply_count": 1}