{"created_at": "Sun May 31 03:50:34 +0000 2020", "id": 1266940105752600576, "id_str": "1266940105752600576", "full_text": "@JenniferMorenci @PatinPatch @NunesAlt @foxwoundband I'm skeptical as it seems the videos are all cut and lower res than their sources, the tweets are coming from newish/empty accounts and being pushed by parody/fake news accounts. It's definitely sketchy, they *might* be kids but I personally believe there's other explanations.", "truncated": false, "display_text_range": [53, 330], "entities": {"hashtags": [], "symbols": [], "user_mentions": [{"screen_name": "JenniferMorenci", "name": "Jennifer Morency", "id": 886740177153949697, "id_str": "886740177153949697", "indices": [0, 16]}, {"screen_name": "PatinPatch", "name": "Patch Patch", "id": 850381765692637184, "id_str": "850381765692637184", "indices": [17, 28]}, {"screen_name": "NunesAlt", "name": "Devin Nunes' Alt-Mom", "id": 1107896723936940032, "id_str": "1107896723936940032", "indices": [29, 38]}, {"screen_name": "foxwoundband", "name": "Fox Wound", "id": 3253132793, "id_str": "3253132793", "indices": [39, 52]}], "urls": []}, "source": "<a href=\"http://twitter.com/download/android\" rel=\"nofollow\">Twitter for Android</a>", "in_reply_to_status_id": 1266938758961627140, "in_reply_to_status_id_str": "1266938758961627140", "in_reply_to_user_id": 1086207608678019077, "in_reply_to_user_id_str": "1086207608678019077", "in_reply_to_screen_name": "bigchungusNRG", "user": {"id": 1086207608678019077, "id_str": "1086207608678019077", "name": "neopet communist", "screen_name": "bigchungusNRG", "location": "Victoria, Australia", "description": "tired leftist\nhe/him\ni only use this account when my friends share interesting tweets so don't expect much", "url": null, "entities": {"description": {"urls": []}}, "protected": false, "followers_count": 24, "friends_count": 156, "listed_count": 0, "created_at": "Fri Jan 18 10:24:09 +0000 2019", "favourites_count": 192, "utc_offset": null, "time_zone": null, "geo_enabled": false, "verified": false, "statuses_count": 344, "lang": null, "contributors_enabled": false, "is_translator": false, "is_translation_enabled": false, "profile_background_color": "000000", "profile_background_image_url": "http://abs.twimg.com/images/themes/theme1/bg.png", "profile_background_image_url_https": "https://abs.twimg.com/images/themes/theme1/bg.png", "profile_background_tile": false, "profile_image_url": "http://pbs.twimg.com/profile_images/1086469036001525760/IUedu1jH_normal.jpg", "profile_image_url_https": "https://pbs.twimg.com/profile_images/1086469036001525760/IUedu1jH_normal.jpg", "profile_banner_url": "https://pbs.twimg.com/profile_banners/1086207608678019077/1547869332", "profile_link_color": "0032FD", "profile_sidebar_border_color": "000000", "profile_sidebar_fill_color": "000000", "profile_text_color": "000000", "profile_use_background_image": false, "has_extended_profile": true, "default_profile": false, "default_profile_image": false, "following": false, "follow_request_sent": false, "notifications": false, "translator_type": "none"}, "geo": null, "coordinates": null, "place": null, "contributors": null, "is_quote_status": false, "retweet_count": 0, "favorite_count": 1, "favorited": false, "retweeted": false, "lang": "en", "reply_count": 1}