{"created_at": "Sun May 31 00:52:58 +0000 2020", "id": 1266895410829746176, "id_str": "1266895410829746176", "full_text": "@foxwoundband This is a legit cause.  The one funding the thugs and rioters isn't.  You have out of state Antifa terrorists coming in to burn your community Minneapolis. The 30 rioters that got arrested there are white upper privilege college students from well to do families. https://t.co/oMcL7yJAnG", "truncated": false, "display_text_range": [14, 277], "entities": {"hashtags": [], "symbols": [], "user_mentions": [{"screen_name": "foxwoundband", "name": "Fox Wound", "id": 3253132793, "id_str": "3253132793", "indices": [0, 13]}], "urls": [], "media": [{"id": 1266895404357922817, "id_str": "1266895404357922817", "indices": [278, 301], "media_url": "http://pbs.twimg.com/tweet_video_thumb/EZTqqHBUMAEnQ5o.jpg", "media_url_https": "https://pbs.twimg.com/tweet_video_thumb/EZTqqHBUMAEnQ5o.jpg", "url": "https://t.co/oMcL7yJAnG", "display_url": "pic.twitter.com/oMcL7yJAnG", "expanded_url": "https://twitter.com/paine_common/status/1266895410829746176/photo/1", "type": "photo", "sizes": {"thumb": {"w": 150, "h": 150, "resize": "crop"}, "medium": {"w": 220, "h": 160, "resize": "fit"}, "large": {"w": 220, "h": 160, "resize": "fit"}, "small": {"w": 220, "h": 160, "resize": "fit"}}}]}, "extended_entities": {"media": [{"id": 1266895404357922817, "id_str": "1266895404357922817", "indices": [278, 301], "media_url": "http://pbs.twimg.com/tweet_video_thumb/EZTqqHBUMAEnQ5o.jpg", "media_url_https": "https://pbs.twimg.com/tweet_video_thumb/EZTqqHBUMAEnQ5o.jpg", "url": "https://t.co/oMcL7yJAnG", "display_url": "pic.twitter.com/oMcL7yJAnG", "expanded_url": "https://twitter.com/paine_common/status/1266895410829746176/photo/1", "type": "animated_gif", "sizes": {"thumb": {"w": 150, "h": 150, "resize": "crop"}, "medium": {"w": 220, "h": 160, "resize": "fit"}, "large": {"w": 220, "h": 160, "resize": "fit"}, "small": {"w": 220, "h": 160, "resize": "fit"}}, "video_info": {"aspect_ratio": [11, 8], "variants": [{"bitrate": 0, "content_type": "video/mp4", "url": "https://video.twimg.com/tweet_video/EZTqqHBUMAEnQ5o.mp4"}]}}]}, "source": "<a href=\"http://twitter.com/download/android\" rel=\"nofollow\">Twitter for Android</a>", "in_reply_to_status_id": 1266735137200525314, "in_reply_to_status_id_str": "1266735137200525314", "in_reply_to_user_id": 3253132793, "in_reply_to_user_id_str": "3253132793", "in_reply_to_screen_name": "foxwoundband", "user": {"id": 1256699086943604736, "id_str": "1256699086943604736", "name": "Thomas Paine Common Sense", "screen_name": "paine_common", "location": "Philadelphia, PA", "description": "I am an American Revolutionary with Common Sense in America by providing political satire and memeful posts to trigger millenials, socialists, and liberals.", "url": null, "entities": {"description": {"urls": []}}, "protected": false, "followers_count": 4, "friends_count": 1, "listed_count": 0, "created_at": "Sat May 02 21:36:34 +0000 2020", "favourites_count": 5, "utc_offset": null, "time_zone": null, "geo_enabled": false, "verified": false, "statuses_count": 465, "lang": null, "contributors_enabled": false, "is_translator": false, "is_translation_enabled": false, "profile_background_color": "F5F8FA", "profile_background_image_url": null, "profile_background_image_url_https": null, "profile_background_tile": false, "profile_image_url": "http://pbs.twimg.com/profile_images/1256699458537943040/XQzd3Pqa_normal.jpg", "profile_image_url_https": "https://pbs.twimg.com/profile_images/1256699458537943040/XQzd3Pqa_normal.jpg", "profile_link_color": "1DA1F2", "profile_sidebar_border_color": "C0DEED", "profile_sidebar_fill_color": "DDEEF6", "profile_text_color": "333333", "profile_use_background_image": true, "has_extended_profile": true, "default_profile": true, "default_profile_image": false, "following": false, "follow_request_sent": false, "notifications": false, "translator_type": "none"}, "geo": null, "coordinates": null, "place": null, "contributors": null, "is_quote_status": false, "retweet_count": 2, "favorite_count": 1, "favorited": false, "retweeted": false, "possibly_sensitive": false, "possibly_sensitive_appealable": false, "lang": "en", "reply_count": 0}