{"created_at": "Sat May 30 23:26:51 +0000 2020", "id": 1266873740861661184, "id_str": "1266873740861661184", "full_text": "@angel_felixv @foxwoundband they got the hitler youth out here holdin down footlocker", "truncated": false, "display_text_range": [28, 85], "entities": {"hashtags": [], "symbols": [], "user_mentions": [{"screen_name": "angel_felixv", "name": "No Justice, No Peace. \ud83c\udf39\ud83e\uddba", "id": 2323154035, "id_str": "2323154035", "indices": [0, 13]}, {"screen_name": "foxwoundband", "name": "Fox Wound", "id": 3253132793, "id_str": "3253132793", "indices": [14, 27]}], "urls": []}, "source": "<a href=\"http://twitter.com/download/iphone\" rel=\"nofollow\">Twitter for iPhone</a>", "in_reply_to_status_id": 1266619406278410241, "in_reply_to_status_id_str": "1266619406278410241", "in_reply_to_user_id": 2323154035, "in_reply_to_user_id_str": "2323154035", "in_reply_to_screen_name": "angel_felixv", "user": {"id": 1236066845595021312, "id_str": "1236066845595021312", "name": "tough", "screen_name": "chalknosidewalk", "location": "", "description": "Everyone that isn\u2019t me is an Npc", "url": null, "entities": {"description": {"urls": []}}, "protected": false, "followers_count": 0, "friends_count": 31, "listed_count": 0, "created_at": "Fri Mar 06 23:11:29 +0000 2020", "favourites_count": 207, "utc_offset": null, "time_zone": null, "geo_enabled": false, "verified": false, "statuses_count": 219, "lang": null, "contributors_enabled": false, "is_translator": false, "is_translation_enabled": false, "profile_background_color": "F5F8FA", "profile_background_image_url": null, "profile_background_image_url_https": null, "profile_background_tile": false, "profile_image_url": "http://pbs.twimg.com/profile_images/1236067806254268416/9qZnXZGX_normal.jpg", "profile_image_url_https": "https://pbs.twimg.com/profile_images/1236067806254268416/9qZnXZGX_normal.jpg", "profile_banner_url": "https://pbs.twimg.com/profile_banners/1236066845595021312/1583537167", "profile_link_color": "1DA1F2", "profile_sidebar_border_color": "C0DEED", "profile_sidebar_fill_color": "DDEEF6", "profile_text_color": "333333", "profile_use_background_image": true, "has_extended_profile": true, "default_profile": true, "default_profile_image": false, "following": false, "follow_request_sent": false, "notifications": false, "translator_type": "none"}, "geo": null, "coordinates": null, "place": null, "contributors": null, "is_quote_status": false, "retweet_count": 0, "favorite_count": 2, "favorited": false, "retweeted": false, "lang": "en", "reply_count": 1}