{"created_at": "Sat May 30 06:59:23 +0000 2020", "id": 1266625236939743234, "id_str": "1266625236939743234", "full_text": "@foxwoundband People are really laying down their kids' lives to protect Arby's", "truncated": false, "display_text_range": [14, 79], "entities": {"hashtags": [], "symbols": [], "user_mentions": [{"screen_name": "foxwoundband", "name": "Fox Wound", "id": 3253132793, "id_str": "3253132793", "indices": [0, 13]}], "urls": []}, "source": "<a href=\"https://mobile.twitter.com\" rel=\"nofollow\">Twitter Web App</a>", "in_reply_to_status_id": 1266613385862447104, "in_reply_to_status_id_str": "1266613385862447104", "in_reply_to_user_id": 3253132793, "in_reply_to_user_id_str": "3253132793", "in_reply_to_screen_name": "foxwoundband", "user": {"id": 1093008372977278977, "id_str": "1093008372977278977", "name": "Ramy", "screen_name": "GenZdemagogue", "location": "South Carolina, USA", "description": "Worker-owned leftist meme factory // Libertarian Socialist // Trump opposition // something bout revolution \ud83c\udff4\ud83c\udf39", "url": null, "entities": {"description": {"urls": []}}, "protected": false, "followers_count": 10874, "friends_count": 6890, "listed_count": 10, "created_at": "Wed Feb 06 04:47:58 +0000 2019", "favourites_count": 5424, "utc_offset": null, "time_zone": null, "geo_enabled": false, "verified": false, "statuses_count": 3394, "lang": null, "contributors_enabled": false, "is_translator": false, "is_translation_enabled": false, "profile_background_color": "F5F8FA", "profile_background_image_url": null, "profile_background_image_url_https": null, "profile_background_tile": false, "profile_image_url": "http://pbs.twimg.com/profile_images/1093289164240547840/YKuiPymZ_normal.jpg", "profile_image_url_https": "https://pbs.twimg.com/profile_images/1093289164240547840/YKuiPymZ_normal.jpg", "profile_banner_url": "https://pbs.twimg.com/profile_banners/1093008372977278977/1580857154", "profile_link_color": "1DA1F2", "profile_sidebar_border_color": "C0DEED", "profile_sidebar_fill_color": "DDEEF6", "profile_text_color": "333333", "profile_use_background_image": true, "has_extended_profile": false, "default_profile": true, "default_profile_image": false, "following": false, "follow_request_sent": false, "notifications": false, "translator_type": "none"}, "geo": null, "coordinates": null, "place": null, "contributors": null, "is_quote_status": false, "retweet_count": 37, "favorite_count": 626, "favorited": false, "retweeted": false, "lang": "en", "reply_count": 7}