{"created_at": "Sun May 31 01:04:29 +0000 2020", "id": 1266898309446275072, "id_str": "1266898309446275072", "full_text": "@nickcdubs @Koichi_Kun69 @bruce_is_here @foxwoundband The united states has a statute that says that if an american official is ever tried for war crimes then we will launch an invasion of the Hague", "truncated": false, "display_text_range": [54, 198], "entities": {"hashtags": [], "symbols": [], "user_mentions": [{"screen_name": "nickcdubs", "name": "\u0438ostr\u0434damus, Esq.", "id": 868321892599508993, "id_str": "868321892599508993", "indices": [0, 10]}, {"screen_name": "Koichi_Kun69", "name": "Yasuho @ Arakitwt reading berserk", "id": 1001875343114981379, "id_str": "1001875343114981379", "indices": [11, 24]}, {"screen_name": "foxwoundband", "name": "Fox Wound", "id": 3253132793, "id_str": "3253132793", "indices": [40, 53]}], "urls": []}, "source": "<a href=\"http://twitter.com/download/android\" rel=\"nofollow\">Twitter for Android</a>", "in_reply_to_status_id": 1266750537090904066, "in_reply_to_status_id_str": "1266750537090904066", "in_reply_to_user_id": 868321892599508993, "in_reply_to_user_id_str": "868321892599508993", "in_reply_to_screen_name": "nickcdubs", "user": {"id": 440206252, "id_str": "440206252", "name": "professional hermit", "screen_name": "sapphic_south", "location": "directly behind you", "description": "goblin by design", "url": null, "entities": {"description": {"urls": []}}, "protected": false, "followers_count": 17, "friends_count": 38, "listed_count": 0, "created_at": "Sun Dec 18 18:08:58 +0000 2011", "favourites_count": 467, "utc_offset": null, "time_zone": null, "geo_enabled": false, "verified": false, "statuses_count": 1775, "lang": null, "contributors_enabled": false, "is_translator": false, "is_translation_enabled": false, "profile_background_color": "000000", "profile_background_image_url": "http://abs.twimg.com/images/themes/theme1/bg.png", "profile_background_image_url_https": "https://abs.twimg.com/images/themes/theme1/bg.png", "profile_background_tile": false, "profile_image_url": "http://pbs.twimg.com/profile_images/1201498675907715084/1BjIZ9KJ_normal.jpg", "profile_image_url_https": "https://pbs.twimg.com/profile_images/1201498675907715084/1BjIZ9KJ_normal.jpg", "profile_banner_url": "https://pbs.twimg.com/profile_banners/440206252/1541782677", "profile_link_color": "ABB8C2", "profile_sidebar_border_color": "000000", "profile_sidebar_fill_color": "000000", "profile_text_color": "000000", "profile_use_background_image": false, "has_extended_profile": false, "default_profile": false, "default_profile_image": false, "following": false, "follow_request_sent": false, "notifications": false, "translator_type": "none"}, "geo": null, "coordinates": null, "place": null, "contributors": null, "is_quote_status": false, "retweet_count": 0, "favorite_count": 0, "favorited": false, "retweeted": false, "lang": "en", "reply_count": 0}