{"created_at": "Sat May 30 06:55:43 +0000 2020", "id": 1266624314331127808, "id_str": "1266624314331127808", "full_text": "@foxwoundband https://t.co/31nwq3tQ4l", "truncated": false, "display_text_range": [13, 13], "entities": {"hashtags": [], "symbols": [], "user_mentions": [{"screen_name": "foxwoundband", "name": "Fox Wound", "id": 3253132793, "id_str": "3253132793", "indices": [0, 13]}], "urls": [], "media": [{"id": 1266624299982438405, "id_str": "1266624299982438405", "indices": [14, 37], "media_url": "http://pbs.twimg.com/media/EZP0FwhUwAU-dd1.jpg", "media_url_https": "https://pbs.twimg.com/media/EZP0FwhUwAU-dd1.jpg", "url": "https://t.co/31nwq3tQ4l", "display_url": "pic.twitter.com/31nwq3tQ4l", "expanded_url": "https://twitter.com/0chroma_/status/1266624314331127808/photo/1", "type": "photo", "sizes": {"thumb": {"w": 150, "h": 150, "resize": "crop"}, "large": {"w": 960, "h": 960, "resize": "fit"}, "small": {"w": 680, "h": 680, "resize": "fit"}, "medium": {"w": 960, "h": 960, "resize": "fit"}}}]}, "extended_entities": {"media": [{"id": 1266624299982438405, "id_str": "1266624299982438405", "indices": [14, 37], "media_url": "http://pbs.twimg.com/media/EZP0FwhUwAU-dd1.jpg", "media_url_https": "https://pbs.twimg.com/media/EZP0FwhUwAU-dd1.jpg", "url": "https://t.co/31nwq3tQ4l", "display_url": "pic.twitter.com/31nwq3tQ4l", "expanded_url": "https://twitter.com/0chroma_/status/1266624314331127808/photo/1", "type": "photo", "sizes": {"thumb": {"w": 150, "h": 150, "resize": "crop"}, "large": {"w": 960, "h": 960, "resize": "fit"}, "small": {"w": 680, "h": 680, "resize": "fit"}, "medium": {"w": 960, "h": 960, "resize": "fit"}}}]}, "source": "<a href=\"https://mobile.twitter.com\" rel=\"nofollow\">Twitter Web App</a>", "in_reply_to_status_id": 1266613385862447104, "in_reply_to_status_id_str": "1266613385862447104", "in_reply_to_user_id": 3253132793, "in_reply_to_user_id_str": "3253132793", "in_reply_to_screen_name": "foxwoundband", "user": {"id": 924210621075283968, "id_str": "924210621075283968", "name": "\ud83c\udf38chroma\ud83c\udf38\u26a2 @ home", "screen_name": "0chroma_", "location": "SF Bay Area", "description": "Cosplayer\u30fb@ValkyrieDDR Ladymion / DDR 7dan\u30fbSDVX lv. 7\u30fbsoft engineer\u30fbshitpost R&D\u30fb\u65e5\u672c\u8a9e\uff2f\uff2b\u30fbbanner by @wlopwangling", "url": "https://t.co/abm9UyFRNv", "entities": {"url": {"urls": [{"url": "https://t.co/abm9UyFRNv", "expanded_url": "https://instagram.com/0chroma", "display_url": "instagram.com/0chroma", "indices": [0, 23]}]}, "description": {"urls": []}}, "protected": false, "followers_count": 379, "friends_count": 835, "listed_count": 4, "created_at": "Sat Oct 28 09:45:57 +0000 2017", "favourites_count": 16038, "utc_offset": null, "time_zone": null, "geo_enabled": true, "verified": false, "statuses_count": 3215, "lang": null, "contributors_enabled": false, "is_translator": false, "is_translation_enabled": false, "profile_background_color": "000000", "profile_background_image_url": "http://abs.twimg.com/images/themes/theme1/bg.png", "profile_background_image_url_https": "https://abs.twimg.com/images/themes/theme1/bg.png", "profile_background_tile": false, "profile_image_url": "http://pbs.twimg.com/profile_images/1119905740179664896/SBXZ67t1_normal.jpg", "profile_image_url_https": "https://pbs.twimg.com/profile_images/1119905740179664896/SBXZ67t1_normal.jpg", "profile_banner_url": "https://pbs.twimg.com/profile_banners/924210621075283968/1528962297", "profile_link_color": "981CEB", "profile_sidebar_border_color": "000000", "profile_sidebar_fill_color": "000000", "profile_text_color": "000000", "profile_use_background_image": false, "has_extended_profile": false, "default_profile": false, "default_profile_image": false, "following": false, "follow_request_sent": false, "notifications": false, "translator_type": "none"}, "geo": null, "coordinates": null, "place": null, "contributors": null, "is_quote_status": false, "retweet_count": 15, "favorite_count": 223, "favorited": false, "retweeted": false, "possibly_sensitive": false, "possibly_sensitive_appealable": false, "lang": "und", "reply_count": 0}