{"created_at": "Sat May 30 09:47:55 +0000 2020", "id": 1266667646247895040, "id_str": "1266667646247895040", "full_text": "@MoonbaseOtago @lillov4 @foxwoundband Rioting IS a crime.", "truncated": false, "display_text_range": [38, 57], "entities": {"hashtags": [], "symbols": [], "user_mentions": [{"screen_name": "MoonbaseOtago", "name": "Paul Campbell", "id": 2532424399, "id_str": "2532424399", "indices": [0, 14]}, {"screen_name": "lillov4", "name": "lillov", "id": 1112956501000220677, "id_str": "1112956501000220677", "indices": [15, 23]}, {"screen_name": "foxwoundband", "name": "Fox Wound", "id": 3253132793, "id_str": "3253132793", "indices": [24, 37]}], "urls": []}, "source": "<a href=\"https://mobile.twitter.com\" rel=\"nofollow\">Twitter Web App</a>", "in_reply_to_status_id": 1266664353048088576, "in_reply_to_status_id_str": "1266664353048088576", "in_reply_to_user_id": 2532424399, "in_reply_to_user_id_str": "2532424399", "in_reply_to_screen_name": "MoonbaseOtago", "user": {"id": 826191742424735745, "id_str": "826191742424735745", "name": "\ud83d\udc96\u2728\ud83c\uddfa\ud83c\uddf8 \ud835\udce2\ud835\udcf8\ud835\udcf7\ud835\udcf2\ud835\udcec \ud835\udcdc\ud835\udcec\ud835\udcdf\ud835\udcea\ud835\udcfd\ud835\udcfb\ud835\udcf2\ud835\udcf8\ud835\udcfd\ud835\udcf2\ud835\udcec \ud83c\uddfa\ud83c\uddf8\u2728\ud83d\udc96", "screen_name": "SonicMcParitoti", "location": "", "description": "", "url": "https://t.co/gC8NswJ7au", "entities": {"url": {"urls": [{"url": "https://t.co/gC8NswJ7au", "expanded_url": "https://www.youtube.com/channel/UClc4kD7rPNoBSmTw0K3DdQQ", "display_url": "youtube.com/channel/UClc4k\u2026", "indices": [0, 23]}]}, "description": {"urls": []}}, "protected": false, "followers_count": 510, "friends_count": 212, "listed_count": 3, "created_at": "Mon Jan 30 22:13:56 +0000 2017", "favourites_count": 28078, "utc_offset": null, "time_zone": null, "geo_enabled": false, "verified": false, "statuses_count": 32726, "lang": null, "contributors_enabled": false, "is_translator": false, "is_translation_enabled": false, "profile_background_color": "000000", "profile_background_image_url": "http://abs.twimg.com/images/themes/theme1/bg.png", "profile_background_image_url_https": "https://abs.twimg.com/images/themes/theme1/bg.png", "profile_background_tile": false, "profile_image_url": "http://pbs.twimg.com/profile_images/1255408850582339584/iHq3yUoq_normal.jpg", "profile_image_url_https": "https://pbs.twimg.com/profile_images/1255408850582339584/iHq3yUoq_normal.jpg", "profile_banner_url": "https://pbs.twimg.com/profile_banners/826191742424735745/1543451120", "profile_link_color": "E81C4F", "profile_sidebar_border_color": "000000", "profile_sidebar_fill_color": "000000", "profile_text_color": "000000", "profile_use_background_image": false, "has_extended_profile": true, "default_profile": false, "default_profile_image": false, "following": false, "follow_request_sent": false, "notifications": false, "translator_type": "none"}, "geo": null, "coordinates": null, "place": null, "contributors": null, "is_quote_status": false, "retweet_count": 0, "favorite_count": 4, "favorited": false, "retweeted": false, "lang": "en", "reply_count": 2}