{"created_at": "Sat May 30 19:33:28 +0000 2020", "id": 1266815008454799360, "id_str": "1266815008454799360", "full_text": "@CandygramTweet @warNuKE_ @yvonnerlarry @Throatshot_ @tynate1 @foxwoundband @killmeslime He\u2019s a troll of course this isn\u2019t a joke I have a theory that these kids are kids from ICE detention camps remember like thousands went missing ? Separated from family easily manipuled it kinda makes sense and they are scared you can see it", "truncated": false, "display_text_range": [89, 329], "entities": {"hashtags": [], "symbols": [], "user_mentions": [{"screen_name": "CandygramTweet", "name": "Candygram", "id": 4228448658, "id_str": "4228448658", "indices": [0, 15]}, {"screen_name": "warNuKE_", "name": "WarNuke", "id": 2894080753, "id_str": "2894080753", "indices": [16, 25]}, {"screen_name": "yvonnerlarry", "name": "RULES?!?! NO ONE IS FOLLOWING THE RULES", "id": 1545953198, "id_str": "1545953198", "indices": [26, 39]}, {"screen_name": "Throatshot_", "name": "Throatshot", "id": 1189343064776740864, "id_str": "1189343064776740864", "indices": [40, 52]}, {"screen_name": "tynate1", "name": "Flphonton 1", "id": 2583344674, "id_str": "2583344674", "indices": [53, 61]}, {"screen_name": "foxwoundband", "name": "Fox Wound", "id": 3253132793, "id_str": "3253132793", "indices": [62, 75]}, {"screen_name": "killmeslime", "name": "slime", "id": 4836335414, "id_str": "4836335414", "indices": [76, 88]}], "urls": []}, "source": "<a href=\"http://twitter.com/download/iphone\" rel=\"nofollow\">Twitter for iPhone</a>", "in_reply_to_status_id": 1266782768920440833, "in_reply_to_status_id_str": "1266782768920440833", "in_reply_to_user_id": 4228448658, "in_reply_to_user_id_str": "4228448658", "in_reply_to_screen_name": "CandygramTweet", "user": {"id": 1110806132862279685, "id_str": "1110806132862279685", "name": "Guac", "screen_name": "bigpapaguac", "location": "Japan", "description": "Day trader investor retired living in japan for today \ud83d\udcb8", "url": null, "entities": {"description": {"urls": []}}, "protected": false, "followers_count": 37, "friends_count": 72, "listed_count": 0, "created_at": "Wed Mar 27 07:29:54 +0000 2019", "favourites_count": 199, "utc_offset": null, "time_zone": null, "geo_enabled": true, "verified": false, "statuses_count": 111, "lang": null, "contributors_enabled": false, "is_translator": false, "is_translation_enabled": false, "profile_background_color": "F5F8FA", "profile_background_image_url": null, "profile_background_image_url_https": null, "profile_background_tile": false, "profile_image_url": "http://pbs.twimg.com/profile_images/1261236716305702914/mSisaJAx_normal.jpg", "profile_image_url_https": "https://pbs.twimg.com/profile_images/1261236716305702914/mSisaJAx_normal.jpg", "profile_banner_url": "https://pbs.twimg.com/profile_banners/1110806132862279685/1589537272", "profile_link_color": "1DA1F2", "profile_sidebar_border_color": "C0DEED", "profile_sidebar_fill_color": "DDEEF6", "profile_text_color": "333333", "profile_use_background_image": true, "has_extended_profile": false, "default_profile": true, "default_profile_image": false, "following": false, "follow_request_sent": false, "notifications": false, "translator_type": "none"}, "geo": null, "coordinates": null, "place": {"id": "be77ce569a77d6d6", "url": "https://api.twitter.com/1.1/geo/id/be77ce569a77d6d6.json", "place_type": "city", "name": "Kin-cho", "full_name": "Kin-cho, Okinawa", "country_code": "JP", "country": "Japan", "contained_within": [], "bounding_box": {"type": "Polygon", "coordinates": [[[127.835103, 26.433377], [127.95049, 26.433377], [127.95049, 26.50239], [127.835103, 26.50239]]]}, "attributes": {}}, "contributors": null, "is_quote_status": false, "retweet_count": 0, "favorite_count": 0, "favorited": false, "retweeted": false, "lang": "en", "reply_count": 1}