{"created_at": "Sun May 31 04:50:10 +0000 2020", "id": 1266955105452068865, "id_str": "1266955105452068865", "full_text": "@theangelremiel @TheranosPRGuy @AliceAvizandum @foxwoundband i cant stop laughing bro omfg", "truncated": false, "display_text_range": [61, 90], "entities": {"hashtags": [], "symbols": [], "user_mentions": [{"screen_name": "theangelremiel", "name": "Ian Rennie", "id": 18256552, "id_str": "18256552", "indices": [0, 15]}, {"screen_name": "TheranosPRGuy", "name": "Politics Understander\ud83c\udf39", "id": 1568436036, "id_str": "1568436036", "indices": [16, 30]}, {"screen_name": "AliceAvizandum", "name": "umarell thurman", "id": 20770892, "id_str": "20770892", "indices": [31, 46]}, {"screen_name": "foxwoundband", "name": "Fox Wound", "id": 3253132793, "id_str": "3253132793", "indices": [47, 60]}], "urls": []}, "source": "<a href=\"http://twitter.com/download/iphone\" rel=\"nofollow\">Twitter for iPhone</a>", "in_reply_to_status_id": 1266648564555567105, "in_reply_to_status_id_str": "1266648564555567105", "in_reply_to_user_id": 18256552, "in_reply_to_user_id_str": "18256552", "in_reply_to_screen_name": "theangelremiel", "user": {"id": 1218255630655463424, "id_str": "1218255630655463424", "name": "\ud835\udc04\ud835\udc03\ud835\udc00\ud835\udc0c\ud835\udc08", "screen_name": "imadeedami", "location": "\ud83c\uddf3\ud83c\uddec", "description": "nomas lloro", "url": "https://t.co/MnJy0o4hZW", "entities": {"url": {"urls": [{"url": "https://t.co/MnJy0o4hZW", "expanded_url": "https://liinks.co/edami", "display_url": "liinks.co/edami", "indices": [0, 23]}]}, "description": {"urls": []}}, "protected": false, "followers_count": 48, "friends_count": 48, "listed_count": 0, "created_at": "Fri Jan 17 19:36:00 +0000 2020", "favourites_count": 0, "utc_offset": null, "time_zone": null, "geo_enabled": false, "verified": false, "statuses_count": 846, "lang": null, "contributors_enabled": false, "is_translator": false, "is_translation_enabled": false, "profile_background_color": "F5F8FA", "profile_background_image_url": null, "profile_background_image_url_https": null, "profile_background_tile": false, "profile_image_url": "http://pbs.twimg.com/profile_images/1271688373279875073/GJhbrEw3_normal.jpg", "profile_image_url_https": "https://pbs.twimg.com/profile_images/1271688373279875073/GJhbrEw3_normal.jpg", "profile_banner_url": "https://pbs.twimg.com/profile_banners/1218255630655463424/1592295151", "profile_link_color": "1DA1F2", "profile_sidebar_border_color": "C0DEED", "profile_sidebar_fill_color": "DDEEF6", "profile_text_color": "333333", "profile_use_background_image": true, "has_extended_profile": true, "default_profile": true, "default_profile_image": false, "following": false, "follow_request_sent": false, "notifications": false, "translator_type": "none"}, "geo": null, "coordinates": null, "place": null, "contributors": null, "is_quote_status": false, "retweet_count": 0, "favorite_count": 2, "favorited": false, "retweeted": false, "lang": "en", "reply_count": 0}