{"created_at": "Sat May 30 17:55:29 +0000 2020", "id": 1266790350137499649, "id_str": "1266790350137499649", "full_text": "@BenWright1028 @NunesAlt @foxwoundband Those are clearly children Ben.", "truncated": false, "display_text_range": [39, 70], "entities": {"hashtags": [], "symbols": [], "user_mentions": [{"screen_name": "BenWright1028", "name": "Ben Wright", "id": 1027876629262086144, "id_str": "1027876629262086144", "indices": [0, 14]}, {"screen_name": "NunesAlt", "name": "Devin Nunes' Alt-Mom", "id": 1107896723936940032, "id_str": "1107896723936940032", "indices": [15, 24]}, {"screen_name": "foxwoundband", "name": "Fox Wound", "id": 3253132793, "id_str": "3253132793", "indices": [25, 38]}], "urls": []}, "source": "<a href=\"http://twitter.com/download/android\" rel=\"nofollow\">Twitter for Android</a>", "in_reply_to_status_id": 1266736087487131654, "in_reply_to_status_id_str": "1266736087487131654", "in_reply_to_user_id": 1027876629262086144, "in_reply_to_user_id_str": "1027876629262086144", "in_reply_to_screen_name": "BenWright1028", "user": {"id": 21563704, "id_str": "21563704", "name": "Fine Gael & Fianna Fail Delenda Est", "screen_name": "Lamhfada", "location": "Galway, Ireland", "description": "Nothing very interesting. D\u00e9ghn\u00e9asach.\n[He/Him/S\u00e9/\u00e9] \ud83c\udff3\ufe0f\u200d\ud83c\udf08", "url": "https://t.co/0YvkmoAIYk", "entities": {"url": {"urls": [{"url": "https://t.co/0YvkmoAIYk", "expanded_url": "http://Instagram.com/lugh_lamhfada", "display_url": "Instagram.com/lugh_lamhfada", "indices": [0, 23]}]}, "description": {"urls": []}}, "protected": false, "followers_count": 5662, "friends_count": 6140, "listed_count": 212, "created_at": "Sun Feb 22 13:08:20 +0000 2009", "favourites_count": 596295, "utc_offset": null, "time_zone": null, "geo_enabled": true, "verified": false, "statuses_count": 369263, "lang": null, "contributors_enabled": false, "is_translator": false, "is_translation_enabled": true, "profile_background_color": "1A1B1F", "profile_background_image_url": "http://abs.twimg.com/images/themes/theme5/bg.gif", "profile_background_image_url_https": "https://abs.twimg.com/images/themes/theme5/bg.gif", "profile_background_tile": true, "profile_image_url": "http://pbs.twimg.com/profile_images/1276077246889881600/FKlPFgCJ_normal.png", "profile_image_url_https": "https://pbs.twimg.com/profile_images/1276077246889881600/FKlPFgCJ_normal.png", "profile_banner_url": "https://pbs.twimg.com/profile_banners/21563704/1541614028", "profile_link_color": "1B95E0", "profile_sidebar_border_color": "181A1E", "profile_sidebar_fill_color": "252429", "profile_text_color": "666666", "profile_use_background_image": true, "has_extended_profile": true, "default_profile": false, "default_profile_image": false, "following": false, "follow_request_sent": false, "notifications": false, "translator_type": "none"}, "geo": null, "coordinates": null, "place": null, "contributors": null, "is_quote_status": false, "retweet_count": 0, "favorite_count": 1, "favorited": false, "retweeted": false, "lang": "en", "reply_count": 2}