{"created_at": "Sat May 30 07:59:18 +0000 2020", "id": 1266640314615414785, "id_str": "1266640314615414785", "full_text": "@AmandaFlagg @foxwoundband YES. I concur with THIS!!! \ud83d\udcaf\ud83d\udcaf\ud83d\udcaf https://t.co/wkpHfB9rZz", "truncated": false, "display_text_range": [27, 57], "entities": {"hashtags": [], "symbols": [], "user_mentions": [{"screen_name": "AmandaFlagg", "name": "Amanda Flagg \ud83e\udd88", "id": 2922351, "id_str": "2922351", "indices": [0, 12]}, {"screen_name": "foxwoundband", "name": "Fox Wound", "id": 3253132793, "id_str": "3253132793", "indices": [13, 26]}], "urls": [], "media": [{"id": 1266640308718178304, "id_str": "1266640308718178304", "indices": [58, 81], "media_url": "http://pbs.twimg.com/tweet_video_thumb/EZQCpltWkAAfw6f.jpg", "media_url_https": "https://pbs.twimg.com/tweet_video_thumb/EZQCpltWkAAfw6f.jpg", "url": "https://t.co/wkpHfB9rZz", "display_url": "pic.twitter.com/wkpHfB9rZz", "expanded_url": "https://twitter.com/leiakanani/status/1266640314615414785/photo/1", "type": "photo", "sizes": {"small": {"w": 220, "h": 272, "resize": "fit"}, "thumb": {"w": 150, "h": 150, "resize": "crop"}, "medium": {"w": 220, "h": 272, "resize": "fit"}, "large": {"w": 220, "h": 272, "resize": "fit"}}}]}, "extended_entities": {"media": [{"id": 1266640308718178304, "id_str": "1266640308718178304", "indices": [58, 81], "media_url": "http://pbs.twimg.com/tweet_video_thumb/EZQCpltWkAAfw6f.jpg", "media_url_https": "https://pbs.twimg.com/tweet_video_thumb/EZQCpltWkAAfw6f.jpg", "url": "https://t.co/wkpHfB9rZz", "display_url": "pic.twitter.com/wkpHfB9rZz", "expanded_url": "https://twitter.com/leiakanani/status/1266640314615414785/photo/1", "type": "animated_gif", "sizes": {"small": {"w": 220, "h": 272, "resize": "fit"}, "thumb": {"w": 150, "h": 150, "resize": "crop"}, "medium": {"w": 220, "h": 272, "resize": "fit"}, "large": {"w": 220, "h": 272, "resize": "fit"}}, "video_info": {"aspect_ratio": [55, 68], "variants": [{"bitrate": 0, "content_type": "video/mp4", "url": "https://video.twimg.com/tweet_video/EZQCpltWkAAfw6f.mp4"}]}}]}, "source": "<a href=\"http://twitter.com/download/iphone\" rel=\"nofollow\">Twitter for iPhone</a>", "in_reply_to_status_id": 1266640158201274370, "in_reply_to_status_id_str": "1266640158201274370", "in_reply_to_user_id": 2922351, "in_reply_to_user_id_str": "2922351", "in_reply_to_screen_name": "AmandaFlagg", "user": {"id": 412820768, "id_str": "412820768", "name": "\u064b", "screen_name": "leiakanani", "location": "Louisiana, USA", "description": "Psychology Major w/ a Concentration in Forensics | Author Of @ROXTheSeries | #BLM SHE/HER | Misia Te Au Ma O Le Valea | IG - leiakanani \u264b\ufe0f\u264e\ufe0f\u2649\ufe0f | RIL @ranshipe", "url": "https://t.co/9RFDYJm9b6", "entities": {"url": {"urls": [{"url": "https://t.co/9RFDYJm9b6", "expanded_url": "http://vanity6vibes.org", "display_url": "vanity6vibes.org", "indices": [0, 23]}]}, "description": {"urls": []}}, "protected": false, "followers_count": 3016, "friends_count": 657, "listed_count": 14, "created_at": "Tue Nov 15 05:00:16 +0000 2011", "favourites_count": 25975, "utc_offset": null, "time_zone": null, "geo_enabled": false, "verified": false, "statuses_count": 20529, "lang": null, "contributors_enabled": false, "is_translator": false, "is_translation_enabled": false, "profile_background_color": "000000", "profile_background_image_url": "http://abs.twimg.com/images/themes/theme1/bg.png", "profile_background_image_url_https": "https://abs.twimg.com/images/themes/theme1/bg.png", "profile_background_tile": true, "profile_image_url": "http://pbs.twimg.com/profile_images/1274226102131724290/-X-WSZel_normal.jpg", "profile_image_url_https": "https://pbs.twimg.com/profile_images/1274226102131724290/-X-WSZel_normal.jpg", "profile_banner_url": "https://pbs.twimg.com/profile_banners/412820768/1592634152", "profile_link_color": "F58EA8", "profile_sidebar_border_color": "FFFFFF", "profile_sidebar_fill_color": "0099FF", "profile_text_color": "00CCFF", "profile_use_background_image": false, "has_extended_profile": true, "default_profile": false, "default_profile_image": false, "following": false, "follow_request_sent": false, "notifications": false, "translator_type": "none"}, "geo": null, "coordinates": null, "place": null, "contributors": null, "is_quote_status": false, "retweet_count": 0, "favorite_count": 13, "favorited": false, "retweeted": false, "possibly_sensitive": false, "possibly_sensitive_appealable": false, "lang": "en", "reply_count": 1}