{"created_at": "Sat May 30 20:46:43 +0000 2020", "id": 1266833441531793408, "id_str": "1266833441531793408", "full_text": "@foxwoundband I blame Greta.\nOr WTF am I seeing here, is this real?", "truncated": false, "display_text_range": [14, 67], "entities": {"hashtags": [], "symbols": [], "user_mentions": [{"screen_name": "foxwoundband", "name": "Fox Wound", "id": 3253132793, "id_str": "3253132793", "indices": [0, 13]}], "urls": []}, "source": "<a href=\"http://twitter.com/#!/download/ipad\" rel=\"nofollow\">Twitter for iPad</a>", "in_reply_to_status_id": 1266613385862447104, "in_reply_to_status_id_str": "1266613385862447104", "in_reply_to_user_id": 3253132793, "in_reply_to_user_id_str": "3253132793", "in_reply_to_screen_name": "foxwoundband", "user": {"id": 2915923053, "id_str": "2915923053", "name": "HamsterInTheMachine", "screen_name": "hamster_ai", "location": "Schweiz", "description": "Cryptography, Decentralization, Anti-Fragility \ud83d\udc38\ud83d\udc3b\ud83d\ude81 #TaxationIsTheft", "url": null, "entities": {"description": {"urls": []}}, "protected": false, "followers_count": 1663, "friends_count": 4992, "listed_count": 33, "created_at": "Thu Dec 11 18:13:50 +0000 2014", "favourites_count": 51661, "utc_offset": null, "time_zone": null, "geo_enabled": false, "verified": false, "statuses_count": 36076, "lang": null, "contributors_enabled": false, "is_translator": false, "is_translation_enabled": false, "profile_background_color": "000000", "profile_background_image_url": "http://abs.twimg.com/images/themes/theme1/bg.png", "profile_background_image_url_https": "https://abs.twimg.com/images/themes/theme1/bg.png", "profile_background_tile": false, "profile_image_url": "http://pbs.twimg.com/profile_images/556894646513573888/svrncQP2_normal.png", "profile_image_url_https": "https://pbs.twimg.com/profile_images/556894646513573888/svrncQP2_normal.png", "profile_banner_url": "https://pbs.twimg.com/profile_banners/2915923053/1497488085", "profile_link_color": "F7931A", "profile_sidebar_border_color": "000000", "profile_sidebar_fill_color": "000000", "profile_text_color": "000000", "profile_use_background_image": false, "has_extended_profile": true, "default_profile": false, "default_profile_image": false, "following": false, "follow_request_sent": false, "notifications": false, "translator_type": "none"}, "geo": null, "coordinates": null, "place": null, "contributors": null, "is_quote_status": false, "retweet_count": 0, "favorite_count": 0, "favorited": false, "retweeted": false, "lang": "en", "reply_count": 0}