{"created_at": "Sat May 30 21:43:57 +0000 2020", "id": 1266847842666242049, "id_str": "1266847842666242049", "full_text": "@angel_felixv @foxwoundband Sounds about right", "truncated": false, "display_text_range": [28, 46], "entities": {"hashtags": [], "symbols": [], "user_mentions": [{"screen_name": "angel_felixv", "name": "No Justice, No Peace. \ud83c\udf39\ud83e\uddba", "id": 2323154035, "id_str": "2323154035", "indices": [0, 13]}, {"screen_name": "foxwoundband", "name": "Fox Wound", "id": 3253132793, "id_str": "3253132793", "indices": [14, 27]}], "urls": []}, "source": "<a href=\"http://twitter.com/download/iphone\" rel=\"nofollow\">Twitter for iPhone</a>", "in_reply_to_status_id": 1266813232137801729, "in_reply_to_status_id_str": "1266813232137801729", "in_reply_to_user_id": 4841657832, "in_reply_to_user_id_str": "4841657832", "in_reply_to_screen_name": "corvidsrcool", "user": {"id": 4841657832, "id_str": "4841657832", "name": "Ln", "screen_name": "corvidsrcool", "location": "", "description": "happiness is...books, art, nature, dogs & children, equal rights & knowledge. I count trees, creeks & birds among my friends. views are my own and trump sucks", "url": null, "entities": {"description": {"urls": []}}, "protected": false, "followers_count": 228, "friends_count": 1045, "listed_count": 0, "created_at": "Sun Jan 31 22:15:25 +0000 2016", "favourites_count": 3731, "utc_offset": null, "time_zone": null, "geo_enabled": false, "verified": false, "statuses_count": 1606, "lang": null, "contributors_enabled": false, "is_translator": false, "is_translation_enabled": false, "profile_background_color": "000000", "profile_background_image_url": "http://abs.twimg.com/images/themes/theme1/bg.png", "profile_background_image_url_https": "https://abs.twimg.com/images/themes/theme1/bg.png", "profile_background_tile": false, "profile_image_url": "http://pbs.twimg.com/profile_images/693923534133809152/WXGzi7km_normal.jpg", "profile_image_url_https": "https://pbs.twimg.com/profile_images/693923534133809152/WXGzi7km_normal.jpg", "profile_link_color": "94D487", "profile_sidebar_border_color": "000000", "profile_sidebar_fill_color": "000000", "profile_text_color": "000000", "profile_use_background_image": false, "has_extended_profile": false, "default_profile": false, "default_profile_image": false, "following": false, "follow_request_sent": false, "notifications": false, "translator_type": "none"}, "geo": null, "coordinates": null, "place": null, "contributors": null, "is_quote_status": false, "retweet_count": 0, "favorite_count": 0, "favorited": false, "retweeted": false, "lang": "en", "reply_count": 0}