{"created_at": "Sat May 30 21:11:48 +0000 2020", "id": 1266839754676465664, "id_str": "1266839754676465664", "full_text": "@foxwoundband yo WHAT", "truncated": false, "display_text_range": [14, 21], "entities": {"hashtags": [], "symbols": [], "user_mentions": [{"screen_name": "foxwoundband", "name": "Fox Wound", "id": 3253132793, "id_str": "3253132793", "indices": [0, 13]}], "urls": []}, "source": "<a href=\"http://twitter.com/download/iphone\" rel=\"nofollow\">Twitter for iPhone</a>", "in_reply_to_status_id": 1266613385862447104, "in_reply_to_status_id_str": "1266613385862447104", "in_reply_to_user_id": 3253132793, "in_reply_to_user_id_str": "3253132793", "in_reply_to_screen_name": "foxwoundband", "user": {"id": 2862080142, "id_str": "2862080142", "name": "Michael", "screen_name": "GaesslerMichael", "location": "Terrapin Station", "description": "I have my friends, I have my vibes, what more could I want?", "url": null, "entities": {"description": {"urls": []}}, "protected": false, "followers_count": 338, "friends_count": 489, "listed_count": 0, "created_at": "Sat Oct 18 07:46:23 +0000 2014", "favourites_count": 40853, "utc_offset": null, "time_zone": null, "geo_enabled": true, "verified": false, "statuses_count": 1416, "lang": null, "contributors_enabled": false, "is_translator": false, "is_translation_enabled": false, "profile_background_color": "C0DEED", "profile_background_image_url": "http://abs.twimg.com/images/themes/theme1/bg.png", "profile_background_image_url_https": "https://abs.twimg.com/images/themes/theme1/bg.png", "profile_background_tile": false, "profile_image_url": "http://pbs.twimg.com/profile_images/1081708098174078976/wWS5lkVu_normal.jpg", "profile_image_url_https": "https://pbs.twimg.com/profile_images/1081708098174078976/wWS5lkVu_normal.jpg", "profile_banner_url": "https://pbs.twimg.com/profile_banners/2862080142/1580173173", "profile_link_color": "1DA1F2", "profile_sidebar_border_color": "C0DEED", "profile_sidebar_fill_color": "DDEEF6", "profile_text_color": "333333", "profile_use_background_image": true, "has_extended_profile": true, "default_profile": true, "default_profile_image": false, "following": false, "follow_request_sent": false, "notifications": false, "translator_type": "none"}, "geo": null, "coordinates": null, "place": null, "contributors": null, "is_quote_status": false, "retweet_count": 0, "favorite_count": 0, "favorited": false, "retweeted": false, "lang": "en", "reply_count": 0}