{"created_at": "Sat May 30 23:04:30 +0000 2020", "id": 1266868115910115333, "id_str": "1266868115910115333", "full_text": "@foxwoundband Oh right!  DONATE TO SOROS!\ud83d\ude44", "truncated": false, "display_text_range": [14, 42], "entities": {"hashtags": [], "symbols": [], "user_mentions": [{"screen_name": "foxwoundband", "name": "Fox Wound", "id": 3253132793, "id_str": "3253132793", "indices": [0, 13]}], "urls": []}, "source": "<a href=\"http://twitter.com/download/iphone\" rel=\"nofollow\">Twitter for iPhone</a>", "in_reply_to_status_id": 1266626646280413185, "in_reply_to_status_id_str": "1266626646280413185", "in_reply_to_user_id": 3253132793, "in_reply_to_user_id_str": "3253132793", "in_reply_to_screen_name": "foxwoundband", "user": {"id": 1157971528715313157, "id_str": "1157971528715313157", "name": "red-pilled former dem", "screen_name": "PilledDem", "location": "Delaware, USA", "description": "\ud83d\ude04 \ud83c\uddfa\ud83c\uddf8\ud83c\uddfa\ud83c\uddf8\ud83c\uddfa\ud83c\uddf8\ud83c\uddfa\ud83c\uddf8\ud83c\uddfa\ud83c\uddf8#Trump2020LandslideVictory #QAnon #KAG2020 #WWG1WGA", "url": null, "entities": {"description": {"urls": []}}, "protected": false, "followers_count": 5379, "friends_count": 5756, "listed_count": 3, "created_at": "Sun Aug 04 11:08:21 +0000 2019", "favourites_count": 16583, "utc_offset": null, "time_zone": null, "geo_enabled": false, "verified": false, "statuses_count": 58646, "lang": null, "contributors_enabled": false, "is_translator": false, "is_translation_enabled": false, "profile_background_color": "F5F8FA", "profile_background_image_url": null, "profile_background_image_url_https": null, "profile_background_tile": false, "profile_image_url": "http://pbs.twimg.com/profile_images/1169770938063347714/NDJTu_1e_normal.jpg", "profile_image_url_https": "https://pbs.twimg.com/profile_images/1169770938063347714/NDJTu_1e_normal.jpg", "profile_banner_url": "https://pbs.twimg.com/profile_banners/1157971528715313157/1588518295", "profile_link_color": "1DA1F2", "profile_sidebar_border_color": "C0DEED", "profile_sidebar_fill_color": "DDEEF6", "profile_text_color": "333333", "profile_use_background_image": true, "has_extended_profile": false, "default_profile": true, "default_profile_image": false, "following": false, "follow_request_sent": false, "notifications": false, "translator_type": "none"}, "geo": null, "coordinates": null, "place": null, "contributors": null, "is_quote_status": false, "retweet_count": 0, "favorite_count": 1, "favorited": false, "retweeted": false, "lang": "en", "reply_count": 0}