{"created_at": "Sat May 30 09:34:38 +0000 2020", "id": 1266664306885754880, "id_str": "1266664306885754880", "full_text": "@foxwoundband The same lil kid roaming in Minneapolis \ud83d\ude2d how?!?  https://t.co/ttW2niZzMa", "truncated": false, "display_text_range": [14, 87], "entities": {"hashtags": [], "symbols": [], "user_mentions": [{"screen_name": "foxwoundband", "name": "Fox Wound", "id": 3253132793, "id_str": "3253132793", "indices": [0, 13]}], "urls": [{"url": "https://t.co/ttW2niZzMa", "expanded_url": "https://twitter.com/egirIsoo/status/1266531849217720320/video/1", "display_url": "twitter.com/egirIsoo/statu\u2026", "indices": [64, 87]}]}, "source": "<a href=\"http://twitter.com/download/iphone\" rel=\"nofollow\">Twitter for iPhone</a>", "in_reply_to_status_id": 1266613385862447104, "in_reply_to_status_id_str": "1266613385862447104", "in_reply_to_user_id": 3253132793, "in_reply_to_user_id_str": "3253132793", "in_reply_to_screen_name": "foxwoundband", "user": {"id": 1150573087538188290, "id_str": "1150573087538188290", "name": "deka \ud83d\udcab", "screen_name": "dekaliketen", "location": "42 Dugg Enthusiast", "description": "", "url": "https://t.co/Zdvwli9UMe", "entities": {"url": {"urls": [{"url": "https://t.co/Zdvwli9UMe", "expanded_url": "https://www.hermes.com/us/en/story/106191-birkin/", "display_url": "hermes.com/us/en/story/10\u2026", "indices": [0, 23]}]}, "description": {"urls": []}}, "protected": false, "followers_count": 80, "friends_count": 381, "listed_count": 3, "created_at": "Mon Jul 15 01:09:35 +0000 2019", "favourites_count": 9817, "utc_offset": null, "time_zone": null, "geo_enabled": true, "verified": false, "statuses_count": 750, "lang": null, "contributors_enabled": false, "is_translator": false, "is_translation_enabled": false, "profile_background_color": "F5F8FA", "profile_background_image_url": null, "profile_background_image_url_https": null, "profile_background_tile": false, "profile_image_url": "http://pbs.twimg.com/profile_images/1274552054170693638/fO7yUhD2_normal.jpg", "profile_image_url_https": "https://pbs.twimg.com/profile_images/1274552054170693638/fO7yUhD2_normal.jpg", "profile_banner_url": "https://pbs.twimg.com/profile_banners/1150573087538188290/1589091510", "profile_link_color": "1DA1F2", "profile_sidebar_border_color": "C0DEED", "profile_sidebar_fill_color": "DDEEF6", "profile_text_color": "333333", "profile_use_background_image": true, "has_extended_profile": true, "default_profile": true, "default_profile_image": false, "following": false, "follow_request_sent": false, "notifications": false, "translator_type": "none"}, "geo": null, "coordinates": null, "place": null, "contributors": null, "is_quote_status": false, "retweet_count": 1487, "favorite_count": 5544, "favorited": false, "retweeted": false, "possibly_sensitive": false, "possibly_sensitive_appealable": false, "lang": "en", "reply_count": 200}