{"created_at": "Sat May 30 21:22:15 +0000 2020", "id": 1266842382290518017, "id_str": "1266842382290518017", "full_text": "@foxwoundband Same thing in Detroit to \ud83d\ude02 I was taking pictures last night at the protest and said the same thing \ud83e\udd26\ud83c\udffe\u200d\u2642\ufe0f\ud83d\udc80 https://t.co/QWuGgmWBEo", "truncated": false, "display_text_range": [14, 119], "entities": {"hashtags": [], "symbols": [], "user_mentions": [{"screen_name": "foxwoundband", "name": "Fox Wound", "id": 3253132793, "id_str": "3253132793", "indices": [0, 13]}], "urls": [], "media": [{"id": 1266842326250520577, "id_str": "1266842326250520577", "indices": [120, 143], "media_url": "http://pbs.twimg.com/ext_tw_video_thumb/1266842326250520577/pu/img/VmZwwm6AXlpb0C66.jpg", "media_url_https": "https://pbs.twimg.com/ext_tw_video_thumb/1266842326250520577/pu/img/VmZwwm6AXlpb0C66.jpg", "url": "https://t.co/QWuGgmWBEo", "display_url": "pic.twitter.com/QWuGgmWBEo", "expanded_url": "https://twitter.com/whoisyungwavy/status/1266842382290518017/video/1", "type": "photo", "sizes": {"thumb": {"w": 150, "h": 150, "resize": "crop"}, "large": {"w": 624, "h": 1232, "resize": "fit"}, "small": {"w": 344, "h": 680, "resize": "fit"}, "medium": {"w": 608, "h": 1200, "resize": "fit"}}}]}, "extended_entities": {"media": [{"id": 1266842326250520577, "id_str": "1266842326250520577", "indices": [120, 143], "media_url": "http://pbs.twimg.com/ext_tw_video_thumb/1266842326250520577/pu/img/VmZwwm6AXlpb0C66.jpg", "media_url_https": "https://pbs.twimg.com/ext_tw_video_thumb/1266842326250520577/pu/img/VmZwwm6AXlpb0C66.jpg", "url": "https://t.co/QWuGgmWBEo", "display_url": "pic.twitter.com/QWuGgmWBEo", "expanded_url": "https://twitter.com/whoisyungwavy/status/1266842382290518017/video/1", "type": "video", "sizes": {"thumb": {"w": 150, "h": 150, "resize": "crop"}, "large": {"w": 624, "h": 1232, "resize": "fit"}, "small": {"w": 344, "h": 680, "resize": "fit"}, "medium": {"w": 608, "h": 1200, "resize": "fit"}}, "video_info": {"aspect_ratio": [39, 77], "duration_millis": 12300, "variants": [{"content_type": "application/x-mpegURL", "url": "https://video.twimg.com/ext_tw_video/1266842326250520577/pu/pl/u6ACaDi_J0B-5zJC.m3u8?tag=10"}, {"bitrate": 2176000, "content_type": "video/mp4", "url": "https://video.twimg.com/ext_tw_video/1266842326250520577/pu/vid/624x1232/tfyl9BfZJR-9rV2T.mp4?tag=10"}, {"bitrate": 832000, "content_type": "video/mp4", "url": "https://video.twimg.com/ext_tw_video/1266842326250520577/pu/vid/360x710/uhCzbW1uWsgxbxC7.mp4?tag=10"}, {"bitrate": 632000, "content_type": "video/mp4", "url": "https://video.twimg.com/ext_tw_video/1266842326250520577/pu/vid/320x630/UYe0dWQI97v-cWYk.mp4?tag=10"}]}, "additional_media_info": {"monetizable": false}}]}, "source": "<a href=\"http://twitter.com/download/iphone\" rel=\"nofollow\">Twitter for iPhone</a>", "in_reply_to_status_id": 1266613385862447104, "in_reply_to_status_id_str": "1266613385862447104", "in_reply_to_user_id": 3253132793, "in_reply_to_user_id_str": "3253132793", "in_reply_to_screen_name": "foxwoundband", "user": {"id": 743274664005337089, "id_str": "743274664005337089", "name": "The Coolest", "screen_name": "whoisyungwavy", "location": "Hello...,Mi", "description": "HOOD PHILANTHROPIST \ud83d\udcb3\ud83d\udcb0 Anime tiddies \ud83c\udf48\ud83c\udf48..... the waviest jinchuriki of all the lands \ud83d\udd25photographer\ud83d\udcf8/ videographer \ud83c\udfa5 follow @wavyproduction", "url": "https://t.co/ejXFcz0aPi", "entities": {"url": {"urls": [{"url": "https://t.co/ejXFcz0aPi", "expanded_url": "https://www.youtube.com/channel/UCT099LSxoH83XFHGnWCA8_g", "display_url": "youtube.com/channel/UCT099\u2026", "indices": [0, 23]}]}, "description": {"urls": []}}, "protected": false, "followers_count": 469, "friends_count": 715, "listed_count": 0, "created_at": "Thu Jun 16 02:51:04 +0000 2016", "favourites_count": 4050, "utc_offset": null, "time_zone": null, "geo_enabled": false, "verified": false, "statuses_count": 551, "lang": null, "contributors_enabled": false, "is_translator": false, "is_translation_enabled": false, "profile_background_color": "F5F8FA", "profile_background_image_url": null, "profile_background_image_url_https": null, "profile_background_tile": false, "profile_image_url": "http://pbs.twimg.com/profile_images/1206654659240366081/a0lM_I4Y_normal.jpg", "profile_image_url_https": "https://pbs.twimg.com/profile_images/1206654659240366081/a0lM_I4Y_normal.jpg", "profile_banner_url": "https://pbs.twimg.com/profile_banners/743274664005337089/1543168122", "profile_link_color": "1DA1F2", "profile_sidebar_border_color": "C0DEED", "profile_sidebar_fill_color": "DDEEF6", "profile_text_color": "333333", "profile_use_background_image": true, "has_extended_profile": false, "default_profile": true, "default_profile_image": false, "following": false, "follow_request_sent": false, "notifications": false, "translator_type": "none"}, "geo": null, "coordinates": null, "place": null, "contributors": null, "is_quote_status": false, "retweet_count": 1, "favorite_count": 8, "favorited": false, "retweeted": false, "possibly_sensitive": false, "possibly_sensitive_appealable": false, "lang": "en", "reply_count": 0}