{"created_at": "Sun May 31 01:28:03 +0000 2020", "id": 1266904239286235137, "id_str": "1266904239286235137", "full_text": "@captainchikara @angel_felixv @foxwoundband Like dont you think redneck people haven't trained their 10 y/o how to use a 12 gauge? \n\nYou know if u fuck w/ that Korean War vet he's going to bring out his AK-47.", "truncated": false, "display_text_range": [44, 209], "entities": {"hashtags": [], "symbols": [], "user_mentions": [{"screen_name": "captainchikara", "name": "\u262d \ud835\udc10\ud835\udc14\ud835\udc08\ud835\udc0d\ud835\udc0d #\ud835\udc01\ud835\udc0b\ud835\udc0c \u2665\ufe0f", "id": 1079271528343040000, "id_str": "1079271528343040000", "indices": [0, 15]}, {"screen_name": "angel_felixv", "name": "No Justice, No Peace. \ud83c\udf39\ud83e\uddba", "id": 2323154035, "id_str": "2323154035", "indices": [16, 29]}, {"screen_name": "foxwoundband", "name": "Fox Wound", "id": 3253132793, "id_str": "3253132793", "indices": [30, 43]}], "urls": []}, "source": "<a href=\"http://twitter.com/download/android\" rel=\"nofollow\">Twitter for Android</a>", "in_reply_to_status_id": 1266902980235689986, "in_reply_to_status_id_str": "1266902980235689986", "in_reply_to_user_id": 1079271528343040000, "in_reply_to_user_id_str": "1079271528343040000", "in_reply_to_screen_name": "captainchikara", "user": {"id": 242863421, "id_str": "242863421", "name": "Mike M", "screen_name": "mmetalmike92", "location": "Baltimore", "description": "Movies Music Gaming Bitchute & LBRY \nhttps://t.co/77oHtdZBgQ", "url": "https://t.co/qemwwqekke", "entities": {"url": {"urls": [{"url": "https://t.co/qemwwqekke", "expanded_url": "https://www.dailymotion.com/bluedemon218", "display_url": "dailymotion.com/bluedemon218", "indices": [0, 23]}]}, "description": {"urls": [{"url": "https://t.co/77oHtdZBgQ", "expanded_url": "https://www.bitchute.com/channel/aAUCK2eO6mcX/", "display_url": "bitchute.com/channel/aAUCK2\u2026", "indices": [37, 60]}]}}, "protected": false, "followers_count": 149, "friends_count": 198, "listed_count": 3, "created_at": "Tue Jan 25 19:34:30 +0000 2011", "favourites_count": 1203, "utc_offset": null, "time_zone": null, "geo_enabled": false, "verified": false, "statuses_count": 6032, "lang": null, "contributors_enabled": false, "is_translator": false, "is_translation_enabled": false, "profile_background_color": "DBE9ED", "profile_background_image_url": "http://abs.twimg.com/images/themes/theme1/bg.png", "profile_background_image_url_https": "https://abs.twimg.com/images/themes/theme1/bg.png", "profile_background_tile": false, "profile_image_url": "http://pbs.twimg.com/profile_images/1046834330864160770/bzk5SntW_normal.jpg", "profile_image_url_https": "https://pbs.twimg.com/profile_images/1046834330864160770/bzk5SntW_normal.jpg", "profile_banner_url": "https://pbs.twimg.com/profile_banners/242863421/1579878920", "profile_link_color": "3B94D9", "profile_sidebar_border_color": "C0DEED", "profile_sidebar_fill_color": "DDEEF6", "profile_text_color": "333333", "profile_use_background_image": true, "has_extended_profile": false, "default_profile": false, "default_profile_image": false, "following": false, "follow_request_sent": false, "notifications": false, "translator_type": "none"}, "geo": null, "coordinates": null, "place": null, "contributors": null, "is_quote_status": false, "retweet_count": 0, "favorite_count": 0, "favorited": false, "retweeted": false, "lang": "en", "reply_count": 1}