{"created_at": "Sat May 30 06:37:05 +0000 2020", "id": 1266619623040040961, "id_str": "1266619623040040961", "full_text": "@MIGGGGA @foxwoundband Lmaooo he\u2019s survived the gulag", "truncated": false, "display_text_range": [23, 53], "entities": {"hashtags": [], "symbols": [], "user_mentions": [{"screen_name": "foxwoundband", "name": "Fox Wound", "id": 3253132793, "id_str": "3253132793", "indices": [9, 22]}], "urls": []}, "source": "<a href=\"http://twitter.com/download/iphone\" rel=\"nofollow\">Twitter for iPhone</a>", "in_reply_to_status_id": 1266614715783901184, "in_reply_to_status_id_str": "1266614715783901184", "in_reply_to_user_id": 162256458, "in_reply_to_user_id_str": "162256458", "in_reply_to_screen_name": "migssup3rpan", "user": {"id": 164814915, "id_str": "164814915", "name": "Frank", "screen_name": "fsp80", "location": "Dallas, TX", "description": "Rescuer of @DFWRoxie. \u270c\ud83c\udffb\ufe0f & \u2764\ufe0f\ufe0f Are My Religion \ud83d\udcaa Embrace all colors \ud83c\udfa8 \ud83d\udc36\ud83d\udc31 Animal Lover \u2764\ufe0f\ufe0f#BLM\u270a\ud83c\udffe #Cashapp $fsp80", "url": "https://t.co/b8MQ8Pk6V8", "entities": {"url": {"urls": [{"url": "https://t.co/b8MQ8Pk6V8", "expanded_url": "http://Instagram.com/fsp80", "display_url": "Instagram.com/fsp80", "indices": [0, 23]}]}, "description": {"urls": []}}, "protected": false, "followers_count": 141, "friends_count": 1100, "listed_count": 7, "created_at": "Fri Jul 09 20:50:47 +0000 2010", "favourites_count": 4714, "utc_offset": null, "time_zone": null, "geo_enabled": true, "verified": false, "statuses_count": 4706, "lang": null, "contributors_enabled": false, "is_translator": false, "is_translation_enabled": false, "profile_background_color": "C0DEED", "profile_background_image_url": "http://abs.twimg.com/images/themes/theme1/bg.png", "profile_background_image_url_https": "https://abs.twimg.com/images/themes/theme1/bg.png", "profile_background_tile": false, "profile_image_url": "http://pbs.twimg.com/profile_images/1266399954169446401/hRx-z1GH_normal.jpg", "profile_image_url_https": "https://pbs.twimg.com/profile_images/1266399954169446401/hRx-z1GH_normal.jpg", "profile_banner_url": "https://pbs.twimg.com/profile_banners/164814915/1590790256", "profile_link_color": "1DA1F2", "profile_sidebar_border_color": "C0DEED", "profile_sidebar_fill_color": "DDEEF6", "profile_text_color": "333333", "profile_use_background_image": true, "has_extended_profile": true, "default_profile": true, "default_profile_image": false, "following": false, "follow_request_sent": false, "notifications": false, "translator_type": "none"}, "geo": null, "coordinates": null, "place": null, "contributors": null, "is_quote_status": false, "retweet_count": 25, "favorite_count": 1416, "favorited": false, "retweeted": false, "lang": "en", "reply_count": 4}