{"created_at": "Sat May 30 21:10:42 +0000 2020", "id": 1266839476283867137, "id_str": "1266839476283867137", "full_text": "@foxwoundband @Tyler_Hammy23", "truncated": false, "display_text_range": [14, 28], "entities": {"hashtags": [], "symbols": [], "user_mentions": [{"screen_name": "foxwoundband", "name": "Fox Wound", "id": 3253132793, "id_str": "3253132793", "indices": [0, 13]}, {"screen_name": "Tyler_Hammy23", "name": "Tyler Post Fest Depressed", "id": 236566287, "id_str": "236566287", "indices": [14, 28]}], "urls": []}, "source": "<a href=\"https://mobile.twitter.com\" rel=\"nofollow\">Twitter Web App</a>", "in_reply_to_status_id": 1266613385862447104, "in_reply_to_status_id_str": "1266613385862447104", "in_reply_to_user_id": 3253132793, "in_reply_to_user_id_str": "3253132793", "in_reply_to_screen_name": "foxwoundband", "user": {"id": 78649163, "id_str": "78649163", "name": "peen mcqueen", "screen_name": "codyduane", "location": "Rochester", "description": "", "url": null, "entities": {"description": {"urls": []}}, "protected": false, "followers_count": 291, "friends_count": 717, "listed_count": 4, "created_at": "Wed Sep 30 16:47:35 +0000 2009", "favourites_count": 11243, "utc_offset": null, "time_zone": null, "geo_enabled": true, "verified": false, "statuses_count": 13180, "lang": null, "contributors_enabled": false, "is_translator": false, "is_translation_enabled": false, "profile_background_color": "C20BF5", "profile_background_image_url": "http://abs.twimg.com/images/themes/theme1/bg.png", "profile_background_image_url_https": "https://abs.twimg.com/images/themes/theme1/bg.png", "profile_background_tile": true, "profile_image_url": "http://pbs.twimg.com/profile_images/1144115312574566400/MEbjonRW_normal.jpg", "profile_image_url_https": "https://pbs.twimg.com/profile_images/1144115312574566400/MEbjonRW_normal.jpg", "profile_banner_url": "https://pbs.twimg.com/profile_banners/78649163/1566997254", "profile_link_color": "B70FEC", "profile_sidebar_border_color": "33F46D", "profile_sidebar_fill_color": "86EE4C", "profile_text_color": "080807", "profile_use_background_image": true, "has_extended_profile": false, "default_profile": false, "default_profile_image": false, "following": false, "follow_request_sent": false, "notifications": false, "translator_type": "none"}, "geo": null, "coordinates": null, "place": null, "contributors": null, "is_quote_status": false, "retweet_count": 0, "favorite_count": 0, "favorited": false, "retweeted": false, "lang": "und", "reply_count": 0}