{"created_at": "Sat May 30 12:34:40 +0000 2020", "id": 1266709610611834882, "id_str": "1266709610611834882", "full_text": "@FellzWargo @recchinball28 @SAMOYEDCORE @foxwoundband https://t.co/SSpfBWRIui", "truncated": false, "display_text_range": [53, 53], "entities": {"hashtags": [], "symbols": [], "user_mentions": [{"screen_name": "FellzWargo", "name": "THANOS 4 PRESIDENT", "id": 402840728, "id_str": "402840728", "indices": [0, 11]}, {"screen_name": "recchinball28", "name": "no snakes alive", "id": 376519100, "id_str": "376519100", "indices": [12, 26]}, {"screen_name": "SAMOYEDCORE", "name": "1312/40%", "id": 708035683, "id_str": "708035683", "indices": [27, 39]}, {"screen_name": "foxwoundband", "name": "Fox Wound", "id": 3253132793, "id_str": "3253132793", "indices": [40, 53]}], "urls": [], "media": [{"id": 1266709581511766016, "id_str": "1266709581511766016", "indices": [54, 77], "media_url": "http://pbs.twimg.com/tweet_video_thumb/EZRBpy-XsAAO37z.jpg", "media_url_https": "https://pbs.twimg.com/tweet_video_thumb/EZRBpy-XsAAO37z.jpg", "url": "https://t.co/SSpfBWRIui", "display_url": "pic.twitter.com/SSpfBWRIui", "expanded_url": "https://twitter.com/SwingingBUNT/status/1266709610611834882/photo/1", "type": "photo", "sizes": {"thumb": {"w": 150, "h": 150, "resize": "crop"}, "large": {"w": 720, "h": 404, "resize": "fit"}, "small": {"w": 680, "h": 382, "resize": "fit"}, "medium": {"w": 720, "h": 404, "resize": "fit"}}}]}, "extended_entities": {"media": [{"id": 1266709581511766016, "id_str": "1266709581511766016", "indices": [54, 77], "media_url": "http://pbs.twimg.com/tweet_video_thumb/EZRBpy-XsAAO37z.jpg", "media_url_https": "https://pbs.twimg.com/tweet_video_thumb/EZRBpy-XsAAO37z.jpg", "url": "https://t.co/SSpfBWRIui", "display_url": "pic.twitter.com/SSpfBWRIui", "expanded_url": "https://twitter.com/SwingingBUNT/status/1266709610611834882/photo/1", "type": "animated_gif", "sizes": {"thumb": {"w": 150, "h": 150, "resize": "crop"}, "large": {"w": 720, "h": 404, "resize": "fit"}, "small": {"w": 680, "h": 382, "resize": "fit"}, "medium": {"w": 720, "h": 404, "resize": "fit"}}, "video_info": {"aspect_ratio": [180, 101], "variants": [{"bitrate": 0, "content_type": "video/mp4", "url": "https://video.twimg.com/tweet_video/EZRBpy-XsAAO37z.mp4"}]}}]}, "source": "<a href=\"http://twitter.com/download/iphone\" rel=\"nofollow\">Twitter for iPhone</a>", "in_reply_to_status_id": 1266620927154032642, "in_reply_to_status_id_str": "1266620927154032642", "in_reply_to_user_id": 402840728, "in_reply_to_user_id_str": "402840728", "in_reply_to_screen_name": "FellzWargo", "user": {"id": 230610177, "id_str": "230610177", "name": "Gregory Dennis", "screen_name": "SwingingBUNT", "location": "Upstate New York", "description": "Clarkson Golden Knights, Boston Red Sox, SF 49ers, Detroit Red Wings, Chaos LC, Burnt Hills Ballston Spa Hockey, CP Dynamo, UAlbany + Ballston Spa Lacrosse", "url": null, "entities": {"description": {"urls": []}}, "protected": false, "followers_count": 277, "friends_count": 1069, "listed_count": 8, "created_at": "Sun Dec 26 03:40:11 +0000 2010", "favourites_count": 27020, "utc_offset": null, "time_zone": null, "geo_enabled": true, "verified": false, "statuses_count": 8458, "lang": null, "contributors_enabled": false, "is_translator": false, "is_translation_enabled": false, "profile_background_color": "C0DEED", "profile_background_image_url": "http://abs.twimg.com/images/themes/theme1/bg.png", "profile_background_image_url_https": "https://abs.twimg.com/images/themes/theme1/bg.png", "profile_background_tile": true, "profile_image_url": "http://pbs.twimg.com/profile_images/860723044108689409/uVMSBJle_normal.jpg", "profile_image_url_https": "https://pbs.twimg.com/profile_images/860723044108689409/uVMSBJle_normal.jpg", "profile_banner_url": "https://pbs.twimg.com/profile_banners/230610177/1465822406", "profile_link_color": "0084B4", "profile_sidebar_border_color": "C0DEED", "profile_sidebar_fill_color": "DDEEF6", "profile_text_color": "333333", "profile_use_background_image": true, "has_extended_profile": false, "default_profile": false, "default_profile_image": false, "following": false, "follow_request_sent": false, "notifications": false, "translator_type": "none"}, "geo": null, "coordinates": null, "place": null, "contributors": null, "is_quote_status": false, "retweet_count": 1, "favorite_count": 60, "favorited": false, "retweeted": false, "possibly_sensitive": false, "possibly_sensitive_appealable": false, "lang": "und", "reply_count": 1}