{"created_at": "Sun May 31 03:39:17 +0000 2020", "id": 1266937267597144064, "id_str": "1266937267597144064", "full_text": "@foxwoundband @jimmy_dore Peaceful protest in Seattle https://t.co/jh1Q100XG5", "truncated": false, "display_text_range": [26, 53], "entities": {"hashtags": [], "symbols": [], "user_mentions": [{"screen_name": "foxwoundband", "name": "Fox Wound", "id": 3253132793, "id_str": "3253132793", "indices": [0, 13]}, {"screen_name": "jimmy_dore", "name": "Jimmy Dore", "id": 98992586, "id_str": "98992586", "indices": [14, 25]}], "urls": [], "media": [{"id": 1266937261783826432, "id_str": "1266937261783826432", "indices": [54, 77], "media_url": "http://pbs.twimg.com/media/EZUQuiFUwAAUiIn.jpg", "media_url_https": "https://pbs.twimg.com/media/EZUQuiFUwAAUiIn.jpg", "url": "https://t.co/jh1Q100XG5", "display_url": "pic.twitter.com/jh1Q100XG5", "expanded_url": "https://twitter.com/kimfagerlund1/status/1266937267597144064/photo/1", "type": "photo", "sizes": {"thumb": {"w": 150, "h": 150, "resize": "crop"}, "large": {"w": 750, "h": 940, "resize": "fit"}, "small": {"w": 543, "h": 680, "resize": "fit"}, "medium": {"w": 750, "h": 940, "resize": "fit"}}}]}, "extended_entities": {"media": [{"id": 1266937261783826432, "id_str": "1266937261783826432", "indices": [54, 77], "media_url": "http://pbs.twimg.com/media/EZUQuiFUwAAUiIn.jpg", "media_url_https": "https://pbs.twimg.com/media/EZUQuiFUwAAUiIn.jpg", "url": "https://t.co/jh1Q100XG5", "display_url": "pic.twitter.com/jh1Q100XG5", "expanded_url": "https://twitter.com/kimfagerlund1/status/1266937267597144064/photo/1", "type": "photo", "sizes": {"thumb": {"w": 150, "h": 150, "resize": "crop"}, "large": {"w": 750, "h": 940, "resize": "fit"}, "small": {"w": 543, "h": 680, "resize": "fit"}, "medium": {"w": 750, "h": 940, "resize": "fit"}}}]}, "source": "<a href=\"http://twitter.com/download/iphone\" rel=\"nofollow\">Twitter for iPhone</a>", "in_reply_to_status_id": 1266613385862447104, "in_reply_to_status_id_str": "1266613385862447104", "in_reply_to_user_id": 3253132793, "in_reply_to_user_id_str": "3253132793", "in_reply_to_screen_name": "foxwoundband", "user": {"id": 966529345970778113, "id_str": "966529345970778113", "name": "kimfagerlund", "screen_name": "kimfagerlund1", "location": "Hornby Island", "description": "", "url": null, "entities": {"description": {"urls": []}}, "protected": false, "followers_count": 0, "friends_count": 30, "listed_count": 0, "created_at": "Thu Feb 22 04:25:28 +0000 2018", "favourites_count": 240, "utc_offset": null, "time_zone": null, "geo_enabled": true, "verified": false, "statuses_count": 36, "lang": null, "contributors_enabled": false, "is_translator": false, "is_translation_enabled": false, "profile_background_color": "F5F8FA", "profile_background_image_url": null, "profile_background_image_url_https": null, "profile_background_tile": false, "profile_image_url": "http://pbs.twimg.com/profile_images/1039006717126696960/vq_HFLAO_normal.jpg", "profile_image_url_https": "https://pbs.twimg.com/profile_images/1039006717126696960/vq_HFLAO_normal.jpg", "profile_banner_url": "https://pbs.twimg.com/profile_banners/966529345970778113/1536553482", "profile_link_color": "1DA1F2", "profile_sidebar_border_color": "C0DEED", "profile_sidebar_fill_color": "DDEEF6", "profile_text_color": "333333", "profile_use_background_image": true, "has_extended_profile": false, "default_profile": true, "default_profile_image": false, "following": false, "follow_request_sent": false, "notifications": false, "translator_type": "none"}, "geo": null, "coordinates": null, "place": null, "contributors": null, "is_quote_status": false, "retweet_count": 1, "favorite_count": 1, "favorited": false, "retweeted": false, "possibly_sensitive": false, "possibly_sensitive_appealable": false, "lang": "en", "reply_count": 0}