{"created_at": "Sun May 31 01:03:04 +0000 2020", "id": 1266897953513496577, "id_str": "1266897953513496577", "full_text": "@ashleyguinn_ @angel_felixv @foxwoundband unrelated but your so gorgeous", "truncated": false, "display_text_range": [42, 72], "entities": {"hashtags": [], "symbols": [], "user_mentions": [{"screen_name": "ashleyguinn_", "name": "hanigirl", "id": 4302831677, "id_str": "4302831677", "indices": [0, 13]}, {"screen_name": "angel_felixv", "name": "No Justice, No Peace. \ud83c\udf39\ud83e\uddba", "id": 2323154035, "id_str": "2323154035", "indices": [14, 27]}, {"screen_name": "foxwoundband", "name": "Fox Wound", "id": 3253132793, "id_str": "3253132793", "indices": [28, 41]}], "urls": []}, "source": "<a href=\"http://twitter.com/download/iphone\" rel=\"nofollow\">Twitter for iPhone</a>", "in_reply_to_status_id": 1266839642013233152, "in_reply_to_status_id_str": "1266839642013233152", "in_reply_to_user_id": 4302831677, "in_reply_to_user_id_str": "4302831677", "in_reply_to_screen_name": "ashleyguinn_", "user": {"id": 1121226113005641728, "id_str": "1121226113005641728", "name": "kay", "screen_name": "kierrabs", "location": "Dallas, TX", "description": "ncwhs | BLM!", "url": null, "entities": {"description": {"urls": []}}, "protected": false, "followers_count": 56, "friends_count": 109, "listed_count": 1, "created_at": "Thu Apr 25 01:35:11 +0000 2019", "favourites_count": 11697, "utc_offset": null, "time_zone": null, "geo_enabled": false, "verified": false, "statuses_count": 1971, "lang": null, "contributors_enabled": false, "is_translator": false, "is_translation_enabled": false, "profile_background_color": "F5F8FA", "profile_background_image_url": null, "profile_background_image_url_https": null, "profile_background_tile": false, "profile_image_url": "http://pbs.twimg.com/profile_images/1258866286777577475/28WbA5rS_normal.jpg", "profile_image_url_https": "https://pbs.twimg.com/profile_images/1258866286777577475/28WbA5rS_normal.jpg", "profile_banner_url": "https://pbs.twimg.com/profile_banners/1121226113005641728/1585243074", "profile_link_color": "1DA1F2", "profile_sidebar_border_color": "C0DEED", "profile_sidebar_fill_color": "DDEEF6", "profile_text_color": "333333", "profile_use_background_image": true, "has_extended_profile": true, "default_profile": true, "default_profile_image": false, "following": false, "follow_request_sent": false, "notifications": false, "translator_type": "none"}, "geo": null, "coordinates": null, "place": null, "contributors": null, "is_quote_status": false, "retweet_count": 0, "favorite_count": 0, "favorited": false, "retweeted": false, "lang": "en", "reply_count": 1}