{"created_at": "Sat May 30 21:11:22 +0000 2020", "id": 1266839642013233152, "id_str": "1266839642013233152", "full_text": "@angel_felixv @foxwoundband It\u2019s white kids, let them", "truncated": false, "display_text_range": [28, 53], "entities": {"hashtags": [], "symbols": [], "user_mentions": [{"screen_name": "angel_felixv", "name": "No Justice, No Peace. \ud83c\udf39\ud83e\uddba", "id": 2323154035, "id_str": "2323154035", "indices": [0, 13]}, {"screen_name": "foxwoundband", "name": "Fox Wound", "id": 3253132793, "id_str": "3253132793", "indices": [14, 27]}], "urls": []}, "source": "<a href=\"http://twitter.com/download/iphone\" rel=\"nofollow\">Twitter for iPhone</a>", "in_reply_to_status_id": 1266619406278410241, "in_reply_to_status_id_str": "1266619406278410241", "in_reply_to_user_id": 2323154035, "in_reply_to_user_id_str": "2323154035", "in_reply_to_screen_name": "angel_felixv", "user": {"id": 4302831677, "id_str": "4302831677", "name": "hanigirl", "screen_name": "ashleyguinn_", "location": "Babylon", "description": "", "url": null, "entities": {"description": {"urls": []}}, "protected": false, "followers_count": 160, "friends_count": 335, "listed_count": 11, "created_at": "Sat Nov 28 03:12:38 +0000 2015", "favourites_count": 1651, "utc_offset": null, "time_zone": null, "geo_enabled": true, "verified": false, "statuses_count": 1890, "lang": null, "contributors_enabled": false, "is_translator": false, "is_translation_enabled": false, "profile_background_color": "C0DEED", "profile_background_image_url": "http://abs.twimg.com/images/themes/theme1/bg.png", "profile_background_image_url_https": "https://abs.twimg.com/images/themes/theme1/bg.png", "profile_background_tile": false, "profile_image_url": "http://pbs.twimg.com/profile_images/1275521635861229568/r4YiZxY6_normal.jpg", "profile_image_url_https": "https://pbs.twimg.com/profile_images/1275521635861229568/r4YiZxY6_normal.jpg", "profile_banner_url": "https://pbs.twimg.com/profile_banners/4302831677/1590911778", "profile_link_color": "1DA1F2", "profile_sidebar_border_color": "C0DEED", "profile_sidebar_fill_color": "DDEEF6", "profile_text_color": "333333", "profile_use_background_image": true, "has_extended_profile": false, "default_profile": true, "default_profile_image": false, "following": false, "follow_request_sent": false, "notifications": false, "translator_type": "none"}, "geo": null, "coordinates": null, "place": null, "contributors": null, "is_quote_status": false, "retweet_count": 0, "favorite_count": 63, "favorited": false, "retweeted": false, "lang": "en", "reply_count": 27}