{"created_at": "Sat May 30 23:00:25 +0000 2020", "id": 1266867085361262592, "id_str": "1266867085361262592", "full_text": "@BenWright1028 @MarxistLANinist @NunesAlt @foxwoundband TY I will check the article. I can't find the long version rn. But what I recall is that the long version did not include the incredulous guy questioning the kid &amp; telling people to come collect their brother. But both from the same place (ATL).\n\nDamn, wish I'd saved the link.", "truncated": false, "display_text_range": [56, 337], "entities": {"hashtags": [], "symbols": [], "user_mentions": [{"screen_name": "BenWright1028", "name": "Ben Wright", "id": 1027876629262086144, "id_str": "1027876629262086144", "indices": [0, 14]}, {"screen_name": "MarxistLANinist", "name": "\u0386\u03bd\u03b9\u03b1 \ud83c\udf10\ud83e\udde6\ud83c\uddec\ud83c\uddf7", "id": 1151672899624951808, "id_str": "1151672899624951808", "indices": [15, 31]}, {"screen_name": "NunesAlt", "name": "Devin Nunes' Alt-Mom", "id": 1107896723936940032, "id_str": "1107896723936940032", "indices": [32, 41]}, {"screen_name": "foxwoundband", "name": "Fox Wound", "id": 3253132793, "id_str": "3253132793", "indices": [42, 55]}], "urls": []}, "source": "<a href=\"http://twitter.com/download/android\" rel=\"nofollow\">Twitter for Android</a>", "in_reply_to_status_id": 1266865329155772416, "in_reply_to_status_id_str": "1266865329155772416", "in_reply_to_user_id": 1027876629262086144, "in_reply_to_user_id_str": "1027876629262086144", "in_reply_to_screen_name": "BenWright1028", "user": {"id": 3316822971, "id_str": "3316822971", "name": "R.I.P. GOP", "screen_name": "candyasslib", "location": "Kansas, USA", "description": "Kansan. Integrity matters.", "url": null, "entities": {"description": {"urls": []}}, "protected": false, "followers_count": 206, "friends_count": 1550, "listed_count": 2, "created_at": "Wed Jun 10 06:43:55 +0000 2015", "favourites_count": 28075, "utc_offset": null, "time_zone": null, "geo_enabled": false, "verified": false, "statuses_count": 11773, "lang": null, "contributors_enabled": false, "is_translator": false, "is_translation_enabled": false, "profile_background_color": "000000", "profile_background_image_url": "http://abs.twimg.com/images/themes/theme1/bg.png", "profile_background_image_url_https": "https://abs.twimg.com/images/themes/theme1/bg.png", "profile_background_tile": false, "profile_image_url": "http://pbs.twimg.com/profile_images/1184882511765299200/77b6p01N_normal.jpg", "profile_image_url_https": "https://pbs.twimg.com/profile_images/1184882511765299200/77b6p01N_normal.jpg", "profile_banner_url": "https://pbs.twimg.com/profile_banners/3316822971/1571366793", "profile_link_color": "89C9FA", "profile_sidebar_border_color": "000000", "profile_sidebar_fill_color": "000000", "profile_text_color": "000000", "profile_use_background_image": false, "has_extended_profile": false, "default_profile": false, "default_profile_image": false, "following": false, "follow_request_sent": false, "notifications": false, "translator_type": "none"}, "geo": null, "coordinates": null, "place": null, "contributors": null, "is_quote_status": false, "retweet_count": 0, "favorite_count": 1, "favorited": false, "retweeted": false, "lang": "en", "reply_count": 1}