{"created_at": "Sat May 30 22:53:26 +0000 2020", "id": 1266865329155772416, "id_str": "1266865329155772416", "full_text": "@candyasslib @MarxistLANinist @NunesAlt @foxwoundband Ok. If it was the one where they are lined up in front of the 7 ton during the day, check the Forbes article I linked.", "truncated": false, "display_text_range": [54, 172], "entities": {"hashtags": [], "symbols": [], "user_mentions": [{"screen_name": "candyasslib", "name": "R.I.P. GOP", "id": 3316822971, "id_str": "3316822971", "indices": [0, 12]}, {"screen_name": "MarxistLANinist", "name": "\u0386\u03bd\u03b9\u03b1 \ud83c\udf10\ud83e\udde6\ud83c\uddec\ud83c\uddf7", "id": 1151672899624951808, "id_str": "1151672899624951808", "indices": [13, 29]}, {"screen_name": "NunesAlt", "name": "Devin Nunes' Alt-Mom", "id": 1107896723936940032, "id_str": "1107896723936940032", "indices": [30, 39]}, {"screen_name": "foxwoundband", "name": "Fox Wound", "id": 3253132793, "id_str": "3253132793", "indices": [40, 53]}], "urls": []}, "source": "<a href=\"http://twitter.com/download/android\" rel=\"nofollow\">Twitter for Android</a>", "in_reply_to_status_id": 1266864759879712771, "in_reply_to_status_id_str": "1266864759879712771", "in_reply_to_user_id": 3316822971, "in_reply_to_user_id_str": "3316822971", "in_reply_to_screen_name": "candyasslib", "user": {"id": 1027876629262086144, "id_str": "1027876629262086144", "name": "Ben Wright", "screen_name": "BenWright1028", "location": "", "description": "Just a regular human.", "url": null, "entities": {"description": {"urls": []}}, "protected": false, "followers_count": 7, "friends_count": 28, "listed_count": 0, "created_at": "Fri Aug 10 11:17:40 +0000 2018", "favourites_count": 251, "utc_offset": null, "time_zone": null, "geo_enabled": false, "verified": false, "statuses_count": 1645, "lang": null, "contributors_enabled": false, "is_translator": false, "is_translation_enabled": false, "profile_background_color": "F5F8FA", "profile_background_image_url": null, "profile_background_image_url_https": null, "profile_background_tile": false, "profile_image_url": "http://pbs.twimg.com/profile_images/1027877090996043776/xyT9ftOF_normal.jpg", "profile_image_url_https": "https://pbs.twimg.com/profile_images/1027877090996043776/xyT9ftOF_normal.jpg", "profile_link_color": "1DA1F2", "profile_sidebar_border_color": "C0DEED", "profile_sidebar_fill_color": "DDEEF6", "profile_text_color": "333333", "profile_use_background_image": true, "has_extended_profile": true, "default_profile": true, "default_profile_image": false, "following": false, "follow_request_sent": false, "notifications": false, "translator_type": "none"}, "geo": null, "coordinates": null, "place": null, "contributors": null, "is_quote_status": false, "retweet_count": 0, "favorite_count": 0, "favorited": false, "retweeted": false, "lang": "en", "reply_count": 1}