{"created_at": "Sat May 30 06:48:03 +0000 2020", "id": 1266622382547955713, "id_str": "1266622382547955713", "full_text": "@shortieefvmouss @foxwoundband https://t.co/gKcPjOlifh", "truncated": false, "display_text_range": [30, 30], "entities": {"hashtags": [], "symbols": [], "user_mentions": [{"screen_name": "shortieefvmouss", "name": "hissyfit", "id": 3145987283, "id_str": "3145987283", "indices": [0, 16]}, {"screen_name": "foxwoundband", "name": "Fox Wound", "id": 3253132793, "id_str": "3253132793", "indices": [17, 30]}], "urls": [], "media": [{"id": 1266622376248332290, "id_str": "1266622376248332290", "indices": [31, 54], "media_url": "http://pbs.twimg.com/tweet_video_thumb/EZPyVyDX0AICQ4L.jpg", "media_url_https": "https://pbs.twimg.com/tweet_video_thumb/EZPyVyDX0AICQ4L.jpg", "url": "https://t.co/gKcPjOlifh", "display_url": "pic.twitter.com/gKcPjOlifh", "expanded_url": "https://twitter.com/CentrismIsTrash/status/1266622382547955713/photo/1", "type": "photo", "sizes": {"thumb": {"w": 134, "h": 134, "resize": "crop"}, "large": {"w": 134, "h": 134, "resize": "fit"}, "small": {"w": 134, "h": 134, "resize": "fit"}, "medium": {"w": 134, "h": 134, "resize": "fit"}}}]}, "extended_entities": {"media": [{"id": 1266622376248332290, "id_str": "1266622376248332290", "indices": [31, 54], "media_url": "http://pbs.twimg.com/tweet_video_thumb/EZPyVyDX0AICQ4L.jpg", "media_url_https": "https://pbs.twimg.com/tweet_video_thumb/EZPyVyDX0AICQ4L.jpg", "url": "https://t.co/gKcPjOlifh", "display_url": "pic.twitter.com/gKcPjOlifh", "expanded_url": "https://twitter.com/CentrismIsTrash/status/1266622382547955713/photo/1", "type": "animated_gif", "sizes": {"thumb": {"w": 134, "h": 134, "resize": "crop"}, "large": {"w": 134, "h": 134, "resize": "fit"}, "small": {"w": 134, "h": 134, "resize": "fit"}, "medium": {"w": 134, "h": 134, "resize": "fit"}}, "video_info": {"aspect_ratio": [1, 1], "variants": [{"bitrate": 0, "content_type": "video/mp4", "url": "https://video.twimg.com/tweet_video/EZPyVyDX0AICQ4L.mp4"}]}}]}, "source": "<a href=\"http://twitter.com/download/android\" rel=\"nofollow\">Twitter for Android</a>", "in_reply_to_status_id": 1266614799154241536, "in_reply_to_status_id_str": "1266614799154241536", "in_reply_to_user_id": 3145987283, "in_reply_to_user_id_str": "3145987283", "in_reply_to_screen_name": "shortieefvmouss", "user": {"id": 1233795236847026176, "id_str": "1233795236847026176", "name": "\ud83d\udca5\ud83c\udf39Apollo\ud83c\udff4\ud83d\udea9", "screen_name": "realCEOofANTIFA", "location": "", "description": "26. Proudly #AntiCentrist and #AntiEstablishment. #NeverBiden #IBelieveTara. CEO of Typos. Interim POTUS until we can figure out what the hell is going on.", "url": null, "entities": {"description": {"urls": []}}, "protected": false, "followers_count": 2061, "friends_count": 1867, "listed_count": 2, "created_at": "Sat Feb 29 16:44:52 +0000 2020", "favourites_count": 22776, "utc_offset": null, "time_zone": null, "geo_enabled": false, "verified": false, "statuses_count": 9820, "lang": null, "contributors_enabled": false, "is_translator": false, "is_translation_enabled": false, "profile_background_color": "F5F8FA", "profile_background_image_url": null, "profile_background_image_url_https": null, "profile_background_tile": false, "profile_image_url": "http://pbs.twimg.com/profile_images/1276414446068473856/PazOV1ss_normal.jpg", "profile_image_url_https": "https://pbs.twimg.com/profile_images/1276414446068473856/PazOV1ss_normal.jpg", "profile_banner_url": "https://pbs.twimg.com/profile_banners/1233795236847026176/1583011092", "profile_link_color": "1DA1F2", "profile_sidebar_border_color": "C0DEED", "profile_sidebar_fill_color": "DDEEF6", "profile_text_color": "333333", "profile_use_background_image": true, "has_extended_profile": true, "default_profile": true, "default_profile_image": false, "following": false, "follow_request_sent": false, "notifications": false, "translator_type": "none"}, "geo": null, "coordinates": null, "place": null, "contributors": null, "is_quote_status": false, "retweet_count": 0, "favorite_count": 32, "favorited": false, "retweeted": false, "possibly_sensitive": false, "possibly_sensitive_appealable": false, "lang": "und", "reply_count": 0}