{"created_at": "Sun May 31 04:51:20 +0000 2020", "id": 1266955397606387713, "id_str": "1266955397606387713", "full_text": "@ashleyguinn_ @angel_felixv @foxwoundband That isn't right cuz if someone said, \"it's black kids, let them\" you'd probably be pissed. \n\nHowever, if you just said, \"it's kids, let them\" then it'd be fine cuz it's inclusive", "truncated": false, "display_text_range": [42, 221], "entities": {"hashtags": [], "symbols": [], "user_mentions": [{"screen_name": "ashleyguinn_", "name": "hanigirl", "id": 4302831677, "id_str": "4302831677", "indices": [0, 13]}, {"screen_name": "angel_felixv", "name": "No Justice, No Peace. \ud83c\udf39\ud83e\uddba", "id": 2323154035, "id_str": "2323154035", "indices": [14, 27]}, {"screen_name": "foxwoundband", "name": "Fox Wound", "id": 3253132793, "id_str": "3253132793", "indices": [28, 41]}], "urls": []}, "source": "<a href=\"http://twitter.com/download/android\" rel=\"nofollow\">Twitter for Android</a>", "in_reply_to_status_id": 1266839642013233152, "in_reply_to_status_id_str": "1266839642013233152", "in_reply_to_user_id": 4302831677, "in_reply_to_user_id_str": "4302831677", "in_reply_to_screen_name": "ashleyguinn_", "user": {"id": 932181824071196672, "id_str": "932181824071196672", "name": "Jayy \u2764\u2b50", "screen_name": "JayyBirb", "location": "United States", "description": "I'm some kind of Genderless being \ud83e\udd37\n\nI do many things and have a lot of pets.\n\nthank you for tolerating me\n\nInsta: jazzy_jayy_productions\n\nand I oop", "url": null, "entities": {"description": {"urls": []}}, "protected": false, "followers_count": 71, "friends_count": 716, "listed_count": 0, "created_at": "Sun Nov 19 09:40:40 +0000 2017", "favourites_count": 5178, "utc_offset": null, "time_zone": null, "geo_enabled": false, "verified": false, "statuses_count": 845, "lang": null, "contributors_enabled": false, "is_translator": false, "is_translation_enabled": false, "profile_background_color": "F5F8FA", "profile_background_image_url": null, "profile_background_image_url_https": null, "profile_background_tile": false, "profile_image_url": "http://pbs.twimg.com/profile_images/1265372785297231882/FB4nMFLv_normal.jpg", "profile_image_url_https": "https://pbs.twimg.com/profile_images/1265372785297231882/FB4nMFLv_normal.jpg", "profile_banner_url": "https://pbs.twimg.com/profile_banners/932181824071196672/1590523359", "profile_link_color": "1DA1F2", "profile_sidebar_border_color": "C0DEED", "profile_sidebar_fill_color": "DDEEF6", "profile_text_color": "333333", "profile_use_background_image": true, "has_extended_profile": true, "default_profile": true, "default_profile_image": false, "following": false, "follow_request_sent": false, "notifications": false, "translator_type": "none"}, "geo": null, "coordinates": null, "place": null, "contributors": null, "is_quote_status": false, "retweet_count": 0, "favorite_count": 12, "favorited": false, "retweeted": false, "lang": "en", "reply_count": 1}