{"created_at": "Sat May 30 16:44:53 +0000 2020", "id": 1266772582197612544, "id_str": "1266772582197612544", "full_text": "@jle992 @occularmandible @KennyLggins4evr @joeisagoon @BKforBernie @foxwoundband It\u2019s almost like you are intentionally missing the point.", "truncated": false, "display_text_range": [81, 138], "entities": {"hashtags": [], "symbols": [], "user_mentions": [{"screen_name": "jle992", "name": "Justin L\u00ea", "id": 1071528619481198592, "id_str": "1071528619481198592", "indices": [0, 7]}, {"screen_name": "occularmandible", "name": "30-50 Antifa in a Trenchcoat", "id": 15359018, "id_str": "15359018", "indices": [8, 24]}, {"screen_name": "KennyLggins4evr", "name": "Deirdre Mac", "id": 3847339191, "id_str": "3847339191", "indices": [25, 41]}, {"screen_name": "joeisagoon", "name": "joe", "id": 352569575, "id_str": "352569575", "indices": [42, 53]}, {"screen_name": "BKforBernie", "name": "The Brooklyn Bernout \ud83d\udd25 \ud83c\udf39", "id": 3395691123, "id_str": "3395691123", "indices": [54, 66]}, {"screen_name": "foxwoundband", "name": "Fox Wound", "id": 3253132793, "id_str": "3253132793", "indices": [67, 80]}], "urls": []}, "source": "<a href=\"http://twitter.com/download/iphone\" rel=\"nofollow\">Twitter for iPhone</a>", "in_reply_to_status_id": 1266772140101074944, "in_reply_to_status_id_str": "1266772140101074944", "in_reply_to_user_id": 1071528619481198592, "in_reply_to_user_id_str": "1071528619481198592", "in_reply_to_screen_name": "jle992", "user": {"id": 75457408, "id_str": "75457408", "name": "Bryan Steele- #SpacePirate", "screen_name": "I_am_Steele", "location": "Toronto, ON Canada", "description": "Technical Director and Lighting Designer- US Citizen living abroad.", "url": null, "entities": {"description": {"urls": []}}, "protected": false, "followers_count": 807, "friends_count": 1097, "listed_count": 4, "created_at": "Sat Sep 19 03:05:47 +0000 2009", "favourites_count": 8428, "utc_offset": null, "time_zone": null, "geo_enabled": true, "verified": false, "statuses_count": 18575, "lang": null, "contributors_enabled": false, "is_translator": false, "is_translation_enabled": false, "profile_background_color": "000000", "profile_background_image_url": "http://abs.twimg.com/images/themes/theme14/bg.gif", "profile_background_image_url_https": "https://abs.twimg.com/images/themes/theme14/bg.gif", "profile_background_tile": false, "profile_image_url": "http://pbs.twimg.com/profile_images/1134116555/59172_431617838092_740788092_5343946_7019168_n_normal.jpg", "profile_image_url_https": "https://pbs.twimg.com/profile_images/1134116555/59172_431617838092_740788092_5343946_7019168_n_normal.jpg", "profile_banner_url": "https://pbs.twimg.com/profile_banners/75457408/1557985438", "profile_link_color": "981CEB", "profile_sidebar_border_color": "000000", "profile_sidebar_fill_color": "000000", "profile_text_color": "000000", "profile_use_background_image": false, "has_extended_profile": true, "default_profile": false, "default_profile_image": false, "following": false, "follow_request_sent": false, "notifications": false, "translator_type": "none"}, "geo": null, "coordinates": null, "place": null, "contributors": null, "is_quote_status": false, "retweet_count": 0, "favorite_count": 2, "favorited": false, "retweeted": false, "lang": "en", "reply_count": 1}