{"created_at": "Sun May 31 03:06:47 +0000 2020", "id": 1266929087538319362, "id_str": "1266929087538319362", "full_text": "@Seanbeantoes @foxwoundband yikes", "truncated": false, "display_text_range": [28, 33], "entities": {"hashtags": [], "symbols": [], "user_mentions": [{"screen_name": "Seanbeantoes", "name": "Sean", "id": 2987661497, "id_str": "2987661497", "indices": [0, 13]}, {"screen_name": "foxwoundband", "name": "Fox Wound", "id": 3253132793, "id_str": "3253132793", "indices": [14, 27]}], "urls": []}, "source": "<a href=\"https://mobile.twitter.com\" rel=\"nofollow\">Twitter Web App</a>", "in_reply_to_status_id": 1266628761165815809, "in_reply_to_status_id_str": "1266628761165815809", "in_reply_to_user_id": 2987661497, "in_reply_to_user_id_str": "2987661497", "in_reply_to_screen_name": "Seanbeantoes", "user": {"id": 3263050688, "id_str": "3263050688", "name": "Tupac Trembath", "screen_name": "OG_ButterFinger", "location": "", "description": "I like to laugh xD", "url": null, "entities": {"description": {"urls": []}}, "protected": false, "followers_count": 33, "friends_count": 315, "listed_count": 0, "created_at": "Wed Jul 01 08:07:12 +0000 2015", "favourites_count": 6834, "utc_offset": null, "time_zone": null, "geo_enabled": false, "verified": false, "statuses_count": 800, "lang": null, "contributors_enabled": false, "is_translator": false, "is_translation_enabled": false, "profile_background_color": "000000", "profile_background_image_url": "http://abs.twimg.com/images/themes/theme1/bg.png", "profile_background_image_url_https": "https://abs.twimg.com/images/themes/theme1/bg.png", "profile_background_tile": false, "profile_image_url": "http://pbs.twimg.com/profile_images/1267416193029160960/ZmrSaJxd_normal.jpg", "profile_image_url_https": "https://pbs.twimg.com/profile_images/1267416193029160960/ZmrSaJxd_normal.jpg", "profile_banner_url": "https://pbs.twimg.com/profile_banners/3263050688/1591010543", "profile_link_color": "981CEB", "profile_sidebar_border_color": "000000", "profile_sidebar_fill_color": "000000", "profile_text_color": "000000", "profile_use_background_image": false, "has_extended_profile": true, "default_profile": false, "default_profile_image": false, "following": false, "follow_request_sent": false, "notifications": false, "translator_type": "none"}, "geo": null, "coordinates": null, "place": null, "contributors": null, "is_quote_status": false, "retweet_count": 0, "favorite_count": 0, "favorited": false, "retweeted": false, "lang": "en", "reply_count": 0}