{"created_at": "Sat May 30 15:49:04 +0000 2020", "id": 1266758536278786052, "id_str": "1266758536278786052", "full_text": "@jle992 @KennyLggins4evr @joeisagoon @BKforBernie @Dekaa101 @foxwoundband So why are there kids out there in riot gear?", "truncated": false, "display_text_range": [74, 119], "entities": {"hashtags": [], "symbols": [], "user_mentions": [{"screen_name": "jle992", "name": "Justin L\u00ea", "id": 1071528619481198592, "id_str": "1071528619481198592", "indices": [0, 7]}, {"screen_name": "KennyLggins4evr", "name": "Deirdre Mac", "id": 3847339191, "id_str": "3847339191", "indices": [8, 24]}, {"screen_name": "joeisagoon", "name": "joe", "id": 352569575, "id_str": "352569575", "indices": [25, 36]}, {"screen_name": "BKforBernie", "name": "The Brooklyn Bernout \ud83d\udd25 \ud83c\udf39", "id": 3395691123, "id_str": "3395691123", "indices": [37, 49]}, {"screen_name": "foxwoundband", "name": "Fox Wound", "id": 3253132793, "id_str": "3253132793", "indices": [60, 73]}], "urls": []}, "source": "<a href=\"https://mobile.twitter.com\" rel=\"nofollow\">Twitter Web App</a>", "in_reply_to_status_id": 1266758276999450624, "in_reply_to_status_id_str": "1266758276999450624", "in_reply_to_user_id": 1071528619481198592, "in_reply_to_user_id_str": "1071528619481198592", "in_reply_to_screen_name": "jle992", "user": {"id": 15359018, "id_str": "15359018", "name": "30-50 Antifa in a Trenchcoat", "screen_name": "occularmandible", "location": "Dublin", "description": "She/her. Dual citizen.", "url": null, "entities": {"description": {"urls": []}}, "protected": false, "followers_count": 200, "friends_count": 322, "listed_count": 3, "created_at": "Tue Jul 08 22:20:23 +0000 2008", "favourites_count": 38462, "utc_offset": null, "time_zone": null, "geo_enabled": false, "verified": false, "statuses_count": 35080, "lang": null, "contributors_enabled": false, "is_translator": false, "is_translation_enabled": false, "profile_background_color": "C8B8AC", "profile_background_image_url": "http://abs.twimg.com/images/themes/theme3/bg.gif", "profile_background_image_url_https": "https://abs.twimg.com/images/themes/theme3/bg.gif", "profile_background_tile": true, "profile_image_url": "http://pbs.twimg.com/profile_images/1010202893062942721/UvWIDgfZ_normal.jpg", "profile_image_url_https": "https://pbs.twimg.com/profile_images/1010202893062942721/UvWIDgfZ_normal.jpg", "profile_banner_url": "https://pbs.twimg.com/profile_banners/15359018/1498038100", "profile_link_color": "7FDBB6", "profile_sidebar_border_color": "76647D", "profile_sidebar_fill_color": "578A7B", "profile_text_color": "EC888C", "profile_use_background_image": true, "has_extended_profile": false, "default_profile": false, "default_profile_image": false, "following": false, "follow_request_sent": false, "notifications": false, "translator_type": "none"}, "geo": null, "coordinates": null, "place": null, "contributors": null, "is_quote_status": false, "retweet_count": 1, "favorite_count": 24, "favorited": false, "retweeted": false, "lang": "en", "reply_count": 1}