{"created_at": "Sun May 31 02:51:30 +0000 2020", "id": 1266925243223945217, "id_str": "1266925243223945217", "full_text": "@wiel75 @foxwoundband C) the FBI has statistics by race, not the bureau of justice statistics, and their latest for 2018 (and all years before) don\u2019t separate out police vs civilian murders so I\u2019m super curious where these statistics you cited are actually coming from?\n 2/?", "truncated": false, "display_text_range": [22, 274], "entities": {"hashtags": [], "symbols": [], "user_mentions": [{"screen_name": "wiel75", "name": "Will. \ud83c\udfdb", "id": 53743439, "id_str": "53743439", "indices": [0, 7]}, {"screen_name": "foxwoundband", "name": "Fox Wound", "id": 3253132793, "id_str": "3253132793", "indices": [8, 21]}], "urls": []}, "source": "<a href=\"http://twitter.com/download/iphone\" rel=\"nofollow\">Twitter for iPhone</a>", "in_reply_to_status_id": 1266924671594835969, "in_reply_to_status_id_str": "1266924671594835969", "in_reply_to_user_id": 1225649193852772352, "in_reply_to_user_id_str": "1225649193852772352", "in_reply_to_screen_name": "donotlistentom1", "user": {"id": 1225649193852772352, "id_str": "1225649193852772352", "name": "OSHA hold my beer", "screen_name": "donotlistentom1", "location": "", "description": "I have Strong feelings on Politics & shitpost gladly. This Account is only Used while Drunk.", "url": null, "entities": {"description": {"urls": []}}, "protected": false, "followers_count": 9, "friends_count": 62, "listed_count": 0, "created_at": "Fri Feb 07 05:15:23 +0000 2020", "favourites_count": 3356, "utc_offset": null, "time_zone": null, "geo_enabled": false, "verified": false, "statuses_count": 263, "lang": null, "contributors_enabled": false, "is_translator": false, "is_translation_enabled": false, "profile_background_color": "F5F8FA", "profile_background_image_url": null, "profile_background_image_url_https": null, "profile_background_tile": false, "profile_image_url": "http://pbs.twimg.com/profile_images/1235333266477023233/7nk0qxSi_normal.jpg", "profile_image_url_https": "https://pbs.twimg.com/profile_images/1235333266477023233/7nk0qxSi_normal.jpg", "profile_link_color": "1DA1F2", "profile_sidebar_border_color": "C0DEED", "profile_sidebar_fill_color": "DDEEF6", "profile_text_color": "333333", "profile_use_background_image": true, "has_extended_profile": true, "default_profile": true, "default_profile_image": false, "following": false, "follow_request_sent": false, "notifications": false, "translator_type": "none"}, "geo": null, "coordinates": null, "place": null, "contributors": null, "is_quote_status": false, "retweet_count": 0, "favorite_count": 0, "favorited": false, "retweeted": false, "lang": "en", "reply_count": 0}