{"created_at": "Sat May 30 21:01:45 +0000 2020", "id": 1266837222252134400, "id_str": "1266837222252134400", "full_text": "@foxwoundband Hitler did the same thing during the fall of Berlin . Why is it that everything this administration does seems to have roots in Nazism, I'm not making the comparison I'm just pointing them out. https://t.co/3kKdU3ennd", "truncated": false, "display_text_range": [14, 207], "entities": {"hashtags": [], "symbols": [], "user_mentions": [{"screen_name": "foxwoundband", "name": "Fox Wound", "id": 3253132793, "id_str": "3253132793", "indices": [0, 13]}], "urls": [], "media": [{"id": 1266837211514761216, "id_str": "1266837211514761216", "indices": [208, 231], "media_url": "http://pbs.twimg.com/media/EZS1u1yVcAA3jYl.jpg", "media_url_https": "https://pbs.twimg.com/media/EZS1u1yVcAA3jYl.jpg", "url": "https://t.co/3kKdU3ennd", "display_url": "pic.twitter.com/3kKdU3ennd", "expanded_url": "https://twitter.com/hjlandsartwork/status/1266837222252134400/photo/1", "type": "photo", "sizes": {"large": {"w": 1295, "h": 1800, "resize": "fit"}, "thumb": {"w": 150, "h": 150, "resize": "crop"}, "small": {"w": 489, "h": 680, "resize": "fit"}, "medium": {"w": 863, "h": 1200, "resize": "fit"}}}]}, "extended_entities": {"media": [{"id": 1266837211514761216, "id_str": "1266837211514761216", "indices": [208, 231], "media_url": "http://pbs.twimg.com/media/EZS1u1yVcAA3jYl.jpg", "media_url_https": "https://pbs.twimg.com/media/EZS1u1yVcAA3jYl.jpg", "url": "https://t.co/3kKdU3ennd", "display_url": "pic.twitter.com/3kKdU3ennd", "expanded_url": "https://twitter.com/hjlandsartwork/status/1266837222252134400/photo/1", "type": "photo", "sizes": {"large": {"w": 1295, "h": 1800, "resize": "fit"}, "thumb": {"w": 150, "h": 150, "resize": "crop"}, "small": {"w": 489, "h": 680, "resize": "fit"}, "medium": {"w": 863, "h": 1200, "resize": "fit"}}}]}, "source": "<a href=\"http://twitter.com/download/android\" rel=\"nofollow\">Twitter for Android</a>", "in_reply_to_status_id": 1266613385862447104, "in_reply_to_status_id_str": "1266613385862447104", "in_reply_to_user_id": 3253132793, "in_reply_to_user_id_str": "3253132793", "in_reply_to_screen_name": "foxwoundband", "user": {"id": 303540437, "id_str": "303540437", "name": "hjlands artwork", "screen_name": "hjlandsartwork", "location": "the fine line between sanity a", "description": "Hi my name is Howard Landsperger. I use a wet on wet painting technique with unconventional brushes and a limited palette allowing the colors to blend on the ca", "url": null, "entities": {"description": {"urls": []}}, "protected": false, "followers_count": 114, "friends_count": 365, "listed_count": 2, "created_at": "Mon May 23 01:54:21 +0000 2011", "favourites_count": 1752, "utc_offset": null, "time_zone": null, "geo_enabled": false, "verified": false, "statuses_count": 4813, "lang": null, "contributors_enabled": false, "is_translator": false, "is_translation_enabled": false, "profile_background_color": "C0DEED", "profile_background_image_url": "http://abs.twimg.com/images/themes/theme1/bg.png", "profile_background_image_url_https": "https://abs.twimg.com/images/themes/theme1/bg.png", "profile_background_tile": false, "profile_image_url": "http://pbs.twimg.com/profile_images/1274172773401653248/4EV7Xfxu_normal.jpg", "profile_image_url_https": "https://pbs.twimg.com/profile_images/1274172773401653248/4EV7Xfxu_normal.jpg", "profile_banner_url": "https://pbs.twimg.com/profile_banners/303540437/1574744418", "profile_link_color": "1DA1F2", "profile_sidebar_border_color": "C0DEED", "profile_sidebar_fill_color": "DDEEF6", "profile_text_color": "333333", "profile_use_background_image": true, "has_extended_profile": false, "default_profile": true, "default_profile_image": false, "following": false, "follow_request_sent": false, "notifications": false, "translator_type": "none"}, "geo": null, "coordinates": null, "place": null, "contributors": null, "is_quote_status": false, "retweet_count": 0, "favorite_count": 3, "favorited": false, "retweeted": false, "possibly_sensitive": false, "possibly_sensitive_appealable": false, "lang": "en", "reply_count": 0}