{"created_at": "Sat May 30 15:39:10 +0000 2020", "id": 1266756044417650688, "id_str": "1266756044417650688", "full_text": "@_bekahoh @jexterslabb @foxwoundband Palestine is the literal definition of terror. Strap a bomb to your kid and you\u2019ll fit right in with them", "truncated": false, "display_text_range": [37, 142], "entities": {"hashtags": [], "symbols": [], "user_mentions": [{"screen_name": "_bekahoh", "name": "Bekah", "id": 2758743549, "id_str": "2758743549", "indices": [0, 9]}, {"screen_name": "foxwoundband", "name": "Fox Wound", "id": 3253132793, "id_str": "3253132793", "indices": [23, 36]}], "urls": []}, "source": "<a href=\"http://twitter.com/download/iphone\" rel=\"nofollow\">Twitter for iPhone</a>", "in_reply_to_status_id": 1266751318451945473, "in_reply_to_status_id_str": "1266751318451945473", "in_reply_to_user_id": 2758743549, "in_reply_to_user_id_str": "2758743549", "in_reply_to_screen_name": "_bekahoh", "user": {"id": 732615084296556544, "id_str": "732615084296556544", "name": "John Stiffy", "screen_name": "StiffyTrader", "location": "", "description": "", "url": null, "entities": {"description": {"urls": []}}, "protected": false, "followers_count": 57, "friends_count": 71, "listed_count": 3, "created_at": "Tue May 17 16:53:42 +0000 2016", "favourites_count": 3059, "utc_offset": null, "time_zone": null, "geo_enabled": false, "verified": false, "statuses_count": 1596, "lang": null, "contributors_enabled": false, "is_translator": false, "is_translation_enabled": false, "profile_background_color": "F5F8FA", "profile_background_image_url": null, "profile_background_image_url_https": null, "profile_background_tile": false, "profile_image_url": "http://pbs.twimg.com/profile_images/818132588799741953/8bDKHJe5_normal.jpg", "profile_image_url_https": "https://pbs.twimg.com/profile_images/818132588799741953/8bDKHJe5_normal.jpg", "profile_link_color": "1DA1F2", "profile_sidebar_border_color": "C0DEED", "profile_sidebar_fill_color": "DDEEF6", "profile_text_color": "333333", "profile_use_background_image": true, "has_extended_profile": false, "default_profile": true, "default_profile_image": false, "following": false, "follow_request_sent": false, "notifications": false, "translator_type": "none"}, "geo": null, "coordinates": null, "place": null, "contributors": null, "is_quote_status": false, "retweet_count": 0, "favorite_count": 3, "favorited": false, "retweeted": false, "lang": "en", "reply_count": 4}