{"created_at": "Sun May 31 01:10:58 +0000 2020", "id": 1266899943245123584, "id_str": "1266899943245123584", "full_text": "@recchinball28 @SAMOYEDCORE @foxwoundband https://t.co/e4uK7CeCEr", "truncated": false, "display_text_range": [41, 41], "entities": {"hashtags": [], "symbols": [], "user_mentions": [{"screen_name": "recchinball28", "name": "more like a planet", "id": 376519100, "id_str": "376519100", "indices": [0, 14]}, {"screen_name": "SAMOYEDCORE", "name": "1312/40%", "id": 708035683, "id_str": "708035683", "indices": [15, 27]}, {"screen_name": "foxwoundband", "name": "Fox Wound", "id": 3253132793, "id_str": "3253132793", "indices": [28, 41]}], "urls": [], "media": [{"id": 1266899939709378561, "id_str": "1266899939709378561", "indices": [42, 65], "media_url": "http://pbs.twimg.com/media/EZTuyGhXYAEqvm-.jpg", "media_url_https": "https://pbs.twimg.com/media/EZTuyGhXYAEqvm-.jpg", "url": "https://t.co/e4uK7CeCEr", "display_url": "pic.twitter.com/e4uK7CeCEr", "expanded_url": "https://twitter.com/KSmithy850/status/1266899943245123584/photo/1", "type": "photo", "sizes": {"thumb": {"w": 150, "h": 150, "resize": "crop"}, "large": {"w": 1091, "h": 924, "resize": "fit"}, "medium": {"w": 1091, "h": 924, "resize": "fit"}, "small": {"w": 680, "h": 576, "resize": "fit"}}}]}, "extended_entities": {"media": [{"id": 1266899939709378561, "id_str": "1266899939709378561", "indices": [42, 65], "media_url": "http://pbs.twimg.com/media/EZTuyGhXYAEqvm-.jpg", "media_url_https": "https://pbs.twimg.com/media/EZTuyGhXYAEqvm-.jpg", "url": "https://t.co/e4uK7CeCEr", "display_url": "pic.twitter.com/e4uK7CeCEr", "expanded_url": "https://twitter.com/KSmithy850/status/1266899943245123584/photo/1", "type": "photo", "sizes": {"thumb": {"w": 150, "h": 150, "resize": "crop"}, "large": {"w": 1091, "h": 924, "resize": "fit"}, "medium": {"w": 1091, "h": 924, "resize": "fit"}, "small": {"w": 680, "h": 576, "resize": "fit"}}}]}, "source": "<a href=\"http://twitter.com/download/iphone\" rel=\"nofollow\">Twitter for iPhone</a>", "in_reply_to_status_id": 1266619996395966465, "in_reply_to_status_id_str": "1266619996395966465", "in_reply_to_user_id": 376519100, "in_reply_to_user_id_str": "376519100", "in_reply_to_screen_name": "recchinball28", "user": {"id": 2684987853, "id_str": "2684987853", "name": "Coach $wag", "screen_name": "KSmithy850", "location": "Chipchip", "description": "I\u2019m bad at unorthodox handshakes.", "url": null, "entities": {"description": {"urls": []}}, "protected": false, "followers_count": 339, "friends_count": 233, "listed_count": 0, "created_at": "Mon Jul 07 23:24:09 +0000 2014", "favourites_count": 2918, "utc_offset": null, "time_zone": null, "geo_enabled": true, "verified": false, "statuses_count": 3889, "lang": null, "contributors_enabled": false, "is_translator": false, "is_translation_enabled": false, "profile_background_color": "C0DEED", "profile_background_image_url": "http://abs.twimg.com/images/themes/theme1/bg.png", "profile_background_image_url_https": "https://abs.twimg.com/images/themes/theme1/bg.png", "profile_background_tile": false, "profile_image_url": "http://pbs.twimg.com/profile_images/1212144914357727237/naEuo9bD_normal.jpg", "profile_image_url_https": "https://pbs.twimg.com/profile_images/1212144914357727237/naEuo9bD_normal.jpg", "profile_banner_url": "https://pbs.twimg.com/profile_banners/2684987853/1589207217", "profile_link_color": "1DA1F2", "profile_sidebar_border_color": "C0DEED", "profile_sidebar_fill_color": "DDEEF6", "profile_text_color": "333333", "profile_use_background_image": true, "has_extended_profile": false, "default_profile": true, "default_profile_image": false, "following": false, "follow_request_sent": false, "notifications": false, "translator_type": "none"}, "geo": null, "coordinates": null, "place": null, "contributors": null, "is_quote_status": false, "retweet_count": 0, "favorite_count": 0, "favorited": false, "retweeted": false, "possibly_sensitive": false, "possibly_sensitive_appealable": false, "lang": "und", "reply_count": 0}