{"created_at": "Mon Jun 01 12:15:09 +0000 2020", "id": 1267429474737389569, "id_str": "1267429474737389569", "full_text": "@pamnapo @lostmidwestern @POCrights @foxwoundband You\u2019re literally retarded they have national guard insignia and patches on them", "truncated": false, "display_text_range": [50, 129], "entities": {"hashtags": [], "symbols": [], "user_mentions": [{"screen_name": "pamnapo", "name": "stop voting for dicks", "id": 305154852, "id_str": "305154852", "indices": [0, 8]}, {"screen_name": "lostmidwestern", "name": "Jake Marx", "id": 216177450, "id_str": "216177450", "indices": [9, 24]}, {"screen_name": "foxwoundband", "name": "Fox Wound", "id": 3253132793, "id_str": "3253132793", "indices": [36, 49]}], "urls": []}, "source": "<a href=\"http://twitter.com/download/iphone\" rel=\"nofollow\">Twitter for iPhone</a>", "in_reply_to_status_id": 1266860051093876736, "in_reply_to_status_id_str": "1266860051093876736", "in_reply_to_user_id": 305154852, "in_reply_to_user_id_str": "305154852", "in_reply_to_screen_name": "pamnapo", "user": {"id": 1243893030748401665, "id_str": "1243893030748401665", "name": "vortscope schizohistoronicism", "screen_name": "vortscope", "location": "Whitman is my daddy", "description": "Daily Stormer Editorialist, writes very frequently on homo-eroticism and transgender issues in Shakespeare and Ezra Pound's poetry", "url": null, "entities": {"description": {"urls": []}}, "protected": false, "followers_count": 43, "friends_count": 232, "listed_count": 0, "created_at": "Sat Mar 28 13:29:50 +0000 2020", "favourites_count": 2788, "utc_offset": null, "time_zone": null, "geo_enabled": true, "verified": false, "statuses_count": 2909, "lang": null, "contributors_enabled": false, "is_translator": false, "is_translation_enabled": false, "profile_background_color": "F5F8FA", "profile_background_image_url": null, "profile_background_image_url_https": null, "profile_background_tile": false, "profile_image_url": "http://pbs.twimg.com/profile_images/1260432859120259072/8MadJjM0_normal.jpg", "profile_image_url_https": "https://pbs.twimg.com/profile_images/1260432859120259072/8MadJjM0_normal.jpg", "profile_banner_url": "https://pbs.twimg.com/profile_banners/1243893030748401665/1592820577", "profile_link_color": "1DA1F2", "profile_sidebar_border_color": "C0DEED", "profile_sidebar_fill_color": "DDEEF6", "profile_text_color": "333333", "profile_use_background_image": true, "has_extended_profile": true, "default_profile": true, "default_profile_image": false, "following": false, "follow_request_sent": false, "notifications": false, "translator_type": "none"}, "geo": null, "coordinates": null, "place": null, "contributors": null, "is_quote_status": false, "retweet_count": 0, "favorite_count": 0, "favorited": false, "retweeted": false, "lang": "en", "reply_count": 1}