{"created_at": "Mon Jun 01 02:49:44 +0000 2020", "id": 1267287185411227651, "id_str": "1267287185411227651", "full_text": "@foxwoundband Why would we free people who are burning sources of income and putting business owners back years?", "truncated": false, "display_text_range": [14, 112], "entities": {"hashtags": [], "symbols": [], "user_mentions": [{"screen_name": "foxwoundband", "name": "Fox Wound", "id": 3253132793, "id_str": "3253132793", "indices": [0, 13]}], "urls": []}, "source": "<a href=\"http://twitter.com/download/android\" rel=\"nofollow\">Twitter for Android</a>", "in_reply_to_status_id": 1266735137200525314, "in_reply_to_status_id_str": "1266735137200525314", "in_reply_to_user_id": 3253132793, "in_reply_to_user_id_str": "3253132793", "in_reply_to_screen_name": "foxwoundband", "user": {"id": 1243325537323491328, "id_str": "1243325537323491328", "name": "Nate", "screen_name": "Nate14788170", "location": "", "description": "Yorktown middle school! love golf soccer and family!\ud83d\ude01", "url": null, "entities": {"description": {"urls": []}}, "protected": false, "followers_count": 2, "friends_count": 11, "listed_count": 0, "created_at": "Thu Mar 26 23:55:04 +0000 2020", "favourites_count": 5, "utc_offset": null, "time_zone": null, "geo_enabled": false, "verified": false, "statuses_count": 11, "lang": null, "contributors_enabled": false, "is_translator": false, "is_translation_enabled": false, "profile_background_color": "F5F8FA", "profile_background_image_url": null, "profile_background_image_url_https": null, "profile_background_tile": false, "profile_image_url": "http://pbs.twimg.com/profile_images/1243325766441590792/l-M48k-G_normal.jpg", "profile_image_url_https": "https://pbs.twimg.com/profile_images/1243325766441590792/l-M48k-G_normal.jpg", "profile_link_color": "1DA1F2", "profile_sidebar_border_color": "C0DEED", "profile_sidebar_fill_color": "DDEEF6", "profile_text_color": "333333", "profile_use_background_image": true, "has_extended_profile": true, "default_profile": true, "default_profile_image": false, "following": false, "follow_request_sent": false, "notifications": false, "translator_type": "none"}, "geo": null, "coordinates": null, "place": null, "contributors": null, "is_quote_status": false, "retweet_count": 0, "favorite_count": 1, "favorited": false, "retweeted": false, "lang": "en", "reply_count": 0}