{"created_at": "Sun May 31 13:19:27 +0000 2020", "id": 1267083270270922753, "id_str": "1267083270270922753", "full_text": "@tae_lephone @PsychicSpaceman @keyotech @angel_felixv @foxwoundband What I'm assuming is that all of the National Guard deployed in Minneapolis are part of the 34th Infantry Division, which is also named the \"Red Bulls.\" There's a lot of regiments embedded within the Red Bulls, and this patch looks like the Liberty Bell with wings, or something.", "truncated": false, "display_text_range": [68, 347], "entities": {"hashtags": [], "symbols": [], "user_mentions": [{"screen_name": "tae_lephone", "name": "\ud835\udcef\ud835\udcf2\ud835\udcee\u2077 is on hiatus", "id": 940365278399131649, "id_str": "940365278399131649", "indices": [0, 12]}, {"screen_name": "PsychicSpaceman", "name": "Adventure Cat", "id": 1105643672719241218, "id_str": "1105643672719241218", "indices": [13, 29]}, {"screen_name": "keyotech", "name": "keyote", "id": 1253310617508855809, "id_str": "1253310617508855809", "indices": [30, 39]}, {"screen_name": "angel_felixv", "name": "No Justice, No Peace. \ud83c\udf39\ud83e\uddba", "id": 2323154035, "id_str": "2323154035", "indices": [40, 53]}, {"screen_name": "foxwoundband", "name": "Fox Wound", "id": 3253132793, "id_str": "3253132793", "indices": [54, 67]}], "urls": []}, "source": "<a href=\"https://mobile.twitter.com\" rel=\"nofollow\">Twitter Web App</a>", "in_reply_to_status_id": 1266763460957868033, "in_reply_to_status_id_str": "1266763460957868033", "in_reply_to_user_id": 940365278399131649, "in_reply_to_user_id_str": "940365278399131649", "in_reply_to_screen_name": "tae_lephone", "user": {"id": 701108737881276416, "id_str": "701108737881276416", "name": "kunzisbad", "screen_name": "FaZe_Cyka", "location": "'merica", "description": "helo", "url": null, "entities": {"description": {"urls": []}}, "protected": false, "followers_count": 31, "friends_count": 269, "listed_count": 1, "created_at": "Sat Feb 20 18:18:43 +0000 2016", "favourites_count": 620, "utc_offset": null, "time_zone": null, "geo_enabled": false, "verified": false, "statuses_count": 882, "lang": null, "contributors_enabled": false, "is_translator": false, "is_translation_enabled": false, "profile_background_color": "000000", "profile_background_image_url": "http://abs.twimg.com/images/themes/theme1/bg.png", "profile_background_image_url_https": "https://abs.twimg.com/images/themes/theme1/bg.png", "profile_background_tile": false, "profile_image_url": "http://pbs.twimg.com/profile_images/1113139178370465793/7UtcTGBa_normal.jpg", "profile_image_url_https": "https://pbs.twimg.com/profile_images/1113139178370465793/7UtcTGBa_normal.jpg", "profile_banner_url": "https://pbs.twimg.com/profile_banners/701108737881276416/1524881134", "profile_link_color": "FAB81E", "profile_sidebar_border_color": "000000", "profile_sidebar_fill_color": "000000", "profile_text_color": "000000", "profile_use_background_image": false, "has_extended_profile": true, "default_profile": false, "default_profile_image": false, "following": false, "follow_request_sent": false, "notifications": false, "translator_type": "none"}, "geo": null, "coordinates": null, "place": null, "contributors": null, "is_quote_status": false, "retweet_count": 0, "favorite_count": 0, "favorited": false, "retweeted": false, "lang": "en", "reply_count": 0}