{"created_at": "Mon Jun 01 01:19:49 +0000 2020", "id": 1267264555765374976, "id_str": "1267264555765374976", "full_text": "@SharpieMarkerCx @SanitySybil @angel_felixv @foxwoundband https://t.co/G1HDRoq1zT", "truncated": false, "display_text_range": [58, 81], "entities": {"hashtags": [], "symbols": [], "user_mentions": [{"screen_name": "SharpieMarkerCx", "name": "CassandraisaPanda", "id": 1266945693412986880, "id_str": "1266945693412986880", "indices": [0, 16]}, {"screen_name": "SanitySybil", "name": "SybilSanity", "id": 1226704169530204160, "id_str": "1226704169530204160", "indices": [17, 29]}, {"screen_name": "angel_felixv", "name": "No Justice, No Peace. \ud83c\udf39\ud83e\uddba", "id": 2323154035, "id_str": "2323154035", "indices": [30, 43]}, {"screen_name": "foxwoundband", "name": "Fox Wound", "id": 3253132793, "id_str": "3253132793", "indices": [44, 57]}], "urls": [], "media": [{"id": 1217568577215033344, "id_str": "1217568577215033344", "indices": [58, 81], "media_url": "http://pbs.twimg.com/ext_tw_video_thumb/1217568577215033344/pu/img/YkJAkt-V_594CTsW.jpg", "media_url_https": "https://pbs.twimg.com/ext_tw_video_thumb/1217568577215033344/pu/img/YkJAkt-V_594CTsW.jpg", "url": "https://t.co/G1HDRoq1zT", "display_url": "pic.twitter.com/G1HDRoq1zT", "expanded_url": "https://twitter.com/Andreaguillot1/status/1217568646303645696/video/1", "type": "photo", "sizes": {"thumb": {"w": 150, "h": 150, "resize": "crop"}, "medium": {"w": 1200, "h": 555, "resize": "fit"}, "small": {"w": 680, "h": 315, "resize": "fit"}, "large": {"w": 1280, "h": 592, "resize": "fit"}}, "source_status_id": 1217568646303645696, "source_status_id_str": "1217568646303645696", "source_user_id": 960392076717326336, "source_user_id_str": "960392076717326336"}]}, "extended_entities": {"media": [{"id": 1217568577215033344, "id_str": "1217568577215033344", "indices": [58, 81], "media_url": "http://pbs.twimg.com/ext_tw_video_thumb/1217568577215033344/pu/img/YkJAkt-V_594CTsW.jpg", "media_url_https": "https://pbs.twimg.com/ext_tw_video_thumb/1217568577215033344/pu/img/YkJAkt-V_594CTsW.jpg", "url": "https://t.co/G1HDRoq1zT", "display_url": "pic.twitter.com/G1HDRoq1zT", "expanded_url": "https://twitter.com/Andreaguillot1/status/1217568646303645696/video/1", "type": "video", "sizes": {"thumb": {"w": 150, "h": 150, "resize": "crop"}, "medium": {"w": 1200, "h": 555, "resize": "fit"}, "small": {"w": 680, "h": 315, "resize": "fit"}, "large": {"w": 1280, "h": 592, "resize": "fit"}}, "source_status_id": 1217568646303645696, "source_status_id_str": "1217568646303645696", "source_user_id": 960392076717326336, "source_user_id_str": "960392076717326336", "video_info": {"aspect_ratio": [80, 37], "duration_millis": 8887, "variants": [{"content_type": "application/x-mpegURL", "url": "https://video.twimg.com/ext_tw_video/1217568577215033344/pu/pl/J4IlH0ry8AhhOUCr.m3u8?tag=10"}, {"bitrate": 832000, "content_type": "video/mp4", "url": "https://video.twimg.com/ext_tw_video/1217568577215033344/pu/vid/778x360/wd6h-TQnsXWMpOFP.mp4?tag=10"}, {"bitrate": 256000, "content_type": "video/mp4", "url": "https://video.twimg.com/ext_tw_video/1217568577215033344/pu/vid/582x270/ZNM8bfJvRgx_eht-.mp4?tag=10"}, {"bitrate": 2176000, "content_type": "video/mp4", "url": "https://video.twimg.com/ext_tw_video/1217568577215033344/pu/vid/1280x592/B2_lLzvluEyyys34.mp4?tag=10"}]}, "additional_media_info": {"monetizable": false, "source_user": {"id": 960392076717326336, "id_str": "960392076717326336", "name": "Andrea Guill\u00e9n", "screen_name": "Andreaguillot1", "location": "Monterrey, Nuevo Le\u00f3n", "description": "No te tomes la vida tan personal || ig: andy.guillot", "url": null, "entities": {"description": {"urls": []}}, "protected": false, "followers_count": 272, "friends_count": 242, "listed_count": 0, "created_at": "Mon Feb 05 05:58:09 +0000 2018", "favourites_count": 26753, "utc_offset": null, "time_zone": null, "geo_enabled": false, "verified": false, "statuses_count": 2403, "lang": null, "contributors_enabled": false, "is_translator": false, "is_translation_enabled": false, "profile_background_color": "F5F8FA", "profile_background_image_url": null, "profile_background_image_url_https": null, "profile_background_tile": false, "profile_image_url": "http://pbs.twimg.com/profile_images/1268384085770149890/f5HsSHmy_normal.jpg", "profile_image_url_https": "https://pbs.twimg.com/profile_images/1268384085770149890/f5HsSHmy_normal.jpg", "profile_banner_url": "https://pbs.twimg.com/profile_banners/960392076717326336/1591241528", "profile_link_color": "1DA1F2", "profile_sidebar_border_color": "C0DEED", "profile_sidebar_fill_color": "DDEEF6", "profile_text_color": "333333", "profile_use_background_image": true, "has_extended_profile": true, "default_profile": true, "default_profile_image": false, "following": false, "follow_request_sent": false, "notifications": false, "translator_type": "none"}}}]}, "source": "<a href=\"http://twitter.com/download/iphone\" rel=\"nofollow\">Twitter for iPhone</a>", "in_reply_to_status_id": 1266956805688766465, "in_reply_to_status_id_str": "1266956805688766465", "in_reply_to_user_id": 1266945693412986880, "in_reply_to_user_id_str": "1266945693412986880", "in_reply_to_screen_name": "SharpieMarkerCx", "user": {"id": 4808637734, "id_str": "4808637734", "name": "\ud835\udd7d\ud835\udd9a\ud835\udd88\ud835\udd88\ud835\udd8e", "screen_name": "1ecsay", "location": "M\u00e9xico", "description": "virgo \u2609 | virgo \u2191 | scorpio \u263d", "url": null, "entities": {"description": {"urls": []}}, "protected": false, "followers_count": 170, "friends_count": 396, "listed_count": 0, "created_at": "Sun Jan 24 17:57:26 +0000 2016", "favourites_count": 20442, "utc_offset": null, "time_zone": null, "geo_enabled": false, "verified": false, "statuses_count": 6731, "lang": null, "contributors_enabled": false, "is_translator": false, "is_translation_enabled": false, "profile_background_color": "F5F8FA", "profile_background_image_url": null, "profile_background_image_url_https": null, "profile_background_tile": false, "profile_image_url": "http://pbs.twimg.com/profile_images/1267879701827055617/kGRRV0Vz_normal.jpg", "profile_image_url_https": "https://pbs.twimg.com/profile_images/1267879701827055617/kGRRV0Vz_normal.jpg", "profile_banner_url": "https://pbs.twimg.com/profile_banners/4808637734/1591121057", "profile_link_color": "1DA1F2", "profile_sidebar_border_color": "C0DEED", "profile_sidebar_fill_color": "DDEEF6", "profile_text_color": "333333", "profile_use_background_image": true, "has_extended_profile": false, "default_profile": true, "default_profile_image": false, "following": false, "follow_request_sent": false, "notifications": false, "translator_type": "none"}, "geo": null, "coordinates": null, "place": null, "contributors": null, "is_quote_status": false, "retweet_count": 0, "favorite_count": 1, "favorited": false, "retweeted": false, "possibly_sensitive": false, "possibly_sensitive_appealable": false, "lang": "und", "reply_count": 0}