{"created_at": "Sun May 31 18:02:51 +0000 2020", "id": 1267154589020819458, "id_str": "1267154589020819458", "full_text": "@theangelremiel @TheranosPRGuy @AliceAvizandum @foxwoundband bruh. I need this .gif \ud83d\ude2d\ud83d\ude2d", "truncated": false, "display_text_range": [61, 86], "entities": {"hashtags": [], "symbols": [], "user_mentions": [{"screen_name": "theangelremiel", "name": "Ian Rennie", "id": 18256552, "id_str": "18256552", "indices": [0, 15]}, {"screen_name": "TheranosPRGuy", "name": "Politics Understander\ud83c\udf39", "id": 1568436036, "id_str": "1568436036", "indices": [16, 30]}, {"screen_name": "AliceAvizandum", "name": "umarell thurman", "id": 20770892, "id_str": "20770892", "indices": [31, 46]}, {"screen_name": "foxwoundband", "name": "Fox Wound", "id": 3253132793, "id_str": "3253132793", "indices": [47, 60]}], "urls": []}, "source": "<a href=\"http://twitter.com/download/android\" rel=\"nofollow\">Twitter for Android</a>", "in_reply_to_status_id": 1266648564555567105, "in_reply_to_status_id_str": "1266648564555567105", "in_reply_to_user_id": 18256552, "in_reply_to_user_id_str": "18256552", "in_reply_to_screen_name": "theangelremiel", "user": {"id": 1263619618242953216, "id_str": "1263619618242953216", "name": "Project", "screen_name": "TheProjectSSJ", "location": "", "description": "", "url": null, "entities": {"description": {"urls": []}}, "protected": false, "followers_count": 4, "friends_count": 18, "listed_count": 0, "created_at": "Thu May 21 23:56:17 +0000 2020", "favourites_count": 2409, "utc_offset": null, "time_zone": null, "geo_enabled": false, "verified": false, "statuses_count": 388, "lang": null, "contributors_enabled": false, "is_translator": false, "is_translation_enabled": false, "profile_background_color": "F5F8FA", "profile_background_image_url": null, "profile_background_image_url_https": null, "profile_background_tile": false, "profile_image_url": "http://pbs.twimg.com/profile_images/1265302636670181378/koDpuvGn_normal.jpg", "profile_image_url_https": "https://pbs.twimg.com/profile_images/1265302636670181378/koDpuvGn_normal.jpg", "profile_banner_url": "https://pbs.twimg.com/profile_banners/1263619618242953216/1592421207", "profile_link_color": "1DA1F2", "profile_sidebar_border_color": "C0DEED", "profile_sidebar_fill_color": "DDEEF6", "profile_text_color": "333333", "profile_use_background_image": true, "has_extended_profile": true, "default_profile": true, "default_profile_image": false, "following": false, "follow_request_sent": false, "notifications": false, "translator_type": "none"}, "geo": null, "coordinates": null, "place": null, "contributors": null, "is_quote_status": false, "retweet_count": 0, "favorite_count": 0, "favorited": false, "retweeted": false, "lang": "en", "reply_count": 0}