{"created_at": "Tue Jun 02 19:44:03 +0000 2020", "id": 1267904832091766785, "id_str": "1267904832091766785", "full_text": "@LewdPrune @uncoolhuman @foxwoundband https://t.co/RkZ8SaKAg3", "truncated": false, "display_text_range": [37, 37], "entities": {"hashtags": [], "symbols": [], "user_mentions": [{"screen_name": "LewdPrune", "name": "Christopher Hyche", "id": 2154263634, "id_str": "2154263634", "indices": [0, 10]}, {"screen_name": "uncoolhuman", "name": "lila\u2728", "id": 898531560361566208, "id_str": "898531560361566208", "indices": [11, 23]}, {"screen_name": "foxwoundband", "name": "Fox Wound", "id": 3253132793, "id_str": "3253132793", "indices": [24, 37]}], "urls": [], "media": [{"id": 1267904823266951169, "id_str": "1267904823266951169", "indices": [38, 61], "media_url": "http://pbs.twimg.com/media/EZiAuBfUwAEGe6o.jpg", "media_url_https": "https://pbs.twimg.com/media/EZiAuBfUwAEGe6o.jpg", "url": "https://t.co/RkZ8SaKAg3", "display_url": "pic.twitter.com/RkZ8SaKAg3", "expanded_url": "https://twitter.com/lostmidwestern/status/1267904832091766785/photo/1", "type": "photo", "sizes": {"thumb": {"w": 150, "h": 150, "resize": "crop"}, "medium": {"w": 568, "h": 1200, "resize": "fit"}, "small": {"w": 322, "h": 680, "resize": "fit"}, "large": {"w": 970, "h": 2048, "resize": "fit"}}}]}, "extended_entities": {"media": [{"id": 1267904823266951169, "id_str": "1267904823266951169", "indices": [38, 61], "media_url": "http://pbs.twimg.com/media/EZiAuBfUwAEGe6o.jpg", "media_url_https": "https://pbs.twimg.com/media/EZiAuBfUwAEGe6o.jpg", "url": "https://t.co/RkZ8SaKAg3", "display_url": "pic.twitter.com/RkZ8SaKAg3", "expanded_url": "https://twitter.com/lostmidwestern/status/1267904832091766785/photo/1", "type": "photo", "sizes": {"thumb": {"w": 150, "h": 150, "resize": "crop"}, "medium": {"w": 568, "h": 1200, "resize": "fit"}, "small": {"w": 322, "h": 680, "resize": "fit"}, "large": {"w": 970, "h": 2048, "resize": "fit"}}}]}, "source": "<a href=\"http://twitter.com/download/android\" rel=\"nofollow\">Twitter for Android</a>", "in_reply_to_status_id": 1267860877367099394, "in_reply_to_status_id_str": "1267860877367099394", "in_reply_to_user_id": 2154263634, "in_reply_to_user_id_str": "2154263634", "in_reply_to_screen_name": "LewdPrune", "user": {"id": 216177450, "id_str": "216177450", "name": "Jake Marx", "screen_name": "lostmidwestern", "location": "DKB-C66-DCA-SPI-ADQ", "description": "Politics+NatSec\nSilver Bar in the oldest sea service sharing my junior officer shenanigans. From ILL with stops in DC and AK.  Support your unions!\nHe/Him.", "url": null, "entities": {"description": {"urls": []}}, "protected": false, "followers_count": 903, "friends_count": 2126, "listed_count": 10, "created_at": "Tue Nov 16 00:00:11 +0000 2010", "favourites_count": 21725, "utc_offset": null, "time_zone": null, "geo_enabled": false, "verified": false, "statuses_count": 6605, "lang": null, "contributors_enabled": false, "is_translator": false, "is_translation_enabled": false, "profile_background_color": "C0DEED", "profile_background_image_url": "http://abs.twimg.com/images/themes/theme1/bg.png", "profile_background_image_url_https": "https://abs.twimg.com/images/themes/theme1/bg.png", "profile_background_tile": false, "profile_image_url": "http://pbs.twimg.com/profile_images/1194071576263553024/jo744wuS_normal.jpg", "profile_image_url_https": "https://pbs.twimg.com/profile_images/1194071576263553024/jo744wuS_normal.jpg", "profile_banner_url": "https://pbs.twimg.com/profile_banners/216177450/1573523824", "profile_link_color": "0084B4", "profile_sidebar_border_color": "FFFFFF", "profile_sidebar_fill_color": "DDEEF6", "profile_text_color": "333333", "profile_use_background_image": false, "has_extended_profile": true, "default_profile": false, "default_profile_image": false, "following": false, "follow_request_sent": false, "notifications": false, "translator_type": "none"}, "geo": null, "coordinates": null, "place": null, "contributors": null, "is_quote_status": false, "retweet_count": 0, "favorite_count": 0, "favorited": false, "retweeted": false, "possibly_sensitive": false, "possibly_sensitive_appealable": false, "lang": "und", "reply_count": 0}