{"created_at": "Tue Jun 02 02:46:02 +0000 2020", "id": 1267648640375382019, "id_str": "1267648640375382019", "full_text": "@alexbahr @foxwoundband @chick_in_kiev Ah, Hitler's Youth!  How refreshing!", "truncated": false, "display_text_range": [39, 75], "entities": {"hashtags": [], "symbols": [], "user_mentions": [{"screen_name": "alexbahr", "name": "Alexander Sullivan Bahr", "id": 15755189, "id_str": "15755189", "indices": [0, 9]}, {"screen_name": "foxwoundband", "name": "Fox Wound", "id": 3253132793, "id_str": "3253132793", "indices": [10, 23]}, {"screen_name": "chick_in_kiev", "name": "Talia Lavin", "id": 595245502, "id_str": "595245502", "indices": [24, 38]}], "urls": []}, "source": "<a href=\"https://mobile.twitter.com\" rel=\"nofollow\">Twitter Web App</a>", "in_reply_to_status_id": 1266619102329597957, "in_reply_to_status_id_str": "1266619102329597957", "in_reply_to_user_id": 15755189, "in_reply_to_user_id_str": "15755189", "in_reply_to_screen_name": "alexbahr", "user": {"id": 3318304962, "id_str": "3318304962", "name": "Edh Stanley", "screen_name": "itsedh", "location": "", "description": "", "url": null, "entities": {"description": {"urls": []}}, "protected": false, "followers_count": 3, "friends_count": 2, "listed_count": 0, "created_at": "Tue Aug 18 05:04:50 +0000 2015", "favourites_count": 4, "utc_offset": null, "time_zone": null, "geo_enabled": false, "verified": false, "statuses_count": 382, "lang": null, "contributors_enabled": false, "is_translator": false, "is_translation_enabled": false, "profile_background_color": "C0DEED", "profile_background_image_url": "http://abs.twimg.com/images/themes/theme1/bg.png", "profile_background_image_url_https": "https://abs.twimg.com/images/themes/theme1/bg.png", "profile_background_tile": false, "profile_image_url": "http://abs.twimg.com/sticky/default_profile_images/default_profile_normal.png", "profile_image_url_https": "https://abs.twimg.com/sticky/default_profile_images/default_profile_normal.png", "profile_link_color": "1DA1F2", "profile_sidebar_border_color": "C0DEED", "profile_sidebar_fill_color": "DDEEF6", "profile_text_color": "333333", "profile_use_background_image": true, "has_extended_profile": false, "default_profile": true, "default_profile_image": true, "following": false, "follow_request_sent": false, "notifications": false, "translator_type": "none"}, "geo": null, "coordinates": null, "place": null, "contributors": null, "is_quote_status": false, "retweet_count": 0, "favorite_count": 0, "favorited": false, "retweeted": false, "lang": "en", "reply_count": 0}