{"created_at": "Mon Jun 01 18:08:21 +0000 2020", "id": 1267518362034139136, "id_str": "1267518362034139136", "full_text": "@POCrights @lostmidwestern @foxwoundband It\u2019s a male child. Look at the smooth, chubby cheeks.", "truncated": false, "display_text_range": [41, 94], "entities": {"hashtags": [], "symbols": [], "user_mentions": [{"screen_name": "lostmidwestern", "name": "Jake Marx", "id": 216177450, "id_str": "216177450", "indices": [11, 26]}, {"screen_name": "foxwoundband", "name": "Fox Wound", "id": 3253132793, "id_str": "3253132793", "indices": [27, 40]}], "urls": []}, "source": "<a href=\"http://twitter.com/download/iphone\" rel=\"nofollow\">Twitter for iPhone</a>", "in_reply_to_status_id": 1266851351771766784, "in_reply_to_status_id_str": "1266851351771766784", "in_reply_to_user_id": 2583109531, "in_reply_to_user_id_str": "2583109531", "in_reply_to_screen_name": "exposearacisst", "user": {"id": 305154852, "id_str": "305154852", "name": "stop voting for dicks", "screen_name": "pamnapo", "location": "San Diego, CA", "description": "Wouldn't it be nice if the status of our planet didn't depend on the benevolence of billionaires?", "url": null, "entities": {"description": {"urls": []}}, "protected": false, "followers_count": 3271, "friends_count": 3214, "listed_count": 8, "created_at": "Wed May 25 18:53:10 +0000 2011", "favourites_count": 105653, "utc_offset": null, "time_zone": null, "geo_enabled": true, "verified": false, "statuses_count": 14742, "lang": null, "contributors_enabled": false, "is_translator": false, "is_translation_enabled": false, "profile_background_color": "C0DEED", "profile_background_image_url": "http://abs.twimg.com/images/themes/theme1/bg.png", "profile_background_image_url_https": "https://abs.twimg.com/images/themes/theme1/bg.png", "profile_background_tile": false, "profile_image_url": "http://pbs.twimg.com/profile_images/1104622141813604352/68uOj6-G_normal.jpg", "profile_image_url_https": "https://pbs.twimg.com/profile_images/1104622141813604352/68uOj6-G_normal.jpg", "profile_banner_url": "https://pbs.twimg.com/profile_banners/305154852/1545781983", "profile_link_color": "1DA1F2", "profile_sidebar_border_color": "C0DEED", "profile_sidebar_fill_color": "DDEEF6", "profile_text_color": "333333", "profile_use_background_image": true, "has_extended_profile": true, "default_profile": true, "default_profile_image": false, "following": false, "follow_request_sent": false, "notifications": false, "translator_type": "none"}, "geo": null, "coordinates": null, "place": null, "contributors": null, "is_quote_status": false, "retweet_count": 0, "favorite_count": 0, "favorited": false, "retweeted": false, "lang": "en", "reply_count": 0}