{"created_at": "Sun May 31 23:45:47 +0000 2020", "id": 1267240892781527041, "id_str": "1267240892781527041", "full_text": "@foxwoundband \ud83e\udd23\ud83d\ude02", "truncated": false, "display_text_range": [14, 16], "entities": {"hashtags": [], "symbols": [], "user_mentions": [{"screen_name": "foxwoundband", "name": "Fox Wound", "id": 3253132793, "id_str": "3253132793", "indices": [0, 13]}], "urls": []}, "source": "<a href=\"http://twitter.com/download/iphone\" rel=\"nofollow\">Twitter for iPhone</a>", "in_reply_to_status_id": 1266626646280413185, "in_reply_to_status_id_str": "1266626646280413185", "in_reply_to_user_id": 3253132793, "in_reply_to_user_id_str": "3253132793", "in_reply_to_screen_name": "foxwoundband", "user": {"id": 1207729240642338818, "id_str": "1207729240642338818", "name": "Fahad Ayoub", "screen_name": "DuneCoon87", "location": "Dearborn, MI", "description": "My Fellow Americans, We Have Forgotten The Face Of Our Fathers. Remember All Who Died For This Great Country & Act Accordingly. I\u2019m Just an arab from Dearborn.", "url": null, "entities": {"description": {"urls": []}}, "protected": false, "followers_count": 47, "friends_count": 232, "listed_count": 2, "created_at": "Thu Dec 19 18:27:55 +0000 2019", "favourites_count": 1983, "utc_offset": null, "time_zone": null, "geo_enabled": false, "verified": false, "statuses_count": 714, "lang": null, "contributors_enabled": false, "is_translator": false, "is_translation_enabled": false, "profile_background_color": "F5F8FA", "profile_background_image_url": null, "profile_background_image_url_https": null, "profile_background_tile": false, "profile_image_url": "http://pbs.twimg.com/profile_images/1211053219906019329/tzGDV5t4_normal.jpg", "profile_image_url_https": "https://pbs.twimg.com/profile_images/1211053219906019329/tzGDV5t4_normal.jpg", "profile_banner_url": "https://pbs.twimg.com/profile_banners/1207729240642338818/1577571953", "profile_link_color": "1DA1F2", "profile_sidebar_border_color": "C0DEED", "profile_sidebar_fill_color": "DDEEF6", "profile_text_color": "333333", "profile_use_background_image": true, "has_extended_profile": true, "default_profile": true, "default_profile_image": false, "following": false, "follow_request_sent": false, "notifications": false, "translator_type": "none"}, "geo": null, "coordinates": null, "place": null, "contributors": null, "is_quote_status": false, "retweet_count": 0, "favorite_count": 0, "favorited": false, "retweeted": false, "lang": "und", "reply_count": 0}