{"created_at": "Mon Jun 01 03:13:51 +0000 2020", "id": 1267293253746987008, "id_str": "1267293253746987008", "full_text": "@MarxistLANinist @candyasslib @NunesAlt @foxwoundband This has been thoroughly debunked at this point - plenty of sources out there with the facts. National guard in Georgia and Minnesota confirmed everyone in the two different videos circulating yesterday are adults. Here is one of many articles:\n\nhttps://t.co/bR8kUIeg19", "truncated": false, "display_text_range": [54, 323], "entities": {"hashtags": [], "symbols": [], "user_mentions": [{"screen_name": "MarxistLANinist", "name": "\u0386\u03bd\u03b9\u03b1 \ud83c\udf10\ud83e\udde6\ud83c\uddec\ud83c\uddf7", "id": 1151672899624951808, "id_str": "1151672899624951808", "indices": [0, 16]}, {"screen_name": "candyasslib", "name": "R.I.P. GOP", "id": 3316822971, "id_str": "3316822971", "indices": [17, 29]}, {"screen_name": "NunesAlt", "name": "Devin Nunes' Alt-Mom", "id": 1107896723936940032, "id_str": "1107896723936940032", "indices": [30, 39]}, {"screen_name": "foxwoundband", "name": "Fox Wound", "id": 3253132793, "id_str": "3253132793", "indices": [40, 53]}], "urls": [{"url": "https://t.co/bR8kUIeg19", "expanded_url": "https://apnews.com/afs:Content:9002002873", "display_url": "apnews.com/afs:Content:90\u2026", "indices": [300, 323]}]}, "source": "<a href=\"http://twitter.com/download/android\" rel=\"nofollow\">Twitter for Android</a>", "in_reply_to_status_id": 1267219239187800066, "in_reply_to_status_id_str": "1267219239187800066", "in_reply_to_user_id": 1151672899624951808, "in_reply_to_user_id_str": "1151672899624951808", "in_reply_to_screen_name": "MarxistLANinist", "user": {"id": 1027876629262086144, "id_str": "1027876629262086144", "name": "Ben Wright", "screen_name": "BenWright1028", "location": "", "description": "Just a regular human.", "url": null, "entities": {"description": {"urls": []}}, "protected": false, "followers_count": 7, "friends_count": 28, "listed_count": 0, "created_at": "Fri Aug 10 11:17:40 +0000 2018", "favourites_count": 251, "utc_offset": null, "time_zone": null, "geo_enabled": false, "verified": false, "statuses_count": 1645, "lang": null, "contributors_enabled": false, "is_translator": false, "is_translation_enabled": false, "profile_background_color": "F5F8FA", "profile_background_image_url": null, "profile_background_image_url_https": null, "profile_background_tile": false, "profile_image_url": "http://pbs.twimg.com/profile_images/1027877090996043776/xyT9ftOF_normal.jpg", "profile_image_url_https": "https://pbs.twimg.com/profile_images/1027877090996043776/xyT9ftOF_normal.jpg", "profile_link_color": "1DA1F2", "profile_sidebar_border_color": "C0DEED", "profile_sidebar_fill_color": "DDEEF6", "profile_text_color": "333333", "profile_use_background_image": true, "has_extended_profile": true, "default_profile": true, "default_profile_image": false, "following": false, "follow_request_sent": false, "notifications": false, "translator_type": "none"}, "geo": null, "coordinates": null, "place": null, "contributors": null, "is_quote_status": false, "retweet_count": 0, "favorite_count": 1, "favorited": false, "retweeted": false, "possibly_sensitive": false, "possibly_sensitive_appealable": false, "lang": "en", "reply_count": 0}