{"created_at": "Sun May 31 19:58:32 +0000 2020", "id": 1267183701114281984, "id_str": "1267183701114281984", "full_text": "@foxwoundband You are just as bad as all the #FakeNewsMedia\n#NotChildSoldiers https://t.co/oiIHb7S7xS", "truncated": false, "display_text_range": [14, 77], "entities": {"hashtags": [{"text": "FakeNewsMedia", "indices": [45, 59]}, {"text": "NotChildSoldiers", "indices": [60, 77]}], "symbols": [], "user_mentions": [{"screen_name": "foxwoundband", "name": "Fox Wound", "id": 3253132793, "id_str": "3253132793", "indices": [0, 13]}], "urls": [], "media": [{"id": 1267183694587912192, "id_str": "1267183694587912192", "indices": [78, 101], "media_url": "http://pbs.twimg.com/media/EZXw2z0UYAANFC2.jpg", "media_url_https": "https://pbs.twimg.com/media/EZXw2z0UYAANFC2.jpg", "url": "https://t.co/oiIHb7S7xS", "display_url": "pic.twitter.com/oiIHb7S7xS", "expanded_url": "https://twitter.com/bndtfrgs_gonwld/status/1267183701114281984/photo/1", "type": "photo", "sizes": {"small": {"w": 466, "h": 680, "resize": "fit"}, "thumb": {"w": 150, "h": 150, "resize": "crop"}, "medium": {"w": 822, "h": 1200, "resize": "fit"}, "large": {"w": 1080, "h": 1577, "resize": "fit"}}}]}, "extended_entities": {"media": [{"id": 1267183694587912192, "id_str": "1267183694587912192", "indices": [78, 101], "media_url": "http://pbs.twimg.com/media/EZXw2z0UYAANFC2.jpg", "media_url_https": "https://pbs.twimg.com/media/EZXw2z0UYAANFC2.jpg", "url": "https://t.co/oiIHb7S7xS", "display_url": "pic.twitter.com/oiIHb7S7xS", "expanded_url": "https://twitter.com/bndtfrgs_gonwld/status/1267183701114281984/photo/1", "type": "photo", "sizes": {"small": {"w": 466, "h": 680, "resize": "fit"}, "thumb": {"w": 150, "h": 150, "resize": "crop"}, "medium": {"w": 822, "h": 1200, "resize": "fit"}, "large": {"w": 1080, "h": 1577, "resize": "fit"}}}]}, "source": "<a href=\"http://twitter.com/download/android\" rel=\"nofollow\">Twitter for Android</a>", "in_reply_to_status_id": 1266626646280413185, "in_reply_to_status_id_str": "1266626646280413185", "in_reply_to_user_id": 3253132793, "in_reply_to_user_id_str": "3253132793", "in_reply_to_screen_name": "foxwoundband", "user": {"id": 941396808244240384, "id_str": "941396808244240384", "name": "\u2b50\u2b50\u2b50Dilley300 Cult45 Member #264 \ud83d\udc38", "screen_name": "bndtfrgs_gonwld", "location": "The GREATEST COUNTRY, USA", "description": "Daughter, Aunt, Sister, Mom, Wife to a OTR driver, Grandma #MAGA #TRUMP2020 #HEISYOURPRESIDENT\ud83c\uddf1\ud83c\uddf7  If I \u2764 \nyour meme I Stole It\ud83d\ude0e, no nudes", "url": null, "entities": {"description": {"urls": []}}, "protected": false, "followers_count": 6141, "friends_count": 6482, "listed_count": 11, "created_at": "Thu Dec 14 19:57:44 +0000 2017", "favourites_count": 7066, "utc_offset": null, "time_zone": null, "geo_enabled": true, "verified": false, "statuses_count": 41297, "lang": null, "contributors_enabled": false, "is_translator": false, "is_translation_enabled": false, "profile_background_color": "F5F8FA", "profile_background_image_url": null, "profile_background_image_url_https": null, "profile_background_tile": false, "profile_image_url": "http://pbs.twimg.com/profile_images/1138466076516163584/dN8Qst3v_normal.jpg", "profile_image_url_https": "https://pbs.twimg.com/profile_images/1138466076516163584/dN8Qst3v_normal.jpg", "profile_banner_url": "https://pbs.twimg.com/profile_banners/941396808244240384/1585783365", "profile_link_color": "1DA1F2", "profile_sidebar_border_color": "C0DEED", "profile_sidebar_fill_color": "DDEEF6", "profile_text_color": "333333", "profile_use_background_image": true, "has_extended_profile": false, "default_profile": true, "default_profile_image": false, "following": false, "follow_request_sent": false, "notifications": false, "translator_type": "none"}, "geo": null, "coordinates": null, "place": null, "contributors": null, "is_quote_status": false, "retweet_count": 0, "favorite_count": 0, "favorited": false, "retweeted": false, "possibly_sensitive": false, "possibly_sensitive_appealable": false, "lang": "en", "reply_count": 0}