{"created_at": "Tue Jun 02 10:07:17 +0000 2020", "id": 1267759684213227520, "id_str": "1267759684213227520", "full_text": "@theangelremiel @TheranosPRGuy @AliceAvizandum @foxwoundband https://t.co/Ubn7XTfnUp", "truncated": false, "display_text_range": [60, 60], "entities": {"hashtags": [], "symbols": [], "user_mentions": [{"screen_name": "theangelremiel", "name": "Ian Rennie", "id": 18256552, "id_str": "18256552", "indices": [0, 15]}, {"screen_name": "TheranosPRGuy", "name": "Politics Understander\ud83c\udf39", "id": 1568436036, "id_str": "1568436036", "indices": [16, 30]}, {"screen_name": "AliceAvizandum", "name": "statues baz", "id": 20770892, "id_str": "20770892", "indices": [31, 46]}, {"screen_name": "foxwoundband", "name": "Fox Wound", "id": 3253132793, "id_str": "3253132793", "indices": [47, 60]}], "urls": [], "media": [{"id": 1267759674092408833, "id_str": "1267759674092408833", "indices": [61, 84], "media_url": "http://pbs.twimg.com/tweet_video_thumb/EZf8tOrX0AE9bhR.jpg", "media_url_https": "https://pbs.twimg.com/tweet_video_thumb/EZf8tOrX0AE9bhR.jpg", "url": "https://t.co/Ubn7XTfnUp", "display_url": "pic.twitter.com/Ubn7XTfnUp", "expanded_url": "https://twitter.com/BombCityBastard/status/1267759684213227520/photo/1", "type": "photo", "sizes": {"thumb": {"w": 150, "h": 150, "resize": "crop"}, "large": {"w": 498, "h": 278, "resize": "fit"}, "small": {"w": 498, "h": 278, "resize": "fit"}, "medium": {"w": 498, "h": 278, "resize": "fit"}}}]}, "extended_entities": {"media": [{"id": 1267759674092408833, "id_str": "1267759674092408833", "indices": [61, 84], "media_url": "http://pbs.twimg.com/tweet_video_thumb/EZf8tOrX0AE9bhR.jpg", "media_url_https": "https://pbs.twimg.com/tweet_video_thumb/EZf8tOrX0AE9bhR.jpg", "url": "https://t.co/Ubn7XTfnUp", "display_url": "pic.twitter.com/Ubn7XTfnUp", "expanded_url": "https://twitter.com/BombCityBastard/status/1267759684213227520/photo/1", "type": "animated_gif", "sizes": {"thumb": {"w": 150, "h": 150, "resize": "crop"}, "large": {"w": 498, "h": 278, "resize": "fit"}, "small": {"w": 498, "h": 278, "resize": "fit"}, "medium": {"w": 498, "h": 278, "resize": "fit"}}, "video_info": {"aspect_ratio": [249, 139], "variants": [{"bitrate": 0, "content_type": "video/mp4", "url": "https://video.twimg.com/tweet_video/EZf8tOrX0AE9bhR.mp4"}]}}]}, "source": "<a href=\"http://twitter.com/download/iphone\" rel=\"nofollow\">Twitter for iPhone</a>", "in_reply_to_status_id": 1266648564555567105, "in_reply_to_status_id_str": "1266648564555567105", "in_reply_to_user_id": 18256552, "in_reply_to_user_id_str": "18256552", "in_reply_to_screen_name": "theangelremiel", "user": {"id": 467169583, "id_str": "467169583", "name": "Kunt Russell", "screen_name": "BombCityBastard", "location": "Austin, TX", "description": "Stop crapping on me, Jessie!", "url": null, "entities": {"description": {"urls": []}}, "protected": false, "followers_count": 559, "friends_count": 23, "listed_count": 3, "created_at": "Wed Jan 18 05:45:38 +0000 2012", "favourites_count": 4938, "utc_offset": null, "time_zone": null, "geo_enabled": true, "verified": false, "statuses_count": 936, "lang": null, "contributors_enabled": false, "is_translator": false, "is_translation_enabled": false, "profile_background_color": "C0DEED", "profile_background_image_url": "http://abs.twimg.com/images/themes/theme1/bg.png", "profile_background_image_url_https": "https://abs.twimg.com/images/themes/theme1/bg.png", "profile_background_tile": false, "profile_image_url": "http://pbs.twimg.com/profile_images/1267013849884045318/AmPEstV3_normal.jpg", "profile_image_url_https": "https://pbs.twimg.com/profile_images/1267013849884045318/AmPEstV3_normal.jpg", "profile_banner_url": "https://pbs.twimg.com/profile_banners/467169583/1590350165", "profile_link_color": "1DA1F2", "profile_sidebar_border_color": "C0DEED", "profile_sidebar_fill_color": "DDEEF6", "profile_text_color": "333333", "profile_use_background_image": true, "has_extended_profile": false, "default_profile": true, "default_profile_image": false, "following": false, "follow_request_sent": false, "notifications": false, "translator_type": "none"}, "geo": null, "coordinates": null, "place": null, "contributors": null, "is_quote_status": false, "retweet_count": 1, "favorite_count": 2, "favorited": false, "retweeted": false, "possibly_sensitive": false, "possibly_sensitive_appealable": false, "lang": "und", "reply_count": 1}