{"created_at": "Sun May 31 11:06:28 +0000 2020", "id": 1267049802216296448, "id_str": "1267049802216296448", "full_text": "@StiffyTrader @_bekahoh @jexterslabb @foxwoundband I have literally never seen a child terrorist on Palestine or Israel\u2019s side but go ahead and spew your lies", "truncated": false, "display_text_range": [51, 158], "entities": {"hashtags": [], "symbols": [], "user_mentions": [{"screen_name": "StiffyTrader", "name": "John Stiffy", "id": 732615084296556544, "id_str": "732615084296556544", "indices": [0, 13]}, {"screen_name": "_bekahoh", "name": "Bekah", "id": 2758743549, "id_str": "2758743549", "indices": [14, 23]}, {"screen_name": "foxwoundband", "name": "Fox Wound", "id": 3253132793, "id_str": "3253132793", "indices": [37, 50]}], "urls": []}, "source": "<a href=\"http://twitter.com/download/iphone\" rel=\"nofollow\">Twitter for iPhone</a>", "in_reply_to_status_id": 1266756044417650688, "in_reply_to_status_id_str": "1266756044417650688", "in_reply_to_user_id": 732615084296556544, "in_reply_to_user_id_str": "732615084296556544", "in_reply_to_screen_name": "StiffyTrader", "user": {"id": 1245423642281795585, "id_str": "1245423642281795585", "name": "freshbamya", "screen_name": "chillthalaja", "location": "", "description": "wA3Wa3wahwaA3waa LIPSTICK, in my Valentino white bag?! #saveyemen", "url": null, "entities": {"description": {"urls": []}}, "protected": false, "followers_count": 93, "friends_count": 101, "listed_count": 0, "created_at": "Wed Apr 01 18:52:17 +0000 2020", "favourites_count": 6167, "utc_offset": null, "time_zone": null, "geo_enabled": false, "verified": false, "statuses_count": 3101, "lang": null, "contributors_enabled": false, "is_translator": false, "is_translation_enabled": false, "profile_background_color": "F5F8FA", "profile_background_image_url": null, "profile_background_image_url_https": null, "profile_background_tile": false, "profile_image_url": "http://pbs.twimg.com/profile_images/1272617628079513600/X2rgV_BQ_normal.jpg", "profile_image_url_https": "https://pbs.twimg.com/profile_images/1272617628079513600/X2rgV_BQ_normal.jpg", "profile_banner_url": "https://pbs.twimg.com/profile_banners/1245423642281795585/1588232745", "profile_link_color": "1DA1F2", "profile_sidebar_border_color": "C0DEED", "profile_sidebar_fill_color": "DDEEF6", "profile_text_color": "333333", "profile_use_background_image": true, "has_extended_profile": false, "default_profile": true, "default_profile_image": false, "following": false, "follow_request_sent": false, "notifications": false, "translator_type": "none"}, "geo": null, "coordinates": null, "place": null, "contributors": null, "is_quote_status": false, "retweet_count": 0, "favorite_count": 0, "favorited": false, "retweeted": false, "lang": "en", "reply_count": 0}