{"created_at": "Tue Jun 02 17:40:53 +0000 2020", "id": 1267873836747415552, "id_str": "1267873836747415552", "full_text": "@Tha_Prince_Ali @pinkpastelles @lostmidwestern @foxwoundband You don't think maybe there should be a height requirement for riot control regardless of gender?", "truncated": false, "display_text_range": [61, 158], "entities": {"hashtags": [], "symbols": [], "user_mentions": [{"screen_name": "Tha_Prince_Ali", "name": "\ud83c\uddea\ud83c\uddf9Street Rat\ud83c\uddfa\ud83c\uddf8", "id": 771781570164322304, "id_str": "771781570164322304", "indices": [0, 15]}, {"screen_name": "pinkpastelles", "name": "\ud835\udd64\ud835\udd52\ud835\udd63\ud835\udd52 \ud835\udd5d\ud835\udd60\ud835\udd54\ud835\udd5c\ud835\udd5d\ud835\udd56\ud835\udd52\ud835\udd63 \ud83c\udf80\ud83d\udc96\ud83d\udc31\ud83c\udf6d", "id": 1197100240278441984, "id_str": "1197100240278441984", "indices": [16, 30]}, {"screen_name": "lostmidwestern", "name": "Jake Marx", "id": 216177450, "id_str": "216177450", "indices": [31, 46]}, {"screen_name": "foxwoundband", "name": "Fox Wound", "id": 3253132793, "id_str": "3253132793", "indices": [47, 60]}], "urls": []}, "source": "<a href=\"http://twitter.com/download/android\" rel=\"nofollow\">Twitter for Android</a>", "in_reply_to_status_id": 1266827099228307459, "in_reply_to_status_id_str": "1266827099228307459", "in_reply_to_user_id": 771781570164322304, "in_reply_to_user_id_str": "771781570164322304", "in_reply_to_screen_name": "Tha_Prince_Ali", "user": {"id": 2152348763, "id_str": "2152348763", "name": "Mark Benson", "screen_name": "InventAnxiety", "location": "", "description": "", "url": null, "entities": {"description": {"urls": []}}, "protected": false, "followers_count": 73, "friends_count": 69, "listed_count": 0, "created_at": "Fri Oct 25 09:29:50 +0000 2013", "favourites_count": 12239, "utc_offset": null, "time_zone": null, "geo_enabled": false, "verified": false, "statuses_count": 14759, "lang": null, "contributors_enabled": false, "is_translator": false, "is_translation_enabled": false, "profile_background_color": "C0DEED", "profile_background_image_url": "http://abs.twimg.com/images/themes/theme1/bg.png", "profile_background_image_url_https": "https://abs.twimg.com/images/themes/theme1/bg.png", "profile_background_tile": false, "profile_image_url": "http://pbs.twimg.com/profile_images/1256091183211843584/39Y6X6BF_normal.jpg", "profile_image_url_https": "https://pbs.twimg.com/profile_images/1256091183211843584/39Y6X6BF_normal.jpg", "profile_banner_url": "https://pbs.twimg.com/profile_banners/2152348763/1559652186", "profile_link_color": "1DA1F2", "profile_sidebar_border_color": "C0DEED", "profile_sidebar_fill_color": "DDEEF6", "profile_text_color": "333333", "profile_use_background_image": true, "has_extended_profile": true, "default_profile": true, "default_profile_image": false, "following": false, "follow_request_sent": false, "notifications": false, "translator_type": "none"}, "geo": null, "coordinates": null, "place": null, "contributors": null, "is_quote_status": false, "retweet_count": 0, "favorite_count": 0, "favorited": false, "retweeted": false, "lang": "en", "reply_count": 0}