{"created_at": "Mon Jun 01 03:23:37 +0000 2020", "id": 1267295713064517632, "id_str": "1267295713064517632", "full_text": "@foxwoundband We are brothers\nWe are family\n\nBani Adam are members of one body\nThey are a gem in creation\nIf an organ hurts, it's time\nThere is no peace for the other members of this body\n\n\u0627\u06cc\u0646 \u0627\u0639\u062a\u0642\u0627\u062f \u0645\u0627 \u0645\u0633\u0644\u0645\u0627\u0646\u0627\u0646 \u0627\u0633\u062aThis is our belief, Muslims", "truncated": false, "display_text_range": [14, 242], "entities": {"hashtags": [], "symbols": [], "user_mentions": [{"screen_name": "foxwoundband", "name": "Fox Wound", "id": 3253132793, "id_str": "3253132793", "indices": [0, 13]}], "urls": []}, "source": "<a href=\"http://twitter.com/download/android\" rel=\"nofollow\">Twitter for Android</a>", "in_reply_to_status_id": 1266732674204516357, "in_reply_to_status_id_str": "1266732674204516357", "in_reply_to_user_id": 3253132793, "in_reply_to_user_id_str": "3253132793", "in_reply_to_screen_name": "foxwoundband", "user": {"id": 1220376494867959810, "id_str": "1220376494867959810", "name": "\u0645\u062d\u0645\u062f \u062f\u0650\u0647\u06af\u0650\u0644\u2744", "screen_name": "dehgel_adib72", "location": "", "description": "\u200f\u200f\u200f\u200f\u200f\u200f\u200f\u200f\u200f\u200f\u200f\u200f\u200f\u200f\u200f\u06a9\u0627\u0631\u0634\u0646\u0627\u0633 \u0639\u0645\u0631\u0627\u0646\n\u0639\u0644\u0627\u0642\u0647 \u0645\u0646\u062f \u0628\u0647 \u0639\u0644\u0648\u0645 \u0633\u06cc\u0627\u0633\u06cc \u0648 \u0631\u0648\u0627\u0646\u0634\u0646\u0627\u0633\u06cc/\n\u0628\u0686\u0647 \u06cc \u0622\u0641\u062a\u0627\u0628 \u0648 \u062f\u0631\u06cc\u0627\u060c\u0644\u06cc\u0645\u0648 \u0648 \u062e\u0631\u0645\u0627/\n\u067e\u0633\u0631\u06cc \u0627\u0632 \u062f\u06cc\u0627\u0631 \u0628\u0647\u0634\u062a \u062c\u0646\u0648\u0628\n(\u0641\u0627\u0644\u0648=\u0641\u0627\u0644\u0648 \u0628\u06a9 \u0622\u0646\u06cc)", "url": null, "entities": {"description": {"urls": []}}, "protected": false, "followers_count": 482, "friends_count": 574, "listed_count": 0, "created_at": "Thu Jan 23 16:05:43 +0000 2020", "favourites_count": 1499, "utc_offset": null, "time_zone": null, "geo_enabled": false, "verified": false, "statuses_count": 995, "lang": null, "contributors_enabled": false, "is_translator": false, "is_translation_enabled": false, "profile_background_color": "F5F8FA", "profile_background_image_url": null, "profile_background_image_url_https": null, "profile_background_tile": false, "profile_image_url": "http://pbs.twimg.com/profile_images/1249632921910157313/p3d_30aI_normal.jpg", "profile_image_url_https": "https://pbs.twimg.com/profile_images/1249632921910157313/p3d_30aI_normal.jpg", "profile_banner_url": "https://pbs.twimg.com/profile_banners/1220376494867959810/1585953884", "profile_link_color": "1DA1F2", "profile_sidebar_border_color": "C0DEED", "profile_sidebar_fill_color": "DDEEF6", "profile_text_color": "333333", "profile_use_background_image": true, "has_extended_profile": true, "default_profile": true, "default_profile_image": false, "following": false, "follow_request_sent": false, "notifications": false, "translator_type": "none"}, "geo": null, "coordinates": null, "place": null, "contributors": null, "is_quote_status": false, "retweet_count": 0, "favorite_count": 0, "favorited": false, "retweeted": false, "lang": "und", "reply_count": 0}