{"created_at": "Sun May 31 20:15:06 +0000 2020", "id": 1267187873310277633, "id_str": "1267187873310277633", "full_text": "@player3400900 @foxwoundband I\u2019d like to see some proof that the soldier is under 18 and not just short.  I\u2019ll wait.", "truncated": false, "display_text_range": [29, 116], "entities": {"hashtags": [], "symbols": [], "user_mentions": [{"screen_name": "player3400900", "name": "bruce", "id": 1017133498291904512, "id_str": "1017133498291904512", "indices": [0, 14]}, {"screen_name": "foxwoundband", "name": "Fox Wound", "id": 3253132793, "id_str": "3253132793", "indices": [15, 28]}], "urls": []}, "source": "<a href=\"http://twitter.com/download/iphone\" rel=\"nofollow\">Twitter for iPhone</a>", "in_reply_to_status_id": 1266624837319090177, "in_reply_to_status_id_str": "1266624837319090177", "in_reply_to_user_id": 1017133498291904512, "in_reply_to_user_id_str": "1017133498291904512", "in_reply_to_screen_name": "player3400900", "user": {"id": 980925273934884866, "id_str": "980925273934884866", "name": "Task Force CJ Actual", "screen_name": "CJ_usawtfm", "location": "Midgar Sector 5 Slums", "description": "Your Favorite @thewtfnation Senior Admin & Twitter OIC. fuck off racists. Stan of U.S. Grant, Queso, & Aerith. Personal views not official views of usawtfm/DoD", "url": "https://t.co/vk6s5XUXzx", "entities": {"url": {"urls": [{"url": "https://t.co/vk6s5XUXzx", "expanded_url": "http://nottodayisis.com", "display_url": "nottodayisis.com", "indices": [0, 23]}]}, "description": {"urls": []}}, "protected": false, "followers_count": 1959, "friends_count": 532, "listed_count": 19, "created_at": "Mon Apr 02 21:49:44 +0000 2018", "favourites_count": 27147, "utc_offset": null, "time_zone": null, "geo_enabled": false, "verified": false, "statuses_count": 13264, "lang": null, "contributors_enabled": false, "is_translator": false, "is_translation_enabled": false, "profile_background_color": "F5F8FA", "profile_background_image_url": null, "profile_background_image_url_https": null, "profile_background_tile": false, "profile_image_url": "http://pbs.twimg.com/profile_images/1262545888225955840/_c6Ubbhy_normal.jpg", "profile_image_url_https": "https://pbs.twimg.com/profile_images/1262545888225955840/_c6Ubbhy_normal.jpg", "profile_banner_url": "https://pbs.twimg.com/profile_banners/980925273934884866/1586321375", "profile_link_color": "1DA1F2", "profile_sidebar_border_color": "C0DEED", "profile_sidebar_fill_color": "DDEEF6", "profile_text_color": "333333", "profile_use_background_image": true, "has_extended_profile": false, "default_profile": true, "default_profile_image": false, "following": false, "follow_request_sent": false, "notifications": false, "translator_type": "none"}, "geo": null, "coordinates": null, "place": null, "contributors": null, "is_quote_status": false, "retweet_count": 0, "favorite_count": 0, "favorited": false, "retweeted": false, "lang": "en", "reply_count": 0}