{"created_at": "Sun May 31 20:45:16 +0000 2020", "id": 1267195463561814021, "id_str": "1267195463561814021", "full_text": "@omgitsktt @ashleyguinn_ @angel_felixv @foxwoundband racism against white people doesn't exist", "truncated": false, "display_text_range": [53, 94], "entities": {"hashtags": [], "symbols": [], "user_mentions": [{"screen_name": "omgitsktt", "name": "yikes", "id": 713174921619382273, "id_str": "713174921619382273", "indices": [0, 10]}, {"screen_name": "ashleyguinn_", "name": "hanigirl", "id": 4302831677, "id_str": "4302831677", "indices": [11, 24]}, {"screen_name": "angel_felixv", "name": "No Justice, No Peace. \ud83c\udf39\ud83e\uddba", "id": 2323154035, "id_str": "2323154035", "indices": [25, 38]}, {"screen_name": "foxwoundband", "name": "Fox Wound", "id": 3253132793, "id_str": "3253132793", "indices": [39, 52]}], "urls": []}, "source": "<a href=\"http://twitter.com/download/android\" rel=\"nofollow\">Twitter for Android</a>", "in_reply_to_status_id": 1266947894566944768, "in_reply_to_status_id_str": "1266947894566944768", "in_reply_to_user_id": 713174921619382273, "in_reply_to_user_id_str": "713174921619382273", "in_reply_to_screen_name": "omgitsktt", "user": {"id": 1114941869681774593, "id_str": "1114941869681774593", "name": "Bandle", "screen_name": "BandleTough", "location": "Ontario, CA", "description": "23 | She/Her or They/Them | Fighting game novice, I play Tekken 7, Smash, and Granblue Vs.", "url": null, "entities": {"description": {"urls": []}}, "protected": false, "followers_count": 9, "friends_count": 173, "listed_count": 0, "created_at": "Sun Apr 07 17:23:51 +0000 2019", "favourites_count": 66, "utc_offset": null, "time_zone": null, "geo_enabled": false, "verified": false, "statuses_count": 58, "lang": null, "contributors_enabled": false, "is_translator": false, "is_translation_enabled": false, "profile_background_color": "000000", "profile_background_image_url": "http://abs.twimg.com/images/themes/theme1/bg.png", "profile_background_image_url_https": "https://abs.twimg.com/images/themes/theme1/bg.png", "profile_background_tile": false, "profile_image_url": "http://pbs.twimg.com/profile_images/1114941941454708737/Z2paBsRK_normal.png", "profile_image_url_https": "https://pbs.twimg.com/profile_images/1114941941454708737/Z2paBsRK_normal.png", "profile_link_color": "F58EA8", "profile_sidebar_border_color": "000000", "profile_sidebar_fill_color": "000000", "profile_text_color": "000000", "profile_use_background_image": false, "has_extended_profile": true, "default_profile": false, "default_profile_image": false, "following": false, "follow_request_sent": false, "notifications": false, "translator_type": "none"}, "geo": null, "coordinates": null, "place": null, "contributors": null, "is_quote_status": false, "retweet_count": 0, "favorite_count": 0, "favorited": false, "retweeted": false, "lang": "en", "reply_count": 4}