{"created_at": "Tue Jun 02 12:39:20 +0000 2020", "id": 1267797949838430217, "id_str": "1267797949838430217", "full_text": "@angel_felixv @foxwoundband https://t.co/4eszYGsBlW why are you gonna lye.", "truncated": false, "display_text_range": [28, 74], "entities": {"hashtags": [], "symbols": [], "user_mentions": [{"screen_name": "angel_felixv", "name": "No Justice, No Peace. \ud83c\udf39\ud83e\uddba", "id": 2323154035, "id_str": "2323154035", "indices": [0, 13]}, {"screen_name": "foxwoundband", "name": "Fox Wound", "id": 3253132793, "id_str": "3253132793", "indices": [14, 27]}], "urls": [{"url": "https://t.co/4eszYGsBlW", "expanded_url": "https://www.snopes.com/fact-check/atlanta-child-militia/", "display_url": "snopes.com/fact-check/atl\u2026", "indices": [28, 51]}]}, "source": "<a href=\"http://twitter.com/download/iphone\" rel=\"nofollow\">Twitter for iPhone</a>", "in_reply_to_status_id": 1266619406278410241, "in_reply_to_status_id_str": "1266619406278410241", "in_reply_to_user_id": 2323154035, "in_reply_to_user_id_str": "2323154035", "in_reply_to_screen_name": "angel_felixv", "user": {"id": 1658635555, "id_str": "1658635555", "name": "Dreamworks all day.", "screen_name": "Get2Achievement", "location": "Fort Worth, TX", "description": "19 year old gamer boy. #PS4 #Minecraft #SWBF2 Dreamworks fan boy.", "url": null, "entities": {"description": {"urls": []}}, "protected": false, "followers_count": 17, "friends_count": 415, "listed_count": 0, "created_at": "Fri Aug 09 21:04:34 +0000 2013", "favourites_count": 3558, "utc_offset": null, "time_zone": null, "geo_enabled": false, "verified": false, "statuses_count": 2324, "lang": null, "contributors_enabled": false, "is_translator": false, "is_translation_enabled": false, "profile_background_color": "C0DEED", "profile_background_image_url": "http://abs.twimg.com/images/themes/theme1/bg.png", "profile_background_image_url_https": "https://abs.twimg.com/images/themes/theme1/bg.png", "profile_background_tile": false, "profile_image_url": "http://pbs.twimg.com/profile_images/1267286571893559297/ddef6wMA_normal.jpg", "profile_image_url_https": "https://pbs.twimg.com/profile_images/1267286571893559297/ddef6wMA_normal.jpg", "profile_banner_url": "https://pbs.twimg.com/profile_banners/1658635555/1583928870", "profile_link_color": "1DA1F2", "profile_sidebar_border_color": "C0DEED", "profile_sidebar_fill_color": "DDEEF6", "profile_text_color": "333333", "profile_use_background_image": true, "has_extended_profile": true, "default_profile": true, "default_profile_image": false, "following": false, "follow_request_sent": false, "notifications": false, "translator_type": "none"}, "geo": null, "coordinates": null, "place": null, "contributors": null, "is_quote_status": false, "retweet_count": 0, "favorite_count": 0, "favorited": false, "retweeted": false, "possibly_sensitive": false, "possibly_sensitive_appealable": false, "lang": "en", "reply_count": 0}