{"created_at": "Tue Jun 02 10:24:09 +0000 2020", "id": 1267763928316215296, "id_str": "1267763928316215296", "full_text": "@UnconLeprec @StartingNow2020 @tynate1 @foxwoundband @killmeslime The inception level of how stupid is to generalize, is that one of my friends is a white loving father of a black kid, and his son wants to be....a cop. \n\nThis shows how these stereotypes are pointless, although I understand they come from rage. BLIND rage. (1/2)", "truncated": false, "display_text_range": [66, 329], "entities": {"hashtags": [], "symbols": [], "user_mentions": [{"screen_name": "UnconLeprec", "name": "Unconventional Leprechaun", "id": 1264449874029879296, "id_str": "1264449874029879296", "indices": [0, 12]}, {"screen_name": "StartingNow2020", "name": "I\u2019M A WINNER, I\u2019M VOTING BLUE!", "id": 154112893, "id_str": "154112893", "indices": [13, 29]}, {"screen_name": "tynate1", "name": "Flphonton 1", "id": 2583344674, "id_str": "2583344674", "indices": [30, 38]}, {"screen_name": "foxwoundband", "name": "Fox Wound", "id": 3253132793, "id_str": "3253132793", "indices": [39, 52]}, {"screen_name": "killmeslime", "name": "slime", "id": 4836335414, "id_str": "4836335414", "indices": [53, 65]}], "urls": []}, "source": "<a href=\"https://mobile.twitter.com\" rel=\"nofollow\">Twitter Web App</a>", "in_reply_to_status_id": 1267221762250506243, "in_reply_to_status_id_str": "1267221762250506243", "in_reply_to_user_id": 1264449874029879296, "in_reply_to_user_id_str": "1264449874029879296", "in_reply_to_screen_name": "UnconLeprec", "user": {"id": 713371464016203776, "id_str": "713371464016203776", "name": "LeatherBigWolf", "screen_name": "LeatherBigWolf", "location": "Italia", "description": "Old Guard Leatherman. This is an X RATED Account. 18+ only. Love me or Hate me, I walk my Talk with Integrity. Homophobes are pussies \ud83d\ude18", "url": "https://t.co/HIqcELnJbL", "entities": {"url": {"urls": [{"url": "https://t.co/HIqcELnJbL", "expanded_url": "http://www.justfor.fans/LeatherBigWolf", "display_url": "justfor.fans/LeatherBigWolf", "indices": [0, 23]}]}, "description": {"urls": []}}, "protected": false, "followers_count": 11601, "friends_count": 796, "listed_count": 53, "created_at": "Fri Mar 25 14:26:25 +0000 2016", "favourites_count": 18130, "utc_offset": null, "time_zone": null, "geo_enabled": true, "verified": false, "statuses_count": 12313, "lang": null, "contributors_enabled": false, "is_translator": false, "is_translation_enabled": false, "profile_background_color": "000000", "profile_background_image_url": "http://abs.twimg.com/images/themes/theme1/bg.png", "profile_background_image_url_https": "https://abs.twimg.com/images/themes/theme1/bg.png", "profile_background_tile": false, "profile_image_url": "http://pbs.twimg.com/profile_images/1098203783388168193/k6IAZDRi_normal.jpg", "profile_image_url_https": "https://pbs.twimg.com/profile_images/1098203783388168193/k6IAZDRi_normal.jpg", "profile_banner_url": "https://pbs.twimg.com/profile_banners/713371464016203776/1584476437", "profile_link_color": "111111", "profile_sidebar_border_color": "000000", "profile_sidebar_fill_color": "000000", "profile_text_color": "000000", "profile_use_background_image": false, "has_extended_profile": true, "default_profile": false, "default_profile_image": false, "following": false, "follow_request_sent": false, "notifications": false, "translator_type": "none"}, "geo": null, "coordinates": null, "place": null, "contributors": null, "is_quote_status": false, "retweet_count": 0, "favorite_count": 1, "favorited": false, "retweeted": false, "lang": "en", "reply_count": 1}