{"created_at": "Sun May 31 07:56:15 +0000 2020", "id": 1267001932586967040, "id_str": "1267001932586967040", "full_text": "@DenicioDelToro @foxwoundband @MalcolmNance Scary times.", "truncated": false, "display_text_range": [44, 56], "entities": {"hashtags": [], "symbols": [], "user_mentions": [{"screen_name": "DenicioDelToro", "name": "Denicio DelToro", "id": 87966554, "id_str": "87966554", "indices": [0, 15]}, {"screen_name": "foxwoundband", "name": "Fox Wound", "id": 3253132793, "id_str": "3253132793", "indices": [16, 29]}, {"screen_name": "MalcolmNance", "name": "Malcolm Nance", "id": 2573480784, "id_str": "2573480784", "indices": [30, 43]}], "urls": []}, "source": "<a href=\"http://twitter.com/#!/download/ipad\" rel=\"nofollow\">Twitter for iPad</a>", "in_reply_to_status_id": 1266732082245533697, "in_reply_to_status_id_str": "1266732082245533697", "in_reply_to_user_id": 87966554, "in_reply_to_user_id_str": "87966554", "in_reply_to_screen_name": "DenicioDelToro", "user": {"id": 1159163581486784514, "id_str": "1159163581486784514", "name": "\ud83c\udf38Sophee\ud83d\udc97Fleur\ud83c\udf3c", "screen_name": "SopheeFleur", "location": "Paris, France", "description": "\ud83c\uddfa\ud83c\uddf8 LOVE\ud83d\udc69\u200d\u2764\ufe0f\u200d\ud83d\udc68real love. \ud83c\uddeb\ud83c\uddf7TRUTH\ud83d\uddfdunhidden truth.\ud83c\udf1e", "url": null, "entities": {"description": {"urls": []}}, "protected": false, "followers_count": 174, "friends_count": 361, "listed_count": 0, "created_at": "Wed Aug 07 18:05:08 +0000 2019", "favourites_count": 945, "utc_offset": null, "time_zone": null, "geo_enabled": false, "verified": false, "statuses_count": 875, "lang": null, "contributors_enabled": false, "is_translator": false, "is_translation_enabled": false, "profile_background_color": "F5F8FA", "profile_background_image_url": null, "profile_background_image_url_https": null, "profile_background_tile": false, "profile_image_url": "http://pbs.twimg.com/profile_images/1252018585192394753/Tt-CMxeV_normal.jpg", "profile_image_url_https": "https://pbs.twimg.com/profile_images/1252018585192394753/Tt-CMxeV_normal.jpg", "profile_banner_url": "https://pbs.twimg.com/profile_banners/1159163581486784514/1588374312", "profile_link_color": "1DA1F2", "profile_sidebar_border_color": "C0DEED", "profile_sidebar_fill_color": "DDEEF6", "profile_text_color": "333333", "profile_use_background_image": true, "has_extended_profile": true, "default_profile": true, "default_profile_image": false, "following": false, "follow_request_sent": false, "notifications": false, "translator_type": "none"}, "geo": null, "coordinates": null, "place": null, "contributors": null, "is_quote_status": false, "retweet_count": 0, "favorite_count": 0, "favorited": false, "retweeted": false, "lang": "en", "reply_count": 0}