{"created_at": "Wed Jun 03 08:00:20 +0000 2020", "id": 1268090125474394112, "id_str": "1268090125474394112", "full_text": "@foxwoundband Absolutely donate to https://t.co/bOXVv9H5DM @PBFi murdered by rioters #BlackLivesMatter https://t.co/k4QWpnOsVo", "truncated": false, "display_text_range": [14, 102], "entities": {"hashtags": [{"text": "BlackLivesMatter", "indices": [85, 102]}], "symbols": [], "user_mentions": [{"screen_name": "foxwoundband", "name": "Fox Wound", "id": 3253132793, "id_str": "3253132793", "indices": [0, 13]}, {"screen_name": "PBFi", "name": "PBF", "id": 57645384, "id_str": "57645384", "indices": [59, 64]}], "urls": [{"url": "https://t.co/bOXVv9H5DM", "expanded_url": "http://www.pbfi.org/fallen-officer-funds/", "display_url": "pbfi.org/fallen-officer\u2026", "indices": [35, 58]}], "media": [{"id": 1268090122089590786, "id_str": "1268090122089590786", "indices": [103, 126], "media_url": "http://pbs.twimg.com/media/EZkpP1ZU8AI5AQE.jpg", "media_url_https": "https://pbs.twimg.com/media/EZkpP1ZU8AI5AQE.jpg", "url": "https://t.co/k4QWpnOsVo", "display_url": "pic.twitter.com/k4QWpnOsVo", "expanded_url": "https://twitter.com/H2oBoyBoucher/status/1268090125474394112/photo/1", "type": "photo", "sizes": {"thumb": {"w": 150, "h": 150, "resize": "crop"}, "large": {"w": 1068, "h": 803, "resize": "fit"}, "small": {"w": 680, "h": 511, "resize": "fit"}, "medium": {"w": 1068, "h": 803, "resize": "fit"}}}]}, "extended_entities": {"media": [{"id": 1268090122089590786, "id_str": "1268090122089590786", "indices": [103, 126], "media_url": "http://pbs.twimg.com/media/EZkpP1ZU8AI5AQE.jpg", "media_url_https": "https://pbs.twimg.com/media/EZkpP1ZU8AI5AQE.jpg", "url": "https://t.co/k4QWpnOsVo", "display_url": "pic.twitter.com/k4QWpnOsVo", "expanded_url": "https://twitter.com/H2oBoyBoucher/status/1268090125474394112/photo/1", "type": "photo", "sizes": {"thumb": {"w": 150, "h": 150, "resize": "crop"}, "large": {"w": 1068, "h": 803, "resize": "fit"}, "small": {"w": 680, "h": 511, "resize": "fit"}, "medium": {"w": 1068, "h": 803, "resize": "fit"}}}]}, "source": "<a href=\"http://twitter.com/download/android\" rel=\"nofollow\">Twitter for Android</a>", "in_reply_to_status_id": 1266732674204516357, "in_reply_to_status_id_str": "1266732674204516357", "in_reply_to_user_id": 3253132793, "in_reply_to_user_id_str": "3253132793", "in_reply_to_screen_name": "foxwoundband", "user": {"id": 345030477, "id_str": "345030477", "name": "Bobby", "screen_name": "H2oBoyBoucher", "location": "Bayou", "description": "I constructively troll when warranted, Muddawg and lover of high quality H2o, finance & markets. Blocked by @Zerohedge $TSLAQ for exposing poor analysis", "url": null, "entities": {"description": {"urls": []}}, "protected": false, "followers_count": 379, "friends_count": 2962, "listed_count": 14, "created_at": "Fri Jul 29 23:39:08 +0000 2011", "favourites_count": 8584, "utc_offset": null, "time_zone": null, "geo_enabled": true, "verified": false, "statuses_count": 12014, "lang": null, "contributors_enabled": false, "is_translator": false, "is_translation_enabled": false, "profile_background_color": "F5F8FA", "profile_background_image_url": "http://abs.twimg.com/images/themes/theme1/bg.png", "profile_background_image_url_https": "https://abs.twimg.com/images/themes/theme1/bg.png", "profile_background_tile": false, "profile_image_url": "http://pbs.twimg.com/profile_images/1497451777/BobbyBoucher_normal.jpg", "profile_image_url_https": "https://pbs.twimg.com/profile_images/1497451777/BobbyBoucher_normal.jpg", "profile_link_color": "FCFEFF", "profile_sidebar_border_color": "FFFFFF", "profile_sidebar_fill_color": "DDEEF6", "profile_text_color": "333333", "profile_use_background_image": true, "has_extended_profile": false, "default_profile": false, "default_profile_image": false, "following": false, "follow_request_sent": false, "notifications": false, "translator_type": "none"}, "geo": null, "coordinates": null, "place": null, "contributors": null, "is_quote_status": false, "retweet_count": 0, "favorite_count": 0, "favorited": false, "retweeted": false, "possibly_sensitive": false, "possibly_sensitive_appealable": false, "lang": "en", "reply_count": 0}