{"created_at": "Sat Jun 13 16:09:08 +0000 2020", "id": 1271837015634567170, "id_str": "1271837015634567170", "full_text": "@angel_felixv @foxwoundband Um it worked y\u2019all lost it", "truncated": false, "display_text_range": [28, 54], "entities": {"hashtags": [], "symbols": [], "user_mentions": [{"screen_name": "angel_felixv", "name": "No Justice, No Peace. \ud83c\udf39\ud83e\uddba", "id": 2323154035, "id_str": "2323154035", "indices": [0, 13]}, {"screen_name": "foxwoundband", "name": "Fox Wound", "id": 3253132793, "id_str": "3253132793", "indices": [14, 27]}], "urls": []}, "source": "<a href=\"http://twitter.com/download/iphone\" rel=\"nofollow\">Twitter for iPhone</a>", "in_reply_to_status_id": 1266619406278410241, "in_reply_to_status_id_str": "1266619406278410241", "in_reply_to_user_id": 2323154035, "in_reply_to_user_id_str": "2323154035", "in_reply_to_screen_name": "angel_felixv", "user": {"id": 1251542064455659526, "id_str": "1251542064455659526", "name": "tha Trolley Niqqa", "screen_name": "zeesadomuzgoofy", "location": "Houston, TX", "description": "Semi Woke, Highly aggravating \ud83e\udd88 Ur aunties fav side nigga\ud83d\udd25 Temper on Jordan #dom #bayarea #problack #alphasubsdream #houston #dykeshit", "url": null, "entities": {"description": {"urls": []}}, "protected": false, "followers_count": 485, "friends_count": 833, "listed_count": 0, "created_at": "Sat Apr 18 16:04:32 +0000 2020", "favourites_count": 3872, "utc_offset": null, "time_zone": null, "geo_enabled": true, "verified": false, "statuses_count": 2227, "lang": null, "contributors_enabled": false, "is_translator": false, "is_translation_enabled": false, "profile_background_color": "F5F8FA", "profile_background_image_url": null, "profile_background_image_url_https": null, "profile_background_tile": false, "profile_image_url": "http://pbs.twimg.com/profile_images/1265445696590798848/DZ3mWlav_normal.jpg", "profile_image_url_https": "https://pbs.twimg.com/profile_images/1265445696590798848/DZ3mWlav_normal.jpg", "profile_banner_url": "https://pbs.twimg.com/profile_banners/1251542064455659526/1590912853", "profile_link_color": "1DA1F2", "profile_sidebar_border_color": "C0DEED", "profile_sidebar_fill_color": "DDEEF6", "profile_text_color": "333333", "profile_use_background_image": true, "has_extended_profile": true, "default_profile": true, "default_profile_image": false, "following": false, "follow_request_sent": false, "notifications": false, "translator_type": "none"}, "geo": null, "coordinates": null, "place": null, "contributors": null, "is_quote_status": false, "retweet_count": 0, "favorite_count": 0, "favorited": false, "retweeted": false, "lang": "en", "reply_count": 0}