{"created_at": "Fri Oct 12 19:38:07 +0000 2018", "id": 1050833008276586496, "id_str": "1050833008276586496", "full_text": "Susan B. Anthony being beaten and arrested for trying to Vote. Remember to vote. Women and men died and suffered for your right to vote in America. \n\n#VoteNovember6th #Vote #Resist #MeToo #CountryOverParty #SpeakTruthToPower https://t.co/b631xZ1mLy", "truncated": false, "display_text_range": [0, 224], "entities": {"hashtags": [{"text": "VoteNovember6th", "indices": [150, 166]}, {"text": "Vote", "indices": [167, 172]}, {"text": "Resist", "indices": [173, 180]}, {"text": "MeToo", "indices": [181, 187]}, {"text": "CountryOverParty", "indices": [188, 205]}, {"text": "SpeakTruthToPower", "indices": [206, 224]}], "symbols": [], "user_mentions": [], "urls": [], "media": [{"id": 1050832610606211072, "id_str": "1050832610606211072", "indices": [225, 248], "media_url": "http://pbs.twimg.com/media/DpVOsRmUYAA5isw.jpg", "media_url_https": "https://pbs.twimg.com/media/DpVOsRmUYAA5isw.jpg", "url": "https://t.co/b631xZ1mLy", "display_url": "pic.twitter.com/b631xZ1mLy", "expanded_url": "https://twitter.com/DrGJackBrown/status/1050833008276586496/photo/1", "type": "photo", "sizes": {"thumb": {"w": 150, "h": 150, "resize": "crop"}, "large": {"w": 830, "h": 1136, "resize": "fit"}, "medium": {"w": 830, "h": 1136, "resize": "fit"}, "small": {"w": 497, "h": 680, "resize": "fit"}}}]}, "extended_entities": {"media": [{"id": 1050832610606211072, "id_str": "1050832610606211072", "indices": [225, 248], "media_url": "http://pbs.twimg.com/media/DpVOsRmUYAA5isw.jpg", "media_url_https": "https://pbs.twimg.com/media/DpVOsRmUYAA5isw.jpg", "url": "https://t.co/b631xZ1mLy", "display_url": "pic.twitter.com/b631xZ1mLy", "expanded_url": "https://twitter.com/DrGJackBrown/status/1050833008276586496/photo/1", "type": "photo", "sizes": {"thumb": {"w": 150, "h": 150, "resize": "crop"}, "large": {"w": 830, "h": 1136, "resize": "fit"}, "medium": {"w": 830, "h": 1136, "resize": "fit"}, "small": {"w": 497, "h": 680, "resize": "fit"}}}]}, "source": "<a href=\"http://twitter.com\" rel=\"nofollow\">Twitter Web Client</a>", "in_reply_to_status_id": null, "in_reply_to_status_id_str": null, "in_reply_to_user_id": null, "in_reply_to_user_id_str": null, "in_reply_to_screen_name": null, "user": {"id": 212445456, "id_str": "212445456", "name": "Dr. Jack Brown", "screen_name": "DrGJackBrown", "location": "United States", "description": "Body Language & Emotional Intelligence Expert, Keynote Speaker, Physician, Lecturer, RT\u2260endorsement, he/him, #LGBTQIAally, #ClimateCrisis\nhttps://t.co/Y5YS950pNY", "url": "https://t.co/TeQet2QUUZ", "entities": {"url": {"urls": [{"url": "https://t.co/TeQet2QUUZ", "expanded_url": "http://www.BodyLanguageSuccess.com", "display_url": "BodyLanguageSuccess.com", "indices": [0, 23]}]}, "description": {"urls": [{"url": "https://t.co/Y5YS950pNY", "expanded_url": "http://BodyLanguageEQ.com", "display_url": "BodyLanguageEQ.com", "indices": [138, 161]}]}}, "protected": false, "followers_count": 84899, "friends_count": 12941, "listed_count": 438, "created_at": "Sat Nov 06 02:51:17 +0000 2010", "favourites_count": 82669, "utc_offset": null, "time_zone": null, "geo_enabled": true, "verified": false, "statuses_count": 50043, "lang": null, "contributors_enabled": false, "is_translator": false, "is_translation_enabled": false, "profile_background_color": "C0DEED", "profile_background_image_url": "http://abs.twimg.com/images/themes/theme1/bg.png", "profile_background_image_url_https": "https://abs.twimg.com/images/themes/theme1/bg.png", "profile_background_tile": false, "profile_image_url": "http://pbs.twimg.com/profile_images/2061505119/profile_pic_-_5_normal.jpg", "profile_image_url_https": "https://pbs.twimg.com/profile_images/2061505119/profile_pic_-_5_normal.jpg", "profile_banner_url": "https://pbs.twimg.com/profile_banners/212445456/1510348042", "profile_link_color": "1DA1F2", "profile_sidebar_border_color": "C0DEED", "profile_sidebar_fill_color": "DDEEF6", "profile_text_color": "333333", "profile_use_background_image": true, "has_extended_profile": false, "default_profile": true, "default_profile_image": false, "following": false, "follow_request_sent": false, "notifications": false, "translator_type": "none"}, "geo": null, "coordinates": null, "place": null, "contributors": null, "is_quote_status": false, "retweet_count": 278, "favorite_count": 363, "favorited": false, "retweeted": false, "possibly_sensitive": false, "possibly_sensitive_appealable": false, "lang": "en"}