{"created_at": "Mon Oct 21 06:40:33 +0000 2019", "id": 1186170387870212096, "id_str": "1186170387870212096", "full_text": "@aav1_ https://t.co/PNI46HoSOC", "truncated": false, "display_text_range": [7, 30], "entities": {"hashtags": [], "symbols": [], "user_mentions": [{"screen_name": "aav1_", "name": "Arlete Val\u00eancio", "id": 933275118, "id_str": "933275118", "indices": [0, 6]}], "urls": [{"url": "https://t.co/PNI46HoSOC", "expanded_url": "https://tleemusic504.com", "display_url": "tleemusic504.com", "indices": [7, 30]}]}, "source": "<a href=\"http://twitter.com/download/android\" rel=\"nofollow\">Twitter for Android</a>", "in_reply_to_status_id": 624683283826216961, "in_reply_to_status_id_str": "624683283826216961", "in_reply_to_user_id": 933275118, "in_reply_to_user_id_str": "933275118", "in_reply_to_screen_name": "aav1_", "user": {"id": 84913947, "id_str": "84913947", "name": "DesFly Entertainment", "screen_name": "DesFly", "location": "New Orleans, LA", "description": "@DesFly #TheFutureOfEntertainment #Follow @TLeeMusic504 DesFlyPaperBoyBooking@gmail.com", "url": "https://t.co/rKyTKTD2NC", "entities": {"url": {"urls": [{"url": "https://t.co/rKyTKTD2NC", "expanded_url": "https://www.tleemusic504.com/", "display_url": "tleemusic504.com", "indices": [0, 23]}]}, "description": {"urls": []}}, "protected": false, "followers_count": 2008, "friends_count": 1951, "listed_count": 106, "created_at": "Sat Oct 24 18:54:36 +0000 2009", "favourites_count": 1910, "utc_offset": null, "time_zone": null, "geo_enabled": false, "verified": false, "statuses_count": 26053, "lang": null, "contributors_enabled": false, "is_translator": false, "is_translation_enabled": false, "profile_background_color": "98A6AB", "profile_background_image_url": "http://abs.twimg.com/images/themes/theme1/bg.png", "profile_background_image_url_https": "https://abs.twimg.com/images/themes/theme1/bg.png", "profile_background_tile": false, "profile_image_url": "http://pbs.twimg.com/profile_images/1180524771324436488/KZgLdeEh_normal.jpg", "profile_image_url_https": "https://pbs.twimg.com/profile_images/1180524771324436488/KZgLdeEh_normal.jpg", "profile_banner_url": "https://pbs.twimg.com/profile_banners/84913947/1581959244", "profile_link_color": "1B95E0", "profile_sidebar_border_color": "000000", "profile_sidebar_fill_color": "C0DFEC", "profile_text_color": "0F0D0D", "profile_use_background_image": true, "has_extended_profile": false, "default_profile": false, "default_profile_image": false, "following": false, "follow_request_sent": false, "notifications": false, "translator_type": "regular"}, "geo": null, "coordinates": null, "place": null, "contributors": null, "is_quote_status": false, "retweet_count": 0, "favorite_count": 0, "favorited": false, "retweeted": false, "possibly_sensitive": false, "possibly_sensitive_appealable": false, "lang": "und", "reply_count": 0}