{"created_at": "Wed Jul 08 09:43:38 +0000 2015", "id": 618717065478828032, "id_str": "618717065478828032", "full_text": "@witchfind666 @Awesomeplctures Agreed", "truncated": false, "display_text_range": [0, 37], "entities": {"hashtags": [], "symbols": [], "user_mentions": [{"screen_name": "witchfind666", "name": "Morag", "id": 742707798081974272, "id_str": "742707798081974272", "indices": [0, 13]}], "urls": []}, "source": "<a href=\"http://twitter.com\" rel=\"nofollow\">Twitter Web Client</a>", "in_reply_to_status_id": null, "in_reply_to_status_id_str": null, "in_reply_to_user_id": null, "in_reply_to_user_id_str": null, "in_reply_to_screen_name": null, "user": {"id": 1059916411, "id_str": "1059916411", "name": "Dovahkiin", "screen_name": "ae_dovahkiin", "location": "", "description": "Viking Dovahkiin - Graphic Designer, Photographer, Martial Artist and Illustrator. Absolute complete Rocker and Nerd \ud83e\udd18\ud83c\udfb8", "url": null, "entities": {"description": {"urls": []}}, "protected": false, "followers_count": 185, "friends_count": 20, "listed_count": 15, "created_at": "Fri Jan 04 08:35:11 +0000 2013", "favourites_count": 6082, "utc_offset": null, "time_zone": null, "geo_enabled": true, "verified": false, "statuses_count": 7529, "lang": null, "contributors_enabled": false, "is_translator": false, "is_translation_enabled": false, "profile_background_color": "000000", "profile_background_image_url": "http://abs.twimg.com/images/themes/theme1/bg.png", "profile_background_image_url_https": "https://abs.twimg.com/images/themes/theme1/bg.png", "profile_background_tile": false, "profile_image_url": "http://pbs.twimg.com/profile_images/1081457815200452610/A77eadpf_normal.jpg", "profile_image_url_https": "https://pbs.twimg.com/profile_images/1081457815200452610/A77eadpf_normal.jpg", "profile_banner_url": "https://pbs.twimg.com/profile_banners/1059916411/1546674342", "profile_link_color": "7D0707", "profile_sidebar_border_color": "000000", "profile_sidebar_fill_color": "DDEEF6", "profile_text_color": "333333", "profile_use_background_image": true, "has_extended_profile": true, "default_profile": false, "default_profile_image": false, "following": false, "follow_request_sent": false, "notifications": false, "translator_type": "none"}, "geo": null, "coordinates": null, "place": null, "contributors": null, "is_quote_status": false, "retweet_count": 0, "favorite_count": 2, "favorited": false, "retweeted": false, "lang": "en", "reply_count": 0}