{"created_at": "Wed Jul 08 13:32:59 +0000 2015", "id": 618774783967105025, "id_str": "618774783967105025", "full_text": "\u201c@Awesomeplctures: Two-headed shark, this rare specimen was found near of the Florida Keys!!! Double trouble \ud83d\ude01\ud83d\ude31 http://t.co/qFia7mTqlp\u201d Wow\u2026", "truncated": false, "display_text_range": [0, 140], "entities": {"hashtags": [], "symbols": [], "user_mentions": [], "urls": [], "media": [{"id": 618713007149969408, "id_str": "618713007149969408", "indices": [112, 134], "media_url": "http://pbs.twimg.com/media/CJYcM7EWcAA8cSu.jpg", "media_url_https": "https://pbs.twimg.com/media/CJYcM7EWcAA8cSu.jpg", "url": "http://t.co/qFia7mTqlp", "display_url": "pic.twitter.com/qFia7mTqlp", "expanded_url": "https://twitter.com/Awesomeplctures/status/618713009763041280/photo/1", "type": "photo", "sizes": {"thumb": {"w": 150, "h": 150, "resize": "crop"}, "medium": {"w": 585, "h": 343, "resize": "fit"}, "large": {"w": 585, "h": 343, "resize": "fit"}, "small": {"w": 585, "h": 343, "resize": "fit"}}, "source_status_id": 618713009763041280, "source_status_id_str": "618713009763041280", "source_user_id": 746950860, "source_user_id_str": "746950860"}]}, "extended_entities": {"media": [{"id": 618713007149969408, "id_str": "618713007149969408", "indices": [112, 134], "media_url": "http://pbs.twimg.com/media/CJYcM7EWcAA8cSu.jpg", "media_url_https": "https://pbs.twimg.com/media/CJYcM7EWcAA8cSu.jpg", "url": "http://t.co/qFia7mTqlp", "display_url": "pic.twitter.com/qFia7mTqlp", "expanded_url": "https://twitter.com/Awesomeplctures/status/618713009763041280/photo/1", "type": "photo", "sizes": {"thumb": {"w": 150, "h": 150, "resize": "crop"}, "medium": {"w": 585, "h": 343, "resize": "fit"}, "large": {"w": 585, "h": 343, "resize": "fit"}, "small": {"w": 585, "h": 343, "resize": "fit"}}, "source_status_id": 618713009763041280, "source_status_id_str": "618713009763041280", "source_user_id": 746950860, "source_user_id_str": "746950860"}]}, "source": "<a href=\"http://twitter.com/#!/download/ipad\" rel=\"nofollow\">Twitter for iPad</a>", "in_reply_to_status_id": 618713009763041280, "in_reply_to_status_id_str": "618713009763041280", "in_reply_to_user_id": 746950860, "in_reply_to_user_id_str": "746950860", "in_reply_to_screen_name": "Awesome_planet_", "user": {"id": 2248095318, "id_str": "2248095318", "name": "Retweeter", "screen_name": "MGL_RETWEET", "location": "", "description": "\u0416\u0438\u0440\u0433\u044d\u044d\u0433\u044d\u044d \u0440\u0442 \u0445\u0438\u0439\u043b\u0433\u044d\u043c\u044d\u044d\u0440 \u0431\u0430\u0439\u0432\u0430\u043b \u043d\u0430\u043c\u0430\u0439\u0433 \u0431\u0430\u0433\u0442\u0430\u0430\u0433\u0430\u0430\u0434 \u043c\u044d\u043d\u0448\u0438\u043e\u043d \u0445\u0438\u0439. \u042f\u043c\u0430\u0440 \u0447 \u0436\u0438\u0440\u0433\u044d\u044d\u0433 \u043d\u044c \u0440\u0442 \u0445\u0438\u0439\u0436 \u04e9\u0433\u043d\u04e9.", "url": null, "entities": {"description": {"urls": []}}, "protected": false, "followers_count": 3270, "friends_count": 2173, "listed_count": 0, "created_at": "Mon Dec 16 03:15:48 +0000 2013", "favourites_count": 23601, "utc_offset": null, "time_zone": null, "geo_enabled": false, "verified": false, "statuses_count": 22000, "lang": null, "contributors_enabled": false, "is_translator": false, "is_translation_enabled": false, "profile_background_color": "C0DEED", "profile_background_image_url": "http://abs.twimg.com/images/themes/theme1/bg.png", "profile_background_image_url_https": "https://abs.twimg.com/images/themes/theme1/bg.png", "profile_background_tile": false, "profile_image_url": "http://pbs.twimg.com/profile_images/995185552889602049/6AXfXZrJ_normal.jpg", "profile_image_url_https": "https://pbs.twimg.com/profile_images/995185552889602049/6AXfXZrJ_normal.jpg", "profile_banner_url": "https://pbs.twimg.com/profile_banners/2248095318/1526105698", "profile_link_color": "1DA1F2", "profile_sidebar_border_color": "C0DEED", "profile_sidebar_fill_color": "DDEEF6", "profile_text_color": "333333", "profile_use_background_image": true, "has_extended_profile": false, "default_profile": true, "default_profile_image": false, "following": false, "follow_request_sent": false, "notifications": false, "translator_type": "none"}, "geo": null, "coordinates": null, "place": null, "contributors": null, "is_quote_status": false, "retweet_count": 1, "favorite_count": 1, "favorited": false, "retweeted": false, "possibly_sensitive": false, "possibly_sensitive_appealable": false, "lang": "en", "reply_count": 0}