{"created_at": "Wed Jul 08 20:56:36 +0000 2015", "id": 618886423265984512, "id_str": "618886423265984512", "full_text": "@Awesomeplctures fake?", "truncated": false, "display_text_range": [0, 22], "entities": {"hashtags": [], "symbols": [], "user_mentions": [], "urls": []}, "source": "<a href=\"http://twitter.com\" rel=\"nofollow\">Twitter Web Client</a>", "in_reply_to_status_id": 618713009763041280, "in_reply_to_status_id_str": "618713009763041280", "in_reply_to_user_id": 746950860, "in_reply_to_user_id_str": "746950860", "in_reply_to_screen_name": "Awesome_planet_", "user": {"id": 3207112851, "id_str": "3207112851", "name": "dr.kingschultz", "screen_name": "red_yelloww", "location": "", "description": "#T\u00dcRK\u0130YECUMHUR\u0130YETiVATANDA\u015eI  \nVi\u015fneye \u00c7alan Koyuca Tatl\u0131 Bir K\u0131rm\u0131z\u0131, \u00d6teki de, \u0130\u00e7inde Turuncudan \u0130z Ta\u015f\u0131yan Tok Bir Sar\u0131.", "url": null, "entities": {"description": {"urls": []}}, "protected": false, "followers_count": 623, "friends_count": 821, "listed_count": 3, "created_at": "Sat Apr 25 18:26:38 +0000 2015", "favourites_count": 22753, "utc_offset": null, "time_zone": null, "geo_enabled": false, "verified": false, "statuses_count": 42296, "lang": null, "contributors_enabled": false, "is_translator": false, "is_translation_enabled": false, "profile_background_color": "ABB8C2", "profile_background_image_url": "http://abs.twimg.com/images/themes/theme1/bg.png", "profile_background_image_url_https": "https://abs.twimg.com/images/themes/theme1/bg.png", "profile_background_tile": false, "profile_image_url": "http://pbs.twimg.com/profile_images/1022922095012061185/w0xldlw0_normal.jpg", "profile_image_url_https": "https://pbs.twimg.com/profile_images/1022922095012061185/w0xldlw0_normal.jpg", "profile_banner_url": "https://pbs.twimg.com/profile_banners/3207112851/1445371844", "profile_link_color": "DD2E44", "profile_sidebar_border_color": "000000", "profile_sidebar_fill_color": "000000", "profile_text_color": "000000", "profile_use_background_image": true, "has_extended_profile": false, "default_profile": false, "default_profile_image": false, "following": false, "follow_request_sent": false, "notifications": false, "translator_type": "none"}, "geo": null, "coordinates": null, "place": null, "contributors": null, "is_quote_status": false, "retweet_count": 0, "favorite_count": 3, "favorited": false, "retweeted": false, "lang": "en", "reply_count": 0}