{"created_at": "Wed Jul 08 20:56:03 +0000 2015", "id": 618886286603091968, "id_str": "618886286603091968", "full_text": "@Awesomeplctures yikes because one mouth isn't enough to bite you with", "truncated": false, "display_text_range": [0, 70], "entities": {"hashtags": [], "symbols": [], "user_mentions": [], "urls": []}, "source": "<a href=\"http://twitter.com/download/android\" rel=\"nofollow\">Twitter for Android</a>", "in_reply_to_status_id": 618713009763041280, "in_reply_to_status_id_str": "618713009763041280", "in_reply_to_user_id": 746950860, "in_reply_to_user_id_str": "746950860", "in_reply_to_screen_name": "Awesome_planet_", "user": {"id": 367184284, "id_str": "367184284", "name": "ColetteMalette", "screen_name": "ColetteMalette", "location": "SouthWestern Ontario, eh :-) \u2665", "description": "Pushing 60! Off the wall sense of humour! Zero tolerance for Liars! ANTI-tRump\ud83e\udd2c#Proud\ud83c\udde8\ud83c\udde6 Unusually Thicke was a Fav! \ud83d\udc95Leah! oh I\u2019m a Marijuana Advocate\ud83d\ude09", "url": null, "entities": {"description": {"urls": []}}, "protected": false, "followers_count": 2801, "friends_count": 2834, "listed_count": 24, "created_at": "Sat Sep 03 14:47:06 +0000 2011", "favourites_count": 24650, "utc_offset": null, "time_zone": null, "geo_enabled": true, "verified": false, "statuses_count": 36110, "lang": null, "contributors_enabled": false, "is_translator": false, "is_translation_enabled": false, "profile_background_color": "181319", "profile_background_image_url": "http://abs.twimg.com/images/themes/theme10/bg.gif", "profile_background_image_url_https": "https://abs.twimg.com/images/themes/theme10/bg.gif", "profile_background_tile": false, "profile_image_url": "http://pbs.twimg.com/profile_images/378800000824003839/7e85d16b42469864694ccedd378c27d7_normal.jpeg", "profile_image_url_https": "https://pbs.twimg.com/profile_images/378800000824003839/7e85d16b42469864694ccedd378c27d7_normal.jpeg", "profile_banner_url": "https://pbs.twimg.com/profile_banners/367184284/1574203526", "profile_link_color": "1B95E0", "profile_sidebar_border_color": "DFCDC1", "profile_sidebar_fill_color": "A49693", "profile_text_color": "8B8084", "profile_use_background_image": true, "has_extended_profile": true, "default_profile": false, "default_profile_image": false, "following": false, "follow_request_sent": false, "notifications": false, "translator_type": "none"}, "geo": null, "coordinates": null, "place": null, "contributors": null, "is_quote_status": false, "retweet_count": 0, "favorite_count": 2, "favorited": false, "retweeted": false, "lang": "en", "reply_count": 0}