{"created_at": "Wed Jul 08 21:32:44 +0000 2015", "id": 618895516835774464, "id_str": "618895516835774464", "full_text": "@Awesomeplctures @247razz \u53cc\u982d\u30b5\u30e1   \ud83d\ude33\ud83d\ude33", "truncated": false, "display_text_range": [0, 35], "entities": {"hashtags": [], "symbols": [], "user_mentions": [{"screen_name": "247razz", "name": "tim cornwell", "id": 272175633, "id_str": "272175633", "indices": [17, 25]}], "urls": []}, "source": "<a href=\"http://twitter.com/#!/download/ipad\" rel=\"nofollow\">Twitter for iPad</a>", "in_reply_to_status_id": 618713009763041280, "in_reply_to_status_id_str": "618713009763041280", "in_reply_to_user_id": 746950860, "in_reply_to_user_id_str": "746950860", "in_reply_to_screen_name": "Awesome_planet_", "user": {"id": 2425489082, "id_str": "2425489082", "name": "luckymom", "screen_name": "aipado", "location": "Japan", "description": "", "url": null, "entities": {"description": {"urls": []}}, "protected": false, "followers_count": 2614, "friends_count": 2658, "listed_count": 100, "created_at": "Thu Apr 03 11:35:41 +0000 2014", "favourites_count": 21595, "utc_offset": null, "time_zone": null, "geo_enabled": false, "verified": false, "statuses_count": 37244, "lang": null, "contributors_enabled": false, "is_translator": false, "is_translation_enabled": false, "profile_background_color": "C0DEED", "profile_background_image_url": "http://abs.twimg.com/images/themes/theme1/bg.png", "profile_background_image_url_https": "https://abs.twimg.com/images/themes/theme1/bg.png", "profile_background_tile": false, "profile_image_url": "http://pbs.twimg.com/profile_images/903948620948430848/Mm_Vx_x2_normal.jpg", "profile_image_url_https": "https://pbs.twimg.com/profile_images/903948620948430848/Mm_Vx_x2_normal.jpg", "profile_banner_url": "https://pbs.twimg.com/profile_banners/2425489082/1428887193", "profile_link_color": "1DA1F2", "profile_sidebar_border_color": "C0DEED", "profile_sidebar_fill_color": "DDEEF6", "profile_text_color": "333333", "profile_use_background_image": true, "has_extended_profile": false, "default_profile": true, "default_profile_image": false, "following": false, "follow_request_sent": false, "notifications": false, "translator_type": "none"}, "geo": null, "coordinates": null, "place": null, "contributors": null, "is_quote_status": false, "retweet_count": 0, "favorite_count": 1, "favorited": false, "retweeted": false, "lang": "ja", "reply_count": 0}