{"created_at": "Thu Jul 09 02:40:58 +0000 2015", "id": 618973086201704449, "id_str": "618973086201704449", "full_text": "@sandy_gilson @Awesomeplctures could be a sign of global warming effects, may not be a fluke.", "truncated": false, "display_text_range": [0, 93], "entities": {"hashtags": [], "symbols": [], "user_mentions": [{"screen_name": "sandy_gilson", "name": "Sandy Gilson", "id": 738953185650442240, "id_str": "738953185650442240", "indices": [0, 13]}], "urls": []}, "source": "<a href=\"http://twitter.com\" rel=\"nofollow\">Twitter Web Client</a>", "in_reply_to_status_id": null, "in_reply_to_status_id_str": null, "in_reply_to_user_id": null, "in_reply_to_user_id_str": null, "in_reply_to_screen_name": null, "user": {"id": 2948498969, "id_str": "2948498969", "name": "Jan Nubian", "screen_name": "OneNubianGurl", "location": "USA", "description": "Transgender(MTF), Women's writer of song & words, 100%Veteran supporter, please NO 4Profit Business, hate, disruptive speak or pictures, will be blocked, TU:-)", "url": null, "entities": {"description": {"urls": []}}, "protected": false, "followers_count": 212, "friends_count": 157, "listed_count": 20, "created_at": "Mon Dec 29 04:55:32 +0000 2014", "favourites_count": 11371, "utc_offset": null, "time_zone": null, "geo_enabled": true, "verified": false, "statuses_count": 16291, "lang": null, "contributors_enabled": false, "is_translator": false, "is_translation_enabled": false, "profile_background_color": "000000", "profile_background_image_url": "http://abs.twimg.com/images/themes/theme1/bg.png", "profile_background_image_url_https": "https://abs.twimg.com/images/themes/theme1/bg.png", "profile_background_tile": false, "profile_image_url": "http://pbs.twimg.com/profile_images/639880303863971840/nzTjp26__normal.jpg", "profile_image_url_https": "https://pbs.twimg.com/profile_images/639880303863971840/nzTjp26__normal.jpg", "profile_banner_url": "https://pbs.twimg.com/profile_banners/2948498969/1441394810", "profile_link_color": "9266CC", "profile_sidebar_border_color": "000000", "profile_sidebar_fill_color": "000000", "profile_text_color": "000000", "profile_use_background_image": false, "has_extended_profile": false, "default_profile": false, "default_profile_image": false, "following": false, "follow_request_sent": false, "notifications": false, "translator_type": "none"}, "geo": null, "coordinates": null, "place": null, "contributors": null, "is_quote_status": false, "retweet_count": 0, "favorite_count": 0, "favorited": false, "retweeted": false, "lang": "en", "reply_count": 0}