{"created_at": "Wed Jul 08 23:41:14 +0000 2015", "id": 618927853401305088, "id_str": "618927853401305088", "full_text": "@rarey4 @Awesomeplctures unrelated to the photo: http://t.co/Eh3YdIMdnc Interesting, right?", "truncated": false, "display_text_range": [0, 91], "entities": {"hashtags": [], "symbols": [], "user_mentions": [{"screen_name": "rarey4", "name": "Bring back FDR's CCC", "id": 796941355, "id_str": "796941355", "indices": [0, 7]}], "urls": [{"url": "http://t.co/Eh3YdIMdnc", "expanded_url": "http://voices.nationalgeographic.com/2013/03/26/two-headed-shark-found-by-fisherman/", "display_url": "voices.nationalgeographic.com/2013/03/26/two\u2026", "indices": [49, 71]}]}, "source": "<a href=\"http://twitter.com\" rel=\"nofollow\">Twitter Web Client</a>", "in_reply_to_status_id": 618926301852798976, "in_reply_to_status_id_str": "618926301852798976", "in_reply_to_user_id": 796941355, "in_reply_to_user_id_str": "796941355", "in_reply_to_screen_name": "rarey4", "user": {"id": 415196079, "id_str": "415196079", "name": "PC: United", "screen_name": "PCUnitedPage", "location": "United States", "description": "Organization of our efforts is the key to our success. So begins our fight for what was always ours, from those who have taken what was never theirs.", "url": null, "entities": {"description": {"urls": []}}, "protected": false, "followers_count": 9254, "friends_count": 6337, "listed_count": 138, "created_at": "Fri Nov 18 01:13:46 +0000 2011", "favourites_count": 83254, "utc_offset": null, "time_zone": null, "geo_enabled": false, "verified": false, "statuses_count": 126978, "lang": null, "contributors_enabled": false, "is_translator": false, "is_translation_enabled": false, "profile_background_color": "010C12", "profile_background_image_url": "http://abs.twimg.com/images/themes/theme1/bg.png", "profile_background_image_url_https": "https://abs.twimg.com/images/themes/theme1/bg.png", "profile_background_tile": false, "profile_image_url": "http://pbs.twimg.com/profile_images/1143201071822622723/sU6Gr7RW_normal.jpg", "profile_image_url_https": "https://pbs.twimg.com/profile_images/1143201071822622723/sU6Gr7RW_normal.jpg", "profile_banner_url": "https://pbs.twimg.com/profile_banners/415196079/1585326775", "profile_link_color": "1216E6", "profile_sidebar_border_color": "FFFFFF", "profile_sidebar_fill_color": "DDEEF6", "profile_text_color": "333333", "profile_use_background_image": true, "has_extended_profile": false, "default_profile": false, "default_profile_image": false, "following": false, "follow_request_sent": false, "notifications": false, "translator_type": "none"}, "geo": null, "coordinates": null, "place": null, "contributors": null, "is_quote_status": false, "retweet_count": 0, "favorite_count": 1, "favorited": false, "retweeted": false, "possibly_sensitive": false, "possibly_sensitive_appealable": false, "lang": "en", "reply_count": 1}