{"created_at": "Wed Jul 08 23:22:06 +0000 2015", "id": 618923041171509248, "id_str": "618923041171509248", "full_text": "@Awesomeplctures @ComteMaintenon Fukushima effect", "truncated": false, "display_text_range": [0, 49], "entities": {"hashtags": [], "symbols": [], "user_mentions": [{"screen_name": "ComteMaintenon", "name": "Dexter des fachos \u062a", "id": 2754241325, "id_str": "2754241325", "indices": [17, 32]}], "urls": []}, "source": "<a href=\"http://twitter.com/download/android\" rel=\"nofollow\">Twitter for Android</a>", "in_reply_to_status_id": 618713009763041280, "in_reply_to_status_id_str": "618713009763041280", "in_reply_to_user_id": 746950860, "in_reply_to_user_id_str": "746950860", "in_reply_to_screen_name": "Awesome_planet_", "user": {"id": 2292568835, "id_str": "2292568835", "name": "Samir", "screen_name": "samyrsossa", "location": "A peu pr\u00e8s", "description": "\u200f\u200f\u200f\u200f\u200f\u200f\u200f\u200f\u200f\u200f\u200f\u200f\u200f\u200f\u0627\u0644\u062f\u0646\u064a\u0627 \u0645\u0627 \u062a\u062c\u064a \u0639\u0644\u0649 \u0627\u0644\u0643\u064a\u0641 \u0627\u0632\u0627 \u0645\u0627 \u0639\u062c\u0628\u062a\u0643 \u062f\u0646\u064a\u0644 \u0648 \u0637\u0633\u0648\u0644\u0643", "url": null, "entities": {"description": {"urls": []}}, "protected": false, "followers_count": 49, "friends_count": 332, "listed_count": 1, "created_at": "Sun Jan 19 23:26:04 +0000 2014", "favourites_count": 935, "utc_offset": null, "time_zone": null, "geo_enabled": false, "verified": false, "statuses_count": 794, "lang": null, "contributors_enabled": false, "is_translator": false, "is_translation_enabled": false, "profile_background_color": "C0DEED", "profile_background_image_url": "http://abs.twimg.com/images/themes/theme1/bg.png", "profile_background_image_url_https": "https://abs.twimg.com/images/themes/theme1/bg.png", "profile_background_tile": false, "profile_image_url": "http://pbs.twimg.com/profile_images/462170666851385344/zsu13f8a_normal.jpeg", "profile_image_url_https": "https://pbs.twimg.com/profile_images/462170666851385344/zsu13f8a_normal.jpeg", "profile_banner_url": "https://pbs.twimg.com/profile_banners/2292568835/1396915480", "profile_link_color": "1DA1F2", "profile_sidebar_border_color": "C0DEED", "profile_sidebar_fill_color": "DDEEF6", "profile_text_color": "333333", "profile_use_background_image": true, "has_extended_profile": false, "default_profile": true, "default_profile_image": false, "following": false, "follow_request_sent": false, "notifications": false, "translator_type": "none"}, "geo": null, "coordinates": null, "place": null, "contributors": null, "is_quote_status": false, "retweet_count": 0, "favorite_count": 2, "favorited": false, "retweeted": false, "lang": "en", "reply_count": 1}