{"created_at": "Thu Jul 09 13:06:51 +0000 2015", "id": 619130593343897600, "id_str": "619130593343897600", "full_text": "@Awesomeplctures #SharkWeek", "truncated": false, "display_text_range": [0, 27], "entities": {"hashtags": [{"text": "SharkWeek", "indices": [17, 27]}], "symbols": [], "user_mentions": [], "urls": []}, "source": "<a href=\"http://twitter.com/download/iphone\" rel=\"nofollow\">Twitter for iPhone</a>", "in_reply_to_status_id": 618713009763041280, "in_reply_to_status_id_str": "618713009763041280", "in_reply_to_user_id": 746950860, "in_reply_to_user_id_str": "746950860", "in_reply_to_screen_name": "Awesome_planet_", "user": {"id": 272175633, "id_str": "272175633", "name": "tim cornwell", "screen_name": "247razz", "location": "Southwest Virginia ", "description": "Surface coal miner, I love photos of most any kind. 95% of photos and videos I tweet are taken by me. Mostly of my little dude Tucker", "url": null, "entities": {"description": {"urls": []}}, "protected": false, "followers_count": 192720, "friends_count": 138779, "listed_count": 1521, "created_at": "Sat Mar 26 00:15:56 +0000 2011", "favourites_count": 215872, "utc_offset": null, "time_zone": null, "geo_enabled": true, "verified": false, "statuses_count": 181145, "lang": null, "contributors_enabled": false, "is_translator": false, "is_translation_enabled": false, "profile_background_color": "C0DEED", "profile_background_image_url": "http://abs.twimg.com/images/themes/theme1/bg.png", "profile_background_image_url_https": "https://abs.twimg.com/images/themes/theme1/bg.png", "profile_background_tile": false, "profile_image_url": "http://pbs.twimg.com/profile_images/1268539385881952256/NBnmBRR0_normal.jpg", "profile_image_url_https": "https://pbs.twimg.com/profile_images/1268539385881952256/NBnmBRR0_normal.jpg", "profile_banner_url": "https://pbs.twimg.com/profile_banners/272175633/1573339112", "profile_link_color": "1DA1F2", "profile_sidebar_border_color": "C0DEED", "profile_sidebar_fill_color": "DDEEF6", "profile_text_color": "333333", "profile_use_background_image": true, "has_extended_profile": true, "default_profile": true, "default_profile_image": false, "following": false, "follow_request_sent": false, "notifications": false, "translator_type": "none"}, "geo": null, "coordinates": null, "place": null, "contributors": null, "is_quote_status": false, "retweet_count": 2, "favorite_count": 1, "favorited": false, "retweeted": false, "lang": "und", "reply_count": 0}