{"created_at": "Fri Jul 10 09:08:09 +0000 2015", "id": 619432911293517824, "id_str": "619432911293517824", "full_text": "@Awesomeplctures malformazioni dovute alle radiazioni!", "truncated": false, "display_text_range": [0, 54], "entities": {"hashtags": [], "symbols": [], "user_mentions": [], "urls": []}, "source": "<a href=\"http://twitter.com/download/android\" rel=\"nofollow\">Twitter for Android</a>", "in_reply_to_status_id": 618713009763041280, "in_reply_to_status_id_str": "618713009763041280", "in_reply_to_user_id": 746950860, "in_reply_to_user_id_str": "746950860", "in_reply_to_screen_name": "Awesome_planet_", "user": {"id": 1101021343, "id_str": "1101021343", "name": "sea\ud83c\udf2b\ud83c\udf2b\ud83c\udf2b", "screen_name": "annamariasummon", "location": "Napoli", "description": "LA LIBERT\u00c0 SI ACQUISISCE CONOSCENDO LA VERIT\u00c0\nLa verit\u00e0 non ha nulla a che vedere col numero di persone che essa persuade", "url": null, "entities": {"description": {"urls": []}}, "protected": false, "followers_count": 8911, "friends_count": 7642, "listed_count": 107, "created_at": "Fri Jan 18 13:45:16 +0000 2013", "favourites_count": 53824, "utc_offset": null, "time_zone": null, "geo_enabled": true, "verified": false, "statuses_count": 111251, "lang": null, "contributors_enabled": false, "is_translator": false, "is_translation_enabled": false, "profile_background_color": "7AE7F5", "profile_background_image_url": "http://abs.twimg.com/images/themes/theme2/bg.gif", "profile_background_image_url_https": "https://abs.twimg.com/images/themes/theme2/bg.gif", "profile_background_tile": true, "profile_image_url": "http://pbs.twimg.com/profile_images/1211976650214330368/BJ3Ele4D_normal.jpg", "profile_image_url_https": "https://pbs.twimg.com/profile_images/1211976650214330368/BJ3Ele4D_normal.jpg", "profile_banner_url": "https://pbs.twimg.com/profile_banners/1101021343/1555339344", "profile_link_color": "025370", "profile_sidebar_border_color": "000000", "profile_sidebar_fill_color": "DDEEF6", "profile_text_color": "333333", "profile_use_background_image": true, "has_extended_profile": false, "default_profile": false, "default_profile_image": false, "following": false, "follow_request_sent": false, "notifications": false, "translator_type": "none"}, "geo": null, "coordinates": null, "place": null, "contributors": null, "is_quote_status": false, "retweet_count": 0, "favorite_count": 1, "favorited": false, "retweeted": false, "lang": "it", "reply_count": 0}