{"created_at": "Fri Jul 10 09:12:55 +0000 2015", "id": 619434110604283904, "id_str": "619434110604283904", "full_text": "@Awesomeplctures @Koksalakn \n\u73cd\u3057\u3044\u8cb4\u91cd\u306a\u5199\u771f\u3092\u6709\u96e3\u3046\u3054\u3056\u3044\u307e\u3059\u3002\u2728\ud83d\ude1a", "truncated": false, "display_text_range": [0, 49], "entities": {"hashtags": [], "symbols": [], "user_mentions": [{"screen_name": "Koksalakn", "name": "K\u00f6ksal Ak\u0131n", "id": 1643909461, "id_str": "1643909461", "indices": [17, 27]}], "urls": []}, "source": "<a href=\"http://twitter.com/download/iphone\" rel=\"nofollow\">Twitter for iPhone</a>", "in_reply_to_status_id": 618713009763041280, "in_reply_to_status_id_str": "618713009763041280", "in_reply_to_user_id": 746950860, "in_reply_to_user_id_str": "746950860", "in_reply_to_screen_name": "Awesome_planet_", "user": {"id": 3186158498, "id_str": "3186158498", "name": "\u307f\u3043o(\u2661\u00b4\u25bd`\u2661)o", "screen_name": "yoritanomu", "location": "\u65e5\u672c", "description": "\u5199\u771f\u3084\u7d75\u3084\u8a69\u3092\u898b\u3066\u5143\u6c17\u306b\u306a\u308a\u5b09\u3057\u3044\u3067\u3059\u3002\u30b3\u30e1\u30f3\u30c8\u7121\u3057\u306e\u30c4\u30a4\u30fc\u30c8\u3082\u3042\u308b\u304b\u3082\u3057\u308c\u307e\u305b\u3093\u304c\u3001\u5fc3\u3067\u306f\u5168\u90e8\u3092RT\u3057\u305f\u3044\u3050\u3089\u3044\u3067\u3059\u3002\u3068\u3044\u3046\u306e\u306f\u3001\u5168\u3066\u304c\u7dba\u9e97\u3060\u3057\u3001\u7d20\u6575\u3060\u304b\u3089\u3067\u3059\u3002\u8aa4\u5b57\u8131\u5b57\u304c\u591a\u3044\u3067\u3059\u304c\u3001\u3053\u308c\u304b\u3089\u3082\u5b9c\u3057\u304f\u304a\u9858\u3044\u3057\u307e\u3059\u3002(_ _*)", "url": null, "entities": {"description": {"urls": []}}, "protected": false, "followers_count": 559, "friends_count": 627, "listed_count": 12, "created_at": "Tue May 05 12:07:27 +0000 2015", "favourites_count": 27891, "utc_offset": null, "time_zone": null, "geo_enabled": true, "verified": false, "statuses_count": 13899, "lang": null, "contributors_enabled": false, "is_translator": false, "is_translation_enabled": false, "profile_background_color": "C0DEED", "profile_background_image_url": "http://abs.twimg.com/images/themes/theme1/bg.png", "profile_background_image_url_https": "https://abs.twimg.com/images/themes/theme1/bg.png", "profile_background_tile": false, "profile_image_url": "http://pbs.twimg.com/profile_images/659035601837031424/PogdUUYW_normal.jpg", "profile_image_url_https": "https://pbs.twimg.com/profile_images/659035601837031424/PogdUUYW_normal.jpg", "profile_banner_url": "https://pbs.twimg.com/profile_banners/3186158498/1445961306", "profile_link_color": "1DA1F2", "profile_sidebar_border_color": "C0DEED", "profile_sidebar_fill_color": "DDEEF6", "profile_text_color": "333333", "profile_use_background_image": true, "has_extended_profile": false, "default_profile": true, "default_profile_image": false, "following": false, "follow_request_sent": false, "notifications": false, "translator_type": "none"}, "geo": null, "coordinates": null, "place": null, "contributors": null, "is_quote_status": false, "retweet_count": 0, "favorite_count": 0, "favorited": false, "retweeted": false, "lang": "ja", "reply_count": 0}