{"created_at": "Fri Jul 10 11:46:28 +0000 2015", "id": 619472753335345152, "id_str": "619472753335345152", "full_text": "\u201c@Awesomeplctures: Two-headed shark, this specimen was found near off the Florida Keys!!! http://t.co/JtERpGEtb6\u201d@BamBamFishing #Shark Week", "truncated": false, "display_text_range": [0, 139], "entities": {"hashtags": [{"text": "Shark", "indices": [128, 134]}], "symbols": [], "user_mentions": [{"screen_name": "BamBamFishing", "name": "Larry Vogt", "id": 330568179, "id_str": "330568179", "indices": [113, 127]}], "urls": [], "media": [{"id": 618713007149969408, "id_str": "618713007149969408", "indices": [90, 112], "media_url": "http://pbs.twimg.com/media/CJYcM7EWcAA8cSu.jpg", "media_url_https": "https://pbs.twimg.com/media/CJYcM7EWcAA8cSu.jpg", "url": "http://t.co/JtERpGEtb6", "display_url": "pic.twitter.com/JtERpGEtb6", "expanded_url": "https://twitter.com/Awesomeplctures/status/618713009763041280/photo/1", "type": "photo", "sizes": {"thumb": {"w": 150, "h": 150, "resize": "crop"}, "medium": {"w": 585, "h": 343, "resize": "fit"}, "large": {"w": 585, "h": 343, "resize": "fit"}, "small": {"w": 585, "h": 343, "resize": "fit"}}, "source_status_id": 618713009763041280, "source_status_id_str": "618713009763041280", "source_user_id": 746950860, "source_user_id_str": "746950860"}]}, "extended_entities": {"media": [{"id": 618713007149969408, "id_str": "618713007149969408", "indices": [90, 112], "media_url": "http://pbs.twimg.com/media/CJYcM7EWcAA8cSu.jpg", "media_url_https": "https://pbs.twimg.com/media/CJYcM7EWcAA8cSu.jpg", "url": "http://t.co/JtERpGEtb6", "display_url": "pic.twitter.com/JtERpGEtb6", "expanded_url": "https://twitter.com/Awesomeplctures/status/618713009763041280/photo/1", "type": "photo", "sizes": {"thumb": {"w": 150, "h": 150, "resize": "crop"}, "medium": {"w": 585, "h": 343, "resize": "fit"}, "large": {"w": 585, "h": 343, "resize": "fit"}, "small": {"w": 585, "h": 343, "resize": "fit"}}, "source_status_id": 618713009763041280, "source_status_id_str": "618713009763041280", "source_user_id": 746950860, "source_user_id_str": "746950860"}]}, "source": "<a href=\"http://twitter.com/#!/download/ipad\" rel=\"nofollow\">Twitter for iPad</a>", "in_reply_to_status_id": 618713009763041280, "in_reply_to_status_id_str": "618713009763041280", "in_reply_to_user_id": 746950860, "in_reply_to_user_id_str": "746950860", "in_reply_to_screen_name": "Awesome_planet_", "user": {"id": 236824124, "id_str": "236824124", "name": "Veronica & SammyDaCat", "screen_name": "jack51005", "location": "New York", "description": "Conservation of Energy: \nmatter is neither created nor destroyed #TheAviators #ZSHQ #ZombieSquadHQ #FurryTails #Weeti #theruffriderz", "url": null, "entities": {"description": {"urls": []}}, "protected": false, "followers_count": 3510, "friends_count": 4981, "listed_count": 57, "created_at": "Tue Jan 11 13:10:30 +0000 2011", "favourites_count": 104504, "utc_offset": null, "time_zone": null, "geo_enabled": true, "verified": false, "statuses_count": 40255, "lang": null, "contributors_enabled": false, "is_translator": false, "is_translation_enabled": false, "profile_background_color": "000000", "profile_background_image_url": "http://abs.twimg.com/images/themes/theme1/bg.png", "profile_background_image_url_https": "https://abs.twimg.com/images/themes/theme1/bg.png", "profile_background_tile": false, "profile_image_url": "http://pbs.twimg.com/profile_images/1210905101893881856/YNtjb1ig_normal.jpg", "profile_image_url_https": "https://pbs.twimg.com/profile_images/1210905101893881856/YNtjb1ig_normal.jpg", "profile_banner_url": "https://pbs.twimg.com/profile_banners/236824124/1592704259", "profile_link_color": "981CEB", "profile_sidebar_border_color": "000000", "profile_sidebar_fill_color": "000000", "profile_text_color": "000000", "profile_use_background_image": false, "has_extended_profile": false, "default_profile": false, "default_profile_image": false, "following": false, "follow_request_sent": false, "notifications": false, "translator_type": "none"}, "geo": null, "coordinates": null, "place": null, "contributors": null, "is_quote_status": false, "retweet_count": 2, "favorite_count": 2, "favorited": false, "retweeted": false, "possibly_sensitive": false, "possibly_sensitive_appealable": false, "lang": "en", "reply_count": 0}