{"created_at": "Fri Jul 10 19:30:22 +0000 2015", "id": 619589499123798016, "id_str": "619589499123798016", "full_text": "@Awesomeplctures @pintsize73 Or not, if they can't arrange who snap, dinner can escape", "truncated": false, "display_text_range": [0, 86], "entities": {"hashtags": [], "symbols": [], "user_mentions": [{"screen_name": "pintsize73", "name": "Marie", "id": 2613143381, "id_str": "2613143381", "indices": [17, 28]}], "urls": []}, "source": "<a href=\"http://twitter.com/download/android\" rel=\"nofollow\">Twitter for Android</a>", "in_reply_to_status_id": 618713009763041280, "in_reply_to_status_id_str": "618713009763041280", "in_reply_to_user_id": 746950860, "in_reply_to_user_id_str": "746950860", "in_reply_to_screen_name": "Awesome_planet_", "user": {"id": 3330087773, "id_str": "3330087773", "name": "Marie Luise", "screen_name": "Marie_Luise13", "location": "", "description": "hobbit. #jedsbrothers @JedBrophyArmy Sometimes I feel like a dwarf: powerful, proud and adventurous", "url": null, "entities": {"description": {"urls": []}}, "protected": false, "followers_count": 828, "friends_count": 1368, "listed_count": 12, "created_at": "Tue Jun 16 18:54:13 +0000 2015", "favourites_count": 17833, "utc_offset": null, "time_zone": null, "geo_enabled": false, "verified": false, "statuses_count": 3336, "lang": null, "contributors_enabled": false, "is_translator": false, "is_translation_enabled": false, "profile_background_color": "C0DEED", "profile_background_image_url": "http://abs.twimg.com/images/themes/theme1/bg.png", "profile_background_image_url_https": "https://abs.twimg.com/images/themes/theme1/bg.png", "profile_background_tile": false, "profile_image_url": "http://pbs.twimg.com/profile_images/635448124811644928/9VKDLx79_normal.jpg", "profile_image_url_https": "https://pbs.twimg.com/profile_images/635448124811644928/9VKDLx79_normal.jpg", "profile_link_color": "1DA1F2", "profile_sidebar_border_color": "C0DEED", "profile_sidebar_fill_color": "DDEEF6", "profile_text_color": "333333", "profile_use_background_image": true, "has_extended_profile": false, "default_profile": true, "default_profile_image": false, "following": false, "follow_request_sent": false, "notifications": false, "translator_type": "none"}, "geo": null, "coordinates": null, "place": null, "contributors": null, "is_quote_status": false, "retweet_count": 0, "favorite_count": 0, "favorited": false, "retweeted": false, "lang": "en", "reply_count": 0}