{"created_at": "Sat Jul 11 22:23:49 +0000 2015", "id": 619995536448483329, "id_str": "619995536448483329", "full_text": "O.o @Awesomeplctures: Two-headed shark, this rare specimen was found near of the Florida Keys!!! Double trouble \ud83d\ude01\ud83d\ude31 http://t.co/uz5ekDyF3S\u201d", "truncated": false, "display_text_range": [0, 138], "entities": {"hashtags": [], "symbols": [], "user_mentions": [], "urls": [], "media": [{"id": 618713007149969408, "id_str": "618713007149969408", "indices": [115, 137], "media_url": "http://pbs.twimg.com/media/CJYcM7EWcAA8cSu.jpg", "media_url_https": "https://pbs.twimg.com/media/CJYcM7EWcAA8cSu.jpg", "url": "http://t.co/uz5ekDyF3S", "display_url": "pic.twitter.com/uz5ekDyF3S", "expanded_url": "https://twitter.com/Awesomeplctures/status/618713009763041280/photo/1", "type": "photo", "sizes": {"thumb": {"w": 150, "h": 150, "resize": "crop"}, "medium": {"w": 585, "h": 343, "resize": "fit"}, "large": {"w": 585, "h": 343, "resize": "fit"}, "small": {"w": 585, "h": 343, "resize": "fit"}}, "source_status_id": 618713009763041280, "source_status_id_str": "618713009763041280", "source_user_id": 746950860, "source_user_id_str": "746950860"}]}, "extended_entities": {"media": [{"id": 618713007149969408, "id_str": "618713007149969408", "indices": [115, 137], "media_url": "http://pbs.twimg.com/media/CJYcM7EWcAA8cSu.jpg", "media_url_https": "https://pbs.twimg.com/media/CJYcM7EWcAA8cSu.jpg", "url": "http://t.co/uz5ekDyF3S", "display_url": "pic.twitter.com/uz5ekDyF3S", "expanded_url": "https://twitter.com/Awesomeplctures/status/618713009763041280/photo/1", "type": "photo", "sizes": {"thumb": {"w": 150, "h": 150, "resize": "crop"}, "medium": {"w": 585, "h": 343, "resize": "fit"}, "large": {"w": 585, "h": 343, "resize": "fit"}, "small": {"w": 585, "h": 343, "resize": "fit"}}, "source_status_id": 618713009763041280, "source_status_id_str": "618713009763041280", "source_user_id": 746950860, "source_user_id_str": "746950860"}]}, "source": "<a href=\"http://twitter.com/#!/download/ipad\" rel=\"nofollow\">Twitter for iPad</a>", "in_reply_to_status_id": 618713009763041280, "in_reply_to_status_id_str": "618713009763041280", "in_reply_to_user_id": 746950860, "in_reply_to_user_id_str": "746950860", "in_reply_to_screen_name": "Awesome_planet_", "user": {"id": 37273687, "id_str": "37273687", "name": "Pili", "screen_name": "PiliSanchez", "location": "Por ah\u00ed", "description": "Hab\u00eda una vez una pi\u00f1a colada... y la sacaron de la fila.", "url": "https://t.co/jAeTjvevNd", "entities": {"url": {"urls": [{"url": "https://t.co/jAeTjvevNd", "expanded_url": "http://flojeraproductiva.blogspot.cl", "display_url": "flojeraproductiva.blogspot.cl", "indices": [0, 23]}]}, "description": {"urls": []}}, "protected": false, "followers_count": 2826, "friends_count": 1411, "listed_count": 48, "created_at": "Sat May 02 20:19:34 +0000 2009", "favourites_count": 1839, "utc_offset": null, "time_zone": null, "geo_enabled": false, "verified": false, "statuses_count": 159901, "lang": null, "contributors_enabled": false, "is_translator": false, "is_translation_enabled": false, "profile_background_color": "B85F00", "profile_background_image_url": "http://abs.twimg.com/images/themes/theme4/bg.gif", "profile_background_image_url_https": "https://abs.twimg.com/images/themes/theme4/bg.gif", "profile_background_tile": true, "profile_image_url": "http://pbs.twimg.com/profile_images/1255094901882138625/bNMH-fad_normal.jpg", "profile_image_url_https": "https://pbs.twimg.com/profile_images/1255094901882138625/bNMH-fad_normal.jpg", "profile_banner_url": "https://pbs.twimg.com/profile_banners/37273687/1465821669", "profile_link_color": "1B95E0", "profile_sidebar_border_color": "FFFFFF", "profile_sidebar_fill_color": "95E8EC", "profile_text_color": "3C3940", "profile_use_background_image": true, "has_extended_profile": true, "default_profile": false, "default_profile_image": false, "following": false, "follow_request_sent": false, "notifications": false, "translator_type": "none"}, "geo": null, "coordinates": null, "place": null, "contributors": null, "is_quote_status": false, "retweet_count": 0, "favorite_count": 0, "favorited": false, "retweeted": false, "possibly_sensitive": false, "possibly_sensitive_appealable": false, "lang": "en", "reply_count": 0}