{"created_at": "Sun Jul 12 17:08:13 +0000 2015", "id": 620278500289851392, "id_str": "620278500289851392", "full_text": "@soulmark126 http://t.co/2Z7NsbVcI5 \ud83d\ude09", "truncated": false, "display_text_range": [0, 37], "entities": {"hashtags": [], "symbols": [], "user_mentions": [{"screen_name": "soulmark126", "name": "Mark Almasr", "id": 3224439210, "id_str": "3224439210", "indices": [0, 12]}], "urls": [{"url": "http://t.co/2Z7NsbVcI5", "expanded_url": "http://www.inquisitr.com/589311/2-headed-shark-fetus-caught-florida-keys/", "display_url": "inquisitr.com/589311/2-heade\u2026", "indices": [13, 35]}]}, "source": "<a href=\"http://twitter.com/download/iphone\" rel=\"nofollow\">Twitter for iPhone</a>", "in_reply_to_status_id": 620273123892396032, "in_reply_to_status_id_str": "620273123892396032", "in_reply_to_user_id": 3224439210, "in_reply_to_user_id_str": "3224439210", "in_reply_to_screen_name": "soulmark126", "user": {"id": 746950860, "id_str": "746950860", "name": "Awesome Planet\u2122", "screen_name": "Awesome_planet_", "location": "Montr\u00e9al, Qu\u00e9bec, Canada", "description": "Follow my good Friends of mine , @wawinaApr @Jenac2 . I do not own the videos and pics,I RTs", "url": null, "entities": {"description": {"urls": []}}, "protected": false, "followers_count": 72001, "friends_count": 36627, "listed_count": 652, "created_at": "Thu Aug 09 10:00:13 +0000 2012", "favourites_count": 75866, "utc_offset": null, "time_zone": null, "geo_enabled": true, "verified": false, "statuses_count": 50756, "lang": null, "contributors_enabled": false, "is_translator": false, "is_translation_enabled": false, "profile_background_color": "888877", "profile_background_image_url": "http://abs.twimg.com/images/themes/theme1/bg.png", "profile_background_image_url_https": "https://abs.twimg.com/images/themes/theme1/bg.png", "profile_background_tile": false, "profile_image_url": "http://pbs.twimg.com/profile_images/625105219102318592/M5Zq8Fvx_normal.jpg", "profile_image_url_https": "https://pbs.twimg.com/profile_images/625105219102318592/M5Zq8Fvx_normal.jpg", "profile_banner_url": "https://pbs.twimg.com/profile_banners/746950860/1508868080", "profile_link_color": "FF691F", "profile_sidebar_border_color": "000000", "profile_sidebar_fill_color": "000000", "profile_text_color": "000000", "profile_use_background_image": true, "has_extended_profile": true, "default_profile": false, "default_profile_image": false, "following": false, "follow_request_sent": false, "notifications": false, "translator_type": "none"}, "geo": null, "coordinates": null, "place": null, "contributors": null, "is_quote_status": false, "retweet_count": 0, "favorite_count": 0, "favorited": false, "retweeted": false, "possibly_sensitive": false, "possibly_sensitive_appealable": false, "lang": "und", "reply_count": 0}