{"created_at": "Sun Jul 12 16:46:51 +0000 2015", "id": 620273123892396032, "id_str": "620273123892396032", "full_text": "@Awesomeplctures PhotoShop?", "truncated": false, "display_text_range": [0, 27], "entities": {"hashtags": [], "symbols": [], "user_mentions": [], "urls": []}, "source": "<a href=\"http://twitter.com\" rel=\"nofollow\">Twitter Web Client</a>", "in_reply_to_status_id": 618713009763041280, "in_reply_to_status_id_str": "618713009763041280", "in_reply_to_user_id": 746950860, "in_reply_to_user_id_str": "746950860", "in_reply_to_screen_name": "Awesome_planet_", "user": {"id": 3224439210, "id_str": "3224439210", "name": "Mark Almasr", "screen_name": "soulmark126", "location": "California, USA", "description": "", "url": null, "entities": {"description": {"urls": []}}, "protected": false, "followers_count": 349, "friends_count": 1999, "listed_count": 0, "created_at": "Sat May 23 17:59:45 +0000 2015", "favourites_count": 72, "utc_offset": null, "time_zone": null, "geo_enabled": false, "verified": false, "statuses_count": 1102, "lang": null, "contributors_enabled": false, "is_translator": false, "is_translation_enabled": false, "profile_background_color": "000000", "profile_background_image_url": "http://abs.twimg.com/images/themes/theme1/bg.png", "profile_background_image_url_https": "https://abs.twimg.com/images/themes/theme1/bg.png", "profile_background_tile": false, "profile_image_url": "http://pbs.twimg.com/profile_images/602174733409390592/BOvLnjZY_normal.jpg", "profile_image_url_https": "https://pbs.twimg.com/profile_images/602174733409390592/BOvLnjZY_normal.jpg", "profile_link_color": "FA743E", "profile_sidebar_border_color": "000000", "profile_sidebar_fill_color": "000000", "profile_text_color": "000000", "profile_use_background_image": false, "has_extended_profile": false, "default_profile": false, "default_profile_image": false, "following": false, "follow_request_sent": false, "notifications": false, "translator_type": "none"}, "geo": null, "coordinates": null, "place": null, "contributors": null, "is_quote_status": false, "retweet_count": 0, "favorite_count": 2, "favorited": false, "retweeted": false, "lang": "en", "reply_count": 1}