{"created_at": "Sun Jul 12 22:36:25 +0000 2015", "id": 620361095748943873, "id_str": "620361095748943873", "full_text": "@Awesomeplctures @JenaC2 spielberg; sign me!!", "truncated": false, "display_text_range": [0, 45], "entities": {"hashtags": [], "symbols": [], "user_mentions": [{"screen_name": "JenaC2", "name": "Jena C.", "id": 2430564295, "id_str": "2430564295", "indices": [17, 24]}], "urls": []}, "source": "<a href=\"http://twitter.com\" rel=\"nofollow\">Twitter Web Client</a>", "in_reply_to_status_id": 618713009763041280, "in_reply_to_status_id_str": "618713009763041280", "in_reply_to_user_id": 746950860, "in_reply_to_user_id_str": "746950860", "in_reply_to_screen_name": "Awesome_planet_", "user": {"id": 209485824, "id_str": "209485824", "name": "Jaume Casta\u00f1o", "screen_name": "jaumecst", "location": "", "description": "REP\u00daBLICA DE CATALUNYA", "url": null, "entities": {"description": {"urls": []}}, "protected": false, "followers_count": 2048, "friends_count": 1997, "listed_count": 67, "created_at": "Fri Oct 29 08:39:56 +0000 2010", "favourites_count": 45977, "utc_offset": null, "time_zone": null, "geo_enabled": false, "verified": false, "statuses_count": 46945, "lang": null, "contributors_enabled": false, "is_translator": false, "is_translation_enabled": false, "profile_background_color": "94D487", "profile_background_image_url": "http://abs.twimg.com/images/themes/theme1/bg.png", "profile_background_image_url_https": "https://abs.twimg.com/images/themes/theme1/bg.png", "profile_background_tile": false, "profile_image_url": "http://pbs.twimg.com/profile_images/620722800714772480/VU9vN6Xz_normal.jpg", "profile_image_url_https": "https://pbs.twimg.com/profile_images/620722800714772480/VU9vN6Xz_normal.jpg", "profile_banner_url": "https://pbs.twimg.com/profile_banners/209485824/1432582899", "profile_link_color": "038543", "profile_sidebar_border_color": "DBE9ED", "profile_sidebar_fill_color": "E6F6F9", "profile_text_color": "333333", "profile_use_background_image": false, "has_extended_profile": false, "default_profile": false, "default_profile_image": false, "following": false, "follow_request_sent": false, "notifications": false, "translator_type": "regular"}, "geo": null, "coordinates": null, "place": null, "contributors": null, "is_quote_status": false, "retweet_count": 0, "favorite_count": 0, "favorited": false, "retweeted": false, "lang": "de", "reply_count": 0}