{"created_at": "Sun Jul 12 21:45:54 +0000 2015", "id": 620348380523278336, "id_str": "620348380523278336", "full_text": "@Awesomeplctures \nHallelujah and praise Sobhan God Almighty . Do not be worshiped except You Glory I oppressors", "truncated": false, "display_text_range": [0, 111], "entities": {"hashtags": [], "symbols": [], "user_mentions": [], "urls": []}, "source": "<a href=\"http://twitter.com/download/iphone\" rel=\"nofollow\">Twitter for iPhone</a>", "in_reply_to_status_id": 618713009763041280, "in_reply_to_status_id_str": "618713009763041280", "in_reply_to_user_id": 746950860, "in_reply_to_user_id_str": "746950860", "in_reply_to_screen_name": "Awesome_planet_", "user": {"id": 951890113, "id_str": "951890113", "name": "\u0637\u0647 \u062d\u0633\u064a\u0646 \u0627\u067e\u0648\u0647\u064a\u062b\u0645\ud83d\udc99\ud83e\udd0d", "screen_name": "taha01219_", "location": "\u0627\u0644\u0645\u0645\u0644\u0643\u0629 \u0627\u0644\u0639\u0631\u0628\u064a\u0629 \u0627\u0644\u0633\u0639\u0648\u062f\u064a\u0629", "description": "\u0648\u0641\u064a \u0627\u0644\u0635\u0644\u0627\u0629 \u0633\u0639\u0627\u062f\u0647 \u0644\u0627 \u064a\u0633\u062a\u0637\u0639\u0645\u0647\u0627 \u0627\u0644\u0627 \u0627\u0644\u0645\u0635\u0644\u064a\u0646 ..", "url": null, "entities": {"description": {"urls": []}}, "protected": false, "followers_count": 657, "friends_count": 372, "listed_count": 5, "created_at": "Fri Nov 16 15:28:03 +0000 2012", "favourites_count": 1840, "utc_offset": null, "time_zone": null, "geo_enabled": true, "verified": false, "statuses_count": 20119, "lang": null, "contributors_enabled": false, "is_translator": false, "is_translation_enabled": false, "profile_background_color": "C0DEED", "profile_background_image_url": "http://abs.twimg.com/images/themes/theme1/bg.png", "profile_background_image_url_https": "https://abs.twimg.com/images/themes/theme1/bg.png", "profile_background_tile": false, "profile_image_url": "http://pbs.twimg.com/profile_images/1227115980226203649/fcaUYT1I_normal.jpg", "profile_image_url_https": "https://pbs.twimg.com/profile_images/1227115980226203649/fcaUYT1I_normal.jpg", "profile_banner_url": "https://pbs.twimg.com/profile_banners/951890113/1470020583", "profile_link_color": "1DA1F2", "profile_sidebar_border_color": "C0DEED", "profile_sidebar_fill_color": "DDEEF6", "profile_text_color": "333333", "profile_use_background_image": true, "has_extended_profile": false, "default_profile": true, "default_profile_image": false, "following": false, "follow_request_sent": false, "notifications": false, "translator_type": "none"}, "geo": null, "coordinates": null, "place": null, "contributors": null, "is_quote_status": false, "retweet_count": 0, "favorite_count": 0, "favorited": false, "retweeted": false, "lang": "en", "reply_count": 0}