{"created_at": "Mon Jul 13 05:27:15 +0000 2015", "id": 620464484054867968, "id_str": "620464484054867968", "full_text": "@awesomeplctures @adorable_earth \nStrange. No photoshop\u2026?", "truncated": false, "display_text_range": [0, 57], "entities": {"hashtags": [], "symbols": [], "user_mentions": [{"screen_name": "ADORABLE_EARTH", "name": "Bernhard Broili\u00a9", "id": 1242345190305587200, "id_str": "1242345190305587200", "indices": [17, 32]}], "urls": []}, "source": "<a href=\"http://itunes.apple.com/us/app/twitter/id409789998?mt=12\" rel=\"nofollow\">Twitter for Mac</a>", "in_reply_to_status_id": 618713009763041280, "in_reply_to_status_id_str": "618713009763041280", "in_reply_to_user_id": 746950860, "in_reply_to_user_id_str": "746950860", "in_reply_to_screen_name": "Awesome_planet_", "user": {"id": 35266671, "id_str": "35266671", "name": "Nico Baaijens", "screen_name": "calculus2", "location": "NL", "description": "Science and Technology writer, Pro Europe. Anti EU. Admirer of Edgar Allan Poe. Likes Russian music, poetry, ballet and culture.", "url": "https://t.co/mNbFCxehkx", "entities": {"url": {"urls": [{"url": "https://t.co/mNbFCxehkx", "expanded_url": "http://alturl.com/zuuvn", "display_url": "alturl.com/zuuvn", "indices": [0, 23]}]}, "description": {"urls": []}}, "protected": false, "followers_count": 1092, "friends_count": 1315, "listed_count": 15, "created_at": "Sat Apr 25 17:47:36 +0000 2009", "favourites_count": 2239, "utc_offset": null, "time_zone": null, "geo_enabled": true, "verified": false, "statuses_count": 15672, "lang": null, "contributors_enabled": false, "is_translator": false, "is_translation_enabled": false, "profile_background_color": "C0DEED", "profile_background_image_url": "http://abs.twimg.com/images/themes/theme4/bg.gif", "profile_background_image_url_https": "https://abs.twimg.com/images/themes/theme4/bg.gif", "profile_background_tile": true, "profile_image_url": "http://pbs.twimg.com/profile_images/718431113069211648/V3eRemK4_normal.jpg", "profile_image_url_https": "https://pbs.twimg.com/profile_images/718431113069211648/V3eRemK4_normal.jpg", "profile_link_color": "0084B4", "profile_sidebar_border_color": "C0DEED", "profile_sidebar_fill_color": "DDEEF6", "profile_text_color": "333333", "profile_use_background_image": true, "has_extended_profile": false, "default_profile": false, "default_profile_image": false, "following": false, "follow_request_sent": false, "notifications": false, "translator_type": "none"}, "geo": null, "coordinates": null, "place": null, "contributors": null, "is_quote_status": false, "retweet_count": 0, "favorite_count": 0, "favorited": false, "retweeted": false, "lang": "en", "reply_count": 0}