{"created_at": "Mon Jul 13 05:36:06 +0000 2015", "id": 620466711293067264, "id_str": "620466711293067264", "full_text": "@Awesomeplctures @ukkayukka \u5927\u304d\u304f\u80b2\u3063\u305f\u3084\u3064\u3082\u3044\u308b\u306e\u306d\u3002", "truncated": false, "display_text_range": [0, 42], "entities": {"hashtags": [], "symbols": [], "user_mentions": [], "urls": []}, "source": "<a href=\"http://twitter.com\" rel=\"nofollow\">Twitter Web Client</a>", "in_reply_to_status_id": 618713009763041280, "in_reply_to_status_id_str": "618713009763041280", "in_reply_to_user_id": 746950860, "in_reply_to_user_id_str": "746950860", "in_reply_to_screen_name": "Awesome_planet_", "user": {"id": 147778233, "id_str": "147778233", "name": "@akira0000k", "screen_name": "akira0000k", "location": "\u7a62\u571f yedo", "description": "\u4e8c\u91cd\u30de\u30b9\u30af\u3001\u4e73\u9178\u83cc", "url": "http://t.co/tSFBI5uZ8j", "entities": {"url": {"urls": [{"url": "http://t.co/tSFBI5uZ8j", "expanded_url": "http://photozou.jp/photo/top/3083131", "display_url": "photozou.jp/photo/top/3083\u2026", "indices": [0, 22]}]}, "description": {"urls": []}}, "protected": false, "followers_count": 734, "friends_count": 996, "listed_count": 33, "created_at": "Tue May 25 01:22:10 +0000 2010", "favourites_count": 4720, "utc_offset": null, "time_zone": null, "geo_enabled": true, "verified": false, "statuses_count": 114088, "lang": null, "contributors_enabled": false, "is_translator": false, "is_translation_enabled": false, "profile_background_color": "C6E2EE", "profile_background_image_url": "http://abs.twimg.com/images/themes/theme2/bg.gif", "profile_background_image_url_https": "https://abs.twimg.com/images/themes/theme2/bg.gif", "profile_background_tile": false, "profile_image_url": "http://pbs.twimg.com/profile_images/1216438152/icon5160141275596149044272x272-002-jackson_normal.JPG", "profile_image_url_https": "https://pbs.twimg.com/profile_images/1216438152/icon5160141275596149044272x272-002-jackson_normal.JPG", "profile_link_color": "1F98C7", "profile_sidebar_border_color": "C6E2EE", "profile_sidebar_fill_color": "DAECF4", "profile_text_color": "663B12", "profile_use_background_image": true, "has_extended_profile": false, "default_profile": false, "default_profile_image": false, "following": false, "follow_request_sent": false, "notifications": false, "translator_type": "none"}, "geo": null, "coordinates": null, "place": null, "contributors": null, "is_quote_status": false, "retweet_count": 0, "favorite_count": 1, "favorited": false, "retweeted": false, "lang": "ja", "reply_count": 0}