{"created_at": "Mon Jul 13 14:03:49 +0000 2015", "id": 620594483114020864, "id_str": "620594483114020864", "full_text": "@Awesomeplctures @AbdullahSaylam \nWowww!!!\nIs a big problem.", "truncated": false, "display_text_range": [0, 60], "entities": {"hashtags": [], "symbols": [], "user_mentions": [{"screen_name": "AbdullahSaylam", "name": "..", "id": 736085280143200256, "id_str": "736085280143200256", "indices": [17, 32]}], "urls": []}, "source": "<a href=\"http://twitter.com/download/android\" rel=\"nofollow\">Twitter for Android</a>", "in_reply_to_status_id": 618713009763041280, "in_reply_to_status_id_str": "618713009763041280", "in_reply_to_user_id": 746950860, "in_reply_to_user_id_str": "746950860", "in_reply_to_screen_name": "Awesome_planet_", "user": {"id": 3139320574, "id_str": "3139320574", "name": "Lesvia Quintero", "screen_name": "4c236cfc2d894a9", "location": "", "description": "", "url": null, "entities": {"description": {"urls": []}}, "protected": false, "followers_count": 209, "friends_count": 292, "listed_count": 0, "created_at": "Mon Apr 06 05:11:04 +0000 2015", "favourites_count": 4702, "utc_offset": null, "time_zone": null, "geo_enabled": true, "verified": false, "statuses_count": 5537, "lang": null, "contributors_enabled": false, "is_translator": false, "is_translation_enabled": false, "profile_background_color": "C0DEED", "profile_background_image_url": "http://abs.twimg.com/images/themes/theme1/bg.png", "profile_background_image_url_https": "https://abs.twimg.com/images/themes/theme1/bg.png", "profile_background_tile": false, "profile_image_url": "http://pbs.twimg.com/profile_images/706624049649045505/EAUC8HvV_normal.jpg", "profile_image_url_https": "https://pbs.twimg.com/profile_images/706624049649045505/EAUC8HvV_normal.jpg", "profile_banner_url": "https://pbs.twimg.com/profile_banners/3139320574/1457307276", "profile_link_color": "1DA1F2", "profile_sidebar_border_color": "C0DEED", "profile_sidebar_fill_color": "DDEEF6", "profile_text_color": "333333", "profile_use_background_image": true, "has_extended_profile": false, "default_profile": true, "default_profile_image": false, "following": false, "follow_request_sent": false, "notifications": false, "translator_type": "none"}, "geo": null, "coordinates": null, "place": null, "contributors": null, "is_quote_status": false, "retweet_count": 0, "favorite_count": 1, "favorited": false, "retweeted": false, "lang": "en", "reply_count": 0}