{"created_at": "Mon Jul 13 14:03:34 +0000 2015", "id": 620594418379128833, "id_str": "620594418379128833", "full_text": "@Awesomeplctures @usakobamin \n\uff1f", "truncated": false, "display_text_range": [0, 31], "entities": {"hashtags": [], "symbols": [], "user_mentions": [{"screen_name": "usakobamin", "name": "\u3075\u3046\u3046\u3055\u304e", "id": 386663411, "id_str": "386663411", "indices": [17, 28]}], "urls": []}, "source": "<a href=\"http://twitter.com/download/android\" rel=\"nofollow\">Twitter for Android</a>", "in_reply_to_status_id": 618713009763041280, "in_reply_to_status_id_str": "618713009763041280", "in_reply_to_user_id": 746950860, "in_reply_to_user_id_str": "746950860", "in_reply_to_screen_name": "Awesome_planet_", "user": {"id": 3224934192, "id_str": "3224934192", "name": "moco", "screen_name": "mokomoko_0429", "location": "", "description": "", "url": null, "entities": {"description": {"urls": []}}, "protected": false, "followers_count": 13, "friends_count": 34, "listed_count": 0, "created_at": "Sun May 24 08:06:12 +0000 2015", "favourites_count": 45, "utc_offset": null, "time_zone": null, "geo_enabled": true, "verified": false, "statuses_count": 148, "lang": null, "contributors_enabled": false, "is_translator": false, "is_translation_enabled": false, "profile_background_color": "C0DEED", "profile_background_image_url": "http://abs.twimg.com/images/themes/theme1/bg.png", "profile_background_image_url_https": "https://abs.twimg.com/images/themes/theme1/bg.png", "profile_background_tile": false, "profile_image_url": "http://pbs.twimg.com/profile_images/602386614308900864/cF_zHzp0_normal.jpg", "profile_image_url_https": "https://pbs.twimg.com/profile_images/602386614308900864/cF_zHzp0_normal.jpg", "profile_link_color": "1DA1F2", "profile_sidebar_border_color": "C0DEED", "profile_sidebar_fill_color": "DDEEF6", "profile_text_color": "333333", "profile_use_background_image": true, "has_extended_profile": false, "default_profile": true, "default_profile_image": false, "following": false, "follow_request_sent": false, "notifications": false, "translator_type": "none"}, "geo": null, "coordinates": null, "place": null, "contributors": null, "is_quote_status": false, "retweet_count": 0, "favorite_count": 1, "favorited": false, "retweeted": false, "lang": "und", "reply_count": 0}