{"created_at": "Mon Jul 13 13:58:45 +0000 2015", "id": 620593209161437184, "id_str": "620593209161437184", "full_text": "@draaiomjeoren1 @Awesomeplctures \nhttps://t.co/eSjyPJLRLP", "truncated": false, "display_text_range": [0, 57], "entities": {"hashtags": [], "symbols": [], "user_mentions": [], "urls": [{"url": "https://t.co/eSjyPJLRLP", "expanded_url": "https://youtu.be/raMbWXNnbJQ", "display_url": "youtu.be/raMbWXNnbJQ", "indices": [34, 57]}]}, "source": "<a href=\"http://twitter.com/download/android\" rel=\"nofollow\">Twitter for Android</a>", "in_reply_to_status_id": 620591369044762624, "in_reply_to_status_id_str": "620591369044762624", "in_reply_to_user_id": 32340932, "in_reply_to_user_id_str": "32340932", "in_reply_to_screen_name": "changnoi2018", "user": {"id": 1461704329, "id_str": "1461704329", "name": "\ud835\udc7c\ud835\udc8a\ud835\udc8d\ud835\udc95\ud835\udc8b\ud835\udc86....! *\ud83e\udd89* \ud83d\ude9c", "screen_name": "THX113812", "location": "Planet earth. NL ", "description": "Remember", "url": "https://t.co/imqxlsCDGB", "entities": {"url": {"urls": [{"url": "https://t.co/imqxlsCDGB", "expanded_url": "https://youtu.be/Wy7Q6wazD_E", "display_url": "youtu.be/Wy7Q6wazD_E", "indices": [0, 23]}]}, "description": {"urls": []}}, "protected": false, "followers_count": 1232, "friends_count": 1148, "listed_count": 116, "created_at": "Mon May 27 09:28:43 +0000 2013", "favourites_count": 61581, "utc_offset": null, "time_zone": null, "geo_enabled": false, "verified": false, "statuses_count": 141061, "lang": null, "contributors_enabled": false, "is_translator": false, "is_translation_enabled": false, "profile_background_color": "ACDED6", "profile_background_image_url": "http://abs.twimg.com/images/themes/theme18/bg.gif", "profile_background_image_url_https": "https://abs.twimg.com/images/themes/theme18/bg.gif", "profile_background_tile": false, "profile_image_url": "http://pbs.twimg.com/profile_images/1108486348271484929/gP9_o7IH_normal.jpg", "profile_image_url_https": "https://pbs.twimg.com/profile_images/1108486348271484929/gP9_o7IH_normal.jpg", "profile_banner_url": "https://pbs.twimg.com/profile_banners/1461704329/1509829973", "profile_link_color": "038543", "profile_sidebar_border_color": "EEEEEE", "profile_sidebar_fill_color": "F6F6F6", "profile_text_color": "333333", "profile_use_background_image": true, "has_extended_profile": false, "default_profile": false, "default_profile_image": false, "following": false, "follow_request_sent": false, "notifications": false, "translator_type": "none"}, "geo": null, "coordinates": null, "place": null, "contributors": null, "is_quote_status": false, "retweet_count": 0, "favorite_count": 0, "favorited": false, "retweeted": false, "possibly_sensitive": false, "possibly_sensitive_appealable": false, "lang": "und", "reply_count": 0}