{"created_at": "Mon Jul 13 13:55:24 +0000 2015", "id": 620592365607211008, "id_str": "620592365607211008", "full_text": "@Awesomeplctures @AbdullahSaylam   WOW!!!", "truncated": false, "display_text_range": [0, 41], "entities": {"hashtags": [], "symbols": [], "user_mentions": [{"screen_name": "AbdullahSaylam", "name": "..", "id": 736085280143200256, "id_str": "736085280143200256", "indices": [17, 32]}], "urls": []}, "source": "<a href=\"http://twitter.com/download/iphone\" rel=\"nofollow\">Twitter for iPhone</a>", "in_reply_to_status_id": 618713009763041280, "in_reply_to_status_id_str": "618713009763041280", "in_reply_to_user_id": 746950860, "in_reply_to_user_id_str": "746950860", "in_reply_to_screen_name": "Awesome_planet_", "user": {"id": 48803107, "id_str": "48803107", "name": "Amanda Fabisiewicz", "screen_name": "fabisiewicz", "location": "chesterfield, england", "description": "I am marvelous, wonderful, crazy loving and looking for some nice people!!!!! didn't know would be so difficult to find", "url": null, "entities": {"description": {"urls": []}}, "protected": false, "followers_count": 21, "friends_count": 195, "listed_count": 0, "created_at": "Fri Jun 19 19:33:14 +0000 2009", "favourites_count": 599, "utc_offset": null, "time_zone": null, "geo_enabled": true, "verified": false, "statuses_count": 80, "lang": null, "contributors_enabled": false, "is_translator": false, "is_translation_enabled": false, "profile_background_color": "642D8B", "profile_background_image_url": "http://abs.twimg.com/images/themes/theme10/bg.gif", "profile_background_image_url_https": "https://abs.twimg.com/images/themes/theme10/bg.gif", "profile_background_tile": true, "profile_image_url": "http://pbs.twimg.com/profile_images/2673703345/69fd0734729d43bf6cf92f591b660c9a_normal.png", "profile_image_url_https": "https://pbs.twimg.com/profile_images/2673703345/69fd0734729d43bf6cf92f591b660c9a_normal.png", "profile_link_color": "FF0000", "profile_sidebar_border_color": "65B0DA", "profile_sidebar_fill_color": "7AC3EE", "profile_text_color": "3D1957", "profile_use_background_image": true, "has_extended_profile": false, "default_profile": false, "default_profile_image": false, "following": false, "follow_request_sent": false, "notifications": false, "translator_type": "none"}, "geo": null, "coordinates": null, "place": null, "contributors": null, "is_quote_status": false, "retweet_count": 0, "favorite_count": 1, "favorited": false, "retweeted": false, "lang": "und", "reply_count": 0}