{"created_at": "Mon Jul 13 13:47:48 +0000 2015", "id": 620590452518072321, "id_str": "620590452518072321", "full_text": "@Awesomeplctures @AbdullahSaylam @DiamondNTheMind", "truncated": false, "display_text_range": [0, 49], "entities": {"hashtags": [], "symbols": [], "user_mentions": [{"screen_name": "AbdullahSaylam", "name": "..", "id": 736085280143200256, "id_str": "736085280143200256", "indices": [17, 32]}, {"screen_name": "DiamondNTheMind", "name": "~ L A U R I E ~", "id": 941931596, "id_str": "941931596", "indices": [33, 49]}], "urls": []}, "source": "<a href=\"http://twitter.com\" rel=\"nofollow\">Twitter Web Client</a>", "in_reply_to_status_id": 618713009763041280, "in_reply_to_status_id_str": "618713009763041280", "in_reply_to_user_id": 746950860, "in_reply_to_user_id_str": "746950860", "in_reply_to_screen_name": "Awesome_planet_", "user": {"id": 169700940, "id_str": "169700940", "name": "Lisa", "screen_name": "LisaRobertsER1", "location": "Ontario/Canada", "description": "Dogs..Wild animals..Horse racing..", "url": null, "entities": {"description": {"urls": []}}, "protected": false, "followers_count": 392, "friends_count": 463, "listed_count": 3, "created_at": "Thu Jul 22 23:46:33 +0000 2010", "favourites_count": 46216, "utc_offset": null, "time_zone": null, "geo_enabled": false, "verified": false, "statuses_count": 101196, "lang": null, "contributors_enabled": false, "is_translator": false, "is_translation_enabled": false, "profile_background_color": "131516", "profile_background_image_url": "http://abs.twimg.com/images/themes/theme14/bg.gif", "profile_background_image_url_https": "https://abs.twimg.com/images/themes/theme14/bg.gif", "profile_background_tile": true, "profile_image_url": "http://pbs.twimg.com/profile_images/1272457940990132224/d4CSx3mA_normal.jpg", "profile_image_url_https": "https://pbs.twimg.com/profile_images/1272457940990132224/d4CSx3mA_normal.jpg", "profile_banner_url": "https://pbs.twimg.com/profile_banners/169700940/1527507624", "profile_link_color": "3B94D9", "profile_sidebar_border_color": "FFFFFF", "profile_sidebar_fill_color": "EFEFEF", "profile_text_color": "333333", "profile_use_background_image": true, "has_extended_profile": false, "default_profile": false, "default_profile_image": false, "following": false, "follow_request_sent": false, "notifications": false, "translator_type": "none"}, "geo": null, "coordinates": null, "place": null, "contributors": null, "is_quote_status": false, "retweet_count": 0, "favorite_count": 1, "favorited": false, "retweeted": false, "lang": "und", "reply_count": 0}