{"created_at": "Mon Jul 13 14:01:04 +0000 2015", "id": 620593791213416448, "id_str": "620593791213416448", "full_text": "@Awesomeplctures @AbdullahSaylam \ud83d\ude28\ud83d\ude28\ud83d\ude28\ud83d\ude31\ud83d\ude31\ud83d\ude31", "truncated": false, "display_text_range": [0, 39], "entities": {"hashtags": [], "symbols": [], "user_mentions": [{"screen_name": "AbdullahSaylam", "name": "..", "id": 736085280143200256, "id_str": "736085280143200256", "indices": [17, 32]}], "urls": []}, "source": "<a href=\"http://twitter.com/download/android\" rel=\"nofollow\">Twitter for Android</a>", "in_reply_to_status_id": 618713009763041280, "in_reply_to_status_id_str": "618713009763041280", "in_reply_to_user_id": 746950860, "in_reply_to_user_id_str": "746950860", "in_reply_to_screen_name": "Awesome_planet_", "user": {"id": 45661685, "id_str": "45661685", "name": "Anto&basta \ud83e\udd8f#AntiPDforever.", "screen_name": "Nellysmack", "location": "Emilia Romagna, Italia", "description": "L'IGNORANZA E ' I NFINITA....COME L'UNIVERSO.Non esiste tolleranza o dialogo verso chi mi aggredisce e/o offende.", "url": null, "entities": {"description": {"urls": []}}, "protected": false, "followers_count": 568, "friends_count": 814, "listed_count": 11, "created_at": "Mon Jun 08 20:29:20 +0000 2009", "favourites_count": 31383, "utc_offset": null, "time_zone": null, "geo_enabled": true, "verified": false, "statuses_count": 12632, "lang": null, "contributors_enabled": false, "is_translator": false, "is_translation_enabled": false, "profile_background_color": "C0DEED", "profile_background_image_url": "http://abs.twimg.com/images/themes/theme1/bg.png", "profile_background_image_url_https": "https://abs.twimg.com/images/themes/theme1/bg.png", "profile_background_tile": true, "profile_image_url": "http://pbs.twimg.com/profile_images/1276958074771845121/U-vUAwJ7_normal.jpg", "profile_image_url_https": "https://pbs.twimg.com/profile_images/1276958074771845121/U-vUAwJ7_normal.jpg", "profile_banner_url": "https://pbs.twimg.com/profile_banners/45661685/1593285590", "profile_link_color": "333333", "profile_sidebar_border_color": "FFFFFF", "profile_sidebar_fill_color": "DDEEF6", "profile_text_color": "0084B4", "profile_use_background_image": false, "has_extended_profile": false, "default_profile": false, "default_profile_image": false, "following": false, "follow_request_sent": false, "notifications": false, "translator_type": "none"}, "geo": null, "coordinates": null, "place": null, "contributors": null, "is_quote_status": false, "retweet_count": 0, "favorite_count": 1, "favorited": false, "retweeted": false, "lang": "und", "reply_count": 0}