{"created_at": "Mon Jul 13 14:46:25 +0000 2015", "id": 620605203721490432, "id_str": "620605203721490432", "full_text": "@Awesomeplctures @AbdullahSaylam This is the actual fetus picture &amp; article, didn't survive. http://t.co/F2I1jyydKZ http://t.co/aW698r2bEP", "truncated": false, "display_text_range": [0, 142], "entities": {"hashtags": [], "symbols": [], "user_mentions": [{"screen_name": "AbdullahSaylam", "name": "..", "id": 736085280143200256, "id_str": "736085280143200256", "indices": [17, 32]}], "urls": [{"url": "http://t.co/F2I1jyydKZ", "expanded_url": "http://voices.nationalgeographic.com/2013/03/26/two-headed-shark-found-by-fisherman/", "display_url": "voices.nationalgeographic.com/2013/03/26/two\u2026", "indices": [97, 119]}], "media": [{"id": 620605201167192065, "id_str": "620605201167192065", "indices": [120, 142], "media_url": "http://pbs.twimg.com/media/CJzVJHFUkAEiZWD.jpg", "media_url_https": "https://pbs.twimg.com/media/CJzVJHFUkAEiZWD.jpg", "url": "http://t.co/aW698r2bEP", "display_url": "pic.twitter.com/aW698r2bEP", "expanded_url": "https://twitter.com/atrzy/status/620605203721490432/photo/1", "type": "photo", "sizes": {"thumb": {"w": 150, "h": 150, "resize": "crop"}, "large": {"w": 528, "h": 370, "resize": "fit"}, "medium": {"w": 528, "h": 370, "resize": "fit"}, "small": {"w": 528, "h": 370, "resize": "fit"}}}]}, "extended_entities": {"media": [{"id": 620605201167192065, "id_str": "620605201167192065", "indices": [120, 142], "media_url": "http://pbs.twimg.com/media/CJzVJHFUkAEiZWD.jpg", "media_url_https": "https://pbs.twimg.com/media/CJzVJHFUkAEiZWD.jpg", "url": "http://t.co/aW698r2bEP", "display_url": "pic.twitter.com/aW698r2bEP", "expanded_url": "https://twitter.com/atrzy/status/620605203721490432/photo/1", "type": "photo", "sizes": {"thumb": {"w": 150, "h": 150, "resize": "crop"}, "large": {"w": 528, "h": 370, "resize": "fit"}, "medium": {"w": 528, "h": 370, "resize": "fit"}, "small": {"w": 528, "h": 370, "resize": "fit"}}}]}, "source": "<a href=\"http://twitter.com/#!/download/ipad\" rel=\"nofollow\">Twitter for iPad</a>", "in_reply_to_status_id": 618713009763041280, "in_reply_to_status_id_str": "618713009763041280", "in_reply_to_user_id": 746950860, "in_reply_to_user_id_str": "746950860", "in_reply_to_screen_name": "Awesome_planet_", "user": {"id": 46626587, "id_str": "46626587", "name": "Ann", "screen_name": "atrzy", "location": "Arizona, USA", "description": "Former Court Appointed Child Advocate of Maricopa County", "url": null, "entities": {"description": {"urls": []}}, "protected": false, "followers_count": 1378, "friends_count": 998, "listed_count": 45, "created_at": "Fri Jun 12 10:44:06 +0000 2009", "favourites_count": 16385, "utc_offset": null, "time_zone": null, "geo_enabled": true, "verified": false, "statuses_count": 55986, "lang": null, "contributors_enabled": false, "is_translator": false, "is_translation_enabled": false, "profile_background_color": "131516", "profile_background_image_url": "http://abs.twimg.com/images/themes/theme14/bg.gif", "profile_background_image_url_https": "https://abs.twimg.com/images/themes/theme14/bg.gif", "profile_background_tile": true, "profile_image_url": "http://pbs.twimg.com/profile_images/465983269843255297/96j5nY9-_normal.jpeg", "profile_image_url_https": "https://pbs.twimg.com/profile_images/465983269843255297/96j5nY9-_normal.jpeg", "profile_banner_url": "https://pbs.twimg.com/profile_banners/46626587/1450391898", "profile_link_color": "009999", "profile_sidebar_border_color": "EEEEEE", "profile_sidebar_fill_color": "EFEFEF", "profile_text_color": "333333", "profile_use_background_image": true, "has_extended_profile": false, "default_profile": false, "default_profile_image": false, "following": false, "follow_request_sent": false, "notifications": false, "translator_type": "regular"}, "geo": null, "coordinates": null, "place": {"id": "a612c69b44b2e5da", "url": "https://api.twitter.com/1.1/geo/id/a612c69b44b2e5da.json", "place_type": "admin", "name": "Arizona", "full_name": "Arizona, USA", "country_code": "US", "country": "United States", "contained_within": [], "bounding_box": {"type": "Polygon", "coordinates": [[[-114.818269, 31.3322463], [-109.0451527, 31.3322463], [-109.0451527, 37.004261], [-114.818269, 37.004261]]]}, "attributes": {}}, "contributors": null, "is_quote_status": false, "retweet_count": 0, "favorite_count": 1, "favorited": false, "retweeted": false, "possibly_sensitive": false, "possibly_sensitive_appealable": false, "lang": "en", "reply_count": 0}