{"created_at": "Tue Jul 14 00:32:24 +0000 2015", "id": 620752671134367744, "id_str": "620752671134367744", "full_text": "@Awesomeplctures @tmcs28 Lmao! Awesome prop from \"2 HEADED SHARK ATTACK\" filmed in Florida and built by Cleve Hall http://t.co/HEaU4BGDh8", "truncated": false, "display_text_range": [0, 137], "entities": {"hashtags": [], "symbols": [], "user_mentions": [{"screen_name": "tmcs28", "name": "\ud83c\udf39", "id": 34387630, "id_str": "34387630", "indices": [17, 24]}], "urls": [], "media": [{"id": 620752670492528640, "id_str": "620752670492528640", "indices": [115, 137], "media_url": "http://pbs.twimg.com/media/CJ1bQ9IVEAApNNX.jpg", "media_url_https": "https://pbs.twimg.com/media/CJ1bQ9IVEAApNNX.jpg", "url": "http://t.co/HEaU4BGDh8", "display_url": "pic.twitter.com/HEaU4BGDh8", "expanded_url": "https://twitter.com/RoaringSunProd/status/620752671134367744/photo/1", "type": "photo", "sizes": {"thumb": {"w": 150, "h": 150, "resize": "crop"}, "large": {"w": 1280, "h": 956, "resize": "fit"}, "medium": {"w": 1200, "h": 896, "resize": "fit"}, "small": {"w": 680, "h": 508, "resize": "fit"}}}]}, "extended_entities": {"media": [{"id": 620752670492528640, "id_str": "620752670492528640", "indices": [115, 137], "media_url": "http://pbs.twimg.com/media/CJ1bQ9IVEAApNNX.jpg", "media_url_https": "https://pbs.twimg.com/media/CJ1bQ9IVEAApNNX.jpg", "url": "http://t.co/HEaU4BGDh8", "display_url": "pic.twitter.com/HEaU4BGDh8", "expanded_url": "https://twitter.com/RoaringSunProd/status/620752671134367744/photo/1", "type": "photo", "sizes": {"thumb": {"w": 150, "h": 150, "resize": "crop"}, "large": {"w": 1280, "h": 956, "resize": "fit"}, "medium": {"w": 1200, "h": 896, "resize": "fit"}, "small": {"w": 680, "h": 508, "resize": "fit"}}}]}, "source": "<a href=\"http://twitter.com\" rel=\"nofollow\">Twitter Web Client</a>", "in_reply_to_status_id": 618713009763041280, "in_reply_to_status_id_str": "618713009763041280", "in_reply_to_user_id": 746950860, "in_reply_to_user_id_str": "746950860", "in_reply_to_screen_name": "Awesome_planet_", "user": {"id": 537628712, "id_str": "537628712", "name": "BANDIT_1", "screen_name": "RoaringSunProd", "location": "", "description": "", "url": null, "entities": {"description": {"urls": []}}, "protected": false, "followers_count": 420, "friends_count": 1662, "listed_count": 0, "created_at": "Mon Mar 26 22:44:59 +0000 2012", "favourites_count": 6666, "utc_offset": null, "time_zone": null, "geo_enabled": false, "verified": false, "statuses_count": 8931, "lang": null, "contributors_enabled": false, "is_translator": false, "is_translation_enabled": false, "profile_background_color": "1A1B1F", "profile_background_image_url": "http://abs.twimg.com/images/themes/theme9/bg.gif", "profile_background_image_url_https": "https://abs.twimg.com/images/themes/theme9/bg.gif", "profile_background_tile": false, "profile_image_url": "http://pbs.twimg.com/profile_images/668599323840651264/hdhrkGnn_normal.jpg", "profile_image_url_https": "https://pbs.twimg.com/profile_images/668599323840651264/hdhrkGnn_normal.jpg", "profile_banner_url": "https://pbs.twimg.com/profile_banners/537628712/1448242834", "profile_link_color": "0D0206", "profile_sidebar_border_color": "FFFFFF", "profile_sidebar_fill_color": "DDEEF6", "profile_text_color": "333333", "profile_use_background_image": true, "has_extended_profile": false, "default_profile": false, "default_profile_image": false, "following": false, "follow_request_sent": false, "notifications": false, "translator_type": "none"}, "geo": null, "coordinates": null, "place": null, "contributors": null, "is_quote_status": false, "retweet_count": 0, "favorite_count": 1, "favorited": false, "retweeted": false, "possibly_sensitive": false, "possibly_sensitive_appealable": false, "lang": "en", "reply_count": 0}