{"created_at": "Wed Jul 15 05:37:54 +0000 2015", "id": 621191942190202880, "id_str": "621191942190202880", "full_text": "@Awesomeplctures @pintsize73 don't let Dr Evil find out about this!", "truncated": false, "display_text_range": [0, 67], "entities": {"hashtags": [], "symbols": [], "user_mentions": [{"screen_name": "pintsize73", "name": "Marie", "id": 2613143381, "id_str": "2613143381", "indices": [17, 28]}], "urls": []}, "source": "<a href=\"http://twitter.com/download/android\" rel=\"nofollow\">Twitter for Android</a>", "in_reply_to_status_id": 618713009763041280, "in_reply_to_status_id_str": "618713009763041280", "in_reply_to_user_id": 746950860, "in_reply_to_user_id_str": "746950860", "in_reply_to_screen_name": "Awesome_planet_", "user": {"id": 93461875, "id_str": "93461875", "name": "\ud83c\udf0a\ud83c\udf0a\ud83c\udf0aAndreWaters20\ud83c\udf0a\ud83c\udf0a\ud83c\udf0a", "screen_name": "AndreWaters20", "location": "Pittsburgh", "description": "#Resist #FBR atheist, vegan, and animal lover. I enjoy sports, punk rock. Humanist, LGBT, progressive, \nliberal, Democrat. #Sixers #Eagles \u24cb #FuckTrump", "url": null, "entities": {"description": {"urls": []}}, "protected": false, "followers_count": 11686, "friends_count": 12294, "listed_count": 67, "created_at": "Sun Nov 29 19:23:38 +0000 2009", "favourites_count": 65780, "utc_offset": null, "time_zone": null, "geo_enabled": true, "verified": false, "statuses_count": 64616, "lang": null, "contributors_enabled": false, "is_translator": false, "is_translation_enabled": false, "profile_background_color": "C6E2EE", "profile_background_image_url": "http://abs.twimg.com/images/themes/theme1/bg.png", "profile_background_image_url_https": "https://abs.twimg.com/images/themes/theme1/bg.png", "profile_background_tile": true, "profile_image_url": "http://pbs.twimg.com/profile_images/1061312258914074625/429wYpec_normal.jpg", "profile_image_url_https": "https://pbs.twimg.com/profile_images/1061312258914074625/429wYpec_normal.jpg", "profile_banner_url": "https://pbs.twimg.com/profile_banners/93461875/1592856816", "profile_link_color": "1F98C7", "profile_sidebar_border_color": "FFFFFF", "profile_sidebar_fill_color": "DDEEF6", "profile_text_color": "333333", "profile_use_background_image": true, "has_extended_profile": false, "default_profile": false, "default_profile_image": false, "following": false, "follow_request_sent": false, "notifications": false, "translator_type": "none"}, "geo": null, "coordinates": null, "place": {"id": "946ccd22e1c9cda1", "url": "https://api.twitter.com/1.1/geo/id/946ccd22e1c9cda1.json", "place_type": "city", "name": "Pittsburgh", "full_name": "Pittsburgh, PA", "country_code": "US", "country": "United States", "contained_within": [], "bounding_box": {"type": "Polygon", "coordinates": [[[-80.095586, 40.3615796], [-79.8657933, 40.3615796], [-79.8657933, 40.501198], [-80.095586, 40.501198]]]}, "attributes": {}}, "contributors": null, "is_quote_status": false, "retweet_count": 0, "favorite_count": 0, "favorited": false, "retweeted": false, "lang": "en", "reply_count": 0}