{"created_at": "Wed Jul 15 13:01:00 +0000 2015", "id": 621303450945613824, "id_str": "621303450945613824", "full_text": "@Awesomeplctures The wonders of photo-shop : here is a link to an image of most of the alleged two-headed shark .. http://t.co/lENVeRsRDg", "truncated": false, "display_text_range": [0, 137], "entities": {"hashtags": [], "symbols": [], "user_mentions": [], "urls": [{"url": "http://t.co/lENVeRsRDg", "expanded_url": "http://www.inquisitr.com/1305175/massive-great-white-shark-heading-to-texas/", "display_url": "inquisitr.com/1305175/massiv\u2026", "indices": [115, 137]}]}, "source": "<a href=\"http://twitter.com\" rel=\"nofollow\">Twitter Web Client</a>", "in_reply_to_status_id": 618713009763041280, "in_reply_to_status_id_str": "618713009763041280", "in_reply_to_user_id": 746950860, "in_reply_to_user_id_str": "746950860", "in_reply_to_screen_name": "Awesome_planet_", "user": {"id": 1278706004, "id_str": "1278706004", "name": "R0b1999", "screen_name": "R0b1999", "location": "", "description": "Following the good & the bad on Twitter.", "url": "https://t.co/6Ak0cjxes6", "entities": {"url": {"urls": [{"url": "https://t.co/6Ak0cjxes6", "expanded_url": "https://twitter.com/R0b1999/likes", "display_url": "twitter.com/R0b1999/likes", "indices": [0, 23]}]}, "description": {"urls": []}}, "protected": false, "followers_count": 134, "friends_count": 504, "listed_count": 6, "created_at": "Mon Mar 18 20:41:19 +0000 2013", "favourites_count": 156, "utc_offset": null, "time_zone": null, "geo_enabled": false, "verified": false, "statuses_count": 12985, "lang": null, "contributors_enabled": false, "is_translator": false, "is_translation_enabled": false, "profile_background_color": "000000", "profile_background_image_url": "http://abs.twimg.com/images/themes/theme14/bg.gif", "profile_background_image_url_https": "https://abs.twimg.com/images/themes/theme14/bg.gif", "profile_background_tile": true, "profile_image_url": "http://pbs.twimg.com/profile_images/913353259322105857/CJc0w_bJ_normal.jpg", "profile_image_url_https": "https://pbs.twimg.com/profile_images/913353259322105857/CJc0w_bJ_normal.jpg", "profile_banner_url": "https://pbs.twimg.com/profile_banners/1278706004/1505815240", "profile_link_color": "000000", "profile_sidebar_border_color": "000000", "profile_sidebar_fill_color": "000000", "profile_text_color": "000000", "profile_use_background_image": true, "has_extended_profile": false, "default_profile": false, "default_profile_image": false, "following": false, "follow_request_sent": false, "notifications": false, "translator_type": "none"}, "geo": null, "coordinates": null, "place": null, "contributors": null, "is_quote_status": false, "retweet_count": 0, "favorite_count": 0, "favorited": false, "retweeted": false, "possibly_sensitive": false, "possibly_sensitive_appealable": false, "lang": "en", "reply_count": 0}