{"created_at": "Wed Jul 15 15:22:03 +0000 2015", "id": 621338947143233536, "id_str": "621338947143233536", "full_text": "@Awesomeplctures @Koksalakn That's a picture from syfy movie. C'mon.", "truncated": false, "display_text_range": [0, 68], "entities": {"hashtags": [], "symbols": [], "user_mentions": [{"screen_name": "Koksalakn", "name": "K\u00f6ksal Ak\u0131n", "id": 1643909461, "id_str": "1643909461", "indices": [17, 27]}], "urls": []}, "source": "<a href=\"http://twitter.com/download/android\" rel=\"nofollow\">Twitter for Android</a>", "in_reply_to_status_id": 618713009763041280, "in_reply_to_status_id_str": "618713009763041280", "in_reply_to_user_id": 746950860, "in_reply_to_user_id_str": "746950860", "in_reply_to_screen_name": "Awesome_planet_", "user": {"id": 1242764322, "id_str": "1242764322", "name": "Julia", "screen_name": "creektothewest", "location": "Wisconsin", "description": "#K9Tough\ud83d\udc99#BackTheBlue Middle of the ocean or middle of the mountains are the best places for me.", "url": null, "entities": {"description": {"urls": []}}, "protected": false, "followers_count": 1740, "friends_count": 2177, "listed_count": 29, "created_at": "Tue Mar 05 03:41:38 +0000 2013", "favourites_count": 52853, "utc_offset": null, "time_zone": null, "geo_enabled": true, "verified": false, "statuses_count": 67342, "lang": null, "contributors_enabled": false, "is_translator": false, "is_translation_enabled": false, "profile_background_color": "C0DEED", "profile_background_image_url": "http://abs.twimg.com/images/themes/theme1/bg.png", "profile_background_image_url_https": "https://abs.twimg.com/images/themes/theme1/bg.png", "profile_background_tile": false, "profile_image_url": "http://pbs.twimg.com/profile_images/1003667353836707841/NbDgpKBr_normal.jpg", "profile_image_url_https": "https://pbs.twimg.com/profile_images/1003667353836707841/NbDgpKBr_normal.jpg", "profile_banner_url": "https://pbs.twimg.com/profile_banners/1242764322/1450834770", "profile_link_color": "1DA1F2", "profile_sidebar_border_color": "C0DEED", "profile_sidebar_fill_color": "DDEEF6", "profile_text_color": "333333", "profile_use_background_image": true, "has_extended_profile": false, "default_profile": true, "default_profile_image": false, "following": false, "follow_request_sent": false, "notifications": false, "translator_type": "none"}, "geo": null, "coordinates": null, "place": null, "contributors": null, "is_quote_status": false, "retweet_count": 0, "favorite_count": 1, "favorited": false, "retweeted": false, "lang": "en", "reply_count": 0}