{"created_at": "Fri Jul 17 18:17:27 +0000 2015", "id": 622107862609842176, "id_str": "622107862609842176", "full_text": "@Awesomeplctures @darthvette \u0447\u0442\u043e \u0442\u043e \u043f\u043e \u0421\u0442\u0438\u0432\u0435\u043d\u0443 \u041a\u0438\u043d\u0433\u0443 ,\u043c\u043e\u043d\u0441\u0442\u0440", "truncated": false, "display_text_range": [0, 60], "entities": {"hashtags": [], "symbols": [], "user_mentions": [{"screen_name": "darthvette", "name": "Robert", "id": 159235599, "id_str": "159235599", "indices": [17, 28]}], "urls": []}, "source": "<a href=\"http://twitter.com\" rel=\"nofollow\">Twitter Web Client</a>", "in_reply_to_status_id": 618713009763041280, "in_reply_to_status_id_str": "618713009763041280", "in_reply_to_user_id": 746950860, "in_reply_to_user_id_str": "746950860", "in_reply_to_screen_name": "Awesome_planet_", "user": {"id": 2666780155, "id_str": "2666780155", "name": "\u0421\u0435\u0440\u0451\u0433\u0430 \u0423 1244 \u0438 \u0423\u0441\u0442\u0430\u0432 Kosovo je Srbija", "screen_name": "smirov66", "location": "\u041c\u0443\u0440\u043c\u0430\u043d\u0441\u043a", "description": "\u042f - \u0440\u0443\u0441\u0441\u043a\u0438\u0439. \u042f \u0442\u043e\u0442 \u0441\u0430\u043c\u044b\u0439 \u043a\u043e\u043b\u043e\u0440\u0430\u0434. \u0421\u043e\u0432\u0434\u0435\u043f\u043e\u0432\u0441\u043a\u0438\u0439 \u043e\u0442\u0441\u0442\u043e\u0439, \u0440\u0430\u0448\u0438\u0441\u0442 \u0438 \u0432\u0430\u0442\u0430. \u042f \u0442\u043e\u0442, \u043a\u0442\u043e \u043b\u044e\u0431\u0438\u0442 \u0432\u043e\u0434\u043a\u0443 \u0438 \u041f\u0430\u0440\u0430\u0434, \u044f - \u043e\u0442\u043f\u0440\u044b\u0441\u043a \u043f\u043e\u0431\u0435\u0434\u0438\u0432\u0448\u0435\u0433\u043e \u0441\u043e\u043b\u0434\u0430\u0442\u0430...", "url": null, "entities": {"description": {"urls": []}}, "protected": false, "followers_count": 9419, "friends_count": 7912, "listed_count": 80, "created_at": "Mon Jul 21 18:25:16 +0000 2014", "favourites_count": 110298, "utc_offset": null, "time_zone": null, "geo_enabled": false, "verified": false, "statuses_count": 250369, "lang": null, "contributors_enabled": false, "is_translator": false, "is_translation_enabled": false, "profile_background_color": "4A913C", "profile_background_image_url": "http://abs.twimg.com/images/themes/theme1/bg.png", "profile_background_image_url_https": "https://abs.twimg.com/images/themes/theme1/bg.png", "profile_background_tile": false, "profile_image_url": "http://pbs.twimg.com/profile_images/589441964359090176/bOdqcEJA_normal.png", "profile_image_url_https": "https://pbs.twimg.com/profile_images/589441964359090176/bOdqcEJA_normal.png", "profile_banner_url": "https://pbs.twimg.com/profile_banners/2666780155/1437053662", "profile_link_color": "1B95E0", "profile_sidebar_border_color": "FFFFFF", "profile_sidebar_fill_color": "DDEEF6", "profile_text_color": "333333", "profile_use_background_image": true, "has_extended_profile": true, "default_profile": false, "default_profile_image": false, "following": false, "follow_request_sent": false, "notifications": false, "translator_type": "regular"}, "geo": null, "coordinates": null, "place": null, "contributors": null, "is_quote_status": false, "retweet_count": 0, "favorite_count": 2, "favorited": false, "retweeted": false, "lang": "ru", "reply_count": 0}