{"created_at": "Sat Jul 18 06:16:59 +0000 2015", "id": 622288939118768134, "id_str": "622288939118768134", "full_text": "@Awesomeplctures @BKrispinsky Wonder if one head or the other is in control. Or if one head or the other does most of the eating....", "truncated": false, "display_text_range": [0, 132], "entities": {"hashtags": [], "symbols": [], "user_mentions": [], "urls": []}, "source": "<a href=\"http://twitter.com\" rel=\"nofollow\">Twitter Web Client</a>", "in_reply_to_status_id": 618713009763041280, "in_reply_to_status_id_str": "618713009763041280", "in_reply_to_user_id": 746950860, "in_reply_to_user_id_str": "746950860", "in_reply_to_screen_name": "Awesome_planet_", "user": {"id": 215045056, "id_str": "215045056", "name": "\ud83c\udf3f PanDeism: An Anthology of the Creative Mind \ud83c\udf0c", "screen_name": "Pandeism", "location": "", "description": "#Pandeism is pantheistic Deism -- the philosophy that our Universe can logically be demonstrated to be the manifestation of a presently non-intervening Creator.", "url": "https://t.co/rc9f5htEZT", "entities": {"url": {"urls": [{"url": "https://t.co/rc9f5htEZT", "expanded_url": "https://www.amazon.com/Pandeism-Anthology-Knujon-Mapson/dp/1785354124", "display_url": "amazon.com/Pandeism-Antho\u2026", "indices": [0, 23]}]}, "description": {"urls": []}}, "protected": false, "followers_count": 2784, "friends_count": 1351, "listed_count": 293, "created_at": "Fri Nov 12 21:29:48 +0000 2010", "favourites_count": 58945, "utc_offset": null, "time_zone": null, "geo_enabled": false, "verified": false, "statuses_count": 143986, "lang": null, "contributors_enabled": false, "is_translator": false, "is_translation_enabled": false, "profile_background_color": "131516", "profile_background_image_url": "http://abs.twimg.com/images/themes/theme1/bg.png", "profile_background_image_url_https": "https://abs.twimg.com/images/themes/theme1/bg.png", "profile_background_tile": true, "profile_image_url": "http://pbs.twimg.com/profile_images/1541969322/Wave_normal.gif", "profile_image_url_https": "https://pbs.twimg.com/profile_images/1541969322/Wave_normal.gif", "profile_banner_url": "https://pbs.twimg.com/profile_banners/215045056/1401385328", "profile_link_color": "1F9900", "profile_sidebar_border_color": "8C308C", "profile_sidebar_fill_color": "FC620F", "profile_text_color": "333333", "profile_use_background_image": true, "has_extended_profile": false, "default_profile": false, "default_profile_image": false, "following": false, "follow_request_sent": false, "notifications": false, "translator_type": "none"}, "geo": null, "coordinates": null, "place": null, "contributors": null, "is_quote_status": false, "retweet_count": 0, "favorite_count": 1, "favorited": false, "retweeted": false, "lang": "en", "reply_count": 0}