{"created_at": "Sat Jul 18 08:48:24 +0000 2015", "id": 622327045138305024, "id_str": "622327045138305024", "full_text": "@Awesomeplctures @Pandeism Well I suppose it does make sense that other animals would have conjoined twins", "truncated": false, "display_text_range": [0, 106], "entities": {"hashtags": [], "symbols": [], "user_mentions": [{"screen_name": "Pandeism", "name": "\ud83c\udf3f PanDeism: An Anthology of the Creative Mind \ud83c\udf0c", "id": 215045056, "id_str": "215045056", "indices": [17, 26]}], "urls": []}, "source": "<a href=\"http://twitter.com/download/iphone\" rel=\"nofollow\">Twitter for iPhone</a>", "in_reply_to_status_id": 618713009763041280, "in_reply_to_status_id_str": "618713009763041280", "in_reply_to_user_id": 746950860, "in_reply_to_user_id_str": "746950860", "in_reply_to_screen_name": "Awesome_planet_", "user": {"id": 583269613, "id_str": "583269613", "name": "Keith", "screen_name": "NerdyKeith", "location": "Laois, Ireland", "description": "Defender of nerds, destroyer of naysayers. Bringing freedom, peace and love to the internet ... one tweet at a time.", "url": "https://t.co/9u2en2uRDn", "entities": {"url": {"urls": [{"url": "https://t.co/9u2en2uRDn", "expanded_url": "http://www.youtube.com/nerdykeith", "display_url": "youtube.com/nerdykeith", "indices": [0, 23]}]}, "description": {"urls": []}}, "protected": false, "followers_count": 243, "friends_count": 517, "listed_count": 46, "created_at": "Thu May 17 23:36:49 +0000 2012", "favourites_count": 1803, "utc_offset": null, "time_zone": null, "geo_enabled": true, "verified": false, "statuses_count": 15779, "lang": null, "contributors_enabled": false, "is_translator": false, "is_translation_enabled": false, "profile_background_color": "022330", "profile_background_image_url": "http://abs.twimg.com/images/themes/theme15/bg.png", "profile_background_image_url_https": "https://abs.twimg.com/images/themes/theme15/bg.png", "profile_background_tile": false, "profile_image_url": "http://pbs.twimg.com/profile_images/1262043547089334274/o6ei6c8G_normal.jpg", "profile_image_url_https": "https://pbs.twimg.com/profile_images/1262043547089334274/o6ei6c8G_normal.jpg", "profile_banner_url": "https://pbs.twimg.com/profile_banners/583269613/1462234692", "profile_link_color": "0084B4", "profile_sidebar_border_color": "A8C7F7", "profile_sidebar_fill_color": "C0DFEC", "profile_text_color": "333333", "profile_use_background_image": true, "has_extended_profile": true, "default_profile": false, "default_profile_image": false, "following": false, "follow_request_sent": false, "notifications": false, "translator_type": "none"}, "geo": null, "coordinates": null, "place": null, "contributors": null, "is_quote_status": false, "retweet_count": 0, "favorite_count": 0, "favorited": false, "retweeted": false, "lang": "en", "reply_count": 0}