{"created_at": "Sun Jul 19 20:19:49 +0000 2015", "id": 622863433692762112, "id_str": "622863433692762112", "full_text": "@AfTony52 @Awesomeplctures they are here in NY, I've seen a few times people with friends go + bring 2 small sheets of plywood make a path", "truncated": false, "display_text_range": [0, 138], "entities": {"hashtags": [], "symbols": [], "user_mentions": [{"screen_name": "AfTony52", "name": "Proud U.S. Marine", "id": 2715416474, "id_str": "2715416474", "indices": [0, 9]}], "urls": []}, "source": "<a href=\"http://twitter.com/download/android\" rel=\"nofollow\">Twitter for Android</a>", "in_reply_to_status_id": 622862579329699841, "in_reply_to_status_id_str": "622862579329699841", "in_reply_to_user_id": 2715416474, "in_reply_to_user_id_str": "2715416474", "in_reply_to_screen_name": "AfTony52", "user": {"id": 3154001755, "id_str": "3154001755", "name": "Jim Zivny", "screen_name": "MetalbenderXXX", "location": "", "description": "Build Restore Muscle cars Race cars Trucks. Drag racing Cruising Swap meets BBQ Fishing Dad to a jet mechanic + a musician. Possibility of adult humor", "url": null, "entities": {"description": {"urls": []}}, "protected": false, "followers_count": 224, "friends_count": 412, "listed_count": 5, "created_at": "Mon Apr 13 23:33:15 +0000 2015", "favourites_count": 2040, "utc_offset": null, "time_zone": null, "geo_enabled": true, "verified": false, "statuses_count": 5431, "lang": null, "contributors_enabled": false, "is_translator": false, "is_translation_enabled": false, "profile_background_color": "C0DEED", "profile_background_image_url": "http://abs.twimg.com/images/themes/theme1/bg.png", "profile_background_image_url_https": "https://abs.twimg.com/images/themes/theme1/bg.png", "profile_background_tile": false, "profile_image_url": "http://pbs.twimg.com/profile_images/588825260197281793/DnN3_-KX_normal.jpg", "profile_image_url_https": "https://pbs.twimg.com/profile_images/588825260197281793/DnN3_-KX_normal.jpg", "profile_banner_url": "https://pbs.twimg.com/profile_banners/3154001755/1428968807", "profile_link_color": "1DA1F2", "profile_sidebar_border_color": "C0DEED", "profile_sidebar_fill_color": "DDEEF6", "profile_text_color": "333333", "profile_use_background_image": true, "has_extended_profile": false, "default_profile": true, "default_profile_image": false, "following": false, "follow_request_sent": false, "notifications": false, "translator_type": "none"}, "geo": null, "coordinates": null, "place": {"id": "00c39537733fa112", "url": "https://api.twitter.com/1.1/geo/id/00c39537733fa112.json", "place_type": "city", "name": "Queens", "full_name": "Queens, NY", "country_code": "US", "country": "United States", "contained_within": [], "bounding_box": {"type": "Polygon", "coordinates": [[[-73.962582, 40.541722], [-73.699793, 40.541722], [-73.699793, 40.8000371], [-73.962582, 40.8000371]]]}, "attributes": {}}, "contributors": null, "is_quote_status": false, "retweet_count": 1, "favorite_count": 1, "favorited": false, "retweeted": false, "lang": "en", "reply_count": 2}