{"created_at": "Sun Jul 19 22:15:53 +0000 2015", "id": 622892643916361728, "id_str": "622892643916361728", "full_text": "@Awesomeplctures @Koksalakn \nTwo heads are better than one I guess ..?.... \ud83d\ude2e", "truncated": false, "display_text_range": [0, 76], "entities": {"hashtags": [], "symbols": [], "user_mentions": [{"screen_name": "Koksalakn", "name": "K\u00f6ksal Ak\u0131n", "id": 1643909461, "id_str": "1643909461", "indices": [17, 27]}], "urls": []}, "source": "<a href=\"http://twitter.com/#!/download/ipad\" rel=\"nofollow\">Twitter for iPad</a>", "in_reply_to_status_id": 618713009763041280, "in_reply_to_status_id_str": "618713009763041280", "in_reply_to_user_id": 746950860, "in_reply_to_user_id_str": "746950860", "in_reply_to_screen_name": "Awesome_planet_", "user": {"id": 1193233434, "id_str": "1193233434", "name": "Angela", "screen_name": "angelafrisby1", "location": "England, United Kingdom", "description": "Wife to an amazing husband. Mum to an amazing son who pushes the boundaries of what\u2019s achievable every day. Supporter of Downs Syndrome.", "url": null, "entities": {"description": {"urls": []}}, "protected": false, "followers_count": 51, "friends_count": 60, "listed_count": 0, "created_at": "Mon Feb 18 13:54:15 +0000 2013", "favourites_count": 3218, "utc_offset": null, "time_zone": null, "geo_enabled": false, "verified": false, "statuses_count": 1576, "lang": null, "contributors_enabled": false, "is_translator": false, "is_translation_enabled": false, "profile_background_color": "C0DEED", "profile_background_image_url": "http://abs.twimg.com/images/themes/theme1/bg.png", "profile_background_image_url_https": "https://abs.twimg.com/images/themes/theme1/bg.png", "profile_background_tile": false, "profile_image_url": "http://pbs.twimg.com/profile_images/1220048226075774976/7Nos9WKf_normal.jpg", "profile_image_url_https": "https://pbs.twimg.com/profile_images/1220048226075774976/7Nos9WKf_normal.jpg", "profile_link_color": "1DA1F2", "profile_sidebar_border_color": "C0DEED", "profile_sidebar_fill_color": "DDEEF6", "profile_text_color": "333333", "profile_use_background_image": true, "has_extended_profile": false, "default_profile": true, "default_profile_image": false, "following": false, "follow_request_sent": false, "notifications": false, "translator_type": "none"}, "geo": null, "coordinates": null, "place": null, "contributors": null, "is_quote_status": false, "retweet_count": 0, "favorite_count": 2, "favorited": false, "retweeted": false, "lang": "en", "reply_count": 0}