{"created_at": "Tue Jul 21 18:23:30 +0000 2015", "id": 623558939096055808, "id_str": "623558939096055808", "full_text": "@Awesomeplctures @AbdullahSaylam Sharknado !!", "truncated": false, "display_text_range": [0, 45], "entities": {"hashtags": [], "symbols": [], "user_mentions": [{"screen_name": "AbdullahSaylam", "name": "..", "id": 736085280143200256, "id_str": "736085280143200256", "indices": [17, 32]}], "urls": []}, "source": "<a href=\"http://twitter.com\" rel=\"nofollow\">Twitter Web Client</a>", "in_reply_to_status_id": 618713009763041280, "in_reply_to_status_id_str": "618713009763041280", "in_reply_to_user_id": 746950860, "in_reply_to_user_id_str": "746950860", "in_reply_to_screen_name": "Awesome_planet_", "user": {"id": 1484806561, "id_str": "1484806561", "name": "Andr\u00e9 D\u00fcrkop", "screen_name": "andreduerkop", "location": "in a cave somewhere in Germany", "description": "Hobby-Firefighter, Motorsport Fan, Jack of all (handyman) trades, Hobby-Astronomer, Photography, Chili Farmer, Proud member of the unofficial Roy Moore FC", "url": null, "entities": {"description": {"urls": []}}, "protected": false, "followers_count": 688, "friends_count": 2054, "listed_count": 9, "created_at": "Wed Jun 05 11:31:56 +0000 2013", "favourites_count": 9793, "utc_offset": null, "time_zone": null, "geo_enabled": true, "verified": false, "statuses_count": 15139, "lang": null, "contributors_enabled": false, "is_translator": false, "is_translation_enabled": false, "profile_background_color": "C0DEED", "profile_background_image_url": "http://abs.twimg.com/images/themes/theme1/bg.png", "profile_background_image_url_https": "https://abs.twimg.com/images/themes/theme1/bg.png", "profile_background_tile": false, "profile_image_url": "http://pbs.twimg.com/profile_images/1269690245722841090/btHE8t6W_normal.jpg", "profile_image_url_https": "https://pbs.twimg.com/profile_images/1269690245722841090/btHE8t6W_normal.jpg", "profile_banner_url": "https://pbs.twimg.com/profile_banners/1484806561/1591552652", "profile_link_color": "1DA1F2", "profile_sidebar_border_color": "C0DEED", "profile_sidebar_fill_color": "DDEEF6", "profile_text_color": "333333", "profile_use_background_image": true, "has_extended_profile": true, "default_profile": true, "default_profile_image": false, "following": false, "follow_request_sent": false, "notifications": false, "translator_type": "none"}, "geo": null, "coordinates": null, "place": {"id": "f314468bb9084f50", "url": "https://api.twitter.com/1.1/geo/id/f314468bb9084f50.json", "place_type": "city", "name": "Peine", "full_name": "Peine, Deutschland", "country_code": "DE", "country": "Germany", "contained_within": [], "bounding_box": {"type": "Polygon", "coordinates": [[[10.117724, 52.258141], [10.347746, 52.258141], [10.347746, 52.374558], [10.117724, 52.374558]]]}, "attributes": {}}, "contributors": null, "is_quote_status": false, "retweet_count": 0, "favorite_count": 0, "favorited": false, "retweeted": false, "lang": "sv", "reply_count": 0}