{"created_at": "Tue Jul 21 18:18:48 +0000 2015", "id": 623557755689897984, "id_str": "623557755689897984", "full_text": "@Awesomeplctures @AbdullahSaylam Omg", "truncated": false, "display_text_range": [0, 36], "entities": {"hashtags": [], "symbols": [], "user_mentions": [{"screen_name": "AbdullahSaylam", "name": "..", "id": 736085280143200256, "id_str": "736085280143200256", "indices": [17, 32]}], "urls": []}, "source": "<a href=\"http://twitter.com\" rel=\"nofollow\">Twitter Web Client</a>", "in_reply_to_status_id": 618713009763041280, "in_reply_to_status_id_str": "618713009763041280", "in_reply_to_user_id": 746950860, "in_reply_to_user_id_str": "746950860", "in_reply_to_screen_name": "Awesome_planet_", "user": {"id": 862756034, "id_str": "862756034", "name": "Chartist", "screen_name": "diamondsforex", "location": "UK", "description": "'If you are persistent you will get it. If you are consistent, you will keep it.'  NB:  Neither advice nor a signal service.  RT s are not endorsements.", "url": null, "entities": {"description": {"urls": []}}, "protected": false, "followers_count": 9279, "friends_count": 2225, "listed_count": 217, "created_at": "Fri Oct 05 09:05:12 +0000 2012", "favourites_count": 76471, "utc_offset": null, "time_zone": null, "geo_enabled": false, "verified": false, "statuses_count": 74366, "lang": null, "contributors_enabled": false, "is_translator": false, "is_translation_enabled": false, "profile_background_color": "000000", "profile_background_image_url": "http://abs.twimg.com/images/themes/theme1/bg.png", "profile_background_image_url_https": "https://abs.twimg.com/images/themes/theme1/bg.png", "profile_background_tile": false, "profile_image_url": "http://pbs.twimg.com/profile_images/378800000549194053/dc81cf7ee2fdb123f79cf8466f728791_normal.png", "profile_image_url_https": "https://pbs.twimg.com/profile_images/378800000549194053/dc81cf7ee2fdb123f79cf8466f728791_normal.png", "profile_banner_url": "https://pbs.twimg.com/profile_banners/862756034/1399137783", "profile_link_color": "1B95E0", "profile_sidebar_border_color": "000000", "profile_sidebar_fill_color": "000000", "profile_text_color": "000000", "profile_use_background_image": false, "has_extended_profile": false, "default_profile": false, "default_profile_image": false, "following": false, "follow_request_sent": false, "notifications": false, "translator_type": "none"}, "geo": null, "coordinates": null, "place": null, "contributors": null, "is_quote_status": false, "retweet_count": 0, "favorite_count": 2, "favorited": false, "retweeted": false, "lang": "und", "reply_count": 0}