{"created_at": "Tue Jul 21 18:25:01 +0000 2015", "id": 623559318672162816, "id_str": "623559318672162816", "full_text": "@Awesomeplctures @mozzomole siamese fins \ud83d\ude02\ud83d\ude02\ud83d\ude02\ud83d\ude02", "truncated": false, "display_text_range": [0, 45], "entities": {"hashtags": [], "symbols": [], "user_mentions": [{"screen_name": "mozzomole", "name": "Mattsputin", "id": 2462202717, "id_str": "2462202717", "indices": [17, 27]}], "urls": []}, "source": "<a href=\"http://twitter.com/download/android\" rel=\"nofollow\">Twitter for Android</a>", "in_reply_to_status_id": 618713009763041280, "in_reply_to_status_id_str": "618713009763041280", "in_reply_to_user_id": 746950860, "in_reply_to_user_id_str": "746950860", "in_reply_to_screen_name": "Awesome_planet_", "user": {"id": 2919456183, "id_str": "2919456183", "name": "Chris Welshie Jones", "screen_name": "chrisdeburg16", "location": "", "description": "", "url": null, "entities": {"description": {"urls": []}}, "protected": false, "followers_count": 294, "friends_count": 404, "listed_count": 3, "created_at": "Sat Dec 13 11:35:23 +0000 2014", "favourites_count": 7811, "utc_offset": null, "time_zone": null, "geo_enabled": true, "verified": false, "statuses_count": 7847, "lang": null, "contributors_enabled": false, "is_translator": false, "is_translation_enabled": false, "profile_background_color": "C0DEED", "profile_background_image_url": "http://abs.twimg.com/images/themes/theme1/bg.png", "profile_background_image_url_https": "https://abs.twimg.com/images/themes/theme1/bg.png", "profile_background_tile": false, "profile_image_url": "http://pbs.twimg.com/profile_images/642372491302846464/dWsEz1MX_normal.jpg", "profile_image_url_https": "https://pbs.twimg.com/profile_images/642372491302846464/dWsEz1MX_normal.jpg", "profile_banner_url": "https://pbs.twimg.com/profile_banners/2919456183/1438095506", "profile_link_color": "1DA1F2", "profile_sidebar_border_color": "C0DEED", "profile_sidebar_fill_color": "DDEEF6", "profile_text_color": "333333", "profile_use_background_image": true, "has_extended_profile": true, "default_profile": true, "default_profile_image": false, "following": false, "follow_request_sent": false, "notifications": false, "translator_type": "none"}, "geo": null, "coordinates": null, "place": null, "contributors": null, "is_quote_status": false, "retweet_count": 2, "favorite_count": 2, "favorited": false, "retweeted": false, "lang": "en", "reply_count": 0}