{"created_at": "Wed Jul 22 05:57:49 +0000 2015", "id": 623733667358048256, "id_str": "623733667358048256", "full_text": "@Awesomeplctures @Dinkan_ \u0d15\u0d1f\u0d3f\u0d15\u0d4d\u0d15\u0d41\u0d28\u0d4d\u0d28 \u0d2a\u0d1f\u0d4d\u0d1f\u0d3f\u0d15\u0d4d\u0d15\u0d41 \u0d30\u0d23\u0d4d\u0d1f\u0d41 \u0d35\u0d3e \u0d15\u0d3f\u0d1f\u0d4d\u0d1f\u0d3f\u0d2f \u0d2a\u0d4b\u0d32\u0d3e\u0d2f\u0d3f..\u0d2e\u0d41\u0d28\u0d4d\u200d\u0d2a\u0d3f\u0d32\u0d4d\u200d \u0d2a\u0d46\u0d1f\u0d41\u0d28\u0d4d\u0d28\u0d35\u0d28\u0d4d\u200d \u0d38\u0d4d\u0d35\u0d3e\u0d39..", "truncated": false, "display_text_range": [0, 102], "entities": {"hashtags": [], "symbols": [], "user_mentions": [{"screen_name": "Dinkan_", "name": "Dinkan", "id": 138712644, "id_str": "138712644", "indices": [17, 25]}], "urls": []}, "source": "<a href=\"http://twitter.com\" rel=\"nofollow\">Twitter Web Client</a>", "in_reply_to_status_id": 618713009763041280, "in_reply_to_status_id_str": "618713009763041280", "in_reply_to_user_id": 746950860, "in_reply_to_user_id_str": "746950860", "in_reply_to_screen_name": "Awesome_planet_", "user": {"id": 3274705374, "id_str": "3274705374", "name": "\u0d1a\u0d46\u0d28\u0d4d\u0d28\u0d48.\u0d2e\u0d32\u0d4d\u0d32\u0d41", "screen_name": "kaattukadannal", "location": "\u0d38\u0d4d\u0d35\u0d2a\u0d4d\u0d28\u0d32\u0d4b\u0d15\u0d02", "description": "\u0d0e\u0d28\u0d4d\u0d24\u0d42\u0d1f\u0d4d\u0d1f\u0d4d \u0d2c\u0d2f\u0d4b..\u0d06\u0d15\u0d46 \u0d36\u0d4b\u0d15\u0d02...", "url": null, "entities": {"description": {"urls": []}}, "protected": false, "followers_count": 506, "friends_count": 493, "listed_count": 1, "created_at": "Fri Jul 10 17:45:18 +0000 2015", "favourites_count": 687, "utc_offset": null, "time_zone": null, "geo_enabled": false, "verified": false, "statuses_count": 581, "lang": null, "contributors_enabled": false, "is_translator": false, "is_translation_enabled": false, "profile_background_color": "000000", "profile_background_image_url": "http://abs.twimg.com/images/themes/theme1/bg.png", "profile_background_image_url_https": "https://abs.twimg.com/images/themes/theme1/bg.png", "profile_background_tile": false, "profile_image_url": "http://pbs.twimg.com/profile_images/649578519228387328/dsaFua4U_normal.jpg", "profile_image_url_https": "https://pbs.twimg.com/profile_images/649578519228387328/dsaFua4U_normal.jpg", "profile_banner_url": "https://pbs.twimg.com/profile_banners/3274705374/1443706665", "profile_link_color": "ABB8C2", "profile_sidebar_border_color": "000000", "profile_sidebar_fill_color": "000000", "profile_text_color": "000000", "profile_use_background_image": false, "has_extended_profile": false, "default_profile": false, "default_profile_image": false, "following": false, "follow_request_sent": false, "notifications": false, "translator_type": "none"}, "geo": null, "coordinates": null, "place": null, "contributors": null, "is_quote_status": false, "retweet_count": 0, "favorite_count": 0, "favorited": false, "retweeted": false, "lang": "ml", "reply_count": 0}