{"created_at": "Fri Jul 24 20:51:08 +0000 2015", "id": 624683252855390209, "id_str": "624683252855390209", "full_text": "@Awesomeplctures Will the real Jaws please stand up lol", "truncated": false, "display_text_range": [0, 55], "entities": {"hashtags": [], "symbols": [], "user_mentions": [], "urls": []}, "source": "<a href=\"http://twitter.com/download/android\" rel=\"nofollow\">Twitter for Android</a>", "in_reply_to_status_id": 618713009763041280, "in_reply_to_status_id_str": "618713009763041280", "in_reply_to_user_id": 746950860, "in_reply_to_user_id_str": "746950860", "in_reply_to_screen_name": "Awesome_planet_", "user": {"id": 1945711896, "id_str": "1945711896", "name": "Matilda Stewart", "screen_name": "m58257115", "location": "", "description": "Mother/Animal Lover/Artist/Writer/Reading/Eating out/Music/Sports/Being with family&friends.", "url": null, "entities": {"description": {"urls": []}}, "protected": false, "followers_count": 321, "friends_count": 710, "listed_count": 20, "created_at": "Tue Oct 08 02:59:14 +0000 2013", "favourites_count": 4713, "utc_offset": null, "time_zone": null, "geo_enabled": true, "verified": false, "statuses_count": 5746, "lang": null, "contributors_enabled": false, "is_translator": false, "is_translation_enabled": false, "profile_background_color": "C0DEED", "profile_background_image_url": "http://abs.twimg.com/images/themes/theme1/bg.png", "profile_background_image_url_https": "https://abs.twimg.com/images/themes/theme1/bg.png", "profile_background_tile": false, "profile_image_url": "http://pbs.twimg.com/profile_images/873370312188014593/XovPrLNf_normal.jpg", "profile_image_url_https": "https://pbs.twimg.com/profile_images/873370312188014593/XovPrLNf_normal.jpg", "profile_banner_url": "https://pbs.twimg.com/profile_banners/1945711896/1497062815", "profile_link_color": "1DA1F2", "profile_sidebar_border_color": "C0DEED", "profile_sidebar_fill_color": "DDEEF6", "profile_text_color": "333333", "profile_use_background_image": true, "has_extended_profile": false, "default_profile": true, "default_profile_image": false, "following": false, "follow_request_sent": false, "notifications": false, "translator_type": "none"}, "geo": null, "coordinates": null, "place": null, "contributors": null, "is_quote_status": false, "retweet_count": 0, "favorite_count": 0, "favorited": false, "retweeted": false, "lang": "en", "reply_count": 0}