{"created_at": "Mon Jul 27 20:41:08 +0000 2015", "id": 625767902898221056, "id_str": "625767902898221056", "full_text": "@Awesomeplctures @boris_novikov1 \u041f\u0440\u0438\u0432\u0435\u0442 \u043e\u0442 \u0424\u0443\u043a\u0443\u0441\u0438\u043c\u044b!((", "truncated": false, "display_text_range": [0, 54], "entities": {"hashtags": [], "symbols": [], "user_mentions": [], "urls": []}, "source": "<a href=\"http://twitter.com\" rel=\"nofollow\">Twitter Web Client</a>", "in_reply_to_status_id": 618713009763041280, "in_reply_to_status_id_str": "618713009763041280", "in_reply_to_user_id": 746950860, "in_reply_to_user_id_str": "746950860", "in_reply_to_screen_name": "Awesome_planet_", "user": {"id": 841915142, "id_str": "841915142", "name": "\u0412\u0435\u0440\u0430", "screen_name": "mirt2005", "location": "\u0420\u043e\u0441\u0441\u0438\u044f", "description": "", "url": null, "entities": {"description": {"urls": []}}, "protected": false, "followers_count": 189, "friends_count": 216, "listed_count": 1, "created_at": "Sun Sep 23 15:35:51 +0000 2012", "favourites_count": 3172, "utc_offset": null, "time_zone": null, "geo_enabled": true, "verified": false, "statuses_count": 7996, "lang": null, "contributors_enabled": false, "is_translator": false, "is_translation_enabled": false, "profile_background_color": "642D8B", "profile_background_image_url": "http://abs.twimg.com/images/themes/theme10/bg.gif", "profile_background_image_url_https": "https://abs.twimg.com/images/themes/theme10/bg.gif", "profile_background_tile": true, "profile_image_url": "http://pbs.twimg.com/profile_images/3483956444/e30de43262a22b97b75c10f68895ebff_normal.jpeg", "profile_image_url_https": "https://pbs.twimg.com/profile_images/3483956444/e30de43262a22b97b75c10f68895ebff_normal.jpeg", "profile_banner_url": "https://pbs.twimg.com/profile_banners/841915142/1472332034", "profile_link_color": "C800FF", "profile_sidebar_border_color": "FFFFFF", "profile_sidebar_fill_color": "E3E2DE", "profile_text_color": "634047", "profile_use_background_image": true, "has_extended_profile": false, "default_profile": false, "default_profile_image": false, "following": false, "follow_request_sent": false, "notifications": false, "translator_type": "none"}, "geo": null, "coordinates": null, "place": {"id": "4604fa48bfb72e46", "url": "https://api.twitter.com/1.1/geo/id/4604fa48bfb72e46.json", "place_type": "city", "name": "\u0421\u0435\u0440\u043f\u0443\u0445\u043e\u0432", "full_name": "\u0421\u0435\u0440\u043f\u0443\u0445\u043e\u0432, \u0420\u043e\u0441\u0441\u0438\u044f", "country_code": "RU", "country": "Russia", "contained_within": [], "bounding_box": {"type": "Polygon", "coordinates": [[[37.3493783, 54.8818606], [37.4948948, 54.8818606], [37.4948948, 54.9661357], [37.3493783, 54.9661357]]]}, "attributes": {}}, "contributors": null, "is_quote_status": false, "retweet_count": 0, "favorite_count": 0, "favorited": false, "retweeted": false, "lang": "ru", "reply_count": 1}