{"created_at": "Mon Jul 27 20:53:02 +0000 2015", "id": 625770894099660801, "id_str": "625770894099660801", "full_text": "@mirt2005\u0431\u044b\u0432\u0430\u0435\u0442 \u0442\u0430\u043a\u0430\u044f \u043c\u0443\u0442\u0430\u0446\u0438\u044f \u0443 \u0436\u0438\u0432\u043e\u0442\u043d\u044b\u0445,\u043d\u043e \u043e\u0431\u044b\u0447\u043d\u043e \u043e\u043d\u0438 \u043f\u043e\u0433\u0438\u0431\u0430\u044e\u0442 \u0432 \u044e\u043d\u043e\u0441\u0442\u0438,\u0430 \u044d\u0442\u0430 \u0436\u0438\u0432\u0430 \u0447\u0442\u043e \u0443\u0434\u0438\u0432\u0438\u0442\u0435\u043b\u044c\u043d\u043e @Awesomeplctures", "truncated": false, "display_text_range": [0, 116], "entities": {"hashtags": [], "symbols": [], "user_mentions": [{"screen_name": "mirt2005", "name": "\u0412\u0435\u0440\u0430", "id": 841915142, "id_str": "841915142", "indices": [0, 9]}], "urls": []}, "source": "<a href=\"http://twitter.com\" rel=\"nofollow\">Twitter Web Client</a>", "in_reply_to_status_id": 625767902898221056, "in_reply_to_status_id_str": "625767902898221056", "in_reply_to_user_id": 841915142, "in_reply_to_user_id_str": "841915142", "in_reply_to_screen_name": "mirt2005", "user": {"id": 1424960708, "id_str": "1424960708", "name": "\u0431\u043e\u0440\u0438\u0441 \u043d\u043e\u0432\u0438\u043a\u043e\u0432", "screen_name": "boris_novikov2", "location": "", "description": "", "url": "https://t.co/D8ibn7nudt", "entities": {"url": {"urls": [{"url": "https://t.co/D8ibn7nudt", "expanded_url": "http://mcaf.ee/o8ulm0?boris_novikov1", "display_url": "mcaf.ee/o8ulm0?boris_n\u2026", "indices": [0, 23]}]}, "description": {"urls": []}}, "protected": false, "followers_count": 495, "friends_count": 224, "listed_count": 19, "created_at": "Mon May 13 08:20:16 +0000 2013", "favourites_count": 3378, "utc_offset": null, "time_zone": null, "geo_enabled": false, "verified": false, "statuses_count": 48793, "lang": null, "contributors_enabled": false, "is_translator": false, "is_translation_enabled": false, "profile_background_color": "C0DEED", "profile_background_image_url": "http://abs.twimg.com/images/themes/theme1/bg.png", "profile_background_image_url_https": "https://abs.twimg.com/images/themes/theme1/bg.png", "profile_background_tile": false, "profile_image_url": "http://pbs.twimg.com/profile_images/1088438020817195014/AjF3sIXU_normal.jpg", "profile_image_url_https": "https://pbs.twimg.com/profile_images/1088438020817195014/AjF3sIXU_normal.jpg", "profile_banner_url": "https://pbs.twimg.com/profile_banners/1424960708/1457414216", "profile_link_color": "1DA1F2", "profile_sidebar_border_color": "C0DEED", "profile_sidebar_fill_color": "DDEEF6", "profile_text_color": "333333", "profile_use_background_image": true, "has_extended_profile": false, "default_profile": true, "default_profile_image": false, "following": false, "follow_request_sent": false, "notifications": false, "translator_type": "none"}, "geo": null, "coordinates": null, "place": null, "contributors": null, "is_quote_status": false, "retweet_count": 0, "favorite_count": 0, "favorited": false, "retweeted": false, "lang": "ru", "reply_count": 1}