{"created_at": "Thu Jul 30 17:00:38 +0000 2015", "id": 626799573110013953, "id_str": "626799573110013953", "full_text": "@Awesomeplctures imagine seeing that toward ya @SteveCraven1", "truncated": false, "display_text_range": [0, 60], "entities": {"hashtags": [], "symbols": [], "user_mentions": [{"screen_name": "SteveCraven1", "name": "Steve Craven", "id": 365092989, "id_str": "365092989", "indices": [47, 60]}], "urls": []}, "source": "<a href=\"http://twitter.com/download/iphone\" rel=\"nofollow\">Twitter for iPhone</a>", "in_reply_to_status_id": 618713009763041280, "in_reply_to_status_id_str": "618713009763041280", "in_reply_to_user_id": 746950860, "in_reply_to_user_id_str": "746950860", "in_reply_to_screen_name": "Awesome_planet_", "user": {"id": 314014043, "id_str": "314014043", "name": "Martin Mcveigh", "screen_name": "mairzo", "location": "probably in the bookies", "description": "Everton season ticket holder, brick technician", "url": null, "entities": {"description": {"urls": []}}, "protected": false, "followers_count": 1585, "friends_count": 3485, "listed_count": 15, "created_at": "Thu Jun 09 15:37:40 +0000 2011", "favourites_count": 12632, "utc_offset": null, "time_zone": null, "geo_enabled": true, "verified": false, "statuses_count": 38257, "lang": null, "contributors_enabled": false, "is_translator": false, "is_translation_enabled": false, "profile_background_color": "C0DEED", "profile_background_image_url": "http://abs.twimg.com/images/themes/theme1/bg.png", "profile_background_image_url_https": "https://abs.twimg.com/images/themes/theme1/bg.png", "profile_background_tile": false, "profile_image_url": "http://pbs.twimg.com/profile_images/1267119308737523713/9esWIJqC_normal.jpg", "profile_image_url_https": "https://pbs.twimg.com/profile_images/1267119308737523713/9esWIJqC_normal.jpg", "profile_banner_url": "https://pbs.twimg.com/profile_banners/314014043/1590939810", "profile_link_color": "1DA1F2", "profile_sidebar_border_color": "C0DEED", "profile_sidebar_fill_color": "DDEEF6", "profile_text_color": "333333", "profile_use_background_image": true, "has_extended_profile": true, "default_profile": true, "default_profile_image": false, "following": false, "follow_request_sent": false, "notifications": false, "translator_type": "none"}, "geo": null, "coordinates": null, "place": null, "contributors": null, "is_quote_status": false, "retweet_count": 0, "favorite_count": 0, "favorited": false, "retweeted": false, "lang": "en", "reply_count": 1}