{"created_at": "Sun Aug 02 08:17:58 +0000 2015", "id": 627755206193713152, "id_str": "627755206193713152", "full_text": "RT \u201c@Awesomeplctures: Two-headed shark, this rare specimen was found near of the Florida Keys!!! Double trouble \ud83d\ude01\ud83d\ude31 http://t.co/T1kABIfWFt\u201d", "truncated": false, "display_text_range": [0, 138], "entities": {"hashtags": [], "symbols": [], "user_mentions": [], "urls": [], "media": [{"id": 618713007149969408, "id_str": "618713007149969408", "indices": [115, 137], "media_url": "http://pbs.twimg.com/media/CJYcM7EWcAA8cSu.jpg", "media_url_https": "https://pbs.twimg.com/media/CJYcM7EWcAA8cSu.jpg", "url": "http://t.co/T1kABIfWFt", "display_url": "pic.twitter.com/T1kABIfWFt", "expanded_url": "https://twitter.com/Awesomeplctures/status/618713009763041280/photo/1", "type": "photo", "sizes": {"thumb": {"w": 150, "h": 150, "resize": "crop"}, "medium": {"w": 585, "h": 343, "resize": "fit"}, "large": {"w": 585, "h": 343, "resize": "fit"}, "small": {"w": 585, "h": 343, "resize": "fit"}}, "source_status_id": 618713009763041280, "source_status_id_str": "618713009763041280", "source_user_id": 746950860, "source_user_id_str": "746950860"}]}, "extended_entities": {"media": [{"id": 618713007149969408, "id_str": "618713007149969408", "indices": [115, 137], "media_url": "http://pbs.twimg.com/media/CJYcM7EWcAA8cSu.jpg", "media_url_https": "https://pbs.twimg.com/media/CJYcM7EWcAA8cSu.jpg", "url": "http://t.co/T1kABIfWFt", "display_url": "pic.twitter.com/T1kABIfWFt", "expanded_url": "https://twitter.com/Awesomeplctures/status/618713009763041280/photo/1", "type": "photo", "sizes": {"thumb": {"w": 150, "h": 150, "resize": "crop"}, "medium": {"w": 585, "h": 343, "resize": "fit"}, "large": {"w": 585, "h": 343, "resize": "fit"}, "small": {"w": 585, "h": 343, "resize": "fit"}}, "source_status_id": 618713009763041280, "source_status_id_str": "618713009763041280", "source_user_id": 746950860, "source_user_id_str": "746950860"}]}, "source": "<a href=\"http://twitter.com/#!/download/ipad\" rel=\"nofollow\">Twitter for iPad</a>", "in_reply_to_status_id": 618713009763041280, "in_reply_to_status_id_str": "618713009763041280", "in_reply_to_user_id": 746950860, "in_reply_to_user_id_str": "746950860", "in_reply_to_screen_name": "Awesome_planet_", "user": {"id": 754135908, "id_str": "754135908", "name": "Doc", "screen_name": "mch7576", "location": "Earth", "description": "Veteran - Union Member - Husband - Father - Grandfather - Voter", "url": null, "entities": {"description": {"urls": []}}, "protected": false, "followers_count": 43241, "friends_count": 42753, "listed_count": 879, "created_at": "Mon Aug 13 01:20:20 +0000 2012", "favourites_count": 13, "utc_offset": null, "time_zone": null, "geo_enabled": false, "verified": false, "statuses_count": 319938, "lang": null, "contributors_enabled": false, "is_translator": false, "is_translation_enabled": false, "profile_background_color": "C0DEED", "profile_background_image_url": "http://abs.twimg.com/images/themes/theme1/bg.png", "profile_background_image_url_https": "https://abs.twimg.com/images/themes/theme1/bg.png", "profile_background_tile": false, "profile_image_url": "http://pbs.twimg.com/profile_images/470104679712432128/jOKxCfGJ_normal.jpeg", "profile_image_url_https": "https://pbs.twimg.com/profile_images/470104679712432128/jOKxCfGJ_normal.jpeg", "profile_banner_url": "https://pbs.twimg.com/profile_banners/754135908/1465844803", "profile_link_color": "1DA1F2", "profile_sidebar_border_color": "C0DEED", "profile_sidebar_fill_color": "DDEEF6", "profile_text_color": "333333", "profile_use_background_image": true, "has_extended_profile": false, "default_profile": true, "default_profile_image": false, "following": false, "follow_request_sent": false, "notifications": false, "translator_type": "none"}, "geo": null, "coordinates": null, "place": null, "contributors": null, "is_quote_status": false, "retweet_count": 1, "favorite_count": 2, "favorited": false, "retweeted": false, "possibly_sensitive": false, "possibly_sensitive_appealable": false, "lang": "en", "reply_count": 0}