{"created_at": "Thu Feb 18 23:37:37 +0000 2016", "id": 700464215291777024, "id_str": "700464215291777024", "full_text": "@Awesomeplctures @ZeourPat \nLink please ! Thanks :-) https://t.co/LrO6LnDVh7", "truncated": false, "display_text_range": [0, 76], "entities": {"hashtags": [], "symbols": [], "user_mentions": [], "urls": [], "media": [{"id": 700464188179656707, "id_str": "700464188179656707", "indices": [53, 76], "media_url": "http://pbs.twimg.com/media/CbiMd8pUsAM9-e5.jpg", "media_url_https": "https://pbs.twimg.com/media/CbiMd8pUsAM9-e5.jpg", "url": "https://t.co/LrO6LnDVh7", "display_url": "pic.twitter.com/LrO6LnDVh7", "expanded_url": "https://twitter.com/panethelion/status/700464215291777024/photo/1", "type": "photo", "sizes": {"thumb": {"w": 150, "h": 150, "resize": "crop"}, "small": {"w": 680, "h": 680, "resize": "fit"}, "medium": {"w": 1024, "h": 1024, "resize": "fit"}, "large": {"w": 1024, "h": 1024, "resize": "fit"}}}]}, "extended_entities": {"media": [{"id": 700464188179656707, "id_str": "700464188179656707", "indices": [53, 76], "media_url": "http://pbs.twimg.com/media/CbiMd8pUsAM9-e5.jpg", "media_url_https": "https://pbs.twimg.com/media/CbiMd8pUsAM9-e5.jpg", "url": "https://t.co/LrO6LnDVh7", "display_url": "pic.twitter.com/LrO6LnDVh7", "expanded_url": "https://twitter.com/panethelion/status/700464215291777024/photo/1", "type": "photo", "sizes": {"thumb": {"w": 150, "h": 150, "resize": "crop"}, "small": {"w": 680, "h": 680, "resize": "fit"}, "medium": {"w": 1024, "h": 1024, "resize": "fit"}, "large": {"w": 1024, "h": 1024, "resize": "fit"}}}]}, "source": "<a href=\"http://twitter.com/download/android\" rel=\"nofollow\">Twitter for Android</a>", "in_reply_to_status_id": 618713009763041280, "in_reply_to_status_id_str": "618713009763041280", "in_reply_to_user_id": 746950860, "in_reply_to_user_id_str": "746950860", "in_reply_to_screen_name": "Awesome_planet_", "user": {"id": 1588311330, "id_str": "1588311330", "name": "Estel \u2020 = \u2665", "screen_name": "difrasismo", "location": "Lyon, France", "description": "#RT n'est pas n\u00e9cessairement approuver ! No List", "url": null, "entities": {"description": {"urls": []}}, "protected": false, "followers_count": 2932, "friends_count": 3649, "listed_count": 150, "created_at": "Fri Jul 12 12:07:22 +0000 2013", "favourites_count": 154252, "utc_offset": null, "time_zone": null, "geo_enabled": true, "verified": false, "statuses_count": 229905, "lang": null, "contributors_enabled": false, "is_translator": false, "is_translation_enabled": false, "profile_background_color": "C0DEED", "profile_background_image_url": "http://abs.twimg.com/images/themes/theme1/bg.png", "profile_background_image_url_https": "https://abs.twimg.com/images/themes/theme1/bg.png", "profile_background_tile": false, "profile_image_url": "http://pbs.twimg.com/profile_images/1171073277646790656/kZSxpZZO_normal.jpg", "profile_image_url_https": "https://pbs.twimg.com/profile_images/1171073277646790656/kZSxpZZO_normal.jpg", "profile_banner_url": "https://pbs.twimg.com/profile_banners/1588311330/1555605474", "profile_link_color": "1DA1F2", "profile_sidebar_border_color": "C0DEED", "profile_sidebar_fill_color": "DDEEF6", "profile_text_color": "333333", "profile_use_background_image": true, "has_extended_profile": false, "default_profile": true, "default_profile_image": false, "following": false, "follow_request_sent": false, "notifications": false, "translator_type": "none"}, "geo": null, "coordinates": null, "place": null, "contributors": null, "is_quote_status": false, "retweet_count": 0, "favorite_count": 0, "favorited": false, "retweeted": false, "possibly_sensitive": false, "possibly_sensitive_appealable": false, "lang": "en", "reply_count": 0}