{"created_at": "Mon Jun 27 17:01:35 +0000 2016", "id": 747474973938294784, "id_str": "747474973938294784", "full_text": "@Awesomeplctures @PlatoSays They look rather cheerful", "truncated": false, "display_text_range": [17, 53], "entities": {"hashtags": [], "symbols": [], "user_mentions": [{"screen_name": "PlatoSays", "name": "PlatoSays", "id": 18691636, "id_str": "18691636", "indices": [17, 27]}], "urls": []}, "source": "<a href=\"http://twitter.com\" rel=\"nofollow\">Twitter Web Client</a>", "in_reply_to_status_id": 618713009763041280, "in_reply_to_status_id_str": "618713009763041280", "in_reply_to_user_id": 746950860, "in_reply_to_user_id_str": "746950860", "in_reply_to_screen_name": "Awesome_planet_", "user": {"id": 2848550217, "id_str": "2848550217", "name": "Richard Morris", "screen_name": "paligap17", "location": "Truro, Cornwall, UK", "description": "Likes: Brexit, philosophy, guitar music.\n\nDislikes: Scientism, woke", "url": null, "entities": {"description": {"urls": []}}, "protected": false, "followers_count": 428, "friends_count": 911, "listed_count": 11, "created_at": "Tue Oct 28 18:13:31 +0000 2014", "favourites_count": 15216, "utc_offset": null, "time_zone": null, "geo_enabled": false, "verified": false, "statuses_count": 14721, "lang": null, "contributors_enabled": false, "is_translator": false, "is_translation_enabled": false, "profile_background_color": "C0DEED", "profile_background_image_url": "http://abs.twimg.com/images/themes/theme1/bg.png", "profile_background_image_url_https": "https://abs.twimg.com/images/themes/theme1/bg.png", "profile_background_tile": false, "profile_image_url": "http://pbs.twimg.com/profile_images/527504010563956736/sYmIy9sy_normal.jpeg", "profile_image_url_https": "https://pbs.twimg.com/profile_images/527504010563956736/sYmIy9sy_normal.jpeg", "profile_link_color": "1DA1F2", "profile_sidebar_border_color": "C0DEED", "profile_sidebar_fill_color": "DDEEF6", "profile_text_color": "333333", "profile_use_background_image": true, "has_extended_profile": false, "default_profile": true, "default_profile_image": false, "following": false, "follow_request_sent": false, "notifications": false, "translator_type": "none"}, "geo": null, "coordinates": null, "place": null, "contributors": null, "is_quote_status": false, "retweet_count": 0, "favorite_count": 0, "favorited": false, "retweeted": false, "lang": "en", "reply_count": 0}