{"created_at": "Wed Feb 01 04:48:01 +0000 2017", "id": 826653304893612033, "id_str": "826653304893612033", "full_text": "@dnwinston @beachcrazy70 I used to love to go out to Campau-Kettle lake just outside Alaska", "truncated": false, "display_text_range": [25, 91], "entities": {"hashtags": [], "symbols": [], "user_mentions": [{"screen_name": "dnwinston", "name": "\ud83d\udc69\u200d\ud83c\udfa8Dawn N. Aurora\u264a\ud83c\uddfa\ud83c\uddf8", "id": 2818660633, "id_str": "2818660633", "indices": [0, 10]}, {"screen_name": "beachcrazy70", "name": "Susan", "id": 707385417545297920, "id_str": "707385417545297920", "indices": [11, 24]}], "urls": []}, "source": "<a href=\"http://twitter.com\" rel=\"nofollow\">Twitter Web Client</a>", "in_reply_to_status_id": 826644961516994561, "in_reply_to_status_id_str": "826644961516994561", "in_reply_to_user_id": 2818660633, "in_reply_to_user_id_str": "2818660633", "in_reply_to_screen_name": "dnwinston", "user": {"id": 52741346, "id_str": "52741346", "name": "Nancy  \ud83d\ude07", "screen_name": "NanMcSwain", "location": "Under 'da bridge Michigan, USA", "description": "Being called Mom is the best job I could ever have. I speak my mind, always have, always WILL.", "url": null, "entities": {"description": {"urls": []}}, "protected": false, "followers_count": 500, "friends_count": 504, "listed_count": 4, "created_at": "Wed Jul 01 14:35:51 +0000 2009", "favourites_count": 19886, "utc_offset": null, "time_zone": null, "geo_enabled": true, "verified": false, "statuses_count": 8520, "lang": null, "contributors_enabled": false, "is_translator": false, "is_translation_enabled": false, "profile_background_color": "709397", "profile_background_image_url": "http://abs.twimg.com/images/themes/theme6/bg.gif", "profile_background_image_url_https": "https://abs.twimg.com/images/themes/theme6/bg.gif", "profile_background_tile": true, "profile_image_url": "http://pbs.twimg.com/profile_images/926910595646947328/rtoRSwP-_normal.jpg", "profile_image_url_https": "https://pbs.twimg.com/profile_images/926910595646947328/rtoRSwP-_normal.jpg", "profile_banner_url": "https://pbs.twimg.com/profile_banners/52741346/1555968737", "profile_link_color": "981CEB", "profile_sidebar_border_color": "86A4A6", "profile_sidebar_fill_color": "A0C5C7", "profile_text_color": "333333", "profile_use_background_image": true, "has_extended_profile": true, "default_profile": false, "default_profile_image": false, "following": false, "follow_request_sent": false, "notifications": false, "translator_type": "none"}, "geo": null, "coordinates": null, "place": null, "contributors": null, "is_quote_status": false, "retweet_count": 0, "favorite_count": 1, "favorited": false, "retweeted": false, "lang": "en", "reply_count": 1}