{"created_at": "Wed Feb 01 04:07:07 +0000 2017", "id": 826643015611580416, "id_str": "826643015611580416", "full_text": "@beachcrazy70 @Awesome_planet_ Pretty incredible surprised it made it this big", "truncated": false, "display_text_range": [31, 78], "entities": {"hashtags": [], "symbols": [], "user_mentions": [{"screen_name": "beachcrazy70", "name": "Susan", "id": 707385417545297920, "id_str": "707385417545297920", "indices": [0, 13]}, {"screen_name": "Awesome_planet_", "name": "Awesome Planet\u2122", "id": 746950860, "id_str": "746950860", "indices": [14, 30]}], "urls": []}, "source": "<a href=\"http://twitter.com/download/android\" rel=\"nofollow\">Twitter for Android</a>", "in_reply_to_status_id": 826638305458520064, "in_reply_to_status_id_str": "826638305458520064", "in_reply_to_user_id": 707385417545297920, "in_reply_to_user_id_str": "707385417545297920", "in_reply_to_screen_name": "beachcrazy70", "user": {"id": 2818660633, "id_str": "2818660633", "name": "\ud83d\udc69\u200d\ud83c\udfa8Dawn N. Aurora\u264a\ud83c\uddfa\ud83c\uddf8", "screen_name": "dnwinston", "location": "West Michigan ", "description": "\u2764If you Love someone tell them\ud83d\udc8b #Trump2020  #Pomeranian  #Outlander \ud83c\uddfa\ud83c\uddf8 I support President Trump \ud83d\udcaf%\ud83c\uddfa\ud83c\uddf8\ud83c\uddfa\ud83c\uddf8", "url": null, "entities": {"description": {"urls": []}}, "protected": false, "followers_count": 3575, "friends_count": 1056, "listed_count": 58, "created_at": "Fri Sep 19 01:14:16 +0000 2014", "favourites_count": 144926, "utc_offset": null, "time_zone": null, "geo_enabled": true, "verified": false, "statuses_count": 104606, "lang": null, "contributors_enabled": false, "is_translator": false, "is_translation_enabled": false, "profile_background_color": "000000", "profile_background_image_url": "http://abs.twimg.com/images/themes/theme1/bg.png", "profile_background_image_url_https": "https://abs.twimg.com/images/themes/theme1/bg.png", "profile_background_tile": false, "profile_image_url": "http://pbs.twimg.com/profile_images/1242151768131342336/YZiATUuh_normal.jpg", "profile_image_url_https": "https://pbs.twimg.com/profile_images/1242151768131342336/YZiATUuh_normal.jpg", "profile_banner_url": "https://pbs.twimg.com/profile_banners/2818660633/1551537130", "profile_link_color": "9266CC", "profile_sidebar_border_color": "000000", "profile_sidebar_fill_color": "000000", "profile_text_color": "000000", "profile_use_background_image": false, "has_extended_profile": true, "default_profile": false, "default_profile_image": false, "following": false, "follow_request_sent": false, "notifications": false, "translator_type": "none"}, "geo": null, "coordinates": null, "place": null, "contributors": null, "is_quote_status": false, "retweet_count": 0, "favorite_count": 1, "favorited": false, "retweeted": false, "lang": "en", "reply_count": 0}