{"created_at": "Tue Apr 04 02:59:27 +0000 2017", "id": 849094033796472833, "id_str": "849094033796472833", "full_text": "@Awesome_planet_ @mektronik A hard fork in the DNA blickchain.", "truncated": false, "display_text_range": [28, 62], "entities": {"hashtags": [], "symbols": [], "user_mentions": [{"screen_name": "Awesome_planet_", "name": "Awesome Planet\u2122", "id": 746950860, "id_str": "746950860", "indices": [0, 16]}, {"screen_name": "mektronik", "name": "mektronik", "id": 14795444, "id_str": "14795444", "indices": [17, 27]}], "urls": []}, "source": "<a href=\"https://mobile.twitter.com\" rel=\"nofollow\">Twitter Web App</a>", "in_reply_to_status_id": 618713009763041280, "in_reply_to_status_id_str": "618713009763041280", "in_reply_to_user_id": 746950860, "in_reply_to_user_id_str": "746950860", "in_reply_to_screen_name": "Awesome_planet_", "user": {"id": 63430346, "id_str": "63430346", "name": "Harry Dillema", "screen_name": "Harry_Dillema", "location": "Turquzabad", "description": "\ud83d\udd34\ud83d\udd35", "url": null, "entities": {"description": {"urls": []}}, "protected": false, "followers_count": 2578, "friends_count": 169, "listed_count": 103, "created_at": "Thu Aug 06 09:32:58 +0000 2009", "favourites_count": 11933, "utc_offset": null, "time_zone": null, "geo_enabled": false, "verified": false, "statuses_count": 225659, "lang": null, "contributors_enabled": false, "is_translator": false, "is_translation_enabled": false, "profile_background_color": "709397", "profile_background_image_url": "http://abs.twimg.com/images/themes/theme6/bg.gif", "profile_background_image_url_https": "https://abs.twimg.com/images/themes/theme6/bg.gif", "profile_background_tile": false, "profile_image_url": "http://pbs.twimg.com/profile_images/1027631138850918401/TVSkkplw_normal.jpg", "profile_image_url_https": "https://pbs.twimg.com/profile_images/1027631138850918401/TVSkkplw_normal.jpg", "profile_banner_url": "https://pbs.twimg.com/profile_banners/63430346/1510757150", "profile_link_color": "ABB8C2", "profile_sidebar_border_color": "FFFFFF", "profile_sidebar_fill_color": "A0C5C7", "profile_text_color": "333333", "profile_use_background_image": true, "has_extended_profile": false, "default_profile": false, "default_profile_image": false, "following": false, "follow_request_sent": false, "notifications": false, "translator_type": "none"}, "geo": null, "coordinates": null, "place": null, "contributors": null, "is_quote_status": false, "retweet_count": 1, "favorite_count": 1, "favorited": false, "retweeted": false, "lang": "en", "reply_count": 0}