{"created_at": "Sun Jun 14 17:41:37 +0000 2020", "id": 1272222678510952450, "id_str": "1272222678510952450", "full_text": "@Pr1ncessLily @AOC Once seen it can't be unseen. https://t.co/BGuJjKTuVl", "truncated": false, "display_text_range": [19, 48], "entities": {"hashtags": [], "symbols": [], "user_mentions": [{"screen_name": "Pr1ncessLily", "name": "\ud83e\udd84Black Lives Matter\ud83c\udf08", "id": 1270535344795107328, "id_str": "1270535344795107328", "indices": [0, 13]}, {"screen_name": "AOC", "name": "Alexandria Ocasio-Cortez", "id": 138203134, "id_str": "138203134", "indices": [14, 18]}], "urls": [], "media": [{"id": 1272222676275396610, "id_str": "1272222676275396610", "indices": [49, 72], "media_url": "http://pbs.twimg.com/media/EafXyJaXgAIEZ_A.jpg", "media_url_https": "https://pbs.twimg.com/media/EafXyJaXgAIEZ_A.jpg", "url": "https://t.co/BGuJjKTuVl", "display_url": "pic.twitter.com/BGuJjKTuVl", "expanded_url": "https://twitter.com/CindyCordeiro7/status/1272222678510952450/photo/1", "type": "photo", "sizes": {"thumb": {"w": 150, "h": 150, "resize": "crop"}, "large": {"w": 480, "h": 600, "resize": "fit"}, "small": {"w": 480, "h": 600, "resize": "fit"}, "medium": {"w": 480, "h": 600, "resize": "fit"}}}]}, "extended_entities": {"media": [{"id": 1272222676275396610, "id_str": "1272222676275396610", "indices": [49, 72], "media_url": "http://pbs.twimg.com/media/EafXyJaXgAIEZ_A.jpg", "media_url_https": "https://pbs.twimg.com/media/EafXyJaXgAIEZ_A.jpg", "url": "https://t.co/BGuJjKTuVl", "display_url": "pic.twitter.com/BGuJjKTuVl", "expanded_url": "https://twitter.com/CindyCordeiro7/status/1272222678510952450/photo/1", "type": "photo", "sizes": {"thumb": {"w": 150, "h": 150, "resize": "crop"}, "large": {"w": 480, "h": 600, "resize": "fit"}, "small": {"w": 480, "h": 600, "resize": "fit"}, "medium": {"w": 480, "h": 600, "resize": "fit"}}}]}, "source": "<a href=\"http://twitter.com/download/android\" rel=\"nofollow\">Twitter for Android</a>", "in_reply_to_status_id": 1272219360506101760, "in_reply_to_status_id_str": "1272219360506101760", "in_reply_to_user_id": 1270535344795107328, "in_reply_to_user_id_str": "1270535344795107328", "in_reply_to_screen_name": "Pr1ncessLily", "user": {"id": 1153257400138379264, "id_str": "1153257400138379264", "name": "\ud83c\uddfa\ud83c\uddf2\ud83c\uddfa\ud83c\uddf2 Cindy Claire \ud83c\uddfa\ud83c\uddf2\ud83c\uddfa\ud83c\uddf2", "screen_name": "Cindyclaire77", "location": "", "description": "Less government \n\ud83c\uddfa\ud83c\uddf2\ud83c\uddfa\ud83c\uddf2Drain the SWAMP.\ud83c\uddfa\ud83c\uddf2\ud83c\uddfa\ud83c\uddf2\n#OBAMAGATE #WWG1WGA \nLove Horses, yellow dogs and USA.\nSave us from Socialism", "url": null, "entities": {"description": {"urls": []}}, "protected": false, "followers_count": 1686, "friends_count": 2587, "listed_count": 2, "created_at": "Mon Jul 22 10:56:05 +0000 2019", "favourites_count": 20811, "utc_offset": null, "time_zone": null, "geo_enabled": false, "verified": false, "statuses_count": 5599, "lang": null, "contributors_enabled": false, "is_translator": false, "is_translation_enabled": false, "profile_background_color": "F5F8FA", "profile_background_image_url": null, "profile_background_image_url_https": null, "profile_background_tile": false, "profile_image_url": "http://pbs.twimg.com/profile_images/1268247761570467843/iK7TgE15_normal.jpg", "profile_image_url_https": "https://pbs.twimg.com/profile_images/1268247761570467843/iK7TgE15_normal.jpg", "profile_banner_url": "https://pbs.twimg.com/profile_banners/1153257400138379264/1571504404", "profile_link_color": "1DA1F2", "profile_sidebar_border_color": "C0DEED", "profile_sidebar_fill_color": "DDEEF6", "profile_text_color": "333333", "profile_use_background_image": true, "has_extended_profile": true, "default_profile": true, "default_profile_image": false, "following": false, "follow_request_sent": false, "notifications": false, "translator_type": "none"}, "geo": null, "coordinates": null, "place": null, "contributors": null, "is_quote_status": false, "retweet_count": 63, "favorite_count": 211, "favorited": false, "retweeted": false, "possibly_sensitive": false, "possibly_sensitive_appealable": false, "lang": "en"}