{"created_at": "Tue Sep 24 10:54:43 +0000 2019", "id": 1176449882317578242, "id_str": "1176449882317578242", "full_text": "This could easily be @JimWhite  in the studio with no-one knowing the difference https://t.co/vOG0fBE2ZQ", "truncated": false, "display_text_range": [0, 80], "entities": {"hashtags": [], "symbols": [], "user_mentions": [{"screen_name": "JimWhite", "name": "Jim White", "id": 2228621604, "id_str": "2228621604", "indices": [21, 30]}], "urls": [], "media": [{"id": 1176449876848254977, "id_str": "1176449876848254977", "indices": [81, 104], "media_url": "http://pbs.twimg.com/media/EFOW7g2XoAEHji_.jpg", "media_url_https": "https://pbs.twimg.com/media/EFOW7g2XoAEHji_.jpg", "url": "https://t.co/vOG0fBE2ZQ", "display_url": "pic.twitter.com/vOG0fBE2ZQ", "expanded_url": "https://twitter.com/Sjopinion10/status/1176449882317578242/photo/1", "type": "photo", "sizes": {"thumb": {"w": 150, "h": 150, "resize": "crop"}, "medium": {"w": 1024, "h": 1016, "resize": "fit"}, "large": {"w": 1024, "h": 1016, "resize": "fit"}, "small": {"w": 680, "h": 675, "resize": "fit"}}}]}, "extended_entities": {"media": [{"id": 1176449876848254977, "id_str": "1176449876848254977", "indices": [81, 104], "media_url": "http://pbs.twimg.com/media/EFOW7g2XoAEHji_.jpg", "media_url_https": "https://pbs.twimg.com/media/EFOW7g2XoAEHji_.jpg", "url": "https://t.co/vOG0fBE2ZQ", "display_url": "pic.twitter.com/vOG0fBE2ZQ", "expanded_url": "https://twitter.com/Sjopinion10/status/1176449882317578242/photo/1", "type": "photo", "sizes": {"thumb": {"w": 150, "h": 150, "resize": "crop"}, "medium": {"w": 1024, "h": 1016, "resize": "fit"}, "large": {"w": 1024, "h": 1016, "resize": "fit"}, "small": {"w": 680, "h": 675, "resize": "fit"}}}]}, "source": "<a href=\"http://twitter.com/download/iphone\" rel=\"nofollow\">Twitter for iPhone</a>", "in_reply_to_status_id": null, "in_reply_to_status_id_str": null, "in_reply_to_user_id": null, "in_reply_to_user_id_str": null, "in_reply_to_screen_name": null, "user": {"id": 781161379281731584, "id_str": "781161379281731584", "name": "Simon Jordan", "screen_name": "Sjopinion10", "location": "", "description": "Entrepreneur. Best selling Author. Film Producer. Octane Car magazine founder. Broadcaster Former owner of Crystal Palace F.C Enquiries; nadia@talent4media.com", "url": "https://t.co/1SxgJ4KLf5", "entities": {"url": {"urls": [{"url": "https://t.co/1SxgJ4KLf5", "expanded_url": "https://www.amazon.co.uk/Be-Careful-What-You-Wish/dp/0224091824", "display_url": "amazon.co.uk/Be-Careful-Wha\u2026", "indices": [0, 23]}]}, "description": {"urls": []}}, "protected": false, "followers_count": 119221, "friends_count": 92, "listed_count": 92, "created_at": "Wed Sep 28 15:59:20 +0000 2016", "favourites_count": 3, "utc_offset": null, "time_zone": null, "geo_enabled": true, "verified": true, "statuses_count": 4917, "lang": null, "contributors_enabled": false, "is_translator": false, "is_translation_enabled": false, "profile_background_color": "F5F8FA", "profile_background_image_url": null, "profile_background_image_url_https": null, "profile_background_tile": false, "profile_image_url": "http://pbs.twimg.com/profile_images/997496700150280192/Xf9RQLjW_normal.jpg", "profile_image_url_https": "https://pbs.twimg.com/profile_images/997496700150280192/Xf9RQLjW_normal.jpg", "profile_banner_url": "https://pbs.twimg.com/profile_banners/781161379281731584/1484213276", "profile_link_color": "1DA1F2", "profile_sidebar_border_color": "C0DEED", "profile_sidebar_fill_color": "DDEEF6", "profile_text_color": "333333", "profile_use_background_image": true, "has_extended_profile": true, "default_profile": true, "default_profile_image": false, "following": false, "follow_request_sent": false, "notifications": false, "translator_type": "none"}, "geo": null, "coordinates": null, "place": null, "contributors": null, "is_quote_status": false, "retweet_count": 35, "favorite_count": 278, "favorited": false, "retweeted": false, "possibly_sensitive": false, "possibly_sensitive_appealable": false, "lang": "en"}