{"created_at": "Mon Dec 03 17:28:13 +0000 2018", "id": 1069644486828064775, "id_str": "1069644486828064775", "full_text": "@RRogerCarpenter @gbroh10 @yogagenie I live in Orange Beach. They fly over us regularly during practice. Spectacular!!!", "truncated": false, "display_text_range": [37, 119], "entities": {"hashtags": [], "symbols": [], "user_mentions": [{"screen_name": "RRogerCarpenter", "name": "\u274cRoger Carpenter \u2b50\u2b50\u2b50", "id": 952967505177468930, "id_str": "952967505177468930", "indices": [0, 16]}, {"screen_name": "gbroh10", "name": "@gary[WontBackDown]", "id": 167778891, "id_str": "167778891", "indices": [17, 25]}, {"screen_name": "yogagenie", "name": "DeplorableArmyBrat", "id": 23360808, "id_str": "23360808", "indices": [26, 36]}], "urls": []}, "source": "<a href=\"http://twitter.com/download/android\" rel=\"nofollow\">Twitter for Android</a>", "in_reply_to_status_id": 1069641504308776960, "in_reply_to_status_id_str": "1069641504308776960", "in_reply_to_user_id": 952967505177468930, "in_reply_to_user_id_str": "952967505177468930", "in_reply_to_screen_name": "RRogerCarpenter", "user": {"id": 164328492, "id_str": "164328492", "name": "Barry Gartman", "screen_name": "barrygartman", "location": "Orange Beach, AL", "description": "Beach bum, 2 wonderful kids, Conservative, clings to my Bible and guns! Proud Infidel! NO FEMALEBOTS!\n #rcot\n#ProudVeteran\n#MolanLabe \n#MAGA\n#QArmy", "url": null, "entities": {"description": {"urls": []}}, "protected": false, "followers_count": 13156, "friends_count": 14490, "listed_count": 24, "created_at": "Thu Jul 08 16:13:55 +0000 2010", "favourites_count": 237051, "utc_offset": null, "time_zone": null, "geo_enabled": true, "verified": false, "statuses_count": 149770, "lang": null, "contributors_enabled": false, "is_translator": false, "is_translation_enabled": false, "profile_background_color": "C0DEED", "profile_background_image_url": "http://abs.twimg.com/images/themes/theme1/bg.png", "profile_background_image_url_https": "https://abs.twimg.com/images/themes/theme1/bg.png", "profile_background_tile": false, "profile_image_url": "http://pbs.twimg.com/profile_images/887481235358048256/UkMI9ZRT_normal.jpg", "profile_image_url_https": "https://pbs.twimg.com/profile_images/887481235358048256/UkMI9ZRT_normal.jpg", "profile_banner_url": "https://pbs.twimg.com/profile_banners/164328492/1391214674", "profile_link_color": "1DA1F2", "profile_sidebar_border_color": "C0DEED", "profile_sidebar_fill_color": "DDEEF6", "profile_text_color": "333333", "profile_use_background_image": true, "has_extended_profile": true, "default_profile": true, "default_profile_image": false, "following": false, "follow_request_sent": false, "notifications": false, "translator_type": "none"}, "geo": null, "coordinates": null, "place": null, "contributors": null, "is_quote_status": false, "retweet_count": 2, "favorite_count": 3, "favorited": false, "retweeted": false, "lang": "en", "reply_count": 0}