{"created_at": "Mon Dec 03 16:02:12 +0000 2018", "id": 1069622840851406850, "id_str": "1069622840851406850", "full_text": "@gbroh10 So cool \ud83d\ude0e", "truncated": false, "display_text_range": [9, 18], "entities": {"hashtags": [], "symbols": [], "user_mentions": [{"screen_name": "gbroh10", "name": "@gary[WontBackDown]", "id": 167778891, "id_str": "167778891", "indices": [0, 8]}], "urls": []}, "source": "<a href=\"http://twitter.com/download/iphone\" rel=\"nofollow\">Twitter for iPhone</a>", "in_reply_to_status_id": 1069621650730168321, "in_reply_to_status_id_str": "1069621650730168321", "in_reply_to_user_id": 167778891, "in_reply_to_user_id_str": "167778891", "in_reply_to_screen_name": "gbroh10", "user": {"id": 372245915, "id_str": "372245915", "name": "Chris 4 God n Country \u2b50\ufe0f\u2b50\ufe0f\u2b50\ufe0f\ud83d\ude4f\ud83c\udffc\ud83c\uddfa\ud83c\uddf8", "screen_name": "ChrisRowland9", "location": "Tennessee, USA", "description": "Love Jesus,\u271d\ufe0fmy wife \ud83d\udc69\ud83c\udffc4 kids 4 gkids , USA \ud83c\uddfa\ud83c\uddf8and golf. \u26f3\ufe0fpatriot. \ud83d\udd34nationalist \u26aa\ufe0fMAGA TRUMP2020 KAG REDWAVE \ud83d\udeabDating DM\u2019s", "url": null, "entities": {"description": {"urls": []}}, "protected": false, "followers_count": 36471, "friends_count": 37517, "listed_count": 2, "created_at": "Mon Sep 12 12:25:42 +0000 2011", "favourites_count": 24404, "utc_offset": null, "time_zone": null, "geo_enabled": true, "verified": false, "statuses_count": 92602, "lang": null, "contributors_enabled": false, "is_translator": false, "is_translation_enabled": false, "profile_background_color": "C0DEED", "profile_background_image_url": "http://abs.twimg.com/images/themes/theme1/bg.png", "profile_background_image_url_https": "https://abs.twimg.com/images/themes/theme1/bg.png", "profile_background_tile": false, "profile_image_url": "http://pbs.twimg.com/profile_images/1080316085428195329/Z0YdMYkD_normal.jpg", "profile_image_url_https": "https://pbs.twimg.com/profile_images/1080316085428195329/Z0YdMYkD_normal.jpg", "profile_banner_url": "https://pbs.twimg.com/profile_banners/372245915/1542162794", "profile_link_color": "1DA1F2", "profile_sidebar_border_color": "C0DEED", "profile_sidebar_fill_color": "DDEEF6", "profile_text_color": "333333", "profile_use_background_image": true, "has_extended_profile": false, "default_profile": true, "default_profile_image": false, "following": false, "follow_request_sent": false, "notifications": false, "translator_type": "none"}, "geo": null, "coordinates": null, "place": null, "contributors": null, "is_quote_status": false, "retweet_count": 1, "favorite_count": 3, "favorited": false, "retweeted": false, "lang": "en", "reply_count": 0}