{"created_at": "Mon Dec 03 18:23:26 +0000 2018", "id": 1069658384050388993, "id_str": "1069658384050388993", "full_text": "@gbroh10 @Old_Man_Rants Awesome", "truncated": false, "display_text_range": [24, 31], "entities": {"hashtags": [], "symbols": [], "user_mentions": [{"screen_name": "gbroh10", "name": "@gary[WontBackDown]", "id": 167778891, "id_str": "167778891", "indices": [0, 8]}, {"screen_name": "old_man_rants", "name": "old man rants", "id": 1156295283627778048, "id_str": "1156295283627778048", "indices": [9, 23]}], "urls": []}, "source": "<a href=\"http://twitter.com/download/android\" rel=\"nofollow\">Twitter for Android</a>", "in_reply_to_status_id": 1069621650730168321, "in_reply_to_status_id_str": "1069621650730168321", "in_reply_to_user_id": 167778891, "in_reply_to_user_id_str": "167778891", "in_reply_to_screen_name": "gbroh10", "user": {"id": 1049038071596044291, "id_str": "1049038071596044291", "name": "Diane Taylor", "screen_name": "DianeTa24565750", "location": "Pennsylvania, USA", "description": "Wife, Mom, Republican, and proud American. Dont take our guns or our freedom, you won't like the answer", "url": null, "entities": {"description": {"urls": []}}, "protected": false, "followers_count": 2442, "friends_count": 4109, "listed_count": 0, "created_at": "Sun Oct 07 20:45:41 +0000 2018", "favourites_count": 807, "utc_offset": null, "time_zone": null, "geo_enabled": false, "verified": false, "statuses_count": 1942, "lang": null, "contributors_enabled": false, "is_translator": false, "is_translation_enabled": false, "profile_background_color": "F5F8FA", "profile_background_image_url": null, "profile_background_image_url_https": null, "profile_background_tile": false, "profile_image_url": "http://pbs.twimg.com/profile_images/1073230882893385730/T9D57xcY_normal.jpg", "profile_image_url_https": "https://pbs.twimg.com/profile_images/1073230882893385730/T9D57xcY_normal.jpg", "profile_link_color": "1DA1F2", "profile_sidebar_border_color": "C0DEED", "profile_sidebar_fill_color": "DDEEF6", "profile_text_color": "333333", "profile_use_background_image": true, "has_extended_profile": false, "default_profile": true, "default_profile_image": false, "following": false, "follow_request_sent": false, "notifications": false, "translator_type": "none"}, "geo": null, "coordinates": null, "place": null, "contributors": null, "is_quote_status": false, "retweet_count": 1, "favorite_count": 1, "favorited": false, "retweeted": false, "lang": "en", "reply_count": 0}