{"created_at": "Mon Dec 03 16:55:38 +0000 2018", "id": 1069636289165750272, "id_str": "1069636289165750272", "full_text": "@gbroh10 @darhar981 Oh That is cool", "truncated": false, "display_text_range": [20, 35], "entities": {"hashtags": [], "symbols": [], "user_mentions": [{"screen_name": "gbroh10", "name": "@gary[WontBackDown]", "id": 167778891, "id_str": "167778891", "indices": [0, 8]}, {"screen_name": "darhar981", "name": "Sandpiper\ud83d\udc51\u271d\ufe0f\u2721\ufe0f\ud83d\udc15\ud83d\udc08\u2764\ufe0f", "id": 187936720, "id_str": "187936720", "indices": [9, 19]}], "urls": []}, "source": "<a href=\"http://twitter.com\" rel=\"nofollow\">Twitter Web Client</a>", "in_reply_to_status_id": 1069621650730168321, "in_reply_to_status_id_str": "1069621650730168321", "in_reply_to_user_id": 167778891, "in_reply_to_user_id_str": "167778891", "in_reply_to_screen_name": "gbroh10", "user": {"id": 875730390023114752, "id_str": "875730390023114752", "name": "Lawrence Lovett-Stewart", "screen_name": "larry11266", "location": "Halifax, Nova Scotia Canada", "description": "52 Years Old, Canadian (NS), Happily married since 1999. Multi-time Tae-Kwon-Do Champion. ITF and WTF Champion.", "url": null, "entities": {"description": {"urls": []}}, "protected": false, "followers_count": 200, "friends_count": 267, "listed_count": 2, "created_at": "Fri Jun 16 15:02:50 +0000 2017", "favourites_count": 3443, "utc_offset": null, "time_zone": null, "geo_enabled": false, "verified": false, "statuses_count": 6482, "lang": null, "contributors_enabled": false, "is_translator": false, "is_translation_enabled": false, "profile_background_color": "000000", "profile_background_image_url": "http://abs.twimg.com/images/themes/theme1/bg.png", "profile_background_image_url_https": "https://abs.twimg.com/images/themes/theme1/bg.png", "profile_background_tile": false, "profile_image_url": "http://pbs.twimg.com/profile_images/1057248288234262530/kHvGH9qu_normal.jpg", "profile_image_url_https": "https://pbs.twimg.com/profile_images/1057248288234262530/kHvGH9qu_normal.jpg", "profile_banner_url": "https://pbs.twimg.com/profile_banners/875730390023114752/1540902933", "profile_link_color": "19CF86", "profile_sidebar_border_color": "000000", "profile_sidebar_fill_color": "000000", "profile_text_color": "000000", "profile_use_background_image": false, "has_extended_profile": false, "default_profile": false, "default_profile_image": false, "following": false, "follow_request_sent": false, "notifications": false, "translator_type": "none"}, "geo": null, "coordinates": null, "place": null, "contributors": null, "is_quote_status": false, "retweet_count": 1, "favorite_count": 2, "favorited": false, "retweeted": false, "lang": "en", "reply_count": 0}