{"created_at": "Mon Dec 03 16:09:48 +0000 2018", "id": 1069624753294639104, "id_str": "1069624753294639104", "full_text": "@gbroh10 Wow!", "truncated": false, "display_text_range": [9, 13], "entities": {"hashtags": [], "symbols": [], "user_mentions": [{"screen_name": "gbroh10", "name": "@gary[WontBackDown]", "id": 167778891, "id_str": "167778891", "indices": [0, 8]}], "urls": []}, "source": "<a href=\"http://twitter.com/download/iphone\" rel=\"nofollow\">Twitter for iPhone</a>", "in_reply_to_status_id": 1069621650730168321, "in_reply_to_status_id_str": "1069621650730168321", "in_reply_to_user_id": 167778891, "in_reply_to_user_id_str": "167778891", "in_reply_to_screen_name": "gbroh10", "user": {"id": 811717240030711813, "id_str": "811717240030711813", "name": "Diane Boyd", "screen_name": "Boyd_2650", "location": "Wylie, TX", "description": "#Christian #Conservative #IStandWithTrump #ReaganConservative #Constitution #Politics #NewsJunkie #PrayForAmerica #ProIsrael #Military #Vets #TCOT #MAGA #2A #1A", "url": null, "entities": {"description": {"urls": []}}, "protected": false, "followers_count": 84677, "friends_count": 51489, "listed_count": 20, "created_at": "Wed Dec 21 23:37:25 +0000 2016", "favourites_count": 176890, "utc_offset": null, "time_zone": null, "geo_enabled": true, "verified": false, "statuses_count": 446064, "lang": null, "contributors_enabled": false, "is_translator": false, "is_translation_enabled": false, "profile_background_color": "F5F8FA", "profile_background_image_url": null, "profile_background_image_url_https": null, "profile_background_tile": false, "profile_image_url": "http://pbs.twimg.com/profile_images/811978499242229760/ofbh1x-I_normal.jpg", "profile_image_url_https": "https://pbs.twimg.com/profile_images/811978499242229760/ofbh1x-I_normal.jpg", "profile_link_color": "1DA1F2", "profile_sidebar_border_color": "C0DEED", "profile_sidebar_fill_color": "DDEEF6", "profile_text_color": "333333", "profile_use_background_image": true, "has_extended_profile": false, "default_profile": true, "default_profile_image": false, "following": false, "follow_request_sent": false, "notifications": false, "translator_type": "none"}, "geo": null, "coordinates": null, "place": {"id": "5b96c12e41e49aa5", "url": "https://api.twitter.com/1.1/geo/id/5b96c12e41e49aa5.json", "place_type": "city", "name": "Wylie", "full_name": "Wylie, TX", "country_code": "US", "country": "United States", "contained_within": [], "bounding_box": {"type": "Polygon", "coordinates": [[[-96.596044, 32.981938], [-96.4891653, 32.981938], [-96.4891653, 33.0549833], [-96.596044, 33.0549833]]]}, "attributes": {}}, "contributors": null, "is_quote_status": false, "retweet_count": 1, "favorite_count": 2, "favorited": false, "retweeted": false, "lang": "und", "reply_count": 0}