{"created_at": "Mon Dec 03 20:05:50 +0000 2018", "id": 1069684151404675072, "id_str": "1069684151404675072", "full_text": "@gbroh10 @carol_cj09119 Wow\ud83d\ude2e", "truncated": false, "display_text_range": [24, 28], "entities": {"hashtags": [], "symbols": [], "user_mentions": [{"screen_name": "gbroh10", "name": "@gary[WontBackDown]", "id": 167778891, "id_str": "167778891", "indices": [0, 8]}], "urls": []}, "source": "<a href=\"http://twitter.com/download/iphone\" rel=\"nofollow\">Twitter for iPhone</a>", "in_reply_to_status_id": 1069621650730168321, "in_reply_to_status_id_str": "1069621650730168321", "in_reply_to_user_id": 167778891, "in_reply_to_user_id_str": "167778891", "in_reply_to_screen_name": "gbroh10", "user": {"id": 950629218, "id_str": "950629218", "name": "\u274cPatricia O\u2019Brien\u274c", "screen_name": "patobrien236", "location": "United States", "description": "#JerseyGirl #Q Patriot, #MAGA #KAG #TRUMP 2020 #1A #2A #STANDwGeneralFlynn, #NRA,#NYYANKEES.", "url": "https://t.co/z8qCI5qAED", "entities": {"url": {"urls": [{"url": "https://t.co/z8qCI5qAED", "expanded_url": "http://gab.ai/patobrien236", "display_url": "gab.ai/patobrien236", "indices": [0, 23]}]}, "description": {"urls": []}}, "protected": false, "followers_count": 19272, "friends_count": 21223, "listed_count": 7, "created_at": "Thu Nov 15 23:25:55 +0000 2012", "favourites_count": 77147, "utc_offset": null, "time_zone": null, "geo_enabled": false, "verified": false, "statuses_count": 144923, "lang": null, "contributors_enabled": false, "is_translator": false, "is_translation_enabled": false, "profile_background_color": "C0DEED", "profile_background_image_url": "http://abs.twimg.com/images/themes/theme1/bg.png", "profile_background_image_url_https": "https://abs.twimg.com/images/themes/theme1/bg.png", "profile_background_tile": false, "profile_image_url": "http://pbs.twimg.com/profile_images/940342990408732672/Z1bpWhSc_normal.jpg", "profile_image_url_https": "https://pbs.twimg.com/profile_images/940342990408732672/Z1bpWhSc_normal.jpg", "profile_banner_url": "https://pbs.twimg.com/profile_banners/950629218/1572722652", "profile_link_color": "1DA1F2", "profile_sidebar_border_color": "C0DEED", "profile_sidebar_fill_color": "DDEEF6", "profile_text_color": "333333", "profile_use_background_image": true, "has_extended_profile": false, "default_profile": true, "default_profile_image": false, "following": false, "follow_request_sent": false, "notifications": false, "translator_type": "none"}, "geo": null, "coordinates": null, "place": null, "contributors": null, "is_quote_status": false, "retweet_count": 1, "favorite_count": 2, "favorited": false, "retweeted": false, "lang": "und", "reply_count": 0}