{"created_at": "Tue Dec 04 02:55:51 +0000 2018", "id": 1069787336307867650, "id_str": "1069787336307867650", "full_text": "@gbroh10 @snikpmis #BlueAngels ROCK", "truncated": false, "display_text_range": [19, 35], "entities": {"hashtags": [{"text": "BlueAngels", "indices": [19, 30]}], "symbols": [], "user_mentions": [{"screen_name": "gbroh10", "name": "@gary[WontBackDown]", "id": 167778891, "id_str": "167778891", "indices": [0, 8]}, {"screen_name": "snikpmis", "name": "Doug", "id": 461145224, "id_str": "461145224", "indices": [9, 18]}], "urls": []}, "source": "<a href=\"https://mobile.twitter.com\" rel=\"nofollow\">Twitter Web App</a>", "in_reply_to_status_id": 1069621650730168321, "in_reply_to_status_id_str": "1069621650730168321", "in_reply_to_user_id": 167778891, "in_reply_to_user_id_str": "167778891", "in_reply_to_screen_name": "gbroh10", "user": {"id": 808152228213104640, "id_str": "808152228213104640", "name": "Dems Lie \ud83e\udd53\ud83d\udc15", "screen_name": "Dug2010", "location": "CT", "description": "\u2696\ufe0f Democrats Lie #TRUMP #MAGA #1A #2A #4A #KAG\ud83c\uddfa\ud83c\uddf8 #BanShariaLaw #DeportThemAll #VoterID #IndictObama #44WorstPresidentEver IFB", "url": null, "entities": {"description": {"urls": []}}, "protected": false, "followers_count": 4718, "friends_count": 4696, "listed_count": 2, "created_at": "Mon Dec 12 03:31:20 +0000 2016", "favourites_count": 129179, "utc_offset": null, "time_zone": null, "geo_enabled": true, "verified": false, "statuses_count": 19195, "lang": null, "contributors_enabled": false, "is_translator": false, "is_translation_enabled": false, "profile_background_color": "000000", "profile_background_image_url": "http://abs.twimg.com/images/themes/theme1/bg.png", "profile_background_image_url_https": "https://abs.twimg.com/images/themes/theme1/bg.png", "profile_background_tile": false, "profile_image_url": "http://pbs.twimg.com/profile_images/1105633709137510401/1JZ1dLxG_normal.jpg", "profile_image_url_https": "https://pbs.twimg.com/profile_images/1105633709137510401/1JZ1dLxG_normal.jpg", "profile_banner_url": "https://pbs.twimg.com/profile_banners/808152228213104640/1552787465", "profile_link_color": "ABB8C2", "profile_sidebar_border_color": "000000", "profile_sidebar_fill_color": "000000", "profile_text_color": "000000", "profile_use_background_image": false, "has_extended_profile": false, "default_profile": false, "default_profile_image": false, "following": false, "follow_request_sent": false, "notifications": false, "translator_type": "none"}, "geo": null, "coordinates": null, "place": null, "contributors": null, "is_quote_status": false, "retweet_count": 0, "favorite_count": 2, "favorited": false, "retweeted": false, "lang": "en", "reply_count": 0}