{"created_at": "Mon Dec 03 20:57:53 +0000 2018", "id": 1069697252669689864, "id_str": "1069697252669689864", "full_text": "@gbroh10 THAT IS SOOOOOOO AWESOME!!!!!", "truncated": false, "display_text_range": [9, 38], "entities": {"hashtags": [], "symbols": [], "user_mentions": [{"screen_name": "gbroh10", "name": "@gary[WontBackDown]", "id": 167778891, "id_str": "167778891", "indices": [0, 8]}], "urls": []}, "source": "<a href=\"http://twitter.com/download/android\" rel=\"nofollow\">Twitter for Android</a>", "in_reply_to_status_id": 1069621650730168321, "in_reply_to_status_id_str": "1069621650730168321", "in_reply_to_user_id": 167778891, "in_reply_to_user_id_str": "167778891", "in_reply_to_screen_name": "gbroh10", "user": {"id": 850015913302773761, "id_str": "850015913302773761", "name": "Sally\ud83c\udf1f\ud83c\udf1f\ud83c\udf1fNATIONALIST\ud83d\ude0a\ud83d\ude0a\ud83d\ude0a", "screen_name": "Sally72954082", "location": "United States", "description": "Fun loving..All American mama..grandma...and great grandma....LOVE AMERICA AND LOVIN THE CHANGE!!!!\ud83d\ude0d\ud83d\ude0d\ud83d\ude0d\ud83d\ude0d\ud83d\ude0d", "url": null, "entities": {"description": {"urls": []}}, "protected": false, "followers_count": 7104, "friends_count": 7854, "listed_count": 8, "created_at": "Thu Apr 06 16:02:41 +0000 2017", "favourites_count": 107068, "utc_offset": null, "time_zone": null, "geo_enabled": false, "verified": false, "statuses_count": 23021, "lang": null, "contributors_enabled": false, "is_translator": false, "is_translation_enabled": false, "profile_background_color": "F5F8FA", "profile_background_image_url": null, "profile_background_image_url_https": null, "profile_background_tile": false, "profile_image_url": "http://pbs.twimg.com/profile_images/947323624737923072/GkCBbSF4_normal.jpg", "profile_image_url_https": "https://pbs.twimg.com/profile_images/947323624737923072/GkCBbSF4_normal.jpg", "profile_link_color": "1DA1F2", "profile_sidebar_border_color": "C0DEED", "profile_sidebar_fill_color": "DDEEF6", "profile_text_color": "333333", "profile_use_background_image": true, "has_extended_profile": false, "default_profile": true, "default_profile_image": false, "following": false, "follow_request_sent": false, "notifications": false, "translator_type": "none"}, "geo": null, "coordinates": null, "place": null, "contributors": null, "is_quote_status": false, "retweet_count": 1, "favorite_count": 2, "favorited": false, "retweeted": false, "lang": "en", "reply_count": 0}