{"created_at": "Mon Dec 03 17:16:22 +0000 2018", "id": 1069641504308776960, "id_str": "1069641504308776960", "full_text": "@gbroh10 @yogagenie I've been to Pensacola and watched the BAs!  Awesome \ud83c\uddfa\ud83c\uddf8\ud83c\uddfa\ud83c\uddf8\ud83c\uddfa\ud83c\uddf8", "truncated": false, "display_text_range": [20, 79], "entities": {"hashtags": [], "symbols": [], "user_mentions": [{"screen_name": "gbroh10", "name": "@gary[WontBackDown]", "id": 167778891, "id_str": "167778891", "indices": [0, 8]}, {"screen_name": "yogagenie", "name": "DeplorableArmyBrat", "id": 23360808, "id_str": "23360808", "indices": [9, 19]}], "urls": []}, "source": "<a href=\"http://twitter.com/download/android\" rel=\"nofollow\">Twitter for Android</a>", "in_reply_to_status_id": 1069621650730168321, "in_reply_to_status_id_str": "1069621650730168321", "in_reply_to_user_id": 167778891, "in_reply_to_user_id_str": "167778891", "in_reply_to_screen_name": "gbroh10", "user": {"id": 952967505177468930, "id_str": "952967505177468930", "name": "\u274cRoger Carpenter \u2b50\u2b50\u2b50", "screen_name": "RRogerCarpenter", "location": "", "description": "America 1st! #BuildTheWall #KAG2020 FB @GenFlynn @DeAnna4Congress  @RitaCosby @RealDrGina @JessieJaneDuff @docdhj @BarbaraRedgate @CraigRSawyer #WWG1WGA", "url": null, "entities": {"description": {"urls": []}}, "protected": false, "followers_count": 9211, "friends_count": 9583, "listed_count": 3, "created_at": "Mon Jan 15 18:15:33 +0000 2018", "favourites_count": 21086, "utc_offset": null, "time_zone": null, "geo_enabled": true, "verified": false, "statuses_count": 70262, "lang": null, "contributors_enabled": false, "is_translator": false, "is_translation_enabled": false, "profile_background_color": "F5F8FA", "profile_background_image_url": null, "profile_background_image_url_https": null, "profile_background_tile": false, "profile_image_url": "http://pbs.twimg.com/profile_images/958415356187566080/pAp_q0gT_normal.jpg", "profile_image_url_https": "https://pbs.twimg.com/profile_images/958415356187566080/pAp_q0gT_normal.jpg", "profile_banner_url": "https://pbs.twimg.com/profile_banners/952967505177468930/1557323041", "profile_link_color": "1DA1F2", "profile_sidebar_border_color": "C0DEED", "profile_sidebar_fill_color": "DDEEF6", "profile_text_color": "333333", "profile_use_background_image": true, "has_extended_profile": false, "default_profile": true, "default_profile_image": false, "following": false, "follow_request_sent": false, "notifications": false, "translator_type": "none"}, "geo": null, "coordinates": null, "place": null, "contributors": null, "is_quote_status": false, "retweet_count": 1, "favorite_count": 3, "favorited": false, "retweeted": false, "lang": "en", "reply_count": 1}