{"created_at": "Mon Dec 03 21:02:00 +0000 2018", "id": 1069698288876703745, "id_str": "1069698288876703745", "full_text": "@gbroh10 Awesome Sauce", "truncated": false, "display_text_range": [9, 22], "entities": {"hashtags": [], "symbols": [], "user_mentions": [{"screen_name": "gbroh10", "name": "@gary[WontBackDown]", "id": 167778891, "id_str": "167778891", "indices": [0, 8]}], "urls": []}, "source": "<a href=\"http://twitter.com/download/android\" rel=\"nofollow\">Twitter for Android</a>", "in_reply_to_status_id": 1069621650730168321, "in_reply_to_status_id_str": "1069621650730168321", "in_reply_to_user_id": 167778891, "in_reply_to_user_id_str": "167778891", "in_reply_to_screen_name": "gbroh10", "user": {"id": 2291390629, "id_str": "2291390629", "name": "John Lundrigan", "screen_name": "JohnLundrigan1", "location": "Greater Sudbury", "description": "Writer of Jibber Jabber,Cancer Survivor. Family Man,Conservative Opinions expressed are my own and do not reflect my employer RT do not= Endorsement", "url": null, "entities": {"description": {"urls": []}}, "protected": false, "followers_count": 390, "friends_count": 540, "listed_count": 12, "created_at": "Tue Jan 14 16:36:51 +0000 2014", "favourites_count": 20289, "utc_offset": null, "time_zone": null, "geo_enabled": false, "verified": false, "statuses_count": 6304, "lang": null, "contributors_enabled": false, "is_translator": false, "is_translation_enabled": false, "profile_background_color": "C0DEED", "profile_background_image_url": "http://abs.twimg.com/images/themes/theme1/bg.png", "profile_background_image_url_https": "https://abs.twimg.com/images/themes/theme1/bg.png", "profile_background_tile": false, "profile_image_url": "http://pbs.twimg.com/profile_images/496616725098397696/w_6Ktrmr_normal.png", "profile_image_url_https": "https://pbs.twimg.com/profile_images/496616725098397696/w_6Ktrmr_normal.png", "profile_banner_url": "https://pbs.twimg.com/profile_banners/2291390629/1464223196", "profile_link_color": "1B95E0", "profile_sidebar_border_color": "C0DEED", "profile_sidebar_fill_color": "DDEEF6", "profile_text_color": "333333", "profile_use_background_image": true, "has_extended_profile": true, "default_profile": false, "default_profile_image": false, "following": false, "follow_request_sent": false, "notifications": false, "translator_type": "none"}, "geo": null, "coordinates": null, "place": null, "contributors": null, "is_quote_status": false, "retweet_count": 0, "favorite_count": 1, "favorited": false, "retweeted": false, "lang": "en", "reply_count": 0}