{"created_at": "Mon Dec 03 16:15:16 +0000 2018", "id": 1069626128963383299, "id_str": "1069626128963383299", "full_text": "@gbroh10 @wvufanagent99a Wow!!! Beautiful!!! \ud83c\uddfa\ud83c\uddf8", "truncated": false, "display_text_range": [25, 47], "entities": {"hashtags": [], "symbols": [], "user_mentions": [{"screen_name": "gbroh10", "name": "@gary[WontBackDown]", "id": 167778891, "id_str": "167778891", "indices": [0, 8]}], "urls": []}, "source": "<a href=\"http://twitter.com/download/iphone\" rel=\"nofollow\">Twitter for iPhone</a>", "in_reply_to_status_id": 1069621650730168321, "in_reply_to_status_id_str": "1069621650730168321", "in_reply_to_user_id": 167778891, "in_reply_to_user_id_str": "167778891", "in_reply_to_screen_name": "gbroh10", "user": {"id": 898953248, "id_str": "898953248", "name": "TXGirl4Justice", "screen_name": "BeaumontMelissa", "location": "", "description": "Married, Christian, Conservative, Love My Country-One Nation Under God!!! No porn-you will be blocked! No DM.", "url": null, "entities": {"description": {"urls": []}}, "protected": false, "followers_count": 18359, "friends_count": 18416, "listed_count": 93, "created_at": "Tue Oct 23 02:11:59 +0000 2012", "favourites_count": 215268, "utc_offset": null, "time_zone": null, "geo_enabled": true, "verified": false, "statuses_count": 97977, "lang": null, "contributors_enabled": false, "is_translator": false, "is_translation_enabled": false, "profile_background_color": "C0DEED", "profile_background_image_url": "http://abs.twimg.com/images/themes/theme1/bg.png", "profile_background_image_url_https": "https://abs.twimg.com/images/themes/theme1/bg.png", "profile_background_tile": false, "profile_image_url": "http://pbs.twimg.com/profile_images/663006155858251777/lCULrLVT_normal.jpg", "profile_image_url_https": "https://pbs.twimg.com/profile_images/663006155858251777/lCULrLVT_normal.jpg", "profile_link_color": "1DA1F2", "profile_sidebar_border_color": "C0DEED", "profile_sidebar_fill_color": "DDEEF6", "profile_text_color": "333333", "profile_use_background_image": true, "has_extended_profile": false, "default_profile": true, "default_profile_image": false, "following": false, "follow_request_sent": false, "notifications": false, "translator_type": "none"}, "geo": null, "coordinates": null, "place": null, "contributors": null, "is_quote_status": false, "retweet_count": 1, "favorite_count": 2, "favorited": false, "retweeted": false, "lang": "en", "reply_count": 0}