{"created_at": "Tue Dec 04 00:44:09 +0000 2018", "id": 1069754193810984966, "id_str": "1069754193810984966", "full_text": "@gbroh10 @monkey_maga", "truncated": false, "display_text_range": [9, 21], "entities": {"hashtags": [], "symbols": [], "user_mentions": [{"screen_name": "gbroh10", "name": "@gary[WontBackDown]", "id": 167778891, "id_str": "167778891", "indices": [0, 8]}], "urls": []}, "source": "<a href=\"https://mobile.twitter.com\" rel=\"nofollow\">Twitter Web App</a>", "in_reply_to_status_id": 1069621650730168321, "in_reply_to_status_id_str": "1069621650730168321", "in_reply_to_user_id": 167778891, "in_reply_to_user_id_str": "167778891", "in_reply_to_screen_name": "gbroh10", "user": {"id": 44268506, "id_str": "44268506", "name": "Ghostly Auntie", "screen_name": "lisagee1234", "location": "OkieKS", "description": "Covid 19 -  Corona is a HOAX\nJesus is the Waymaker, Miracle worker, Promise Keeper, Light in the darkness!", "url": null, "entities": {"description": {"urls": []}}, "protected": false, "followers_count": 2200, "friends_count": 771, "listed_count": 1, "created_at": "Wed Jun 03 02:12:43 +0000 2009", "favourites_count": 32953, "utc_offset": null, "time_zone": null, "geo_enabled": false, "verified": false, "statuses_count": 61944, "lang": null, "contributors_enabled": false, "is_translator": false, "is_translation_enabled": false, "profile_background_color": "07090B", "profile_background_image_url": "http://abs.twimg.com/images/themes/theme10/bg.gif", "profile_background_image_url_https": "https://abs.twimg.com/images/themes/theme10/bg.gif", "profile_background_tile": true, "profile_image_url": "http://pbs.twimg.com/profile_images/1226324151075528709/fH4H6QBS_normal.jpg", "profile_image_url_https": "https://pbs.twimg.com/profile_images/1226324151075528709/fH4H6QBS_normal.jpg", "profile_banner_url": "https://pbs.twimg.com/profile_banners/44268506/1585716653", "profile_link_color": "981CEB", "profile_sidebar_border_color": "FFFFFF", "profile_sidebar_fill_color": "C9C9C9", "profile_text_color": "061223", "profile_use_background_image": true, "has_extended_profile": false, "default_profile": false, "default_profile_image": false, "following": false, "follow_request_sent": false, "notifications": false, "translator_type": "none"}, "geo": null, "coordinates": null, "place": null, "contributors": null, "is_quote_status": false, "retweet_count": 0, "favorite_count": 1, "favorited": false, "retweeted": false, "lang": "und", "reply_count": 0}