{"created_at": "Mon Dec 03 17:25:27 +0000 2018", "id": 1069643792284827650, "id_str": "1069643792284827650", "full_text": "@gbroh10 @superyayadize YAAAAAAAAYAAAAAA!!\ud83c\uddfa\ud83c\uddf8\ud83c\uddfa\ud83c\uddf8\ud83c\uddfa\ud83c\uddf8\ud83c\uddfa\ud83c\uddf8", "truncated": false, "display_text_range": [24, 50], "entities": {"hashtags": [], "symbols": [], "user_mentions": [{"screen_name": "gbroh10", "name": "@gary[WontBackDown]", "id": 167778891, "id_str": "167778891", "indices": [0, 8]}, {"screen_name": "superyayadize", "name": "\ud83d\udc60IStandWithTrump \u2b50\ufe0f\u2b50\ufe0f\u2b50\ufe0fGeneralFLYNNisEXONERATED", "id": 751552860303683584, "id_str": "751552860303683584", "indices": [9, 23]}], "urls": []}, "source": "<a href=\"http://twitter.com/download/iphone\" rel=\"nofollow\">Twitter for iPhone</a>", "in_reply_to_status_id": 1069621650730168321, "in_reply_to_status_id_str": "1069621650730168321", "in_reply_to_user_id": 167778891, "in_reply_to_user_id_str": "167778891", "in_reply_to_screen_name": "gbroh10", "user": {"id": 3236642367, "id_str": "3236642367", "name": "I support TRUMP \ud83c\udf1f\ud83c\udf1f\ud83c\udf1f", "screen_name": "107Loi", "location": "Mississippi, USA", "description": "Proud Female USAF VN Vet. God, Country, Family! RABID #45supporter WWG1WGA #QANON 2A/1A Covfefe \u274c Lists", "url": null, "entities": {"description": {"urls": []}}, "protected": false, "followers_count": 3810, "friends_count": 1372, "listed_count": 26, "created_at": "Tue May 05 19:36:54 +0000 2015", "favourites_count": 241992, "utc_offset": null, "time_zone": null, "geo_enabled": false, "verified": false, "statuses_count": 144761, "lang": null, "contributors_enabled": false, "is_translator": false, "is_translation_enabled": false, "profile_background_color": "C0DEED", "profile_background_image_url": "http://abs.twimg.com/images/themes/theme1/bg.png", "profile_background_image_url_https": "https://abs.twimg.com/images/themes/theme1/bg.png", "profile_background_tile": false, "profile_image_url": "http://pbs.twimg.com/profile_images/1189626857865564161/FIp0lFaT_normal.jpg", "profile_image_url_https": "https://pbs.twimg.com/profile_images/1189626857865564161/FIp0lFaT_normal.jpg", "profile_banner_url": "https://pbs.twimg.com/profile_banners/3236642367/1566774804", "profile_link_color": "1DA1F2", "profile_sidebar_border_color": "C0DEED", "profile_sidebar_fill_color": "DDEEF6", "profile_text_color": "333333", "profile_use_background_image": true, "has_extended_profile": false, "default_profile": true, "default_profile_image": false, "following": false, "follow_request_sent": false, "notifications": false, "translator_type": "none"}, "geo": null, "coordinates": null, "place": null, "contributors": null, "is_quote_status": false, "retweet_count": 0, "favorite_count": 1, "favorited": false, "retweeted": false, "lang": "in", "reply_count": 0}