{"created_at": "Mon Dec 03 23:18:52 +0000 2018", "id": 1069732729678381056, "id_str": "1069732729678381056", "full_text": "@gbroh10 Love this. Great heroes\nKeeping America safe.\nRetweet", "truncated": false, "display_text_range": [9, 62], "entities": {"hashtags": [], "symbols": [], "user_mentions": [{"screen_name": "gbroh10", "name": "@gary[WontBackDown]", "id": 167778891, "id_str": "167778891", "indices": [0, 8]}], "urls": []}, "source": "<a href=\"http://twitter.com/download/android\" rel=\"nofollow\">Twitter for Android</a>", "in_reply_to_status_id": 1069621650730168321, "in_reply_to_status_id_str": "1069621650730168321", "in_reply_to_user_id": 167778891, "in_reply_to_user_id_str": "167778891", "in_reply_to_screen_name": "gbroh10", "user": {"id": 950830002, "id_str": "950830002", "name": "Crystal", "screen_name": "crystal_night20", "location": "", "description": "Just another conservative expecting serious damage to Americans by the democrat socialist party in Congress... Stop the Destruction of The US Constitution", "url": null, "entities": {"description": {"urls": []}}, "protected": false, "followers_count": 5604, "friends_count": 4352, "listed_count": 107, "created_at": "Fri Nov 16 02:26:40 +0000 2012", "favourites_count": 103397, "utc_offset": null, "time_zone": null, "geo_enabled": true, "verified": false, "statuses_count": 216359, "lang": null, "contributors_enabled": false, "is_translator": false, "is_translation_enabled": false, "profile_background_color": "C0DEED", "profile_background_image_url": "http://abs.twimg.com/images/themes/theme1/bg.png", "profile_background_image_url_https": "https://abs.twimg.com/images/themes/theme1/bg.png", "profile_background_tile": false, "profile_image_url": "http://pbs.twimg.com/profile_images/2858989411/03eb1e247fb839010bb2f1bd7614368e_normal.jpeg", "profile_image_url_https": "https://pbs.twimg.com/profile_images/2858989411/03eb1e247fb839010bb2f1bd7614368e_normal.jpeg", "profile_link_color": "1DA1F2", "profile_sidebar_border_color": "C0DEED", "profile_sidebar_fill_color": "DDEEF6", "profile_text_color": "333333", "profile_use_background_image": true, "has_extended_profile": false, "default_profile": true, "default_profile_image": false, "following": false, "follow_request_sent": false, "notifications": false, "translator_type": "none"}, "geo": null, "coordinates": null, "place": null, "contributors": null, "is_quote_status": false, "retweet_count": 0, "favorite_count": 1, "favorited": false, "retweeted": false, "lang": "en", "reply_count": 0}