{"created_at": "Mon Dec 03 21:24:09 +0000 2018", "id": 1069703862381101057, "id_str": "1069703862381101057", "full_text": "@gbroh10 @Boyd_2650 That's cool!!! \u2764", "truncated": false, "display_text_range": [20, 36], "entities": {"hashtags": [], "symbols": [], "user_mentions": [{"screen_name": "gbroh10", "name": "@gary[WontBackDown]", "id": 167778891, "id_str": "167778891", "indices": [0, 8]}, {"screen_name": "Boyd_2650", "name": "Diane Boyd", "id": 811717240030711813, "id_str": "811717240030711813", "indices": [9, 19]}], "urls": []}, "source": "<a href=\"http://twitter.com/download/android\" rel=\"nofollow\">Twitter for Android</a>", "in_reply_to_status_id": 1069621650730168321, "in_reply_to_status_id_str": "1069621650730168321", "in_reply_to_user_id": 167778891, "in_reply_to_user_id_str": "167778891", "in_reply_to_screen_name": "gbroh10", "user": {"id": 863507148952801280, "id_str": "863507148952801280", "name": "Sue\ud83c\udf53\ud83c\udf40\ud83c\udf08\ud83d\udc9b\ud83d\udc99", "screen_name": "alcazar_susan", "location": "SE Michigan ", "description": "Married my grade school sweetheart Lou. Dental Assistant. \u2764's Moonlight. \u2764's B-5. \u2764's Daytona Beach FL. \u2764's Alex O'Loughlin\u269c", "url": null, "entities": {"description": {"urls": []}}, "protected": false, "followers_count": 1247, "friends_count": 564, "listed_count": 2, "created_at": "Sat May 13 21:32:02 +0000 2017", "favourites_count": 167268, "utc_offset": null, "time_zone": null, "geo_enabled": true, "verified": false, "statuses_count": 129227, "lang": null, "contributors_enabled": false, "is_translator": false, "is_translation_enabled": false, "profile_background_color": "F5F8FA", "profile_background_image_url": null, "profile_background_image_url_https": null, "profile_background_tile": false, "profile_image_url": "http://pbs.twimg.com/profile_images/1251854096115683328/TFJxiMc3_normal.jpg", "profile_image_url_https": "https://pbs.twimg.com/profile_images/1251854096115683328/TFJxiMc3_normal.jpg", "profile_banner_url": "https://pbs.twimg.com/profile_banners/863507148952801280/1583339058", "profile_link_color": "1DA1F2", "profile_sidebar_border_color": "C0DEED", "profile_sidebar_fill_color": "DDEEF6", "profile_text_color": "333333", "profile_use_background_image": true, "has_extended_profile": true, "default_profile": true, "default_profile_image": false, "following": false, "follow_request_sent": false, "notifications": false, "translator_type": "none"}, "geo": null, "coordinates": null, "place": null, "contributors": null, "is_quote_status": false, "retweet_count": 1, "favorite_count": 2, "favorited": false, "retweeted": false, "lang": "en", "reply_count": 0}