{"created_at": "Tue Dec 04 00:05:29 +0000 2018", "id": 1069744461150744576, "id_str": "1069744461150744576", "full_text": "@gbroh10 @Sekusa1 You're incorrect. Please give credit to the artist who created this beautiful image. https://t.co/RNxwhvaxH0", "truncated": false, "display_text_range": [18, 126], "entities": {"hashtags": [], "symbols": [], "user_mentions": [{"screen_name": "gbroh10", "name": "@gary[WontBackDown]", "id": 167778891, "id_str": "167778891", "indices": [0, 8]}, {"screen_name": "Sekusa1", "name": "\u20b4\u0246\u20ad\u20ae\u00d8\u2c64 (\u20ad)", "id": 918534858871377920, "id_str": "918534858871377920", "indices": [9, 17]}], "urls": [{"url": "https://t.co/RNxwhvaxH0", "expanded_url": "https://www.behance.net/gallery/25773693/Aviahand", "display_url": "behance.net/gallery/257736\u2026", "indices": [103, 126]}]}, "source": "<a href=\"https://mobile.twitter.com\" rel=\"nofollow\">Twitter Web App</a>", "in_reply_to_status_id": 1069621650730168321, "in_reply_to_status_id_str": "1069621650730168321", "in_reply_to_user_id": 167778891, "in_reply_to_user_id_str": "167778891", "in_reply_to_screen_name": "gbroh10", "user": {"id": 559952877, "id_str": "559952877", "name": "natg", "screen_name": "natgaffy", "location": "", "description": "I have a life and don't base my self-worth on the number of followers I have on Twitter. We need to be moving in a progressive direction instead of backwards.", "url": null, "entities": {"description": {"urls": []}}, "protected": false, "followers_count": 450, "friends_count": 951, "listed_count": 4, "created_at": "Sat Apr 21 21:17:16 +0000 2012", "favourites_count": 25248, "utc_offset": null, "time_zone": null, "geo_enabled": false, "verified": false, "statuses_count": 5320, "lang": null, "contributors_enabled": false, "is_translator": false, "is_translation_enabled": false, "profile_background_color": "C0DEED", "profile_background_image_url": "http://abs.twimg.com/images/themes/theme1/bg.png", "profile_background_image_url_https": "https://abs.twimg.com/images/themes/theme1/bg.png", "profile_background_tile": false, "profile_image_url": "http://pbs.twimg.com/profile_images/1180673353599746048/kzSUE9hG_normal.jpg", "profile_image_url_https": "https://pbs.twimg.com/profile_images/1180673353599746048/kzSUE9hG_normal.jpg", "profile_banner_url": "https://pbs.twimg.com/profile_banners/559952877/1547959427", "profile_link_color": "1DA1F2", "profile_sidebar_border_color": "C0DEED", "profile_sidebar_fill_color": "DDEEF6", "profile_text_color": "333333", "profile_use_background_image": true, "has_extended_profile": false, "default_profile": true, "default_profile_image": false, "following": false, "follow_request_sent": false, "notifications": false, "translator_type": "none"}, "geo": null, "coordinates": null, "place": null, "contributors": null, "is_quote_status": false, "retweet_count": 0, "favorite_count": 0, "favorited": false, "retweeted": false, "possibly_sensitive": false, "possibly_sensitive_appealable": false, "lang": "en", "reply_count": 0}