{"created_at": "Mon Dec 03 19:57:22 +0000 2018", "id": 1069682021620830208, "id_str": "1069682021620830208", "full_text": "@gbroh10 Wow! Cool!", "truncated": false, "display_text_range": [9, 19], "entities": {"hashtags": [], "symbols": [], "user_mentions": [{"screen_name": "gbroh10", "name": "@gary[WontBackDown]", "id": 167778891, "id_str": "167778891", "indices": [0, 8]}], "urls": []}, "source": "<a href=\"http://twitter.com/download/android\" rel=\"nofollow\">Twitter for Android</a>", "in_reply_to_status_id": 1069621650730168321, "in_reply_to_status_id_str": "1069621650730168321", "in_reply_to_user_id": 167778891, "in_reply_to_user_id_str": "167778891", "in_reply_to_screen_name": "gbroh10", "user": {"id": 959285851875196928, "id_str": "959285851875196928", "name": "\ud835\udd41\ud835\udd56\ud835\udd5f\ud835\udd5f\ud835\udd5a\ud835\udd57\ud835\udd56\ud835\udd63\ud83d\udd31\ud83c\uddfa\ud83c\uddf8\ud83d\udd31 \ud835\udce3\ud835\udcee\ud835\udd01\ud835\udcfd\ud835\udce3\ud835\udcfb\ud835\udcfe\ud835\udcf6\ud835\udcf9to88022", "screen_name": "GodLovesUSA1", "location": "United States", "description": "God\ud83d\udd25\u2764\u25ab\ufe0fRoman Catholic\ud83d\udd4a\u25ab\ufe0fMAGA\ud83c\uddfa\ud83c\uddf8\u25ab\ufe0fPOTUS 45\u25ab\ufe0fCult45\u25ab\ufe0fKAG\ud83c\uddfa\ud83c\uddf8\u25ab\ufe0fConstitution\u25ab\ufe0fProLife\ud83d\ude4f\u25ab\ufe0fLoveOurMilitary\u25ab\ufe0fQ \u2606WWG1WGA\u25ab\ufe0fNRA\u25ab\ufe0fBacktheBlue\u25ab\ufe0f1A  2A \u25ab\ufe0fGREAT AWAKENING", "url": null, "entities": {"description": {"urls": []}}, "protected": false, "followers_count": 72980, "friends_count": 51027, "listed_count": 39, "created_at": "Fri Feb 02 04:42:24 +0000 2018", "favourites_count": 190172, "utc_offset": null, "time_zone": null, "geo_enabled": true, "verified": false, "statuses_count": 179166, "lang": null, "contributors_enabled": false, "is_translator": false, "is_translation_enabled": false, "profile_background_color": "F5F8FA", "profile_background_image_url": null, "profile_background_image_url_https": null, "profile_background_tile": false, "profile_image_url": "http://pbs.twimg.com/profile_images/1273699382022385665/cAOYD3LA_normal.jpg", "profile_image_url_https": "https://pbs.twimg.com/profile_images/1273699382022385665/cAOYD3LA_normal.jpg", "profile_banner_url": "https://pbs.twimg.com/profile_banners/959285851875196928/1591356795", "profile_link_color": "1DA1F2", "profile_sidebar_border_color": "C0DEED", "profile_sidebar_fill_color": "DDEEF6", "profile_text_color": "333333", "profile_use_background_image": true, "has_extended_profile": true, "default_profile": true, "default_profile_image": false, "following": false, "follow_request_sent": false, "notifications": false, "translator_type": "none"}, "geo": null, "coordinates": null, "place": null, "contributors": null, "is_quote_status": false, "retweet_count": 1, "favorite_count": 2, "favorited": false, "retweeted": false, "lang": "en", "reply_count": 0}