{"created_at": "Mon Dec 03 19:38:09 +0000 2018", "id": 1069677186238558209, "id_str": "1069677186238558209", "full_text": "@gbroh10 Amazing and beautiful!", "truncated": false, "display_text_range": [9, 31], "entities": {"hashtags": [], "symbols": [], "user_mentions": [{"screen_name": "gbroh10", "name": "@gary[WontBackDown]", "id": 167778891, "id_str": "167778891", "indices": [0, 8]}], "urls": []}, "source": "<a href=\"http://twitter.com\" rel=\"nofollow\">Twitter Web Client</a>", "in_reply_to_status_id": 1069621650730168321, "in_reply_to_status_id_str": "1069621650730168321", "in_reply_to_user_id": 167778891, "in_reply_to_user_id_str": "167778891", "in_reply_to_screen_name": "gbroh10", "user": {"id": 409735484, "id_str": "409735484", "name": "DeplorableSteph\u2b50\u2b50\u2b50", "screen_name": "beaglebabe48", "location": "USA", "description": "\u2764\ufe0fMy Vet husband of 51 years \n\u2764\ufe0fVets  \u2764\ufe0fOur Military \n\ud83d\udc99LEO   \u2764\ufe0f@POTUS Trump \n\ud83d\udeabLists \ud83d\udeabunsolicited DM's\n\u25b6\ufe0f Follow me on Parler \u203c\ufe0f@beaglebabe48", "url": null, "entities": {"description": {"urls": []}}, "protected": false, "followers_count": 42393, "friends_count": 41855, "listed_count": 5, "created_at": "Fri Nov 11 04:37:49 +0000 2011", "favourites_count": 284095, "utc_offset": null, "time_zone": null, "geo_enabled": false, "verified": false, "statuses_count": 200155, "lang": null, "contributors_enabled": false, "is_translator": false, "is_translation_enabled": false, "profile_background_color": "CCA460", "profile_background_image_url": "http://abs.twimg.com/images/themes/theme1/bg.png", "profile_background_image_url_https": "https://abs.twimg.com/images/themes/theme1/bg.png", "profile_background_tile": false, "profile_image_url": "http://pbs.twimg.com/profile_images/1080584587552514048/R1QoG2--_normal.jpg", "profile_image_url_https": "https://pbs.twimg.com/profile_images/1080584587552514048/R1QoG2--_normal.jpg", "profile_banner_url": "https://pbs.twimg.com/profile_banners/409735484/1546462481", "profile_link_color": "1B95E0", "profile_sidebar_border_color": "FFFFFF", "profile_sidebar_fill_color": "DDEEF6", "profile_text_color": "0084B4", "profile_use_background_image": true, "has_extended_profile": false, "default_profile": false, "default_profile_image": false, "following": false, "follow_request_sent": false, "notifications": false, "translator_type": "regular"}, "geo": null, "coordinates": null, "place": null, "contributors": null, "is_quote_status": false, "retweet_count": 1, "favorite_count": 2, "favorited": false, "retweeted": false, "lang": "en", "reply_count": 0}