{"created_at": "Mon Dec 03 20:18:44 +0000 2018", "id": 1069687399154892807, "id_str": "1069687399154892807", "full_text": "@gbroh10 WOW!!!!!!!!!!!!!!", "truncated": false, "display_text_range": [9, 26], "entities": {"hashtags": [], "symbols": [], "user_mentions": [{"screen_name": "gbroh10", "name": "@gary[WontBackDown]", "id": 167778891, "id_str": "167778891", "indices": [0, 8]}], "urls": []}, "source": "<a href=\"http://twitter.com\" rel=\"nofollow\">Twitter Web Client</a>", "in_reply_to_status_id": 1069621650730168321, "in_reply_to_status_id_str": "1069621650730168321", "in_reply_to_user_id": 167778891, "in_reply_to_user_id_str": "167778891", "in_reply_to_screen_name": "gbroh10", "user": {"id": 3201944938, "id_str": "3201944938", "name": "\ud83c\udf3dCorn Pop 30330 \ud83c\udf3d", "screen_name": "Sherri_Wag", "location": "North Carolina, USA", "description": "I'm a proud southerner. love God, our Constitution, DOGS & coffee. Trump supporter from day one! \ud83d\udc36\u2764\ufe0f", "url": null, "entities": {"description": {"urls": []}}, "protected": false, "followers_count": 10598, "friends_count": 10818, "listed_count": 35, "created_at": "Fri Apr 24 18:00:48 +0000 2015", "favourites_count": 106110, "utc_offset": null, "time_zone": null, "geo_enabled": false, "verified": false, "statuses_count": 83712, "lang": null, "contributors_enabled": false, "is_translator": false, "is_translation_enabled": false, "profile_background_color": "000000", "profile_background_image_url": "http://abs.twimg.com/images/themes/theme1/bg.png", "profile_background_image_url_https": "https://abs.twimg.com/images/themes/theme1/bg.png", "profile_background_tile": false, "profile_image_url": "http://pbs.twimg.com/profile_images/1270115726934839297/Vyg1jF6S_normal.jpg", "profile_image_url_https": "https://pbs.twimg.com/profile_images/1270115726934839297/Vyg1jF6S_normal.jpg", "profile_banner_url": "https://pbs.twimg.com/profile_banners/3201944938/1461263243", "profile_link_color": "981CEB", "profile_sidebar_border_color": "000000", "profile_sidebar_fill_color": "000000", "profile_text_color": "000000", "profile_use_background_image": false, "has_extended_profile": false, "default_profile": false, "default_profile_image": false, "following": false, "follow_request_sent": false, "notifications": false, "translator_type": "none"}, "geo": null, "coordinates": null, "place": null, "contributors": null, "is_quote_status": false, "retweet_count": 1, "favorite_count": 2, "favorited": false, "retweeted": false, "lang": "und", "reply_count": 0}