{"created_at": "Mon Dec 03 16:19:10 +0000 2018", "id": 1069627109994184704, "id_str": "1069627109994184704", "full_text": "@gbroh10 Wow incredible!", "truncated": false, "display_text_range": [9, 24], "entities": {"hashtags": [], "symbols": [], "user_mentions": [{"screen_name": "gbroh10", "name": "@gary[WontBackDown]", "id": 167778891, "id_str": "167778891", "indices": [0, 8]}], "urls": []}, "source": "<a href=\"http://twitter.com/#!/download/ipad\" rel=\"nofollow\">Twitter for iPad</a>", "in_reply_to_status_id": 1069621650730168321, "in_reply_to_status_id_str": "1069621650730168321", "in_reply_to_user_id": 167778891, "in_reply_to_user_id_str": "167778891", "in_reply_to_screen_name": "gbroh10", "user": {"id": 2936388240, "id_str": "2936388240", "name": "\u2764\ufe0f K for Trump Text TRUMP 88022\u2764\ufe0f\u2b50\ufe0f\u2b50\ufe0f\u2b50\ufe0f", "screen_name": "KMichels60", "location": "", "description": "\u2764\ufe0f My Husband & Family \u2764\ufe0f Our Country\ud83c\uddfa\ud83c\uddf8Follower Of Our Savior JESUS CHRIST!\ud83d\ude4f\ud83c\udffb\u271d\ufe0fCatholic\ud83d\udcafConservative\u2763\ufe0f\ud83c\uddfa\ud83c\uddf8Love President Trump\ud83c\udf1fWWG1WGA\u2b50\ufe0fQanon KAG\ud83d\udeabNO DM!", "url": null, "entities": {"description": {"urls": []}}, "protected": false, "followers_count": 18293, "friends_count": 17838, "listed_count": 5, "created_at": "Fri Dec 19 21:32:24 +0000 2014", "favourites_count": 103318, "utc_offset": null, "time_zone": null, "geo_enabled": false, "verified": false, "statuses_count": 100578, "lang": null, "contributors_enabled": false, "is_translator": false, "is_translation_enabled": false, "profile_background_color": "C0DEED", "profile_background_image_url": "http://abs.twimg.com/images/themes/theme1/bg.png", "profile_background_image_url_https": "https://abs.twimg.com/images/themes/theme1/bg.png", "profile_background_tile": false, "profile_image_url": "http://pbs.twimg.com/profile_images/1255819295008763905/rpZgcHWH_normal.jpg", "profile_image_url_https": "https://pbs.twimg.com/profile_images/1255819295008763905/rpZgcHWH_normal.jpg", "profile_banner_url": "https://pbs.twimg.com/profile_banners/2936388240/1585504662", "profile_link_color": "1DA1F2", "profile_sidebar_border_color": "C0DEED", "profile_sidebar_fill_color": "DDEEF6", "profile_text_color": "333333", "profile_use_background_image": true, "has_extended_profile": true, "default_profile": true, "default_profile_image": false, "following": false, "follow_request_sent": false, "notifications": false, "translator_type": "none"}, "geo": null, "coordinates": null, "place": null, "contributors": null, "is_quote_status": false, "retweet_count": 1, "favorite_count": 2, "favorited": false, "retweeted": false, "lang": "en", "reply_count": 0}