{"created_at": "Tue Dec 04 01:39:37 +0000 2018", "id": 1069768153679519750, "id_str": "1069768153679519750", "full_text": "@gbroh10 @JoanBen46634671 Beautiful", "truncated": false, "display_text_range": [26, 35], "entities": {"hashtags": [], "symbols": [], "user_mentions": [{"screen_name": "gbroh10", "name": "@gary[WontBackDown]", "id": 167778891, "id_str": "167778891", "indices": [0, 8]}, {"screen_name": "JoanBen46634671", "name": "Bella for Trump", "id": 824798718146859008, "id_str": "824798718146859008", "indices": [9, 25]}], "urls": []}, "source": "<a href=\"http://twitter.com/download/iphone\" rel=\"nofollow\">Twitter for iPhone</a>", "in_reply_to_status_id": 1069621650730168321, "in_reply_to_status_id_str": "1069621650730168321", "in_reply_to_user_id": 167778891, "in_reply_to_user_id_str": "167778891", "in_reply_to_screen_name": "gbroh10", "user": {"id": 817820151244529664, "id_str": "817820151244529664", "name": "Katharine", "screen_name": "looneylibssuck", "location": "", "description": "Not politically correct. These colors don\u2019t run.  Read the book, God wins. 1A 2A.", "url": null, "entities": {"description": {"urls": []}}, "protected": false, "followers_count": 4074, "friends_count": 3864, "listed_count": 4, "created_at": "Sat Jan 07 19:48:13 +0000 2017", "favourites_count": 30971, "utc_offset": null, "time_zone": null, "geo_enabled": false, "verified": false, "statuses_count": 21020, "lang": null, "contributors_enabled": false, "is_translator": false, "is_translation_enabled": false, "profile_background_color": "F5F8FA", "profile_background_image_url": null, "profile_background_image_url_https": null, "profile_background_tile": false, "profile_image_url": "http://pbs.twimg.com/profile_images/843571909283450880/cJhBCkYo_normal.jpg", "profile_image_url_https": "https://pbs.twimg.com/profile_images/843571909283450880/cJhBCkYo_normal.jpg", "profile_link_color": "1DA1F2", "profile_sidebar_border_color": "C0DEED", "profile_sidebar_fill_color": "DDEEF6", "profile_text_color": "333333", "profile_use_background_image": true, "has_extended_profile": false, "default_profile": true, "default_profile_image": false, "following": false, "follow_request_sent": false, "notifications": false, "translator_type": "none"}, "geo": null, "coordinates": null, "place": null, "contributors": null, "is_quote_status": false, "retweet_count": 0, "favorite_count": 1, "favorited": false, "retweeted": false, "lang": "en", "reply_count": 0}