{"created_at": "Mon Dec 03 23:14:25 +0000 2018", "id": 1069731610038284289, "id_str": "1069731610038284289", "full_text": "@gbroh10 @Barbara72468224 We will one day all see that great hand of our Creator Jesus.I hope that everyone that reads this will be with me , and we will rejoice together. God protect our country from those that seek to destroy her.Blessings to all of you!", "truncated": false, "display_text_range": [26, 256], "entities": {"hashtags": [], "symbols": [], "user_mentions": [{"screen_name": "gbroh10", "name": "@gary[WontBackDown]", "id": 167778891, "id_str": "167778891", "indices": [0, 8]}, {"screen_name": "Barbara72468224", "name": "Barbara", "id": 4062490634, "id_str": "4062490634", "indices": [9, 25]}], "urls": []}, "source": "<a href=\"https://mobile.twitter.com\" rel=\"nofollow\">Twitter Web App</a>", "in_reply_to_status_id": 1069621650730168321, "in_reply_to_status_id_str": "1069621650730168321", "in_reply_to_user_id": 167778891, "in_reply_to_user_id_str": "167778891", "in_reply_to_screen_name": "gbroh10", "user": {"id": 1019276505296392192, "id_str": "1019276505296392192", "name": "Pastorwayne61", "screen_name": "Pastorwayne61", "location": "", "description": "#Minister, #Christianvet, #disabledvet, #MAGA, #USN, #Republican", "url": null, "entities": {"description": {"urls": []}}, "protected": false, "followers_count": 3983, "friends_count": 3699, "listed_count": 1, "created_at": "Tue Jul 17 17:43:51 +0000 2018", "favourites_count": 17308, "utc_offset": null, "time_zone": null, "geo_enabled": false, "verified": false, "statuses_count": 14287, "lang": null, "contributors_enabled": false, "is_translator": false, "is_translation_enabled": false, "profile_background_color": "F5F8FA", "profile_background_image_url": null, "profile_background_image_url_https": null, "profile_background_tile": false, "profile_image_url": "http://pbs.twimg.com/profile_images/1020321869965115394/pKIlxOQh_normal.jpg", "profile_image_url_https": "https://pbs.twimg.com/profile_images/1020321869965115394/pKIlxOQh_normal.jpg", "profile_banner_url": "https://pbs.twimg.com/profile_banners/1019276505296392192/1532103884", "profile_link_color": "1DA1F2", "profile_sidebar_border_color": "C0DEED", "profile_sidebar_fill_color": "DDEEF6", "profile_text_color": "333333", "profile_use_background_image": true, "has_extended_profile": true, "default_profile": true, "default_profile_image": false, "following": false, "follow_request_sent": false, "notifications": false, "translator_type": "none"}, "geo": null, "coordinates": null, "place": null, "contributors": null, "is_quote_status": false, "retweet_count": 3, "favorite_count": 6, "favorited": false, "retweeted": false, "lang": "en", "reply_count": 0}