{"created_at": "Mon Dec 03 17:04:55 +0000 2018", "id": 1069638623413207040, "id_str": "1069638623413207040", "full_text": "@gbroh10 @darhar981 Wow!", "truncated": false, "display_text_range": [20, 24], "entities": {"hashtags": [], "symbols": [], "user_mentions": [{"screen_name": "gbroh10", "name": "@gary[WontBackDown]", "id": 167778891, "id_str": "167778891", "indices": [0, 8]}, {"screen_name": "darhar981", "name": "Sandpiper\ud83d\udc51\u271d\ufe0f\u2721\ufe0f\ud83d\udc15\ud83d\udc08\u2764\ufe0f", "id": 187936720, "id_str": "187936720", "indices": [9, 19]}], "urls": []}, "source": "<a href=\"http://twitter.com/download/iphone\" rel=\"nofollow\">Twitter for iPhone</a>", "in_reply_to_status_id": 1069621650730168321, "in_reply_to_status_id_str": "1069621650730168321", "in_reply_to_user_id": 167778891, "in_reply_to_user_id_str": "167778891", "in_reply_to_screen_name": "gbroh10", "user": {"id": 1327501807, "id_str": "1327501807", "name": "PandoraRuby", "screen_name": "PandoraRuby", "location": "", "description": "\ud83c\uddfa\ud83c\uddf8MAGA \ud83c\uddfa\ud83c\uddf8 KAG \ud83c\uddfa\ud83c\uddf8 WWG1WGA\ud83c\uddfa\ud83c\uddf8MandatoryVoter ID \ud83c\uddfa\ud83c\uddf8No Sanctuary Cities\ud83c\uddfa\ud83c\uddf8\ud83c\uddfa\ud83c\uddf8I pledge allegiance to the flag of the United States of America..IFBP\ud83c\uddfa\ud83c\uddf8", "url": null, "entities": {"description": {"urls": []}}, "protected": false, "followers_count": 6067, "friends_count": 6111, "listed_count": 0, "created_at": "Thu Apr 04 18:03:54 +0000 2013", "favourites_count": 5515, "utc_offset": null, "time_zone": null, "geo_enabled": false, "verified": false, "statuses_count": 14100, "lang": null, "contributors_enabled": false, "is_translator": false, "is_translation_enabled": false, "profile_background_color": "DBE9ED", "profile_background_image_url": "http://abs.twimg.com/images/themes/theme17/bg.gif", "profile_background_image_url_https": "https://abs.twimg.com/images/themes/theme17/bg.gif", "profile_background_tile": false, "profile_image_url": "http://pbs.twimg.com/profile_images/3476725174/7abbda3afc1ec8f8750d044166a705e5_normal.jpeg", "profile_image_url_https": "https://pbs.twimg.com/profile_images/3476725174/7abbda3afc1ec8f8750d044166a705e5_normal.jpeg", "profile_link_color": "CC3366", "profile_sidebar_border_color": "DBE9ED", "profile_sidebar_fill_color": "E6F6F9", "profile_text_color": "333333", "profile_use_background_image": true, "has_extended_profile": false, "default_profile": false, "default_profile_image": false, "following": false, "follow_request_sent": false, "notifications": false, "translator_type": "none"}, "geo": null, "coordinates": null, "place": null, "contributors": null, "is_quote_status": false, "retweet_count": 1, "favorite_count": 2, "favorited": false, "retweeted": false, "lang": "und", "reply_count": 0}