{"created_at": "Mon Dec 03 21:45:20 +0000 2018", "id": 1069709192720773122, "id_str": "1069709192720773122", "full_text": "@gbroh10 Majestic! #SaluteToService \ud83c\udf97 \u2764\ufe0f\ud83c\uddfa\ud83c\uddf8", "truncated": false, "display_text_range": [9, 42], "entities": {"hashtags": [{"text": "SaluteToService", "indices": [19, 35]}], "symbols": [], "user_mentions": [{"screen_name": "gbroh10", "name": "@gary[WontBackDown]", "id": 167778891, "id_str": "167778891", "indices": [0, 8]}], "urls": []}, "source": "<a href=\"http://twitter.com\" rel=\"nofollow\">Twitter Web Client</a>", "in_reply_to_status_id": 1069621650730168321, "in_reply_to_status_id_str": "1069621650730168321", "in_reply_to_user_id": 167778891, "in_reply_to_user_id_str": "167778891", "in_reply_to_screen_name": "gbroh10", "user": {"id": 482418139, "id_str": "482418139", "name": "Gary", "screen_name": "KMGGaryde", "location": "United States", "description": "Architect ~ Artist ~ Musician \n \ud83c\uddfa\ud83c\uddf8 VET \ud83c\uddfa\ud83c\uddf8 TRUMP 2020 #KAG\ud83c\uddfa\ud83c\uddf8", "url": null, "entities": {"description": {"urls": []}}, "protected": false, "followers_count": 78696, "friends_count": 50564, "listed_count": 14, "created_at": "Fri Feb 03 21:56:42 +0000 2012", "favourites_count": 77836, "utc_offset": null, "time_zone": null, "geo_enabled": false, "verified": false, "statuses_count": 166515, "lang": null, "contributors_enabled": false, "is_translator": false, "is_translation_enabled": false, "profile_background_color": "000000", "profile_background_image_url": "http://abs.twimg.com/images/themes/theme1/bg.png", "profile_background_image_url_https": "https://abs.twimg.com/images/themes/theme1/bg.png", "profile_background_tile": false, "profile_image_url": "http://pbs.twimg.com/profile_images/1210389197565169665/oN7N9pYn_normal.jpg", "profile_image_url_https": "https://pbs.twimg.com/profile_images/1210389197565169665/oN7N9pYn_normal.jpg", "profile_banner_url": "https://pbs.twimg.com/profile_banners/482418139/1590711208", "profile_link_color": "1B95E0", "profile_sidebar_border_color": "000000", "profile_sidebar_fill_color": "000000", "profile_text_color": "000000", "profile_use_background_image": false, "has_extended_profile": false, "default_profile": false, "default_profile_image": false, "following": false, "follow_request_sent": false, "notifications": false, "translator_type": "none"}, "geo": null, "coordinates": null, "place": null, "contributors": null, "is_quote_status": false, "retweet_count": 1, "favorite_count": 2, "favorited": false, "retweeted": false, "lang": "en", "reply_count": 0}