{"created_at": "Tue Dec 04 00:37:16 +0000 2018", "id": 1069752463090180098, "id_str": "1069752463090180098", "full_text": "@gbroh10 @steveveling Wow! Amazing!", "truncated": false, "display_text_range": [22, 35], "entities": {"hashtags": [], "symbols": [], "user_mentions": [{"screen_name": "gbroh10", "name": "@gary[WontBackDown]", "id": 167778891, "id_str": "167778891", "indices": [0, 8]}], "urls": []}, "source": "<a href=\"http://twitter.com/download/iphone\" rel=\"nofollow\">Twitter for iPhone</a>", "in_reply_to_status_id": 1069621650730168321, "in_reply_to_status_id_str": "1069621650730168321", "in_reply_to_user_id": 167778891, "in_reply_to_user_id_str": "167778891", "in_reply_to_screen_name": "gbroh10", "user": {"id": 1048774327, "id_str": "1048774327", "name": "Neilstradamus\ud83c\udf0e", "screen_name": "Neilstradamus", "location": "Blue County in a Red State", "description": "Sports talk, politics. A lot of politics lately! Trying to be polite but can't resist myself but don't take me too seriously. Caution: Adult Language.", "url": null, "entities": {"description": {"urls": []}}, "protected": false, "followers_count": 8000, "friends_count": 8098, "listed_count": 2, "created_at": "Sun Dec 30 20:37:28 +0000 2012", "favourites_count": 56425, "utc_offset": null, "time_zone": null, "geo_enabled": true, "verified": false, "statuses_count": 88731, "lang": null, "contributors_enabled": false, "is_translator": false, "is_translation_enabled": false, "profile_background_color": "C0DEED", "profile_background_image_url": "http://abs.twimg.com/images/themes/theme1/bg.png", "profile_background_image_url_https": "https://abs.twimg.com/images/themes/theme1/bg.png", "profile_background_tile": false, "profile_image_url": "http://pbs.twimg.com/profile_images/972611022489030656/EKWKOFo-_normal.jpg", "profile_image_url_https": "https://pbs.twimg.com/profile_images/972611022489030656/EKWKOFo-_normal.jpg", "profile_banner_url": "https://pbs.twimg.com/profile_banners/1048774327/1487523713", "profile_link_color": "1DA1F2", "profile_sidebar_border_color": "C0DEED", "profile_sidebar_fill_color": "DDEEF6", "profile_text_color": "333333", "profile_use_background_image": true, "has_extended_profile": false, "default_profile": true, "default_profile_image": false, "following": false, "follow_request_sent": false, "notifications": false, "translator_type": "none"}, "geo": null, "coordinates": null, "place": null, "contributors": null, "is_quote_status": false, "retweet_count": 0, "favorite_count": 1, "favorited": false, "retweeted": false, "lang": "en", "reply_count": 0}