{"created_at": "Sun Mar 31 09:08:48 +0000 2013", "id": 318288757788913664, "id_str": "318288757788913664", "full_text": "@Cmdr_Hadfield First the Leprechaun and now the Easter Bunny! You have a lot of visitors in space. Blessed Easter to you and your crew.", "truncated": false, "display_text_range": [0, 135], "entities": {"hashtags": [], "symbols": [], "user_mentions": [{"screen_name": "Cmdr_Hadfield", "name": "Chris Hadfield", "id": 186154646, "id_str": "186154646", "indices": [0, 14]}], "urls": []}, "source": "<a href=\"http://twitter.com/download/iphone\" rel=\"nofollow\">Twitter for iPhone</a>", "in_reply_to_status_id": 318280266747617280, "in_reply_to_status_id_str": "318280266747617280", "in_reply_to_user_id": 186154646, "in_reply_to_user_id_str": "186154646", "in_reply_to_screen_name": "Cmdr_Hadfield", "user": {"id": 576827179, "id_str": "576827179", "name": "Joyce Artadi\ud83d\udd96\ud83c\udffc\ud83c\udf08\ud83c\udf0a\ud83e\udd84", "screen_name": "JoyceArtadi", "location": "", "description": "Daughter, Wife, Mother, Friend. I \u2764\ufe0fStar Trek, Star Wars (ok- lots of Sci-Fi) LHOTP, OITNB, animals, and Girl Scouts.  I also Resist! \ud83c\udf0a\ud83c\udf08", "url": null, "entities": {"description": {"urls": []}}, "protected": false, "followers_count": 186, "friends_count": 220, "listed_count": 4, "created_at": "Fri May 11 04:08:36 +0000 2012", "favourites_count": 18084, "utc_offset": null, "time_zone": null, "geo_enabled": false, "verified": false, "statuses_count": 3471, "lang": null, "contributors_enabled": false, "is_translator": false, "is_translation_enabled": false, "profile_background_color": "C0DEED", "profile_background_image_url": "http://abs.twimg.com/images/themes/theme1/bg.png", "profile_background_image_url_https": "https://abs.twimg.com/images/themes/theme1/bg.png", "profile_background_tile": false, "profile_image_url": "http://pbs.twimg.com/profile_images/868285755319214080/FWHVDRpa_normal.jpg", "profile_image_url_https": "https://pbs.twimg.com/profile_images/868285755319214080/FWHVDRpa_normal.jpg", "profile_banner_url": "https://pbs.twimg.com/profile_banners/576827179/1466561373", "profile_link_color": "1DA1F2", "profile_sidebar_border_color": "C0DEED", "profile_sidebar_fill_color": "DDEEF6", "profile_text_color": "333333", "profile_use_background_image": true, "has_extended_profile": false, "default_profile": true, "default_profile_image": false, "following": false, "follow_request_sent": false, "notifications": false, "translator_type": "none"}, "geo": null, "coordinates": null, "place": null, "contributors": null, "is_quote_status": false, "retweet_count": 0, "favorite_count": 0, "favorited": false, "retweeted": false, "lang": "en", "reply_count": 1}