{"created_at": "Sun Mar 31 09:20:42 +0000 2013", "id": 318291753901887488, "id_str": "318291753901887488", "full_text": "@Cmdr_Hadfield Aw, how lovely! I see  you got one for yourself as well - quite right! :-)", "truncated": false, "display_text_range": [0, 89], "entities": {"hashtags": [], "symbols": [], "user_mentions": [{"screen_name": "Cmdr_Hadfield", "name": "Chris Hadfield", "id": 186154646, "id_str": "186154646", "indices": [0, 14]}], "urls": []}, "source": "<a href=\"http://twitter.com\" rel=\"nofollow\">Twitter Web Client</a>", "in_reply_to_status_id": 318280266747617280, "in_reply_to_status_id_str": "318280266747617280", "in_reply_to_user_id": 186154646, "in_reply_to_user_id_str": "186154646", "in_reply_to_screen_name": "Cmdr_Hadfield", "user": {"id": 430862222, "id_str": "430862222", "name": "Linda Jacquest", "screen_name": "LindaJacquest", "location": "Merseyside, UK", "description": "Loves books, history, genealogy, archaeology, literature. Hates/fears conflict. Autistic. ME/CFS. European. Straight ally. She/her.", "url": null, "entities": {"description": {"urls": []}}, "protected": false, "followers_count": 261, "friends_count": 468, "listed_count": 6, "created_at": "Wed Dec 07 17:06:56 +0000 2011", "favourites_count": 16930, "utc_offset": null, "time_zone": null, "geo_enabled": false, "verified": false, "statuses_count": 8843, "lang": null, "contributors_enabled": false, "is_translator": false, "is_translation_enabled": false, "profile_background_color": "0099B9", "profile_background_image_url": "http://abs.twimg.com/images/themes/theme4/bg.gif", "profile_background_image_url_https": "https://abs.twimg.com/images/themes/theme4/bg.gif", "profile_background_tile": false, "profile_image_url": "http://pbs.twimg.com/profile_images/1271754786157793280/PH3kUqY-_normal.jpg", "profile_image_url_https": "https://pbs.twimg.com/profile_images/1271754786157793280/PH3kUqY-_normal.jpg", "profile_banner_url": "https://pbs.twimg.com/profile_banners/430862222/1585171004", "profile_link_color": "1B95E0", "profile_sidebar_border_color": "000000", "profile_sidebar_fill_color": "000000", "profile_text_color": "000000", "profile_use_background_image": true, "has_extended_profile": false, "default_profile": false, "default_profile_image": false, "following": false, "follow_request_sent": false, "notifications": false, "translator_type": "none"}, "geo": null, "coordinates": null, "place": null, "contributors": null, "is_quote_status": false, "retweet_count": 0, "favorite_count": 0, "favorited": false, "retweeted": false, "lang": "en", "reply_count": 0}