{"created_at": "Sun Mar 31 08:51:19 +0000 2013", "id": 318284360577060864, "id_str": "318284360577060864", "full_text": "@Cmdr_Hadfield That's hysterical!!", "truncated": false, "display_text_range": [0, 34], "entities": {"hashtags": [], "symbols": [], "user_mentions": [{"screen_name": "Cmdr_Hadfield", "name": "Chris Hadfield", "id": 186154646, "id_str": "186154646", "indices": [0, 14]}], "urls": []}, "source": "<a href=\"http://twitter.com\" rel=\"nofollow\">Twitter Web Client</a>", "in_reply_to_status_id": 318280266747617280, "in_reply_to_status_id_str": "318280266747617280", "in_reply_to_user_id": 186154646, "in_reply_to_user_id_str": "186154646", "in_reply_to_screen_name": "Cmdr_Hadfield", "user": {"id": 327820085, "id_str": "327820085", "name": "Kathy H.", "screen_name": "kathy_h1", "location": "Alberta, Canada", "description": "Wildlife volunteer. Likes painting, photography. Mostly a country person, animal lover and so-so carpenter.", "url": null, "entities": {"description": {"urls": []}}, "protected": false, "followers_count": 165, "friends_count": 227, "listed_count": 4, "created_at": "Sat Jul 02 06:18:41 +0000 2011", "favourites_count": 1982, "utc_offset": null, "time_zone": null, "geo_enabled": false, "verified": false, "statuses_count": 8752, "lang": null, "contributors_enabled": false, "is_translator": false, "is_translation_enabled": false, "profile_background_color": "FCEBB6", "profile_background_image_url": "http://abs.twimg.com/images/themes/theme13/bg.gif", "profile_background_image_url_https": "https://abs.twimg.com/images/themes/theme13/bg.gif", "profile_background_tile": true, "profile_image_url": "http://pbs.twimg.com/profile_images/482797049755082753/PUgCzYHd_normal.png", "profile_image_url_https": "https://pbs.twimg.com/profile_images/482797049755082753/PUgCzYHd_normal.png", "profile_link_color": "FA743E", "profile_sidebar_border_color": "F0A830", "profile_sidebar_fill_color": "78C0A8", "profile_text_color": "5E412F", "profile_use_background_image": false, "has_extended_profile": false, "default_profile": false, "default_profile_image": false, "following": false, "follow_request_sent": false, "notifications": false, "translator_type": "none"}, "geo": null, "coordinates": null, "place": null, "contributors": null, "is_quote_status": false, "retweet_count": 0, "favorite_count": 0, "favorited": false, "retweeted": false, "lang": "en", "reply_count": 0}