{"created_at": "Sun Mar 31 09:23:22 +0000 2013", "id": 318292425162514432, "id_str": "318292425162514432", "full_text": "@sparkledoris @Cmdr_Hadfield Zero gravity sure makes the egg hunt even more challenging. ;-)", "truncated": false, "display_text_range": [0, 92], "entities": {"hashtags": [], "symbols": [], "user_mentions": [{"screen_name": "sparkledoris", "name": "Faye", "id": 876069212, "id_str": "876069212", "indices": [0, 13]}, {"screen_name": "Cmdr_Hadfield", "name": "Chris Hadfield", "id": 186154646, "id_str": "186154646", "indices": [14, 28]}], "urls": []}, "source": "<a href=\"http://www.echofon.com/\" rel=\"nofollow\">Echofon</a>", "in_reply_to_status_id": 318289787087892480, "in_reply_to_status_id_str": "318289787087892480", "in_reply_to_user_id": 876069212, "in_reply_to_user_id_str": "876069212", "in_reply_to_screen_name": "sparkledoris", "user": {"id": 21130165, "id_str": "21130165", "name": "Gunter (GU!)", "screen_name": "LordGU", "location": "Irgendwo da drau\u00dfen halt. Und hier.", "description": "Rechenknechtdompteur. Musik war nicht meine erste Liebe, und auch sonst finden mich Dinge eher sp\u00e4t. Gesegnet mit einer gesprungenen Sch\u00fcssel voller Neugierde.", "url": "https://t.co/kWZl371IVR", "entities": {"url": {"urls": [{"url": "https://t.co/kWZl371IVR", "expanded_url": "https://lordgu.blogspot.de", "display_url": "lordgu.blogspot.de", "indices": [0, 23]}]}, "description": {"urls": []}}, "protected": false, "followers_count": 513, "friends_count": 311, "listed_count": 45, "created_at": "Tue Feb 17 21:04:04 +0000 2009", "favourites_count": 105172, "utc_offset": null, "time_zone": null, "geo_enabled": false, "verified": false, "statuses_count": 59084, "lang": null, "contributors_enabled": false, "is_translator": false, "is_translation_enabled": true, "profile_background_color": "E8D79A", "profile_background_image_url": "http://abs.twimg.com/images/themes/theme1/bg.png", "profile_background_image_url_https": "https://abs.twimg.com/images/themes/theme1/bg.png", "profile_background_tile": false, "profile_image_url": "http://pbs.twimg.com/profile_images/81388483/HombreS_normal.jpg", "profile_image_url_https": "https://pbs.twimg.com/profile_images/81388483/HombreS_normal.jpg", "profile_link_color": "0084B4", "profile_sidebar_border_color": "BDDCAD", "profile_sidebar_fill_color": "DDFFCC", "profile_text_color": "333333", "profile_use_background_image": false, "has_extended_profile": false, "default_profile": false, "default_profile_image": false, "following": false, "follow_request_sent": false, "notifications": false, "translator_type": "none"}, "geo": null, "coordinates": null, "place": null, "contributors": null, "is_quote_status": false, "retweet_count": 0, "favorite_count": 0, "favorited": false, "retweeted": false, "lang": "en", "reply_count": 0}