{"created_at": "Sun Mar 31 08:47:09 +0000 2013", "id": 318283310197518336, "id_str": "318283310197518336", "full_text": "@Cmdr_Hadfield ....Happiness to U Cmdr...on this Sunday...wherever U R...", "truncated": false, "display_text_range": [0, 73], "entities": {"hashtags": [], "symbols": [], "user_mentions": [{"screen_name": "Cmdr_Hadfield", "name": "Chris Hadfield", "id": 186154646, "id_str": "186154646", "indices": [0, 14]}], "urls": []}, "source": "<a href=\"http://twitter.com/#!/download/ipad\" rel=\"nofollow\">Twitter for iPad</a>", "in_reply_to_status_id": 318280266747617280, "in_reply_to_status_id_str": "318280266747617280", "in_reply_to_user_id": 186154646, "in_reply_to_user_id_str": "186154646", "in_reply_to_screen_name": "Cmdr_Hadfield", "user": {"id": 19768904, "id_str": "19768904", "name": "John F. Baumgartner", "screen_name": "johnfbaumgartne", "location": "", "description": "Survivor dob 9-11-47 Married (25) years First Time (4) Children (12) Grand Children DivorcedReMarried Beatup by stupid mistakes SurvivorThanks GodUS MarineCorps", "url": null, "entities": {"description": {"urls": []}}, "protected": false, "followers_count": 417, "friends_count": 1202, "listed_count": 13, "created_at": "Fri Jan 30 14:23:54 +0000 2009", "favourites_count": 10331, "utc_offset": null, "time_zone": null, "geo_enabled": true, "verified": false, "statuses_count": 27787, "lang": null, "contributors_enabled": false, "is_translator": false, "is_translation_enabled": false, "profile_background_color": "ACDED6", "profile_background_image_url": "http://abs.twimg.com/images/themes/theme18/bg.gif", "profile_background_image_url_https": "https://abs.twimg.com/images/themes/theme18/bg.gif", "profile_background_tile": false, "profile_image_url": "http://pbs.twimg.com/profile_images/2722225965/679554ae2260e36e84e990647d60fa5f_normal.jpeg", "profile_image_url_https": "https://pbs.twimg.com/profile_images/2722225965/679554ae2260e36e84e990647d60fa5f_normal.jpeg", "profile_banner_url": "https://pbs.twimg.com/profile_banners/19768904/1442465399", "profile_link_color": "038543", "profile_sidebar_border_color": "EEEEEE", "profile_sidebar_fill_color": "F6F6F6", "profile_text_color": "333333", "profile_use_background_image": true, "has_extended_profile": false, "default_profile": false, "default_profile_image": false, "following": false, "follow_request_sent": false, "notifications": false, "translator_type": "none"}, "geo": null, "coordinates": null, "place": null, "contributors": null, "is_quote_status": false, "retweet_count": 0, "favorite_count": 0, "favorited": false, "retweeted": false, "lang": "en", "reply_count": 0}