{"created_at": "Sun Mar 31 08:44:23 +0000 2013", "id": 318282615067127808, "id_str": "318282615067127808", "full_text": "@Cmdr_Hadfield ... and a lot of space to hide them. ;)", "truncated": false, "display_text_range": [0, 54], "entities": {"hashtags": [], "symbols": [], "user_mentions": [{"screen_name": "Cmdr_Hadfield", "name": "Chris Hadfield", "id": 186154646, "id_str": "186154646", "indices": [0, 14]}], "urls": []}, "source": "<a href=\"http://twitter.com\" rel=\"nofollow\">Twitter Web Client</a>", "in_reply_to_status_id": 318280266747617280, "in_reply_to_status_id_str": "318280266747617280", "in_reply_to_user_id": 186154646, "in_reply_to_user_id_str": "186154646", "in_reply_to_screen_name": "Cmdr_Hadfield", "user": {"id": 282732273, "id_str": "282732273", "name": "Justus Radmacher", "screen_name": "jhleighhunt", "location": "Austria, here, there, everywh", "description": "\"Gro\u00dfe Katastrophen haben kleine Geister.\"\u2014@DieFiva | history, politics, sports & some serendipity | \u02c8ti:t\u0283\u0259\u02b3 | tweets Deutsch & English | pic by Angel Schatz", "url": null, "entities": {"description": {"urls": []}}, "protected": false, "followers_count": 462, "friends_count": 325, "listed_count": 17, "created_at": "Fri Apr 15 20:14:35 +0000 2011", "favourites_count": 8158, "utc_offset": null, "time_zone": null, "geo_enabled": false, "verified": false, "statuses_count": 10700, "lang": null, "contributors_enabled": false, "is_translator": false, "is_translation_enabled": false, "profile_background_color": "B38E58", "profile_background_image_url": "http://abs.twimg.com/images/themes/theme1/bg.png", "profile_background_image_url_https": "https://abs.twimg.com/images/themes/theme1/bg.png", "profile_background_tile": false, "profile_image_url": "http://pbs.twimg.com/profile_images/972852924891193346/zLx2qNOX_normal.jpg", "profile_image_url_https": "https://pbs.twimg.com/profile_images/972852924891193346/zLx2qNOX_normal.jpg", "profile_banner_url": "https://pbs.twimg.com/profile_banners/282732273/1403722120", "profile_link_color": "664400", "profile_sidebar_border_color": "000000", "profile_sidebar_fill_color": "EDDECA", "profile_text_color": "080708", "profile_use_background_image": true, "has_extended_profile": false, "default_profile": false, "default_profile_image": false, "following": false, "follow_request_sent": false, "notifications": false, "translator_type": "none"}, "geo": null, "coordinates": null, "place": null, "contributors": null, "is_quote_status": false, "retweet_count": 0, "favorite_count": 0, "favorited": false, "retweeted": false, "lang": "en", "reply_count": 0}