{"created_at": "Sun Mar 31 08:38:14 +0000 2013", "id": 318281067264094209, "id_str": "318281067264094209", "full_text": "@Cmdr_Hadfield Aw brilliant! You think of everything! Happy Easter! X", "truncated": false, "display_text_range": [0, 69], "entities": {"hashtags": [], "symbols": [], "user_mentions": [{"screen_name": "Cmdr_Hadfield", "name": "Chris Hadfield", "id": 186154646, "id_str": "186154646", "indices": [0, 14]}], "urls": []}, "source": "<a href=\"http://twitter.com/download/iphone\" rel=\"nofollow\">Twitter for iPhone</a>", "in_reply_to_status_id": 318280266747617280, "in_reply_to_status_id_str": "318280266747617280", "in_reply_to_user_id": 186154646, "in_reply_to_user_id_str": "186154646", "in_reply_to_screen_name": "Cmdr_Hadfield", "user": {"id": 126926066, "id_str": "126926066", "name": "Annie Brookes", "screen_name": "beaverbrookes23", "location": "Leicester Uk", "description": "Leicester gal, proud mum of @HannahB1989 PA to rock art photographer @nickelliottrock Also @nickelliottinfo @nickelliottshop", "url": "https://t.co/H2QPtBbah5", "entities": {"url": {"urls": [{"url": "https://t.co/H2QPtBbah5", "expanded_url": "http://nickelliott.info", "display_url": "nickelliott.info", "indices": [0, 23]}]}, "description": {"urls": []}}, "protected": false, "followers_count": 2930, "friends_count": 2299, "listed_count": 133, "created_at": "Sat Mar 27 13:01:04 +0000 2010", "favourites_count": 165929, "utc_offset": null, "time_zone": null, "geo_enabled": true, "verified": false, "statuses_count": 294959, "lang": null, "contributors_enabled": false, "is_translator": false, "is_translation_enabled": false, "profile_background_color": "ACDED6", "profile_background_image_url": "http://abs.twimg.com/images/themes/theme18/bg.gif", "profile_background_image_url_https": "https://abs.twimg.com/images/themes/theme18/bg.gif", "profile_background_tile": false, "profile_image_url": "http://pbs.twimg.com/profile_images/1276434096214982656/FgAHWQ7w_normal.jpg", "profile_image_url_https": "https://pbs.twimg.com/profile_images/1276434096214982656/FgAHWQ7w_normal.jpg", "profile_banner_url": "https://pbs.twimg.com/profile_banners/126926066/1522947552", "profile_link_color": "038543", "profile_sidebar_border_color": "EEEEEE", "profile_sidebar_fill_color": "F6F6F6", "profile_text_color": "333333", "profile_use_background_image": true, "has_extended_profile": true, "default_profile": false, "default_profile_image": false, "following": false, "follow_request_sent": false, "notifications": false, "translator_type": "none"}, "geo": null, "coordinates": null, "place": null, "contributors": null, "is_quote_status": false, "retweet_count": 0, "favorite_count": 0, "favorited": false, "retweeted": false, "lang": "en", "reply_count": 0}