{"created_at": "Sun Mar 31 08:36:53 +0000 2013", "id": 318280726980198400, "id_str": "318280726980198400", "full_text": "Somebody has to be the #Bunny RT\u201c@Cmdr_Hadfield: Don't tell my crew, but I brought them Easter Eggs :) http://t.co/he0Q0lGypA\u201d", "truncated": false, "display_text_range": [0, 126], "entities": {"hashtags": [{"text": "Bunny", "indices": [23, 29]}], "symbols": [], "user_mentions": [{"screen_name": "Cmdr_Hadfield", "name": "Chris Hadfield", "id": 186154646, "id_str": "186154646", "indices": [33, 47]}], "urls": [], "media": [{"id": 318280266751811584, "id_str": "318280266751811584", "indices": [103, 125], "media_url": "http://pbs.twimg.com/media/BGrCN17CIAAR12r.jpg", "media_url_https": "https://pbs.twimg.com/media/BGrCN17CIAAR12r.jpg", "url": "http://t.co/he0Q0lGypA", "display_url": "pic.twitter.com/he0Q0lGypA", "expanded_url": "https://twitter.com/Cmdr_Hadfield/status/318280266747617280/photo/1", "type": "photo", "sizes": {"small": {"w": 680, "h": 452, "resize": "fit"}, "thumb": {"w": 150, "h": 150, "resize": "crop"}, "large": {"w": 1024, "h": 681, "resize": "fit"}, "medium": {"w": 1024, "h": 681, "resize": "fit"}}, "source_status_id": 318280266747617280, "source_status_id_str": "318280266747617280", "source_user_id": 186154646, "source_user_id_str": "186154646"}]}, "extended_entities": {"media": [{"id": 318280266751811584, "id_str": "318280266751811584", "indices": [103, 125], "media_url": "http://pbs.twimg.com/media/BGrCN17CIAAR12r.jpg", "media_url_https": "https://pbs.twimg.com/media/BGrCN17CIAAR12r.jpg", "url": "http://t.co/he0Q0lGypA", "display_url": "pic.twitter.com/he0Q0lGypA", "expanded_url": "https://twitter.com/Cmdr_Hadfield/status/318280266747617280/photo/1", "type": "photo", "sizes": {"small": {"w": 680, "h": 452, "resize": "fit"}, "thumb": {"w": 150, "h": 150, "resize": "crop"}, "large": {"w": 1024, "h": 681, "resize": "fit"}, "medium": {"w": 1024, "h": 681, "resize": "fit"}}, "source_status_id": 318280266747617280, "source_status_id_str": "318280266747617280", "source_user_id": 186154646, "source_user_id_str": "186154646"}]}, "source": "<a href=\"http://twitter.com/#!/download/ipad\" rel=\"nofollow\">Twitter for iPad</a>", "in_reply_to_status_id": 318280266747617280, "in_reply_to_status_id_str": "318280266747617280", "in_reply_to_user_id": 186154646, "in_reply_to_user_id_str": "186154646", "in_reply_to_screen_name": "Cmdr_Hadfield", "user": {"id": 64161902, "id_str": "64161902", "name": "Philipp", "screen_name": "p_uehlinger", "location": "Switzerland", "description": "#entrepreneur #blockchain  #crypto #enthusiast tweets for @weinkellerschw1 #bacon #ts\u00fcri #bordeaux #wine #scubadiver writer for https://t.co/hHPCEKL0RJ", "url": "https://t.co/xyxAw9qaYA", "entities": {"url": {"urls": [{"url": "https://t.co/xyxAw9qaYA", "expanded_url": "http://www.forctis.io", "display_url": "forctis.io", "indices": [0, 23]}]}, "description": {"urls": [{"url": "https://t.co/hHPCEKL0RJ", "expanded_url": "http://vvwine.ch", "display_url": "vvwine.ch", "indices": [128, 151]}]}}, "protected": false, "followers_count": 989, "friends_count": 487, "listed_count": 136, "created_at": "Sun Aug 09 12:04:26 +0000 2009", "favourites_count": 2095, "utc_offset": null, "time_zone": null, "geo_enabled": true, "verified": false, "statuses_count": 8856, "lang": null, "contributors_enabled": false, "is_translator": false, "is_translation_enabled": false, "profile_background_color": "5DDCE3", "profile_background_image_url": "http://abs.twimg.com/images/themes/theme1/bg.png", "profile_background_image_url_https": "https://abs.twimg.com/images/themes/theme1/bg.png", "profile_background_tile": true, "profile_image_url": "http://pbs.twimg.com/profile_images/1034651251395506176/6dxrR0NU_normal.jpg", "profile_image_url_https": "https://pbs.twimg.com/profile_images/1034651251395506176/6dxrR0NU_normal.jpg", "profile_banner_url": "https://pbs.twimg.com/profile_banners/64161902/1377608072", "profile_link_color": "FA0A32", "profile_sidebar_border_color": "FFFFFF", "profile_sidebar_fill_color": "DDFFCC", "profile_text_color": "333333", "profile_use_background_image": true, "has_extended_profile": false, "default_profile": false, "default_profile_image": false, "following": false, "follow_request_sent": false, "notifications": false, "translator_type": "none"}, "geo": null, "coordinates": null, "place": null, "contributors": null, "is_quote_status": false, "retweet_count": 0, "favorite_count": 0, "favorited": false, "retweeted": false, "possibly_sensitive": false, "possibly_sensitive_appealable": false, "lang": "en", "reply_count": 1}