{"created_at": "Sun Mar 31 08:44:35 +0000 2013", "id": 318282663880454145, "id_str": "318282663880454145", "full_text": "@Cmdr_Hadfield aw how lovely!", "truncated": false, "display_text_range": [0, 29], "entities": {"hashtags": [], "symbols": [], "user_mentions": [{"screen_name": "Cmdr_Hadfield", "name": "Chris Hadfield", "id": 186154646, "id_str": "186154646", "indices": [0, 14]}], "urls": []}, "source": "<a href=\"http://blackberry.com/twitter\" rel=\"nofollow\">Twitter for BlackBerry\u00ae</a>", "in_reply_to_status_id": 318280266747617280, "in_reply_to_status_id_str": "318280266747617280", "in_reply_to_user_id": 186154646, "in_reply_to_user_id_str": "186154646", "in_reply_to_screen_name": "Cmdr_Hadfield", "user": {"id": 242341738, "id_str": "242341738", "name": "Jennifer", "screen_name": "saturnseafrolic", "location": "Durham, England", "description": "", "url": null, "entities": {"description": {"urls": []}}, "protected": false, "followers_count": 168, "friends_count": 1223, "listed_count": 6, "created_at": "Mon Jan 24 15:19:35 +0000 2011", "favourites_count": 4137, "utc_offset": null, "time_zone": null, "geo_enabled": true, "verified": false, "statuses_count": 9575, "lang": null, "contributors_enabled": false, "is_translator": false, "is_translation_enabled": false, "profile_background_color": "642D8B", "profile_background_image_url": "http://abs.twimg.com/images/themes/theme10/bg.gif", "profile_background_image_url_https": "https://abs.twimg.com/images/themes/theme10/bg.gif", "profile_background_tile": true, "profile_image_url": "http://pbs.twimg.com/profile_images/473868857904357376/sJcy9gqb_normal.jpeg", "profile_image_url_https": "https://pbs.twimg.com/profile_images/473868857904357376/sJcy9gqb_normal.jpeg", "profile_banner_url": "https://pbs.twimg.com/profile_banners/242341738/1499238193", "profile_link_color": "91D2FA", "profile_sidebar_border_color": "FFFFFF", "profile_sidebar_fill_color": "7AC3EE", "profile_text_color": "3D1957", "profile_use_background_image": true, "has_extended_profile": false, "default_profile": false, "default_profile_image": false, "following": false, "follow_request_sent": false, "notifications": false, "translator_type": "none"}, "geo": null, "coordinates": null, "place": null, "contributors": null, "is_quote_status": false, "retweet_count": 0, "favorite_count": 0, "favorited": false, "retweeted": false, "lang": "en", "reply_count": 0}