{"created_at": "Sun Mar 31 08:41:43 +0000 2013", "id": 318281943106084864, "id_str": "318281943106084864", "full_text": "@Cmdr_Hadfield \n\nWait wait wait\n\nHow long u been up there?\n\nWhere did you but those eggs", "truncated": false, "display_text_range": [0, 88], "entities": {"hashtags": [], "symbols": [], "user_mentions": [{"screen_name": "Cmdr_Hadfield", "name": "Chris Hadfield", "id": 186154646, "id_str": "186154646", "indices": [0, 14]}], "urls": []}, "source": "<a href=\"http://twitter.com/download/iphone\" rel=\"nofollow\">Twitter for iPhone</a>", "in_reply_to_status_id": 318280266747617280, "in_reply_to_status_id_str": "318280266747617280", "in_reply_to_user_id": 186154646, "in_reply_to_user_id_str": "186154646", "in_reply_to_screen_name": "Cmdr_Hadfield", "user": {"id": 245312543, "id_str": "245312543", "name": "Official \u00df \u24c2\ufe0f\u00ae", "screen_name": "Brimarsh78", "location": "Edinburgh, Scotland", "description": "Chauffeur Driver,Coach at Edinburgh City FC,Celtic season book holder,All views are mines,live football,love football & breath it.", "url": null, "entities": {"description": {"urls": []}}, "protected": false, "followers_count": 447, "friends_count": 1900, "listed_count": 1, "created_at": "Mon Jan 31 11:47:03 +0000 2011", "favourites_count": 1571, "utc_offset": null, "time_zone": null, "geo_enabled": true, "verified": false, "statuses_count": 4861, "lang": null, "contributors_enabled": false, "is_translator": false, "is_translation_enabled": false, "profile_background_color": "C0DEED", "profile_background_image_url": "http://abs.twimg.com/images/themes/theme1/bg.png", "profile_background_image_url_https": "https://abs.twimg.com/images/themes/theme1/bg.png", "profile_background_tile": false, "profile_image_url": "http://pbs.twimg.com/profile_images/1226495537752485888/ZsR3wVrw_normal.jpg", "profile_image_url_https": "https://pbs.twimg.com/profile_images/1226495537752485888/ZsR3wVrw_normal.jpg", "profile_banner_url": "https://pbs.twimg.com/profile_banners/245312543/1500630823", "profile_link_color": "1DA1F2", "profile_sidebar_border_color": "C0DEED", "profile_sidebar_fill_color": "DDEEF6", "profile_text_color": "333333", "profile_use_background_image": true, "has_extended_profile": true, "default_profile": true, "default_profile_image": false, "following": false, "follow_request_sent": false, "notifications": false, "translator_type": "none"}, "geo": null, "coordinates": null, "place": null, "contributors": null, "is_quote_status": false, "retweet_count": 0, "favorite_count": 0, "favorited": false, "retweeted": false, "lang": "en", "reply_count": 0}