{"created_at": "Sun Mar 31 09:21:21 +0000 2013", "id": 318291916762537984, "id_str": "318291916762537984", "full_text": "@Cmdr_Hadfield That would be some kind of fun egg hunt up there - Happy Easter!", "truncated": false, "display_text_range": [0, 79], "entities": {"hashtags": [], "symbols": [], "user_mentions": [{"screen_name": "Cmdr_Hadfield", "name": "Chris Hadfield", "id": 186154646, "id_str": "186154646", "indices": [0, 14]}], "urls": []}, "source": "<a href=\"http://blackberry.com/twitter\" rel=\"nofollow\">Twitter for BlackBerry\u00ae</a>", "in_reply_to_status_id": 318280266747617280, "in_reply_to_status_id_str": "318280266747617280", "in_reply_to_user_id": 186154646, "in_reply_to_user_id_str": "186154646", "in_reply_to_screen_name": "Cmdr_Hadfield", "user": {"id": 84976958, "id_str": "84976958", "name": "Laura Houston", "screen_name": "janeylaur", "location": "", "description": "", "url": null, "entities": {"description": {"urls": []}}, "protected": false, "followers_count": 58, "friends_count": 147, "listed_count": 3, "created_at": "Sun Oct 25 01:01:47 +0000 2009", "favourites_count": 668, "utc_offset": null, "time_zone": null, "geo_enabled": false, "verified": false, "statuses_count": 2201, "lang": null, "contributors_enabled": false, "is_translator": false, "is_translation_enabled": false, "profile_background_color": "FFF04D", "profile_background_image_url": "http://abs.twimg.com/images/themes/theme19/bg.gif", "profile_background_image_url_https": "https://abs.twimg.com/images/themes/theme19/bg.gif", "profile_background_tile": false, "profile_image_url": "http://pbs.twimg.com/profile_images/1255985853052092416/BORYJ-Cj_normal.jpg", "profile_image_url_https": "https://pbs.twimg.com/profile_images/1255985853052092416/BORYJ-Cj_normal.jpg", "profile_banner_url": "https://pbs.twimg.com/profile_banners/84976958/1423622819", "profile_link_color": "0099CC", "profile_sidebar_border_color": "FFF8AD", "profile_sidebar_fill_color": "F6FFD1", "profile_text_color": "333333", "profile_use_background_image": true, "has_extended_profile": false, "default_profile": false, "default_profile_image": false, "following": false, "follow_request_sent": false, "notifications": false, "translator_type": "none"}, "geo": null, "coordinates": null, "place": null, "contributors": null, "is_quote_status": false, "retweet_count": 0, "favorite_count": 0, "favorited": false, "retweeted": false, "lang": "en", "reply_count": 0}