{"created_at": "Sun Mar 31 08:48:13 +0000 2013", "id": 318283581350879232, "id_str": "318283581350879232", "full_text": "@Cmdr_Hadfield ~ Cute! How thoughtful of u. Happy Space Easter! \ud83d\udc30\ud83d\udc23\ud83d\ude80", "truncated": false, "display_text_range": [0, 67], "entities": {"hashtags": [], "symbols": [], "user_mentions": [{"screen_name": "Cmdr_Hadfield", "name": "Chris Hadfield", "id": 186154646, "id_str": "186154646", "indices": [0, 14]}], "urls": []}, "source": "<a href=\"http://www.echofon.com/\" rel=\"nofollow\">Echofon</a>", "in_reply_to_status_id": 318280266747617280, "in_reply_to_status_id_str": "318280266747617280", "in_reply_to_user_id": 186154646, "in_reply_to_user_id_str": "186154646", "in_reply_to_screen_name": "Cmdr_Hadfield", "user": {"id": 35655149, "id_str": "35655149", "name": "Keleigh \ud83d\udc96 Trump\ud83c\uddfa\ud83c\uddf8", "screen_name": "BarbieKeleigh", "location": "MakeAmericaGreatAgain\ud83c\uddfa\ud83c\uddf8", "description": "PoliticalActivist Scientist ClinicalSpecialist ScienceNerd TruthSeeker StarGazer AnimalLover RockCollector LakeLife TeslaDriver Pronouns: Still/Your/President", "url": "https://t.co/LZJpK2mUCX", "entities": {"url": {"urls": [{"url": "https://t.co/LZJpK2mUCX", "expanded_url": "https://m.youtube.com/watch?v=o68kCwSwSeE", "display_url": "m.youtube.com/watch?v=o68kCw\u2026", "indices": [0, 23]}]}, "description": {"urls": []}}, "protected": false, "followers_count": 4720, "friends_count": 1851, "listed_count": 81, "created_at": "Mon Apr 27 03:20:54 +0000 2009", "favourites_count": 6091, "utc_offset": null, "time_zone": null, "geo_enabled": true, "verified": false, "statuses_count": 68691, "lang": null, "contributors_enabled": false, "is_translator": false, "is_translation_enabled": false, "profile_background_color": "000000", "profile_background_image_url": "http://abs.twimg.com/images/themes/theme4/bg.gif", "profile_background_image_url_https": "https://abs.twimg.com/images/themes/theme4/bg.gif", "profile_background_tile": true, "profile_image_url": "http://pbs.twimg.com/profile_images/1247637346230718464/juJWna8Y_normal.jpg", "profile_image_url_https": "https://pbs.twimg.com/profile_images/1247637346230718464/juJWna8Y_normal.jpg", "profile_banner_url": "https://pbs.twimg.com/profile_banners/35655149/1586294899", "profile_link_color": "E81C4F", "profile_sidebar_border_color": "FFFFFF", "profile_sidebar_fill_color": "00C4FF", "profile_text_color": "000000", "profile_use_background_image": true, "has_extended_profile": true, "default_profile": false, "default_profile_image": false, "following": false, "follow_request_sent": false, "notifications": false, "translator_type": "none"}, "geo": null, "coordinates": null, "place": null, "contributors": null, "is_quote_status": false, "retweet_count": 0, "favorite_count": 0, "favorited": false, "retweeted": false, "lang": "en", "reply_count": 0}