{"created_at": "Sun Mar 31 08:45:31 +0000 2013", "id": 318282899126366209, "id_str": "318282899126366209", "full_text": "@Cmdr_Hadfield You sir, are the best space egg EVER!", "truncated": false, "display_text_range": [0, 52], "entities": {"hashtags": [], "symbols": [], "user_mentions": [{"screen_name": "Cmdr_Hadfield", "name": "Chris Hadfield", "id": 186154646, "id_str": "186154646", "indices": [0, 14]}], "urls": []}, "source": "<a href=\"https://about.twitter.com/products/tweetdeck\" rel=\"nofollow\">TweetDeck</a>", "in_reply_to_status_id": 318280266747617280, "in_reply_to_status_id_str": "318280266747617280", "in_reply_to_user_id": 186154646, "in_reply_to_user_id_str": "186154646", "in_reply_to_screen_name": "Cmdr_Hadfield", "user": {"id": 15638162, "id_str": "15638162", "name": "Black Lives Matter. Full Stop.", "screen_name": "daharaDreams", "location": "Beleaguered, Ohio", "description": "\ud83d\udca9shit talker. \ud83d\udcc9parental diva. \ud83d\udcafchaotic neutral. \ud83d\udca1bipolar. \ud83d\udc7egamer. \ud83e\udd47general weirdo.  she/her.", "url": null, "entities": {"description": {"urls": []}}, "protected": false, "followers_count": 933, "friends_count": 684, "listed_count": 57, "created_at": "Mon Jul 28 21:47:52 +0000 2008", "favourites_count": 1472, "utc_offset": null, "time_zone": null, "geo_enabled": false, "verified": false, "statuses_count": 66196, "lang": null, "contributors_enabled": false, "is_translator": false, "is_translation_enabled": false, "profile_background_color": "000000", "profile_background_image_url": "http://abs.twimg.com/images/themes/theme9/bg.gif", "profile_background_image_url_https": "https://abs.twimg.com/images/themes/theme9/bg.gif", "profile_background_tile": false, "profile_image_url": "http://pbs.twimg.com/profile_images/1110403495939768320/92l1wzsZ_normal.png", "profile_image_url_https": "https://pbs.twimg.com/profile_images/1110403495939768320/92l1wzsZ_normal.png", "profile_banner_url": "https://pbs.twimg.com/profile_banners/15638162/1549026595", "profile_link_color": "1B95E0", "profile_sidebar_border_color": "000000", "profile_sidebar_fill_color": "000000", "profile_text_color": "000000", "profile_use_background_image": false, "has_extended_profile": false, "default_profile": false, "default_profile_image": false, "following": false, "follow_request_sent": false, "notifications": false, "translator_type": "none"}, "geo": null, "coordinates": null, "place": null, "contributors": null, "is_quote_status": false, "retweet_count": 0, "favorite_count": 0, "favorited": false, "retweeted": false, "lang": "en", "reply_count": 0}