{"created_at": "Sun Mar 31 08:45:10 +0000 2013", "id": 318282812203610112, "id_str": "318282812203610112", "full_text": "New stars unleashed. Search the night sky. \u201c@Cmdr_Hadfield: Don't tell my crew, but I brought them Easter Eggs :) http://t.co/BcfIJm7bjE\u201d", "truncated": false, "display_text_range": [0, 137], "entities": {"hashtags": [], "symbols": [], "user_mentions": [{"screen_name": "Cmdr_Hadfield", "name": "Chris Hadfield", "id": 186154646, "id_str": "186154646", "indices": [44, 58]}], "urls": [], "media": [{"id": 318280266751811584, "id_str": "318280266751811584", "indices": [114, 136], "media_url": "http://pbs.twimg.com/media/BGrCN17CIAAR12r.jpg", "media_url_https": "https://pbs.twimg.com/media/BGrCN17CIAAR12r.jpg", "url": "http://t.co/BcfIJm7bjE", "display_url": "pic.twitter.com/BcfIJm7bjE", "expanded_url": "https://twitter.com/Cmdr_Hadfield/status/318280266747617280/photo/1", "type": "photo", "sizes": {"small": {"w": 680, "h": 452, "resize": "fit"}, "thumb": {"w": 150, "h": 150, "resize": "crop"}, "large": {"w": 1024, "h": 681, "resize": "fit"}, "medium": {"w": 1024, "h": 681, "resize": "fit"}}, "source_status_id": 318280266747617280, "source_status_id_str": "318280266747617280", "source_user_id": 186154646, "source_user_id_str": "186154646"}]}, "extended_entities": {"media": [{"id": 318280266751811584, "id_str": "318280266751811584", "indices": [114, 136], "media_url": "http://pbs.twimg.com/media/BGrCN17CIAAR12r.jpg", "media_url_https": "https://pbs.twimg.com/media/BGrCN17CIAAR12r.jpg", "url": "http://t.co/BcfIJm7bjE", "display_url": "pic.twitter.com/BcfIJm7bjE", "expanded_url": "https://twitter.com/Cmdr_Hadfield/status/318280266747617280/photo/1", "type": "photo", "sizes": {"small": {"w": 680, "h": 452, "resize": "fit"}, "thumb": {"w": 150, "h": 150, "resize": "crop"}, "large": {"w": 1024, "h": 681, "resize": "fit"}, "medium": {"w": 1024, "h": 681, "resize": "fit"}}, "source_status_id": 318280266747617280, "source_status_id_str": "318280266747617280", "source_user_id": 186154646, "source_user_id_str": "186154646"}]}, "source": "<a href=\"http://twitter.com/#!/download/ipad\" rel=\"nofollow\">Twitter for iPad</a>", "in_reply_to_status_id": 318280266747617280, "in_reply_to_status_id_str": "318280266747617280", "in_reply_to_user_id": 186154646, "in_reply_to_user_id_str": "186154646", "in_reply_to_screen_name": "Cmdr_Hadfield", "user": {"id": 20365005, "id_str": "20365005", "name": "Dr Vincent Lien", "screen_name": "fratribus", "location": "Yorkshire Dales, UK", "description": "English Teacher - TA (SEND) - Devotee to Poppy - P-T Student Officer @fersacambridge - PhD student @CamEdFac @ClareCollege @Cambridge_Uni", "url": "https://t.co/6Nk7TSgdmK", "entities": {"url": {"urls": [{"url": "https://t.co/6Nk7TSgdmK", "expanded_url": "http://fratribus.wordpress.com", "display_url": "fratribus.wordpress.com", "indices": [0, 23]}]}, "description": {"urls": []}}, "protected": false, "followers_count": 1747, "friends_count": 1702, "listed_count": 65, "created_at": "Sun Feb 08 12:59:55 +0000 2009", "favourites_count": 37038, "utc_offset": null, "time_zone": null, "geo_enabled": true, "verified": false, "statuses_count": 36282, "lang": null, "contributors_enabled": false, "is_translator": false, "is_translation_enabled": false, "profile_background_color": "FFF04D", "profile_background_image_url": "http://abs.twimg.com/images/themes/theme19/bg.gif", "profile_background_image_url_https": "https://abs.twimg.com/images/themes/theme19/bg.gif", "profile_background_tile": true, "profile_image_url": "http://pbs.twimg.com/profile_images/1277136941671211008/1vTlxwHh_normal.jpg", "profile_image_url_https": "https://pbs.twimg.com/profile_images/1277136941671211008/1vTlxwHh_normal.jpg", "profile_banner_url": "https://pbs.twimg.com/profile_banners/20365005/1591102048", "profile_link_color": "E81C4F", "profile_sidebar_border_color": "FFFFFF", "profile_sidebar_fill_color": "F6FFD1", "profile_text_color": "333333", "profile_use_background_image": true, "has_extended_profile": true, "default_profile": false, "default_profile_image": false, "following": false, "follow_request_sent": false, "notifications": false, "translator_type": "none"}, "geo": null, "coordinates": null, "place": null, "contributors": null, "is_quote_status": false, "retweet_count": 0, "favorite_count": 1, "favorited": false, "retweeted": false, "possibly_sensitive": false, "possibly_sensitive_appealable": false, "lang": "en", "reply_count": 0}