{"created_at": "Sun Mar 31 08:50:51 +0000 2013", "id": 318284241660153856, "id_str": "318284241660153856", "full_text": "@Cmdr_Hadfield So THAT'S how the Easter Bunny is so fast. One wonders, though, how on earth chocolate survives the heat of reentry...", "truncated": false, "display_text_range": [0, 133], "entities": {"hashtags": [], "symbols": [], "user_mentions": [{"screen_name": "Cmdr_Hadfield", "name": "Chris Hadfield", "id": 186154646, "id_str": "186154646", "indices": [0, 14]}], "urls": []}, "source": "<a href=\"http://twitter.com/download/iphone\" rel=\"nofollow\">Twitter for iPhone</a>", "in_reply_to_status_id": 318280266747617280, "in_reply_to_status_id_str": "318280266747617280", "in_reply_to_user_id": 186154646, "in_reply_to_user_id_str": "186154646", "in_reply_to_screen_name": "Cmdr_Hadfield", "user": {"id": 409636890, "id_str": "409636890", "name": "Tom K", "screen_name": "SeattleDad09", "location": "", "description": "", "url": null, "entities": {"description": {"urls": []}}, "protected": false, "followers_count": 38, "friends_count": 222, "listed_count": 0, "created_at": "Fri Nov 11 01:06:02 +0000 2011", "favourites_count": 4932, "utc_offset": null, "time_zone": null, "geo_enabled": false, "verified": false, "statuses_count": 3272, "lang": null, "contributors_enabled": false, "is_translator": false, "is_translation_enabled": false, "profile_background_color": "C0DEED", "profile_background_image_url": "http://abs.twimg.com/images/themes/theme1/bg.png", "profile_background_image_url_https": "https://abs.twimg.com/images/themes/theme1/bg.png", "profile_background_tile": false, "profile_image_url": "http://pbs.twimg.com/profile_images/378800000246045613/9b45a22af59f1a429d048efa77c40aab_normal.jpeg", "profile_image_url_https": "https://pbs.twimg.com/profile_images/378800000246045613/9b45a22af59f1a429d048efa77c40aab_normal.jpeg", "profile_link_color": "1DA1F2", "profile_sidebar_border_color": "C0DEED", "profile_sidebar_fill_color": "DDEEF6", "profile_text_color": "333333", "profile_use_background_image": true, "has_extended_profile": false, "default_profile": true, "default_profile_image": false, "following": false, "follow_request_sent": false, "notifications": false, "translator_type": "none"}, "geo": null, "coordinates": null, "place": null, "contributors": null, "is_quote_status": false, "retweet_count": 0, "favorite_count": 0, "favorited": false, "retweeted": false, "lang": "en", "reply_count": 0}