{"created_at": "Sun Mar 31 09:26:16 +0000 2013", "id": 318293155235635201, "id_str": "318293155235635201", "full_text": "@Cmdr_Hadfield that is so amazingly adorable!! happy easter!", "truncated": false, "display_text_range": [0, 60], "entities": {"hashtags": [], "symbols": [], "user_mentions": [{"screen_name": "Cmdr_Hadfield", "name": "Chris Hadfield", "id": 186154646, "id_str": "186154646", "indices": [0, 14]}], "urls": []}, "source": "<a href=\"http://twitter.com\" rel=\"nofollow\">Twitter Web Client</a>", "in_reply_to_status_id": 318280266747617280, "in_reply_to_status_id_str": "318280266747617280", "in_reply_to_user_id": 186154646, "in_reply_to_user_id_str": "186154646", "in_reply_to_screen_name": "Cmdr_Hadfield", "user": {"id": 19064151, "id_str": "19064151", "name": "melia", "screen_name": "at_melia", "location": "las vegas, nv", "description": "My eyebrows have their own agenda. I'm just here for the ride.", "url": null, "entities": {"description": {"urls": []}}, "protected": false, "followers_count": 82, "friends_count": 135, "listed_count": 3, "created_at": "Fri Jan 16 12:27:03 +0000 2009", "favourites_count": 411, "utc_offset": null, "time_zone": null, "geo_enabled": false, "verified": false, "statuses_count": 2944, "lang": null, "contributors_enabled": false, "is_translator": false, "is_translation_enabled": false, "profile_background_color": "6699FF", "profile_background_image_url": "http://abs.twimg.com/images/themes/theme9/bg.gif", "profile_background_image_url_https": "https://abs.twimg.com/images/themes/theme9/bg.gif", "profile_background_tile": true, "profile_image_url": "http://pbs.twimg.com/profile_images/1276989889318285312/IBdzKEh4_normal.jpg", "profile_image_url_https": "https://pbs.twimg.com/profile_images/1276989889318285312/IBdzKEh4_normal.jpg", "profile_banner_url": "https://pbs.twimg.com/profile_banners/19064151/1455345789", "profile_link_color": "ABB8C2", "profile_sidebar_border_color": "FFFFFF", "profile_sidebar_fill_color": "FFFFFF", "profile_text_color": "292329", "profile_use_background_image": true, "has_extended_profile": false, "default_profile": false, "default_profile_image": false, "following": false, "follow_request_sent": false, "notifications": false, "translator_type": "none"}, "geo": null, "coordinates": null, "place": null, "contributors": null, "is_quote_status": false, "retweet_count": 0, "favorite_count": 0, "favorited": false, "retweeted": false, "lang": "en", "reply_count": 0}