{"created_at": "Sun Mar 31 08:54:07 +0000 2013", "id": 318285064796516352, "id_str": "318285064796516352", "full_text": "@Cmdr_Hadfield Get them from Tesco last week?  They were on offer", "truncated": false, "display_text_range": [0, 65], "entities": {"hashtags": [], "symbols": [], "user_mentions": [{"screen_name": "Cmdr_Hadfield", "name": "Chris Hadfield", "id": 186154646, "id_str": "186154646", "indices": [0, 14]}], "urls": []}, "source": "<a href=\"http://twitter.com/download/android\" rel=\"nofollow\">Twitter for Android</a>", "in_reply_to_status_id": 318280266747617280, "in_reply_to_status_id_str": "318280266747617280", "in_reply_to_user_id": 186154646, "in_reply_to_user_id_str": "186154646", "in_reply_to_screen_name": "Cmdr_Hadfield", "user": {"id": 1111483532, "id_str": "1111483532", "name": "Graham Waller", "screen_name": "WallerGraham", "location": "", "description": "Just a normal bloke who speaks his mind and sometimes gets into trouble for it.\nDragged myself along from flunking school, done OK. Dad would be proud. I hope.", "url": null, "entities": {"description": {"urls": []}}, "protected": false, "followers_count": 43, "friends_count": 174, "listed_count": 1, "created_at": "Tue Jan 22 12:59:13 +0000 2013", "favourites_count": 968, "utc_offset": null, "time_zone": null, "geo_enabled": false, "verified": false, "statuses_count": 1674, "lang": null, "contributors_enabled": false, "is_translator": false, "is_translation_enabled": false, "profile_background_color": "C0DEED", "profile_background_image_url": "http://abs.twimg.com/images/themes/theme1/bg.png", "profile_background_image_url_https": "https://abs.twimg.com/images/themes/theme1/bg.png", "profile_background_tile": false, "profile_image_url": "http://pbs.twimg.com/profile_images/3147924088/ace7be8857fe998997307d8770a42856_normal.jpeg", "profile_image_url_https": "https://pbs.twimg.com/profile_images/3147924088/ace7be8857fe998997307d8770a42856_normal.jpeg", "profile_banner_url": "https://pbs.twimg.com/profile_banners/1111483532/1359063819", "profile_link_color": "1DA1F2", "profile_sidebar_border_color": "C0DEED", "profile_sidebar_fill_color": "DDEEF6", "profile_text_color": "333333", "profile_use_background_image": true, "has_extended_profile": false, "default_profile": true, "default_profile_image": false, "following": false, "follow_request_sent": false, "notifications": false, "translator_type": "none"}, "geo": null, "coordinates": null, "place": null, "contributors": null, "is_quote_status": false, "retweet_count": 0, "favorite_count": 0, "favorited": false, "retweeted": false, "lang": "en", "reply_count": 0}