{"created_at": "Sun Mar 31 09:10:44 +0000 2013", "id": 318289246211416064, "id_str": "318289246211416064", "full_text": "@Cmdr_Hadfield so was it a dragon or a giant bunny that brought your eggs? Happy easter from Hawkesbury ont.", "truncated": false, "display_text_range": [0, 108], "entities": {"hashtags": [], "symbols": [], "user_mentions": [{"screen_name": "Cmdr_Hadfield", "name": "Chris Hadfield", "id": 186154646, "id_str": "186154646", "indices": [0, 14]}], "urls": []}, "source": "<a href=\"http://twitter.com/download/iphone\" rel=\"nofollow\">Twitter for iPhone</a>", "in_reply_to_status_id": 318280266747617280, "in_reply_to_status_id_str": "318280266747617280", "in_reply_to_user_id": 186154646, "in_reply_to_user_id_str": "186154646", "in_reply_to_screen_name": "Cmdr_Hadfield", "user": {"id": 48895642, "id_str": "48895642", "name": "Trooper", "screen_name": "jlessard9127", "location": "", "description": "Me", "url": null, "entities": {"description": {"urls": []}}, "protected": false, "followers_count": 29, "friends_count": 165, "listed_count": 0, "created_at": "Sat Jun 20 01:55:02 +0000 2009", "favourites_count": 3806, "utc_offset": null, "time_zone": null, "geo_enabled": false, "verified": false, "statuses_count": 1100, "lang": null, "contributors_enabled": false, "is_translator": false, "is_translation_enabled": false, "profile_background_color": "C0DEED", "profile_background_image_url": "http://abs.twimg.com/images/themes/theme1/bg.png", "profile_background_image_url_https": "https://abs.twimg.com/images/themes/theme1/bg.png", "profile_background_tile": false, "profile_image_url": "http://pbs.twimg.com/profile_images/999834561142972421/QaqXJVnL_normal.jpg", "profile_image_url_https": "https://pbs.twimg.com/profile_images/999834561142972421/QaqXJVnL_normal.jpg", "profile_banner_url": "https://pbs.twimg.com/profile_banners/48895642/1478882397", "profile_link_color": "1DA1F2", "profile_sidebar_border_color": "C0DEED", "profile_sidebar_fill_color": "DDEEF6", "profile_text_color": "333333", "profile_use_background_image": true, "has_extended_profile": true, "default_profile": true, "default_profile_image": false, "following": false, "follow_request_sent": false, "notifications": false, "translator_type": "none"}, "geo": null, "coordinates": null, "place": null, "contributors": null, "is_quote_status": false, "retweet_count": 0, "favorite_count": 0, "favorited": false, "retweeted": false, "lang": "en", "reply_count": 0}