{"created_at": "Sun Mar 31 09:01:44 +0000 2013", "id": 318286980117061632, "id_str": "318286980117061632", "full_text": "\u201c@Cmdr_Hadfield: Don't tell my crew, but I brought them Easter Eggs :) http://t.co/KcyxuBime6\u201d RT @just_yoli :-)", "truncated": false, "display_text_range": [0, 112], "entities": {"hashtags": [], "symbols": [], "user_mentions": [{"screen_name": "Cmdr_Hadfield", "name": "Chris Hadfield", "id": 186154646, "id_str": "186154646", "indices": [1, 15]}, {"screen_name": "just_yoli", "name": "Yolanda Galvez", "id": 223346285, "id_str": "223346285", "indices": [98, 108]}], "urls": [], "media": [{"id": 318280266751811584, "id_str": "318280266751811584", "indices": [71, 93], "media_url": "http://pbs.twimg.com/media/BGrCN17CIAAR12r.jpg", "media_url_https": "https://pbs.twimg.com/media/BGrCN17CIAAR12r.jpg", "url": "http://t.co/KcyxuBime6", "display_url": "pic.twitter.com/KcyxuBime6", "expanded_url": "https://twitter.com/Cmdr_Hadfield/status/318280266747617280/photo/1", "type": "photo", "sizes": {"small": {"w": 680, "h": 452, "resize": "fit"}, "thumb": {"w": 150, "h": 150, "resize": "crop"}, "large": {"w": 1024, "h": 681, "resize": "fit"}, "medium": {"w": 1024, "h": 681, "resize": "fit"}}, "source_status_id": 318280266747617280, "source_status_id_str": "318280266747617280", "source_user_id": 186154646, "source_user_id_str": "186154646"}]}, "extended_entities": {"media": [{"id": 318280266751811584, "id_str": "318280266751811584", "indices": [71, 93], "media_url": "http://pbs.twimg.com/media/BGrCN17CIAAR12r.jpg", "media_url_https": "https://pbs.twimg.com/media/BGrCN17CIAAR12r.jpg", "url": "http://t.co/KcyxuBime6", "display_url": "pic.twitter.com/KcyxuBime6", "expanded_url": "https://twitter.com/Cmdr_Hadfield/status/318280266747617280/photo/1", "type": "photo", "sizes": {"small": {"w": 680, "h": 452, "resize": "fit"}, "thumb": {"w": 150, "h": 150, "resize": "crop"}, "large": {"w": 1024, "h": 681, "resize": "fit"}, "medium": {"w": 1024, "h": 681, "resize": "fit"}}, "source_status_id": 318280266747617280, "source_status_id_str": "318280266747617280", "source_user_id": 186154646, "source_user_id_str": "186154646"}]}, "source": "<a href=\"http://twitter.com/#!/download/ipad\" rel=\"nofollow\">Twitter for iPad</a>", "in_reply_to_status_id": 318280266747617280, "in_reply_to_status_id_str": "318280266747617280", "in_reply_to_user_id": 186154646, "in_reply_to_user_id_str": "186154646", "in_reply_to_screen_name": "Cmdr_Hadfield", "user": {"id": 18657350, "id_str": "18657350", "name": "V\u00e9ronique Meunier", "screen_name": "Vero_Meunier", "location": "Montr\u00e9al, Canada", "description": "\u00c9clectique et allum\u00e9e!!! #Fraud #Detection #Prevention #Techno #PatternAnalysis #Security #Investigation #Triathlon #dog #opossum #cycling #podenco", "url": null, "entities": {"description": {"urls": []}}, "protected": false, "followers_count": 1311, "friends_count": 2764, "listed_count": 34, "created_at": "Tue Jan 06 02:13:04 +0000 2009", "favourites_count": 12095, "utc_offset": null, "time_zone": null, "geo_enabled": true, "verified": false, "statuses_count": 27201, "lang": null, "contributors_enabled": false, "is_translator": false, "is_translation_enabled": false, "profile_background_color": "EDECE9", "profile_background_image_url": "http://abs.twimg.com/images/themes/theme3/bg.gif", "profile_background_image_url_https": "https://abs.twimg.com/images/themes/theme3/bg.gif", "profile_background_tile": false, "profile_image_url": "http://pbs.twimg.com/profile_images/1144775266188890112/ODUXCQm4_normal.jpg", "profile_image_url_https": "https://pbs.twimg.com/profile_images/1144775266188890112/ODUXCQm4_normal.jpg", "profile_banner_url": "https://pbs.twimg.com/profile_banners/18657350/1421980182", "profile_link_color": "088253", "profile_sidebar_border_color": "D3D2CF", "profile_sidebar_fill_color": "E3E2DE", "profile_text_color": "634047", "profile_use_background_image": true, "has_extended_profile": false, "default_profile": false, "default_profile_image": false, "following": false, "follow_request_sent": false, "notifications": false, "translator_type": "none"}, "geo": null, "coordinates": null, "place": null, "contributors": null, "is_quote_status": false, "retweet_count": 0, "favorite_count": 0, "favorited": false, "retweeted": false, "possibly_sensitive": false, "possibly_sensitive_appealable": false, "lang": "en", "reply_count": 1}