{"created_at": "Sun Mar 31 08:53:43 +0000 2013", "id": 318284965798350849, "id_str": "318284965798350849", "full_text": "@Cmdr_Hadfield where are you going to hide them?", "truncated": false, "display_text_range": [0, 48], "entities": {"hashtags": [], "symbols": [], "user_mentions": [{"screen_name": "Cmdr_Hadfield", "name": "Chris Hadfield", "id": 186154646, "id_str": "186154646", "indices": [0, 14]}], "urls": []}, "source": "<a href=\"http://twitter.com/download/android\" rel=\"nofollow\">Twitter for Android</a>", "in_reply_to_status_id": 318280266747617280, "in_reply_to_status_id_str": "318280266747617280", "in_reply_to_user_id": 186154646, "in_reply_to_user_id_str": "186154646", "in_reply_to_screen_name": "Cmdr_Hadfield", "user": {"id": 178427400, "id_str": "178427400", "name": "Barney James", "screen_name": "barneytandy", "location": "", "description": "Dad to 3 beautiful children and husband to a beautiful wife. Views are my own", "url": null, "entities": {"description": {"urls": []}}, "protected": false, "followers_count": 131, "friends_count": 381, "listed_count": 1, "created_at": "Sat Aug 14 18:50:54 +0000 2010", "favourites_count": 562, "utc_offset": null, "time_zone": null, "geo_enabled": false, "verified": false, "statuses_count": 2834, "lang": null, "contributors_enabled": false, "is_translator": false, "is_translation_enabled": false, "profile_background_color": "C0DEED", "profile_background_image_url": "http://abs.twimg.com/images/themes/theme1/bg.png", "profile_background_image_url_https": "https://abs.twimg.com/images/themes/theme1/bg.png", "profile_background_tile": false, "profile_image_url": "http://pbs.twimg.com/profile_images/1264791177515188225/06wz8_Ft_normal.jpg", "profile_image_url_https": "https://pbs.twimg.com/profile_images/1264791177515188225/06wz8_Ft_normal.jpg", "profile_banner_url": "https://pbs.twimg.com/profile_banners/178427400/1572049438", "profile_link_color": "1DA1F2", "profile_sidebar_border_color": "C0DEED", "profile_sidebar_fill_color": "DDEEF6", "profile_text_color": "333333", "profile_use_background_image": true, "has_extended_profile": false, "default_profile": true, "default_profile_image": false, "following": false, "follow_request_sent": false, "notifications": false, "translator_type": "none"}, "geo": null, "coordinates": null, "place": null, "contributors": null, "is_quote_status": false, "retweet_count": 0, "favorite_count": 0, "favorited": false, "retweeted": false, "lang": "en", "reply_count": 0}