{"created_at": "Sun Mar 31 08:44:25 +0000 2013", "id": 318282624537878528, "id_str": "318282624537878528", "full_text": "@Cmdr_Hadfield you dog, you", "truncated": false, "display_text_range": [0, 27], "entities": {"hashtags": [], "symbols": [], "user_mentions": [{"screen_name": "Cmdr_Hadfield", "name": "Chris Hadfield", "id": 186154646, "id_str": "186154646", "indices": [0, 14]}], "urls": []}, "source": "<a href=\"http://twitter.com\" rel=\"nofollow\">Twitter Web Client</a>", "in_reply_to_status_id": 318280266747617280, "in_reply_to_status_id_str": "318280266747617280", "in_reply_to_user_id": 186154646, "in_reply_to_user_id_str": "186154646", "in_reply_to_screen_name": "Cmdr_Hadfield", "user": {"id": 788072744, "id_str": "788072744", "name": "brennan", "screen_name": "brennanpboyle", "location": "", "description": "", "url": null, "entities": {"description": {"urls": []}}, "protected": false, "followers_count": 141, "friends_count": 393, "listed_count": 3, "created_at": "Tue Aug 28 23:20:45 +0000 2012", "favourites_count": 4610, "utc_offset": null, "time_zone": null, "geo_enabled": true, "verified": false, "statuses_count": 5035, "lang": null, "contributors_enabled": false, "is_translator": false, "is_translation_enabled": false, "profile_background_color": "B5B3AE", "profile_background_image_url": "http://abs.twimg.com/images/themes/theme14/bg.gif", "profile_background_image_url_https": "https://abs.twimg.com/images/themes/theme14/bg.gif", "profile_background_tile": false, "profile_image_url": "http://pbs.twimg.com/profile_images/575381741474422784/_iNzc7FS_normal.jpeg", "profile_image_url_https": "https://pbs.twimg.com/profile_images/575381741474422784/_iNzc7FS_normal.jpeg", "profile_banner_url": "https://pbs.twimg.com/profile_banners/788072744/1436119781", "profile_link_color": "5E5E5E", "profile_sidebar_border_color": "FFFFFF", "profile_sidebar_fill_color": "FBAE80", "profile_text_color": "F29284", "profile_use_background_image": true, "has_extended_profile": false, "default_profile": false, "default_profile_image": false, "following": false, "follow_request_sent": false, "notifications": false, "translator_type": "none"}, "geo": null, "coordinates": null, "place": null, "contributors": null, "is_quote_status": false, "retweet_count": 0, "favorite_count": 0, "favorited": false, "retweeted": false, "lang": "en", "reply_count": 0}