{"created_at": "Sun Mar 31 08:37:14 +0000 2013", "id": 318280814657945600, "id_str": "318280814657945600", "full_text": "@Cmdr_Hadfield  AH!  The Cmdr is the romantic type who thinks young!  Good Job!  How did you hide them?  Where???", "truncated": false, "display_text_range": [0, 113], "entities": {"hashtags": [], "symbols": [], "user_mentions": [{"screen_name": "Cmdr_Hadfield", "name": "Chris Hadfield", "id": 186154646, "id_str": "186154646", "indices": [0, 14]}], "urls": []}, "source": "<a href=\"http://twitter.com\" rel=\"nofollow\">Twitter Web Client</a>", "in_reply_to_status_id": 318280266747617280, "in_reply_to_status_id_str": "318280266747617280", "in_reply_to_user_id": 186154646, "in_reply_to_user_id_str": "186154646", "in_reply_to_screen_name": "Cmdr_Hadfield", "user": {"id": 399797061, "id_str": "399797061", "name": "PMLaberge", "screen_name": "PMLaberge", "location": "Ontario Canada", "description": "Interests: Computers, History, Music,  Reading, Writing, Architecture, Education, Science Fiction... \r\nI tweet quotes & R/T useful things I find on the net.", "url": "http://t.co/z5Mf1mpx6Q", "entities": {"url": {"urls": [{"url": "http://t.co/z5Mf1mpx6Q", "expanded_url": "http://sweedie-cat.blogspot.ca/", "display_url": "sweedie-cat.blogspot.ca", "indices": [0, 22]}]}, "description": {"urls": []}}, "protected": false, "followers_count": 395, "friends_count": 586, "listed_count": 67, "created_at": "Fri Oct 28 01:54:41 +0000 2011", "favourites_count": 16077, "utc_offset": null, "time_zone": null, "geo_enabled": false, "verified": false, "statuses_count": 43444, "lang": null, "contributors_enabled": false, "is_translator": false, "is_translation_enabled": false, "profile_background_color": "0099B9", "profile_background_image_url": "http://abs.twimg.com/images/themes/theme4/bg.gif", "profile_background_image_url_https": "https://abs.twimg.com/images/themes/theme4/bg.gif", "profile_background_tile": false, "profile_image_url": "http://pbs.twimg.com/profile_images/1610073177/Google_PML_photo_normal.jpg", "profile_image_url_https": "https://pbs.twimg.com/profile_images/1610073177/Google_PML_photo_normal.jpg", "profile_link_color": "0099B9", "profile_sidebar_border_color": "5ED4DC", "profile_sidebar_fill_color": "95E8EC", "profile_text_color": "3C3940", "profile_use_background_image": true, "has_extended_profile": false, "default_profile": false, "default_profile_image": false, "following": false, "follow_request_sent": false, "notifications": false, "translator_type": "none"}, "geo": null, "coordinates": null, "place": null, "contributors": null, "is_quote_status": false, "retweet_count": 0, "favorite_count": 0, "favorited": false, "retweeted": false, "lang": "en", "reply_count": 0}