{"created_at": "Sun Mar 31 08:38:13 +0000 2013", "id": 318281063157886976, "id_str": "318281063157886976", "full_text": "@Cmdr_Hadfield Happy Easter Sunday!May Love and Hope rise in every heart!So thoughtfull of u to surprise your crew!Very sweet and funny! :)", "truncated": false, "display_text_range": [0, 139], "entities": {"hashtags": [], "symbols": [], "user_mentions": [{"screen_name": "Cmdr_Hadfield", "name": "Chris Hadfield", "id": 186154646, "id_str": "186154646", "indices": [0, 14]}], "urls": []}, "source": "<a href=\"http://twitter.com\" rel=\"nofollow\">Twitter Web Client</a>", "in_reply_to_status_id": 318280266747617280, "in_reply_to_status_id_str": "318280266747617280", "in_reply_to_user_id": 186154646, "in_reply_to_user_id_str": "186154646", "in_reply_to_screen_name": "Cmdr_Hadfield", "user": {"id": 823110499, "id_str": "823110499", "name": "An\u0262\u03ad\u2113\u03b9c\u03b1\u0286\u03c5\u2113\u03b9a", "screen_name": "jillangie", "location": "Greece", "description": "\u2b50 also known as jillangie\u2b50open your heart\u2b50 open your mind\u2b50 humor is the salt of life \u2b50 \nhttps://t.co/vvKYxtduez", "url": "https://t.co/KoWlgiXI1L", "entities": {"url": {"urls": [{"url": "https://t.co/KoWlgiXI1L", "expanded_url": "https://twitter.com/i/events/786231279402438659?s=13", "display_url": "twitter.com/i/events/78623\u2026", "indices": [0, 23]}]}, "description": {"urls": [{"url": "https://t.co/vvKYxtduez", "expanded_url": "https://twitter.com/jillangie/timelines/523905902542585856", "display_url": "twitter.com/jillangie/time\u2026", "indices": [88, 111]}]}}, "protected": false, "followers_count": 449, "friends_count": 120, "listed_count": 16, "created_at": "Fri Sep 14 11:07:23 +0000 2012", "favourites_count": 87, "utc_offset": null, "time_zone": null, "geo_enabled": false, "verified": false, "statuses_count": 18310, "lang": null, "contributors_enabled": false, "is_translator": false, "is_translation_enabled": false, "profile_background_color": "022330", "profile_background_image_url": "http://abs.twimg.com/images/themes/theme10/bg.gif", "profile_background_image_url_https": "https://abs.twimg.com/images/themes/theme10/bg.gif", "profile_background_tile": true, "profile_image_url": "http://pbs.twimg.com/profile_images/640471619564085248/NlAYWgoI_normal.jpg", "profile_image_url_https": "https://pbs.twimg.com/profile_images/640471619564085248/NlAYWgoI_normal.jpg", "profile_banner_url": "https://pbs.twimg.com/profile_banners/823110499/1432326260", "profile_link_color": "0084B4", "profile_sidebar_border_color": "FFFFFF", "profile_sidebar_fill_color": "7AC3EE", "profile_text_color": "3D1957", "profile_use_background_image": true, "has_extended_profile": false, "default_profile": false, "default_profile_image": false, "following": false, "follow_request_sent": false, "notifications": false, "translator_type": "none"}, "geo": null, "coordinates": null, "place": {"id": "2ee7eeaa84dbe65a", "url": "https://api.twitter.com/1.1/geo/id/2ee7eeaa84dbe65a.json", "place_type": "country", "name": "Hellas", "full_name": "Hellas", "country_code": "GR", "country": "Hellas", "contained_within": [], "bounding_box": {"type": "Polygon", "coordinates": [[[19.3729582, 34.8020213], [29.6447644, 34.8020213], [29.6447644, 41.7485356], [19.3729582, 41.7485356]]]}, "attributes": {}}, "contributors": null, "is_quote_status": false, "retweet_count": 0, "favorite_count": 0, "favorited": false, "retweeted": false, "lang": "en", "reply_count": 0}