{"created_at": "Sun Mar 31 08:53:29 +0000 2013", "id": 318284905249398784, "id_str": "318284905249398784", "full_text": "@nevie_john That's why he brought them up.", "truncated": false, "display_text_range": [0, 42], "entities": {"hashtags": [], "symbols": [], "user_mentions": [{"screen_name": "NEVIE_JOHN", "name": "NEVILLE MADDEN", "id": 141266203, "id_str": "141266203", "indices": [0, 11]}], "urls": []}, "source": "<a href=\"http://www.hootsuite.com\" rel=\"nofollow\">Hootsuite</a>", "in_reply_to_status_id": 318284548544790528, "in_reply_to_status_id_str": "318284548544790528", "in_reply_to_user_id": 141266203, "in_reply_to_user_id_str": "141266203", "in_reply_to_screen_name": "NEVIE_JOHN", "user": {"id": 1111563350, "id_str": "1111563350", "name": "Evan Hadfield", "screen_name": "Evan_Hadfield", "location": "Rare Earth", "description": "Don't worry. I don't really know who I am, either.", "url": "https://t.co/oHvZaM0qyf", "entities": {"url": {"urls": [{"url": "https://t.co/oHvZaM0qyf", "expanded_url": "https://www.youtube.com/c/rareearthseries", "display_url": "youtube.com/c/rareearthser\u2026", "indices": [0, 23]}]}, "description": {"urls": []}}, "protected": false, "followers_count": 18223, "friends_count": 309, "listed_count": 197, "created_at": "Tue Jan 22 13:33:35 +0000 2013", "favourites_count": 15292, "utc_offset": null, "time_zone": null, "geo_enabled": false, "verified": true, "statuses_count": 17507, "lang": null, "contributors_enabled": false, "is_translator": false, "is_translation_enabled": false, "profile_background_color": "C0DEED", "profile_background_image_url": "http://abs.twimg.com/images/themes/theme1/bg.png", "profile_background_image_url_https": "https://abs.twimg.com/images/themes/theme1/bg.png", "profile_background_tile": false, "profile_image_url": "http://pbs.twimg.com/profile_images/751974079964516352/4x9dpjCL_normal.jpg", "profile_image_url_https": "https://pbs.twimg.com/profile_images/751974079964516352/4x9dpjCL_normal.jpg", "profile_banner_url": "https://pbs.twimg.com/profile_banners/1111563350/1494921994", "profile_link_color": "0084B4", "profile_sidebar_border_color": "FFFFFF", "profile_sidebar_fill_color": "DDEEF6", "profile_text_color": "333333", "profile_use_background_image": true, "has_extended_profile": true, "default_profile": false, "default_profile_image": false, "following": false, "follow_request_sent": false, "notifications": false, "translator_type": "none"}, "geo": null, "coordinates": null, "place": null, "contributors": null, "is_quote_status": false, "retweet_count": 0, "favorite_count": 0, "favorited": false, "retweeted": false, "lang": "en", "reply_count": 1}