{"created_at": "Sun Mar 31 08:44:59 +0000 2013", "id": 318282766934474752, "id_str": "318282766934474752", "full_text": "@RDPomin @Cmdr_Hadfield lol", "truncated": false, "display_text_range": [0, 27], "entities": {"hashtags": [], "symbols": [], "user_mentions": [{"screen_name": "RDPomin", "name": "\u0418\u0432\u0430\u043d\u0435\u043d\u043a\u043e\u0432 \u041e\u043b\u0435\u0433", "id": 2833430483, "id_str": "2833430483", "indices": [0, 8]}, {"screen_name": "Cmdr_Hadfield", "name": "Chris Hadfield", "id": 186154646, "id_str": "186154646", "indices": [9, 23]}], "urls": []}, "source": "<a href=\"http://twitter.com/download/android\" rel=\"nofollow\">Twitter for Android</a>", "in_reply_to_status_id": null, "in_reply_to_status_id_str": null, "in_reply_to_user_id": null, "in_reply_to_user_id_str": null, "in_reply_to_screen_name": null, "user": {"id": 466765100, "id_str": "466765100", "name": "tina", "screen_name": "83Williams", "location": "Texas", "description": "happily in love w @pcw1988:) sitting on top of the world! I treat people the way i want to be treated. I love art music writing learning reading", "url": null, "entities": {"description": {"urls": []}}, "protected": false, "followers_count": 1038, "friends_count": 1954, "listed_count": 12, "created_at": "Tue Jan 17 19:27:15 +0000 2012", "favourites_count": 19909, "utc_offset": null, "time_zone": null, "geo_enabled": false, "verified": false, "statuses_count": 24742, "lang": null, "contributors_enabled": false, "is_translator": false, "is_translation_enabled": false, "profile_background_color": "C0DEED", "profile_background_image_url": "http://abs.twimg.com/images/themes/theme1/bg.png", "profile_background_image_url_https": "https://abs.twimg.com/images/themes/theme1/bg.png", "profile_background_tile": false, "profile_image_url": "http://pbs.twimg.com/profile_images/1762272379/P2xo9VR7_normal", "profile_image_url_https": "https://pbs.twimg.com/profile_images/1762272379/P2xo9VR7_normal", "profile_banner_url": "https://pbs.twimg.com/profile_banners/466765100/1358233645", "profile_link_color": "1DA1F2", "profile_sidebar_border_color": "C0DEED", "profile_sidebar_fill_color": "DDEEF6", "profile_text_color": "333333", "profile_use_background_image": true, "has_extended_profile": false, "default_profile": true, "default_profile_image": false, "following": false, "follow_request_sent": false, "notifications": false, "translator_type": "none"}, "geo": null, "coordinates": null, "place": null, "contributors": null, "is_quote_status": false, "retweet_count": 0, "favorite_count": 0, "favorited": false, "retweeted": false, "lang": "und", "reply_count": 0}