{"created_at": "Sun Mar 31 08:53:19 +0000 2013", "id": 318284861293092864, "id_str": "318284861293092864", "full_text": "@Cmdr_Hadfield Happy Easter to You and all the crew!", "truncated": false, "display_text_range": [0, 52], "entities": {"hashtags": [], "symbols": [], "user_mentions": [{"screen_name": "Cmdr_Hadfield", "name": "Chris Hadfield", "id": 186154646, "id_str": "186154646", "indices": [0, 14]}], "urls": []}, "source": "<a href=\"http://twitter.com/download/iphone\" rel=\"nofollow\">Twitter for iPhone</a>", "in_reply_to_status_id": 318280266747617280, "in_reply_to_status_id_str": "318280266747617280", "in_reply_to_user_id": 186154646, "in_reply_to_user_id_str": "186154646", "in_reply_to_screen_name": "Cmdr_Hadfield", "user": {"id": 275096678, "id_str": "275096678", "name": "Donal Brannigan", "screen_name": "Brannigand", "location": "Preston, England", "description": "Engineer, Geek & News Junkie. Likes Science, Tech, Space & F1. Member of @Science_Grrl. From Coventry, now Up North. #HeForShe", "url": null, "entities": {"description": {"urls": []}}, "protected": false, "followers_count": 853, "friends_count": 2482, "listed_count": 66, "created_at": "Thu Mar 31 16:33:05 +0000 2011", "favourites_count": 22717, "utc_offset": null, "time_zone": null, "geo_enabled": true, "verified": false, "statuses_count": 33499, "lang": null, "contributors_enabled": false, "is_translator": false, "is_translation_enabled": false, "profile_background_color": "0099B9", "profile_background_image_url": "http://abs.twimg.com/images/themes/theme4/bg.gif", "profile_background_image_url_https": "https://abs.twimg.com/images/themes/theme4/bg.gif", "profile_background_tile": false, "profile_image_url": "http://pbs.twimg.com/profile_images/782589503626211328/aLgrKdXL_normal.jpg", "profile_image_url_https": "https://pbs.twimg.com/profile_images/782589503626211328/aLgrKdXL_normal.jpg", "profile_banner_url": "https://pbs.twimg.com/profile_banners/275096678/1475092520", "profile_link_color": "3B94D9", "profile_sidebar_border_color": "5ED4DC", "profile_sidebar_fill_color": "95E8EC", "profile_text_color": "3C3940", "profile_use_background_image": true, "has_extended_profile": true, "default_profile": false, "default_profile_image": false, "following": false, "follow_request_sent": false, "notifications": false, "translator_type": "none"}, "geo": null, "coordinates": null, "place": null, "contributors": null, "is_quote_status": false, "retweet_count": 0, "favorite_count": 0, "favorited": false, "retweeted": false, "lang": "en", "reply_count": 0}