{"created_at": "Sun Mar 31 08:38:24 +0000 2013", "id": 318281108867391489, "id_str": "318281108867391489", "full_text": "@Cmdr_Hadfield Eggs in space is like the beginning of some sci-fi movie.  Happy Easter.", "truncated": false, "display_text_range": [0, 87], "entities": {"hashtags": [], "symbols": [], "user_mentions": [{"screen_name": "Cmdr_Hadfield", "name": "Chris Hadfield", "id": 186154646, "id_str": "186154646", "indices": [0, 14]}], "urls": []}, "source": "<a href=\"http://twitter.com\" rel=\"nofollow\">Twitter Web Client</a>", "in_reply_to_status_id": 318280266747617280, "in_reply_to_status_id_str": "318280266747617280", "in_reply_to_user_id": 186154646, "in_reply_to_user_id_str": "186154646", "in_reply_to_screen_name": "Cmdr_Hadfield", "user": {"id": 13240672, "id_str": "13240672", "name": "Sandra", "screen_name": "Sarnee", "location": "Twizel, New Zealand", "description": "\u201cMathematics is the simple bit. It\u2019s the stuff we can understand. It\u2019s cats that are complicated.\u201d\n-J. Conway  \n\nChristian. Cats. Coffee. Principal.", "url": null, "entities": {"description": {"urls": []}}, "protected": false, "followers_count": 524, "friends_count": 745, "listed_count": 7, "created_at": "Fri Feb 08 09:23:08 +0000 2008", "favourites_count": 28294, "utc_offset": null, "time_zone": null, "geo_enabled": false, "verified": false, "statuses_count": 18842, "lang": null, "contributors_enabled": false, "is_translator": false, "is_translation_enabled": false, "profile_background_color": "B2DFDA", "profile_background_image_url": "http://abs.twimg.com/images/themes/theme13/bg.gif", "profile_background_image_url_https": "https://abs.twimg.com/images/themes/theme13/bg.gif", "profile_background_tile": false, "profile_image_url": "http://pbs.twimg.com/profile_images/1250311889973735424/q1w4AzNy_normal.png", "profile_image_url_https": "https://pbs.twimg.com/profile_images/1250311889973735424/q1w4AzNy_normal.png", "profile_banner_url": "https://pbs.twimg.com/profile_banners/13240672/1542351528", "profile_link_color": "93A644", "profile_sidebar_border_color": "EEEEEE", "profile_sidebar_fill_color": "FFFFFF", "profile_text_color": "333333", "profile_use_background_image": true, "has_extended_profile": false, "default_profile": false, "default_profile_image": false, "following": false, "follow_request_sent": false, "notifications": false, "translator_type": "none"}, "geo": null, "coordinates": null, "place": null, "contributors": null, "is_quote_status": false, "retweet_count": 0, "favorite_count": 0, "favorited": false, "retweeted": false, "lang": "en", "reply_count": 0}