{"created_at": "Sun Mar 31 08:49:46 +0000 2013", "id": 318283971022704640, "id_str": "318283971022704640", "full_text": "@Cmdr_Hadfield So... Does your crew follow you on Twitter? If they do you just ruined the surprise.", "truncated": false, "display_text_range": [0, 99], "entities": {"hashtags": [], "symbols": [], "user_mentions": [{"screen_name": "Cmdr_Hadfield", "name": "Chris Hadfield", "id": 186154646, "id_str": "186154646", "indices": [0, 14]}], "urls": []}, "source": "<a href=\"http://twitter.com/download/android\" rel=\"nofollow\">Twitter for Android</a>", "in_reply_to_status_id": 318280266747617280, "in_reply_to_status_id_str": "318280266747617280", "in_reply_to_user_id": 186154646, "in_reply_to_user_id_str": "186154646", "in_reply_to_screen_name": "Cmdr_Hadfield", "user": {"id": 33788564, "id_str": "33788564", "name": "Vaibhav Mallya", "screen_name": "mallyvai", "location": "San Francisco", "description": "Engineer. Now: looking! ex: UMich, Amazon, Twitter, offerletter, Gusto, Lyft. Enjoy helping with negotiation advice, team-building, and startup stuff.", "url": "https://t.co/KXvFUBC6dv", "entities": {"url": {"urls": [{"url": "https://t.co/KXvFUBC6dv", "expanded_url": "http://linkedin.com/in/mallyvai", "display_url": "linkedin.com/in/mallyvai", "indices": [0, 23]}]}, "description": {"urls": []}}, "protected": false, "followers_count": 2547, "friends_count": 1016, "listed_count": 91, "created_at": "Tue Apr 21 03:09:55 +0000 2009", "favourites_count": 282573, "utc_offset": null, "time_zone": null, "geo_enabled": true, "verified": false, "statuses_count": 21996, "lang": null, "contributors_enabled": false, "is_translator": false, "is_translation_enabled": false, "profile_background_color": "C0DEED", "profile_background_image_url": "http://abs.twimg.com/images/themes/theme1/bg.png", "profile_background_image_url_https": "https://abs.twimg.com/images/themes/theme1/bg.png", "profile_background_tile": false, "profile_image_url": "http://pbs.twimg.com/profile_images/449434154384371712/tHPyq4_x_normal.jpeg", "profile_image_url_https": "https://pbs.twimg.com/profile_images/449434154384371712/tHPyq4_x_normal.jpeg", "profile_banner_url": "https://pbs.twimg.com/profile_banners/33788564/1503472359", "profile_link_color": "1DA1F2", "profile_sidebar_border_color": "C0DEED", "profile_sidebar_fill_color": "DDEEF6", "profile_text_color": "333333", "profile_use_background_image": true, "has_extended_profile": true, "default_profile": true, "default_profile_image": false, "following": false, "follow_request_sent": false, "notifications": false, "translator_type": "regular"}, "geo": null, "coordinates": null, "place": null, "contributors": null, "is_quote_status": false, "retweet_count": 0, "favorite_count": 0, "favorited": false, "retweeted": false, "lang": "en", "reply_count": 0}