{"created_at": "Sun Mar 31 08:49:43 +0000 2013", "id": 318283956749479936, "id_str": "318283956749479936", "full_text": "Wow that's forward planning! Shops in space? \u201c@Cmdr_Hadfield: Don't tell my crew, but I brought them Easter Eggs :) http://t.co/io40pTVtv0\u201d", "truncated": false, "display_text_range": [0, 139], "entities": {"hashtags": [], "symbols": [], "user_mentions": [{"screen_name": "Cmdr_Hadfield", "name": "Chris Hadfield", "id": 186154646, "id_str": "186154646", "indices": [46, 60]}], "urls": [], "media": [{"id": 318280266751811584, "id_str": "318280266751811584", "indices": [116, 138], "media_url": "http://pbs.twimg.com/media/BGrCN17CIAAR12r.jpg", "media_url_https": "https://pbs.twimg.com/media/BGrCN17CIAAR12r.jpg", "url": "http://t.co/io40pTVtv0", "display_url": "pic.twitter.com/io40pTVtv0", "expanded_url": "https://twitter.com/Cmdr_Hadfield/status/318280266747617280/photo/1", "type": "photo", "sizes": {"small": {"w": 680, "h": 452, "resize": "fit"}, "thumb": {"w": 150, "h": 150, "resize": "crop"}, "large": {"w": 1024, "h": 681, "resize": "fit"}, "medium": {"w": 1024, "h": 681, "resize": "fit"}}, "source_status_id": 318280266747617280, "source_status_id_str": "318280266747617280", "source_user_id": 186154646, "source_user_id_str": "186154646"}]}, "extended_entities": {"media": [{"id": 318280266751811584, "id_str": "318280266751811584", "indices": [116, 138], "media_url": "http://pbs.twimg.com/media/BGrCN17CIAAR12r.jpg", "media_url_https": "https://pbs.twimg.com/media/BGrCN17CIAAR12r.jpg", "url": "http://t.co/io40pTVtv0", "display_url": "pic.twitter.com/io40pTVtv0", "expanded_url": "https://twitter.com/Cmdr_Hadfield/status/318280266747617280/photo/1", "type": "photo", "sizes": {"small": {"w": 680, "h": 452, "resize": "fit"}, "thumb": {"w": 150, "h": 150, "resize": "crop"}, "large": {"w": 1024, "h": 681, "resize": "fit"}, "medium": {"w": 1024, "h": 681, "resize": "fit"}}, "source_status_id": 318280266747617280, "source_status_id_str": "318280266747617280", "source_user_id": 186154646, "source_user_id_str": "186154646"}]}, "source": "<a href=\"http://twitter.com/download/iphone\" rel=\"nofollow\">Twitter for iPhone</a>", "in_reply_to_status_id": 318280266747617280, "in_reply_to_status_id_str": "318280266747617280", "in_reply_to_user_id": 186154646, "in_reply_to_user_id_str": "186154646", "in_reply_to_screen_name": "Cmdr_Hadfield", "user": {"id": 73365860, "id_str": "73365860", "name": "WILL HANAFIN\u26a1\ufe0f", "screen_name": "willhanafin", "location": "Dublin City, Ireland", "description": "Producer @RTERadio1- @drivetimerte-Present/produce vintage radio show 'Sure \u2019Twas Better' - \ud83d\udce9whanafin@cloud.com. Retweets mean interest not agreement!", "url": "https://t.co/QlwCMRibqq", "entities": {"url": {"urls": [{"url": "https://t.co/QlwCMRibqq", "expanded_url": "https://www.rte.ie/radio1/sure-twas-better/", "display_url": "rte.ie/radio1/sure-tw\u2026", "indices": [0, 23]}]}, "description": {"urls": []}}, "protected": false, "followers_count": 25921, "friends_count": 2274, "listed_count": 115, "created_at": "Fri Sep 11 11:35:02 +0000 2009", "favourites_count": 6633, "utc_offset": null, "time_zone": null, "geo_enabled": true, "verified": false, "statuses_count": 24512, "lang": null, "contributors_enabled": false, "is_translator": false, "is_translation_enabled": false, "profile_background_color": "000000", "profile_background_image_url": "http://abs.twimg.com/images/themes/theme10/bg.gif", "profile_background_image_url_https": "https://abs.twimg.com/images/themes/theme10/bg.gif", "profile_background_tile": false, "profile_image_url": "http://pbs.twimg.com/profile_images/1169696611146117128/1BjJTBuZ_normal.jpg", "profile_image_url_https": "https://pbs.twimg.com/profile_images/1169696611146117128/1BjJTBuZ_normal.jpg", "profile_banner_url": "https://pbs.twimg.com/profile_banners/73365860/1573334358", "profile_link_color": "E81C4F", "profile_sidebar_border_color": "000000", "profile_sidebar_fill_color": "000000", "profile_text_color": "000000", "profile_use_background_image": false, "has_extended_profile": false, "default_profile": false, "default_profile_image": false, "following": false, "follow_request_sent": false, "notifications": false, "translator_type": "none"}, "geo": null, "coordinates": null, "place": null, "contributors": null, "is_quote_status": false, "retweet_count": 3, "favorite_count": 2, "favorited": false, "retweeted": false, "possibly_sensitive": false, "possibly_sensitive_appealable": false, "lang": "en", "reply_count": 1}