{"created_at": "Sun Mar 31 09:13:28 +0000 2013", "id": 318289934421217281, "id_str": "318289934421217281", "full_text": "@Cmdr_Hadfield How fast would an egg be done outside the station?", "truncated": false, "display_text_range": [0, 65], "entities": {"hashtags": [], "symbols": [], "user_mentions": [{"screen_name": "Cmdr_Hadfield", "name": "Chris Hadfield", "id": 186154646, "id_str": "186154646", "indices": [0, 14]}], "urls": []}, "source": "<a href=\"https://mobile.twitter.com\" rel=\"nofollow\">Twitter Web App</a>", "in_reply_to_status_id": 318280266747617280, "in_reply_to_status_id_str": "318280266747617280", "in_reply_to_user_id": 186154646, "in_reply_to_user_id_str": "186154646", "in_reply_to_screen_name": "Cmdr_Hadfield", "user": {"id": 83902595, "id_str": "83902595", "name": "Anders", "screen_name": "ands42", "location": "Sk\u00e5ne", "description": "", "url": null, "entities": {"description": {"urls": []}}, "protected": false, "followers_count": 117, "friends_count": 427, "listed_count": 2, "created_at": "Tue Oct 20 18:53:40 +0000 2009", "favourites_count": 10249, "utc_offset": null, "time_zone": null, "geo_enabled": true, "verified": false, "statuses_count": 2861, "lang": null, "contributors_enabled": false, "is_translator": false, "is_translation_enabled": false, "profile_background_color": "C0DEED", "profile_background_image_url": "http://abs.twimg.com/images/themes/theme1/bg.png", "profile_background_image_url_https": "https://abs.twimg.com/images/themes/theme1/bg.png", "profile_background_tile": false, "profile_image_url": "http://pbs.twimg.com/profile_images/2742034571/6a7768a81638c9bbbb0986ec6156e95b_normal.png", "profile_image_url_https": "https://pbs.twimg.com/profile_images/2742034571/6a7768a81638c9bbbb0986ec6156e95b_normal.png", "profile_link_color": "1DA1F2", "profile_sidebar_border_color": "C0DEED", "profile_sidebar_fill_color": "DDEEF6", "profile_text_color": "333333", "profile_use_background_image": true, "has_extended_profile": false, "default_profile": true, "default_profile_image": false, "following": false, "follow_request_sent": false, "notifications": false, "translator_type": "none"}, "geo": null, "coordinates": null, "place": null, "contributors": null, "is_quote_status": false, "retweet_count": 0, "favorite_count": 0, "favorited": false, "retweeted": false, "lang": "en", "reply_count": 0}