{"created_at": "Sun Mar 31 08:37:40 +0000 2013", "id": 318280923399475201, "id_str": "318280923399475201", "full_text": "@Cmdr_Hadfield Sweet! Are you aiming for the \"Best ISS Commander\" award? :-)", "truncated": false, "display_text_range": [0, 76], "entities": {"hashtags": [], "symbols": [], "user_mentions": [{"screen_name": "Cmdr_Hadfield", "name": "Chris Hadfield", "id": 186154646, "id_str": "186154646", "indices": [0, 14]}], "urls": []}, "source": "<a href=\"http://twitter.com/download/iphone\" rel=\"nofollow\">Twitter for iPhone</a>", "in_reply_to_status_id": 318280266747617280, "in_reply_to_status_id_str": "318280266747617280", "in_reply_to_user_id": 186154646, "in_reply_to_user_id_str": "186154646", "in_reply_to_screen_name": "Cmdr_Hadfield", "user": {"id": 304343618, "id_str": "304343618", "name": "Howard", "screen_name": "HowJoeGod", "location": "In the sticks - Hertfordshire", "description": "Photography, Astronomy, Space Exploration, NASA, Science, Tech, Mountains, History, Tolkien Art & Design. 3 beautiful children & wife :-) Quite a mixed bag!", "url": "http://t.co/6uLy6Z57za", "entities": {"url": {"urls": [{"url": "http://t.co/6uLy6Z57za", "expanded_url": "http://www.flickr.com/photos/55297700@N08/sets/", "display_url": "flickr.com/photos/5529770\u2026", "indices": [0, 22]}]}, "description": {"urls": []}}, "protected": false, "followers_count": 499, "friends_count": 241, "listed_count": 29, "created_at": "Tue May 24 10:51:17 +0000 2011", "favourites_count": 2862, "utc_offset": null, "time_zone": null, "geo_enabled": false, "verified": false, "statuses_count": 7433, "lang": null, "contributors_enabled": false, "is_translator": false, "is_translation_enabled": false, "profile_background_color": "022330", "profile_background_image_url": "http://abs.twimg.com/images/themes/theme15/bg.png", "profile_background_image_url_https": "https://abs.twimg.com/images/themes/theme15/bg.png", "profile_background_tile": false, "profile_image_url": "http://pbs.twimg.com/profile_images/535115301181214720/3QuLrtUk_normal.jpeg", "profile_image_url_https": "https://pbs.twimg.com/profile_images/535115301181214720/3QuLrtUk_normal.jpeg", "profile_banner_url": "https://pbs.twimg.com/profile_banners/304343618/1417215366", "profile_link_color": "0084B4", "profile_sidebar_border_color": "A8C7F7", "profile_sidebar_fill_color": "C0DFEC", "profile_text_color": "333333", "profile_use_background_image": true, "has_extended_profile": false, "default_profile": false, "default_profile_image": false, "following": false, "follow_request_sent": false, "notifications": false, "translator_type": "none"}, "geo": null, "coordinates": null, "place": null, "contributors": null, "is_quote_status": false, "retweet_count": 0, "favorite_count": 1, "favorited": false, "retweeted": false, "lang": "en", "reply_count": 0}