{"created_at": "Sun Mar 31 08:54:39 +0000 2013", "id": 318285198041165824, "id_str": "318285198041165824", "full_text": "@Cmdr_Hadfield \ud83d\udc25Happy Easter!", "truncated": false, "display_text_range": [0, 29], "entities": {"hashtags": [], "symbols": [], "user_mentions": [{"screen_name": "Cmdr_Hadfield", "name": "Chris Hadfield", "id": 186154646, "id_str": "186154646", "indices": [0, 14]}], "urls": []}, "source": "<a href=\"http://www.tweetings.net\" rel=\"nofollow\">Tweetings  for iPad</a>", "in_reply_to_status_id": 318280266747617280, "in_reply_to_status_id_str": "318280266747617280", "in_reply_to_user_id": 186154646, "in_reply_to_user_id_str": "186154646", "in_reply_to_screen_name": "Cmdr_Hadfield", "user": {"id": 312697419, "id_str": "312697419", "name": "Galway Weather", "screen_name": "GalwayWeather", "location": "Galway City", "description": "Live Weather Reports from Galway City, Ireland providing hourly updates and weather warnings.  Occasional astronomy news.", "url": "https://t.co/OAJa2KxfOw", "entities": {"url": {"urls": [{"url": "https://t.co/OAJa2KxfOw", "expanded_url": "http://www.galwaycityweather.com", "display_url": "galwaycityweather.com", "indices": [0, 23]}]}, "description": {"urls": []}}, "protected": false, "followers_count": 5473, "friends_count": 2751, "listed_count": 55, "created_at": "Tue Jun 07 14:42:10 +0000 2011", "favourites_count": 123, "utc_offset": null, "time_zone": null, "geo_enabled": false, "verified": false, "statuses_count": 46811, "lang": null, "contributors_enabled": false, "is_translator": false, "is_translation_enabled": false, "profile_background_color": "5F78A0", "profile_background_image_url": "http://abs.twimg.com/images/themes/theme1/bg.png", "profile_background_image_url_https": "https://abs.twimg.com/images/themes/theme1/bg.png", "profile_background_tile": false, "profile_image_url": "http://pbs.twimg.com/profile_images/3658988267/87d97801a71030e0c41f39e47427625c_normal.jpeg", "profile_image_url_https": "https://pbs.twimg.com/profile_images/3658988267/87d97801a71030e0c41f39e47427625c_normal.jpeg", "profile_banner_url": "https://pbs.twimg.com/profile_banners/312697419/1368546071", "profile_link_color": "4B576B", "profile_sidebar_border_color": "AFBBCF", "profile_sidebar_fill_color": "AFBBCF", "profile_text_color": "34547C", "profile_use_background_image": true, "has_extended_profile": false, "default_profile": false, "default_profile_image": false, "following": false, "follow_request_sent": false, "notifications": false, "translator_type": "none"}, "geo": null, "coordinates": null, "place": null, "contributors": null, "is_quote_status": false, "retweet_count": 0, "favorite_count": 0, "favorited": false, "retweeted": false, "lang": "en", "reply_count": 0}