{"created_at": "Sun Mar 31 08:45:09 +0000 2013", "id": 318282806054776832, "id_str": "318282806054776832", "full_text": "@Cmdr_Hadfield My first movie:the book trailer of my romance fiction http://t.co/YKHmcDmV5t I'd luv if u watch(wow! frm space!) n RT pls?:-)", "truncated": false, "display_text_range": [0, 140], "entities": {"hashtags": [], "symbols": [], "user_mentions": [{"screen_name": "Cmdr_Hadfield", "name": "Chris Hadfield", "id": 186154646, "id_str": "186154646", "indices": [0, 14]}], "urls": [{"url": "http://t.co/YKHmcDmV5t", "expanded_url": "http://www.youtube.com/watch?v=M2zL_DZfy_E&feature=share", "display_url": "youtube.com/watch?v=M2zL_D\u2026", "indices": [69, 91]}]}, "source": "<a href=\"http://twitter.com\" rel=\"nofollow\">Twitter Web Client</a>", "in_reply_to_status_id": 318280266747617280, "in_reply_to_status_id_str": "318280266747617280", "in_reply_to_user_id": 186154646, "in_reply_to_user_id_str": "186154646", "in_reply_to_screen_name": "Cmdr_Hadfield", "user": {"id": 65947182, "id_str": "65947182", "name": "Swarupa", "screen_name": "swarupa007", "location": "", "description": "Author of 3 ebooks on #Mexico \ud83c\uddf2\ud83c\uddfd & #love ebook\u2764\ufe0fTravel blogger\u2708\ufe0f\u270d\ufe0fTravelled solo thru all 28 States of #India\ud83c\uddee\ud83c\uddf3,half of Mexico\ud83c\uddf2\ud83c\uddfd,etc mexicobooks@gmail.com", "url": "https://t.co/afzW0TPBDE", "entities": {"url": {"urls": [{"url": "https://t.co/afzW0TPBDE", "expanded_url": "http://www.thegr8wall.wordpress.com", "display_url": "thegr8wall.wordpress.com", "indices": [0, 23]}]}, "description": {"urls": []}}, "protected": false, "followers_count": 715, "friends_count": 61, "listed_count": 66, "created_at": "Sat Aug 15 18:17:41 +0000 2009", "favourites_count": 355, "utc_offset": null, "time_zone": null, "geo_enabled": true, "verified": false, "statuses_count": 36571, "lang": null, "contributors_enabled": false, "is_translator": false, "is_translation_enabled": false, "profile_background_color": "C0DEED", "profile_background_image_url": "http://abs.twimg.com/images/themes/theme10/bg.gif", "profile_background_image_url_https": "https://abs.twimg.com/images/themes/theme10/bg.gif", "profile_background_tile": true, "profile_image_url": "http://pbs.twimg.com/profile_images/1241592827303190528/NfyULgEF_normal.jpg", "profile_image_url_https": "https://pbs.twimg.com/profile_images/1241592827303190528/NfyULgEF_normal.jpg", "profile_banner_url": "https://pbs.twimg.com/profile_banners/65947182/1584853655", "profile_link_color": "0084B4", "profile_sidebar_border_color": "FFFFFF", "profile_sidebar_fill_color": "7AC3EE", "profile_text_color": "3D1957", "profile_use_background_image": true, "has_extended_profile": false, "default_profile": false, "default_profile_image": false, "following": false, "follow_request_sent": false, "notifications": false, "translator_type": "none"}, "geo": null, "coordinates": null, "place": null, "contributors": null, "is_quote_status": false, "retweet_count": 0, "favorite_count": 0, "favorited": false, "retweeted": false, "possibly_sensitive": false, "possibly_sensitive_appealable": false, "lang": "en", "reply_count": 0}