{"created_at": "Sun Mar 31 08:44:35 +0000 2013", "id": 318282664010465280, "id_str": "318282664010465280", "full_text": "@Cmdr_Hadfield Good morning! You are a great CDR! Easter egg hunt on #ISS is a great idea! Great spot: inside HRF RC ;)", "truncated": false, "display_text_range": [0, 119], "entities": {"hashtags": [{"text": "ISS", "indices": [69, 73]}], "symbols": [], "user_mentions": [{"screen_name": "Cmdr_Hadfield", "name": "Chris Hadfield", "id": 186154646, "id_str": "186154646", "indices": [0, 14]}], "urls": []}, "source": "<a href=\"http://twitter.com/download/iphone\" rel=\"nofollow\">Twitter for iPhone</a>", "in_reply_to_status_id": 318280266747617280, "in_reply_to_status_id_str": "318280266747617280", "in_reply_to_user_id": 186154646, "in_reply_to_user_id_str": "186154646", "in_reply_to_screen_name": "Cmdr_Hadfield", "user": {"id": 14109485, "id_str": "14109485", "name": "spasmunkey", "screen_name": "spasmunkey", "location": "Houston, TX", "description": "Senior Program Director, International Space Station National Laboratory. Doctorate in physiology. Science, hiking, sloths, monkeys, and Star Wars.", "url": null, "entities": {"description": {"urls": []}}, "protected": false, "followers_count": 6479, "friends_count": 5554, "listed_count": 405, "created_at": "Sun Mar 09 21:11:08 +0000 2008", "favourites_count": 32800, "utc_offset": null, "time_zone": null, "geo_enabled": true, "verified": false, "statuses_count": 27101, "lang": null, "contributors_enabled": false, "is_translator": false, "is_translation_enabled": false, "profile_background_color": "642D8B", "profile_background_image_url": "http://abs.twimg.com/images/themes/theme10/bg.gif", "profile_background_image_url_https": "https://abs.twimg.com/images/themes/theme10/bg.gif", "profile_background_tile": false, "profile_image_url": "http://pbs.twimg.com/profile_images/378800000685152326/5e8e239b27befb769c2445bea31b6e99_normal.jpeg", "profile_image_url_https": "https://pbs.twimg.com/profile_images/378800000685152326/5e8e239b27befb769c2445bea31b6e99_normal.jpeg", "profile_banner_url": "https://pbs.twimg.com/profile_banners/14109485/1571963796", "profile_link_color": "601AD9", "profile_sidebar_border_color": "65B0DA", "profile_sidebar_fill_color": "7AC3EE", "profile_text_color": "0A050D", "profile_use_background_image": true, "has_extended_profile": false, "default_profile": false, "default_profile_image": false, "following": false, "follow_request_sent": false, "notifications": false, "translator_type": "none"}, "geo": null, "coordinates": null, "place": null, "contributors": null, "is_quote_status": false, "retweet_count": 3, "favorite_count": 1, "favorited": false, "retweeted": false, "lang": "en", "reply_count": 1}