{"created_at": "Sun Mar 31 08:49:46 +0000 2013", "id": 318283971094011904, "id_str": "318283971094011904", "full_text": "@Cmdr_Hadfield from where??", "truncated": false, "display_text_range": [0, 27], "entities": {"hashtags": [], "symbols": [], "user_mentions": [{"screen_name": "Cmdr_Hadfield", "name": "Chris Hadfield", "id": 186154646, "id_str": "186154646", "indices": [0, 14]}], "urls": []}, "source": "<a href=\"http://blackberry.com/twitter\" rel=\"nofollow\">Twitter for BlackBerry\u00ae</a>", "in_reply_to_status_id": 318280266747617280, "in_reply_to_status_id_str": "318280266747617280", "in_reply_to_user_id": 186154646, "in_reply_to_user_id_str": "186154646", "in_reply_to_screen_name": "Cmdr_Hadfield", "user": {"id": 810662672, "id_str": "810662672", "name": "LEBOGANG", "screen_name": "Lebolee_k", "location": "Pretoria(south africa)", "description": "Cheating my habits to match my desires\u2665\u2665 \nshe remains content", "url": null, "entities": {"description": {"urls": []}}, "protected": false, "followers_count": 7663, "friends_count": 7370, "listed_count": 5, "created_at": "Sat Sep 08 10:36:30 +0000 2012", "favourites_count": 9554, "utc_offset": null, "time_zone": null, "geo_enabled": true, "verified": false, "statuses_count": 11785, "lang": null, "contributors_enabled": false, "is_translator": false, "is_translation_enabled": false, "profile_background_color": "C0DEED", "profile_background_image_url": "http://abs.twimg.com/images/themes/theme1/bg.png", "profile_background_image_url_https": "https://abs.twimg.com/images/themes/theme1/bg.png", "profile_background_tile": false, "profile_image_url": "http://pbs.twimg.com/profile_images/1257731382987698176/iqn8tOSS_normal.jpg", "profile_image_url_https": "https://pbs.twimg.com/profile_images/1257731382987698176/iqn8tOSS_normal.jpg", "profile_banner_url": "https://pbs.twimg.com/profile_banners/810662672/1581941937", "profile_link_color": "1DA1F2", "profile_sidebar_border_color": "C0DEED", "profile_sidebar_fill_color": "DDEEF6", "profile_text_color": "333333", "profile_use_background_image": true, "has_extended_profile": true, "default_profile": true, "default_profile_image": false, "following": false, "follow_request_sent": false, "notifications": false, "translator_type": "none"}, "geo": null, "coordinates": null, "place": null, "contributors": null, "is_quote_status": false, "retweet_count": 0, "favorite_count": 0, "favorited": false, "retweeted": false, "lang": "en", "reply_count": 0}