{"created_at": "Sun Mar 31 08:37:59 +0000 2013", "id": 318281003728789504, "id_str": "318281003728789504", "full_text": "@Cmdr_Hadfield @exitthelemming Love it..Happy Easter :)", "truncated": false, "display_text_range": [0, 55], "entities": {"hashtags": [], "symbols": [], "user_mentions": [{"screen_name": "Cmdr_Hadfield", "name": "Chris Hadfield", "id": 186154646, "id_str": "186154646", "indices": [0, 14]}, {"screen_name": "exitthelemming", "name": "Samuel West", "id": 19533512, "id_str": "19533512", "indices": [15, 30]}], "urls": []}, "source": "<a href=\"http://blackberry.com/twitter\" rel=\"nofollow\">Twitter for BlackBerry\u00ae</a>", "in_reply_to_status_id": 318280266747617280, "in_reply_to_status_id_str": "318280266747617280", "in_reply_to_user_id": 186154646, "in_reply_to_user_id_str": "186154646", "in_reply_to_screen_name": "Cmdr_Hadfield", "user": {"id": 484844688, "id_str": "484844688", "name": "Deborah Smith", "screen_name": "debsmi25", "location": "Birmingham", "description": "By day a acute stroke & Nuro nurse, by night a physic medium\ud83d\udd2ealso performed at crescent theatre in Birmingham\ud83c\udfac game for a laugh .. lifes too short \u2764", "url": null, "entities": {"description": {"urls": []}}, "protected": false, "followers_count": 111, "friends_count": 133, "listed_count": 3, "created_at": "Mon Feb 06 15:13:26 +0000 2012", "favourites_count": 198, "utc_offset": null, "time_zone": null, "geo_enabled": true, "verified": false, "statuses_count": 13830, "lang": null, "contributors_enabled": false, "is_translator": false, "is_translation_enabled": false, "profile_background_color": "C0DEED", "profile_background_image_url": "http://abs.twimg.com/images/themes/theme1/bg.png", "profile_background_image_url_https": "https://abs.twimg.com/images/themes/theme1/bg.png", "profile_background_tile": false, "profile_image_url": "http://pbs.twimg.com/profile_images/1191707250974478338/8NaC3fhq_normal.jpg", "profile_image_url_https": "https://pbs.twimg.com/profile_images/1191707250974478338/8NaC3fhq_normal.jpg", "profile_link_color": "1DA1F2", "profile_sidebar_border_color": "C0DEED", "profile_sidebar_fill_color": "DDEEF6", "profile_text_color": "333333", "profile_use_background_image": true, "has_extended_profile": true, "default_profile": true, "default_profile_image": false, "following": false, "follow_request_sent": false, "notifications": false, "translator_type": "none"}, "geo": null, "coordinates": null, "place": null, "contributors": null, "is_quote_status": false, "retweet_count": 0, "favorite_count": 0, "favorited": false, "retweeted": false, "lang": "en", "reply_count": 0}