{"created_at": "Sun Mar 31 08:37:02 +0000 2013", "id": 318280764791861249, "id_str": "318280764791861249", "full_text": "@Cmdr_Hadfield   So who took the picture?", "truncated": false, "display_text_range": [0, 41], "entities": {"hashtags": [], "symbols": [], "user_mentions": [{"screen_name": "Cmdr_Hadfield", "name": "Chris Hadfield", "id": 186154646, "id_str": "186154646", "indices": [0, 14]}], "urls": []}, "source": "<a href=\"http://twitter.com/download/iphone\" rel=\"nofollow\">Twitter for iPhone</a>", "in_reply_to_status_id": 318280266747617280, "in_reply_to_status_id_str": "318280266747617280", "in_reply_to_user_id": 186154646, "in_reply_to_user_id_str": "186154646", "in_reply_to_screen_name": "Cmdr_Hadfield", "user": {"id": 465892147, "id_str": "465892147", "name": "Callum Howard", "screen_name": "CHowardFilms", "location": "Lowestoft, England", "description": "\ud83c\udf9e\ufe0f Filmmaker and Entrepreneur\n\n\ud83c\udfa5 New Short Thriller 'The Click' in development\n\n\u269c\ufe0f District Youth Commitioner\n\n\ud83d\udcad All opinions my own", "url": "https://t.co/QuuvX7GcE7", "entities": {"url": {"urls": [{"url": "https://t.co/QuuvX7GcE7", "expanded_url": "https://chowardfilms.wixsite.com/portfolio", "display_url": "chowardfilms.wixsite.com/portfolio", "indices": [0, 23]}]}, "description": {"urls": []}}, "protected": false, "followers_count": 384, "friends_count": 307, "listed_count": 13, "created_at": "Mon Jan 16 21:03:29 +0000 2012", "favourites_count": 2427, "utc_offset": null, "time_zone": null, "geo_enabled": false, "verified": false, "statuses_count": 4662, "lang": null, "contributors_enabled": false, "is_translator": false, "is_translation_enabled": false, "profile_background_color": "099926", "profile_background_image_url": "http://abs.twimg.com/images/themes/theme1/bg.png", "profile_background_image_url_https": "https://abs.twimg.com/images/themes/theme1/bg.png", "profile_background_tile": false, "profile_image_url": "http://pbs.twimg.com/profile_images/1125055698935717888/589Z4oxY_normal.jpg", "profile_image_url_https": "https://pbs.twimg.com/profile_images/1125055698935717888/589Z4oxY_normal.jpg", "profile_banner_url": "https://pbs.twimg.com/profile_banners/465892147/1578993212", "profile_link_color": "0413BA", "profile_sidebar_border_color": "FFFFFF", "profile_sidebar_fill_color": "DDEEF6", "profile_text_color": "333333", "profile_use_background_image": true, "has_extended_profile": true, "default_profile": false, "default_profile_image": false, "following": false, "follow_request_sent": false, "notifications": false, "translator_type": "none"}, "geo": null, "coordinates": null, "place": null, "contributors": null, "is_quote_status": false, "retweet_count": 0, "favorite_count": 0, "favorited": false, "retweeted": false, "lang": "en", "reply_count": 0}