{"created_at": "Sun Mar 31 09:22:30 +0000 2013", "id": 318292208681893888, "id_str": "318292208681893888", "full_text": "@MaddyPotts ME NEITHER.", "truncated": false, "display_text_range": [0, 23], "entities": {"hashtags": [], "symbols": [], "user_mentions": [{"screen_name": "MaddyPotts", "name": "Maddy Potts", "id": 178038570, "id_str": "178038570", "indices": [0, 11]}], "urls": []}, "source": "<a href=\"http://twitter.com/download/iphone\" rel=\"nofollow\">Twitter for iPhone</a>", "in_reply_to_status_id": 318288679619686400, "in_reply_to_status_id_str": "318288679619686400", "in_reply_to_user_id": 178038570, "in_reply_to_user_id_str": "178038570", "in_reply_to_screen_name": "MaddyPotts", "user": {"id": 14441480, "id_str": "14441480", "name": "Olivia Potts", "screen_name": "_Poots_", "location": "in the kitchen at parties", "description": "Guild of Food Writers Food Writer of the Year 2020  A HALF BAKED IDEA, Fortnum & Mason Debut Food Book 2020 (pub @fig_tree_books) Repd by @zoe_ross12", "url": "https://t.co/uuJFOzhNJG", "entities": {"url": {"urls": [{"url": "https://t.co/uuJFOzhNJG", "expanded_url": "https://www.amazon.co.uk/Half-Baked-Idea-courtroom-Cordon/dp/0241380456", "display_url": "amazon.co.uk/Half-Baked-Ide\u2026", "indices": [0, 23]}]}, "description": {"urls": []}}, "protected": false, "followers_count": 6062, "friends_count": 1803, "listed_count": 58, "created_at": "Sat Apr 19 08:01:40 +0000 2008", "favourites_count": 19726, "utc_offset": null, "time_zone": null, "geo_enabled": true, "verified": true, "statuses_count": 70904, "lang": null, "contributors_enabled": false, "is_translator": false, "is_translation_enabled": false, "profile_background_color": "C0DEED", "profile_background_image_url": "http://abs.twimg.com/images/themes/theme1/bg.png", "profile_background_image_url_https": "https://abs.twimg.com/images/themes/theme1/bg.png", "profile_background_tile": false, "profile_image_url": "http://pbs.twimg.com/profile_images/964239233086099458/l1Za7dcJ_normal.jpg", "profile_image_url_https": "https://pbs.twimg.com/profile_images/964239233086099458/l1Za7dcJ_normal.jpg", "profile_banner_url": "https://pbs.twimg.com/profile_banners/14441480/1530523413", "profile_link_color": "1DA1F2", "profile_sidebar_border_color": "C0DEED", "profile_sidebar_fill_color": "DDEEF6", "profile_text_color": "333333", "profile_use_background_image": true, "has_extended_profile": true, "default_profile": true, "default_profile_image": false, "following": false, "follow_request_sent": false, "notifications": false, "translator_type": "none"}, "geo": null, "coordinates": null, "place": null, "contributors": null, "is_quote_status": false, "retweet_count": 0, "favorite_count": 0, "favorited": false, "retweeted": false, "lang": "en", "reply_count": 1}