{"created_at": "Sun Mar 31 09:21:22 +0000 2013", "id": 318291921598558208, "id_str": "318291921598558208", "full_text": "@Cmdr_Hadfield Your secret is safe with me.  Best wishes to all of you up there.", "truncated": false, "display_text_range": [0, 80], "entities": {"hashtags": [], "symbols": [], "user_mentions": [{"screen_name": "Cmdr_Hadfield", "name": "Chris Hadfield", "id": 186154646, "id_str": "186154646", "indices": [0, 14]}], "urls": []}, "source": "<a href=\"http://twitter.com\" rel=\"nofollow\">Twitter Web Client</a>", "in_reply_to_status_id": 318280266747617280, "in_reply_to_status_id_str": "318280266747617280", "in_reply_to_user_id": 186154646, "in_reply_to_user_id_str": "186154646", "in_reply_to_screen_name": "Cmdr_Hadfield", "user": {"id": 35415441, "id_str": "35415441", "name": "Helen Miller", "screen_name": "hmcorfu", "location": "Nice girl, wrong planet", "description": "I still don't know what I want to be when I grow up", "url": null, "entities": {"description": {"urls": []}}, "protected": false, "followers_count": 74, "friends_count": 369, "listed_count": 0, "created_at": "Sun Apr 26 05:56:21 +0000 2009", "favourites_count": 3579, "utc_offset": null, "time_zone": null, "geo_enabled": false, "verified": false, "statuses_count": 1583, "lang": null, "contributors_enabled": false, "is_translator": false, "is_translation_enabled": false, "profile_background_color": "C0DEED", "profile_background_image_url": "http://abs.twimg.com/images/themes/theme1/bg.png", "profile_background_image_url_https": "https://abs.twimg.com/images/themes/theme1/bg.png", "profile_background_tile": false, "profile_image_url": "http://pbs.twimg.com/profile_images/881241276250820608/AZN3sWyj_normal.jpg", "profile_image_url_https": "https://pbs.twimg.com/profile_images/881241276250820608/AZN3sWyj_normal.jpg", "profile_banner_url": "https://pbs.twimg.com/profile_banners/35415441/1498918201", "profile_link_color": "1DA1F2", "profile_sidebar_border_color": "C0DEED", "profile_sidebar_fill_color": "DDEEF6", "profile_text_color": "333333", "profile_use_background_image": true, "has_extended_profile": false, "default_profile": true, "default_profile_image": false, "following": false, "follow_request_sent": false, "notifications": false, "translator_type": "none"}, "geo": null, "coordinates": null, "place": null, "contributors": null, "is_quote_status": false, "retweet_count": 0, "favorite_count": 0, "favorited": false, "retweeted": false, "lang": "en", "reply_count": 0}