{"created_at": "Sun Mar 31 08:37:31 +0000 2013", "id": 318280888846802944, "id_str": "318280888846802944", "full_text": "@Cmdr_Hadfield EASTEREGGS IN SPACE!", "truncated": false, "display_text_range": [0, 35], "entities": {"hashtags": [], "symbols": [], "user_mentions": [{"screen_name": "Cmdr_Hadfield", "name": "Chris Hadfield", "id": 186154646, "id_str": "186154646", "indices": [0, 14]}], "urls": []}, "source": "<a href=\"http://twitter.com\" rel=\"nofollow\">Twitter Web Client</a>", "in_reply_to_status_id": 318280266747617280, "in_reply_to_status_id_str": "318280266747617280", "in_reply_to_user_id": 186154646, "in_reply_to_user_id_str": "186154646", "in_reply_to_screen_name": "Cmdr_Hadfield", "user": {"id": 60800313, "id_str": "60800313", "name": "Rogelio J Reyna", "screen_name": "MatsudaF", "location": "Texas", "description": "XXX (am old) \ud83d\ude14", "url": "https://t.co/YaYcjVkkhi", "entities": {"url": {"urls": [{"url": "https://t.co/YaYcjVkkhi", "expanded_url": "http://kamijouzero.tumblr.com/", "display_url": "kamijouzero.tumblr.com", "indices": [0, 23]}]}, "description": {"urls": []}}, "protected": false, "followers_count": 15, "friends_count": 109, "listed_count": 1, "created_at": "Tue Jul 28 03:39:36 +0000 2009", "favourites_count": 8, "utc_offset": null, "time_zone": null, "geo_enabled": true, "verified": false, "statuses_count": 893, "lang": null, "contributors_enabled": false, "is_translator": false, "is_translation_enabled": false, "profile_background_color": "131516", "profile_background_image_url": "http://abs.twimg.com/images/themes/theme14/bg.gif", "profile_background_image_url_https": "https://abs.twimg.com/images/themes/theme14/bg.gif", "profile_background_tile": false, "profile_image_url": "http://pbs.twimg.com/profile_images/831365874984423424/wQLq5TRW_normal.jpg", "profile_image_url_https": "https://pbs.twimg.com/profile_images/831365874984423424/wQLq5TRW_normal.jpg", "profile_banner_url": "https://pbs.twimg.com/profile_banners/60800313/1487048067", "profile_link_color": "009999", "profile_sidebar_border_color": "000000", "profile_sidebar_fill_color": "DDFFCC", "profile_text_color": "333333", "profile_use_background_image": true, "has_extended_profile": false, "default_profile": false, "default_profile_image": false, "following": false, "follow_request_sent": false, "notifications": false, "translator_type": "none"}, "geo": null, "coordinates": null, "place": null, "contributors": null, "is_quote_status": false, "retweet_count": 0, "favorite_count": 0, "favorited": false, "retweeted": false, "lang": "en", "reply_count": 0}