{"created_at": "Sun Mar 31 09:27:35 +0000 2013", "id": 318293485163778048, "id_str": "318293485163778048", "full_text": "@Cmdr_Hadfield Happy Easter!", "truncated": false, "display_text_range": [0, 28], "entities": {"hashtags": [], "symbols": [], "user_mentions": [{"screen_name": "Cmdr_Hadfield", "name": "Chris Hadfield", "id": 186154646, "id_str": "186154646", "indices": [0, 14]}], "urls": []}, "source": "<a href=\"http://twitter.com/download/iphone\" rel=\"nofollow\">Twitter for iPhone</a>", "in_reply_to_status_id": 318280266747617280, "in_reply_to_status_id_str": "318280266747617280", "in_reply_to_user_id": 186154646, "in_reply_to_user_id_str": "186154646", "in_reply_to_screen_name": "Cmdr_Hadfield", "user": {"id": 138868689, "id_str": "138868689", "name": "Aoife Somers", "screen_name": "aoifesomers", "location": "", "description": "Galway girl; Competitive quizzer; Aviation geek; Foodie; Sports follower. I understand the offside rule", "url": null, "entities": {"description": {"urls": []}}, "protected": false, "followers_count": 674, "friends_count": 1045, "listed_count": 16, "created_at": "Fri Apr 30 21:20:41 +0000 2010", "favourites_count": 5184, "utc_offset": null, "time_zone": null, "geo_enabled": false, "verified": false, "statuses_count": 38384, "lang": null, "contributors_enabled": false, "is_translator": false, "is_translation_enabled": false, "profile_background_color": "0099B9", "profile_background_image_url": "http://abs.twimg.com/images/themes/theme4/bg.gif", "profile_background_image_url_https": "https://abs.twimg.com/images/themes/theme4/bg.gif", "profile_background_tile": false, "profile_image_url": "http://pbs.twimg.com/profile_images/1178044935272124416/cXbt91Rg_normal.jpg", "profile_image_url_https": "https://pbs.twimg.com/profile_images/1178044935272124416/cXbt91Rg_normal.jpg", "profile_banner_url": "https://pbs.twimg.com/profile_banners/138868689/1405201645", "profile_link_color": "0099B9", "profile_sidebar_border_color": "5ED4DC", "profile_sidebar_fill_color": "95E8EC", "profile_text_color": "3C3940", "profile_use_background_image": true, "has_extended_profile": false, "default_profile": false, "default_profile_image": false, "following": false, "follow_request_sent": false, "notifications": false, "translator_type": "none"}, "geo": null, "coordinates": null, "place": null, "contributors": null, "is_quote_status": false, "retweet_count": 0, "favorite_count": 0, "favorited": false, "retweeted": false, "lang": "en", "reply_count": 0}