{"created_at": "Sun Mar 31 08:37:30 +0000 2013", "id": 318280883733929984, "id_str": "318280883733929984", "full_text": "@Cmdr_Hadfield How sweet! Happy Easter to you all!", "truncated": false, "display_text_range": [0, 50], "entities": {"hashtags": [], "symbols": [], "user_mentions": [{"screen_name": "Cmdr_Hadfield", "name": "Chris Hadfield", "id": 186154646, "id_str": "186154646", "indices": [0, 14]}], "urls": []}, "source": "<a href=\"http://twitter.com/download/iphone\" rel=\"nofollow\">Twitter for iPhone</a>", "in_reply_to_status_id": 318280266747617280, "in_reply_to_status_id_str": "318280266747617280", "in_reply_to_user_id": 186154646, "in_reply_to_user_id_str": "186154646", "in_reply_to_screen_name": "Cmdr_Hadfield", "user": {"id": 273030835, "id_str": "273030835", "name": "Little Angelic Rose", "screen_name": "LilAngelicRose", "location": "", "description": "Just me.", "url": "http://t.co/2uLXHzejD6", "entities": {"url": {"urls": [{"url": "http://t.co/2uLXHzejD6", "expanded_url": "http://littleangelicrose.blogspot.co.uk/", "display_url": "littleangelicrose.blogspot.co.uk", "indices": [0, 22]}]}, "description": {"urls": []}}, "protected": false, "followers_count": 319, "friends_count": 279, "listed_count": 8, "created_at": "Sun Mar 27 17:45:35 +0000 2011", "favourites_count": 2154, "utc_offset": null, "time_zone": null, "geo_enabled": false, "verified": false, "statuses_count": 18282, "lang": null, "contributors_enabled": false, "is_translator": false, "is_translation_enabled": false, "profile_background_color": "FFF04D", "profile_background_image_url": "http://abs.twimg.com/images/themes/theme19/bg.gif", "profile_background_image_url_https": "https://abs.twimg.com/images/themes/theme19/bg.gif", "profile_background_tile": true, "profile_image_url": "http://pbs.twimg.com/profile_images/1289256015/Me__normal.jpg", "profile_image_url_https": "https://pbs.twimg.com/profile_images/1289256015/Me__normal.jpg", "profile_banner_url": "https://pbs.twimg.com/profile_banners/273030835/1354127100", "profile_link_color": "4D14C9", "profile_sidebar_border_color": "FFFFFF", "profile_sidebar_fill_color": "F6FFD1", "profile_text_color": "333333", "profile_use_background_image": true, "has_extended_profile": false, "default_profile": false, "default_profile_image": false, "following": false, "follow_request_sent": false, "notifications": false, "translator_type": "none"}, "geo": null, "coordinates": null, "place": null, "contributors": null, "is_quote_status": false, "retweet_count": 0, "favorite_count": 0, "favorited": false, "retweeted": false, "lang": "en", "reply_count": 0}