{"created_at": "Sun Mar 31 08:46:53 +0000 2013", "id": 318283244829286400, "id_str": "318283244829286400", "full_text": "@Cmdr_Hadfield In space, no-one can hear you ... eat chocolate. #alien", "truncated": false, "display_text_range": [0, 70], "entities": {"hashtags": [{"text": "alien", "indices": [64, 70]}], "symbols": [], "user_mentions": [{"screen_name": "Cmdr_Hadfield", "name": "Chris Hadfield", "id": 186154646, "id_str": "186154646", "indices": [0, 14]}], "urls": []}, "source": "<a href=\"http://twitter.com/#!/download/ipad\" rel=\"nofollow\">Twitter for iPad</a>", "in_reply_to_status_id": 318280266747617280, "in_reply_to_status_id_str": "318280266747617280", "in_reply_to_user_id": 186154646, "in_reply_to_user_id_str": "186154646", "in_reply_to_screen_name": "Cmdr_Hadfield", "user": {"id": 1034332052, "id_str": "1034332052", "name": "Alan Coulson", "screen_name": "alanJcoulson", "location": "Lower Hutt, NZ", "description": "Random poster for personal amusement. Ah, but a man's grammar may exceed his wit, or what's a dictionary for?", "url": null, "entities": {"description": {"urls": []}}, "protected": false, "followers_count": 25, "friends_count": 85, "listed_count": 0, "created_at": "Tue Dec 25 08:24:13 +0000 2012", "favourites_count": 131, "utc_offset": null, "time_zone": null, "geo_enabled": false, "verified": false, "statuses_count": 501, "lang": null, "contributors_enabled": false, "is_translator": false, "is_translation_enabled": false, "profile_background_color": "C0DEED", "profile_background_image_url": "http://abs.twimg.com/images/themes/theme1/bg.png", "profile_background_image_url_https": "https://abs.twimg.com/images/themes/theme1/bg.png", "profile_background_tile": false, "profile_image_url": "http://pbs.twimg.com/profile_images/3018136307/c3fdcd11723ab4f6be5048b4bf06d680_normal.jpeg", "profile_image_url_https": "https://pbs.twimg.com/profile_images/3018136307/c3fdcd11723ab4f6be5048b4bf06d680_normal.jpeg", "profile_banner_url": "https://pbs.twimg.com/profile_banners/1034332052/1363250879", "profile_link_color": "1DA1F2", "profile_sidebar_border_color": "C0DEED", "profile_sidebar_fill_color": "DDEEF6", "profile_text_color": "333333", "profile_use_background_image": true, "has_extended_profile": false, "default_profile": true, "default_profile_image": false, "following": false, "follow_request_sent": false, "notifications": false, "translator_type": "none"}, "geo": null, "coordinates": null, "place": null, "contributors": null, "is_quote_status": false, "retweet_count": 0, "favorite_count": 0, "favorited": false, "retweeted": false, "lang": "en", "reply_count": 0}