{"created_at": "Sun Mar 31 08:43:36 +0000 2013", "id": 318282417741914112, "id_str": "318282417741914112", "full_text": "@Cmdr_Hadfield Happy Easter to all of you up there. Regards.", "truncated": false, "display_text_range": [0, 60], "entities": {"hashtags": [], "symbols": [], "user_mentions": [{"screen_name": "Cmdr_Hadfield", "name": "Chris Hadfield", "id": 186154646, "id_str": "186154646", "indices": [0, 14]}], "urls": []}, "source": "<a href=\"http://twitter.com\" rel=\"nofollow\">Twitter Web Client</a>", "in_reply_to_status_id": 318280266747617280, "in_reply_to_status_id_str": "318280266747617280", "in_reply_to_user_id": 186154646, "in_reply_to_user_id_str": "186154646", "in_reply_to_screen_name": "Cmdr_Hadfield", "user": {"id": 1215593628, "id_str": "1215593628", "name": "Deborah Rupprecht \ud83d\ude37", "screen_name": "DeboraRupprecht", "location": "Voreifel,  Deutschland", "description": "\ud83c\udf3b \ud83d\udc08 \ud83c\udfad \ud83c\udf32\ud83d\udc1e\ud83c\udf77\ud83c\udf74 \u2696\ufe0f \ud83d\udcf7 \ud83d\ude90\ud83d\udc9b \ud83c\udf0f\nSFO, GC, WU, Voreifel", "url": null, "entities": {"description": {"urls": []}}, "protected": false, "followers_count": 446, "friends_count": 847, "listed_count": 11, "created_at": "Sun Feb 24 14:14:49 +0000 2013", "favourites_count": 11618, "utc_offset": null, "time_zone": null, "geo_enabled": false, "verified": false, "statuses_count": 9462, "lang": null, "contributors_enabled": false, "is_translator": false, "is_translation_enabled": true, "profile_background_color": "131516", "profile_background_image_url": "http://abs.twimg.com/images/themes/theme14/bg.gif", "profile_background_image_url_https": "https://abs.twimg.com/images/themes/theme14/bg.gif", "profile_background_tile": false, "profile_image_url": "http://pbs.twimg.com/profile_images/1086589188634542080/dXZyTsZQ_normal.jpg", "profile_image_url_https": "https://pbs.twimg.com/profile_images/1086589188634542080/dXZyTsZQ_normal.jpg", "profile_banner_url": "https://pbs.twimg.com/profile_banners/1215593628/1454788571", "profile_link_color": "DD9922", "profile_sidebar_border_color": "FFFFFF", "profile_sidebar_fill_color": "95E8EC", "profile_text_color": "3C3940", "profile_use_background_image": true, "has_extended_profile": false, "default_profile": false, "default_profile_image": false, "following": false, "follow_request_sent": false, "notifications": false, "translator_type": "none"}, "geo": null, "coordinates": null, "place": null, "contributors": null, "is_quote_status": false, "retweet_count": 0, "favorite_count": 0, "favorited": false, "retweeted": false, "lang": "en", "reply_count": 0}