{"created_at": "Sun Mar 31 09:17:20 +0000 2013", "id": 318290908976132096, "id_str": "318290908976132096", "full_text": "@nathanGallagher @cmdr_hadfield Lol! I was just saying the same thing!!", "truncated": false, "display_text_range": [0, 71], "entities": {"hashtags": [], "symbols": [], "user_mentions": [{"screen_name": "nathanGallagher", "name": "Nathan Gallagher", "id": 18760943, "id_str": "18760943", "indices": [0, 16]}, {"screen_name": "Cmdr_Hadfield", "name": "Chris Hadfield", "id": 186154646, "id_str": "186154646", "indices": [17, 31]}], "urls": []}, "source": "<a href=\"http://twitter.com/download/iphone\" rel=\"nofollow\">Twitter for iPhone</a>", "in_reply_to_status_id": 318281140177891328, "in_reply_to_status_id_str": "318281140177891328", "in_reply_to_user_id": 18760943, "in_reply_to_user_id_str": "18760943", "in_reply_to_screen_name": "nathanGallagher", "user": {"id": 305110444, "id_str": "305110444", "name": "Mark", "screen_name": "2pintWonder", "location": "near Liverpool, UK", "description": "Married 25years to Sharon! Love Liverpool FC. My son and I go all the games at home! Love Planes! Work P/T as Dispatcher at Man. Love travel YNWA", "url": null, "entities": {"description": {"urls": []}}, "protected": false, "followers_count": 270, "friends_count": 389, "listed_count": 10, "created_at": "Wed May 25 17:17:29 +0000 2011", "favourites_count": 1217, "utc_offset": null, "time_zone": null, "geo_enabled": true, "verified": false, "statuses_count": 17793, "lang": null, "contributors_enabled": false, "is_translator": false, "is_translation_enabled": false, "profile_background_color": "C0DEED", "profile_background_image_url": "http://abs.twimg.com/images/themes/theme1/bg.png", "profile_background_image_url_https": "https://abs.twimg.com/images/themes/theme1/bg.png", "profile_background_tile": false, "profile_image_url": "http://pbs.twimg.com/profile_images/1276439549347061760/t9fEXAC1_normal.jpg", "profile_image_url_https": "https://pbs.twimg.com/profile_images/1276439549347061760/t9fEXAC1_normal.jpg", "profile_banner_url": "https://pbs.twimg.com/profile_banners/305110444/1548253892", "profile_link_color": "1DA1F2", "profile_sidebar_border_color": "C0DEED", "profile_sidebar_fill_color": "DDEEF6", "profile_text_color": "333333", "profile_use_background_image": true, "has_extended_profile": true, "default_profile": true, "default_profile_image": false, "following": false, "follow_request_sent": false, "notifications": false, "translator_type": "none"}, "geo": null, "coordinates": null, "place": null, "contributors": null, "is_quote_status": false, "retweet_count": 0, "favorite_count": 0, "favorited": false, "retweeted": false, "lang": "en", "reply_count": 0}