{"created_at": "Sun Mar 31 08:38:41 +0000 2013", "id": 318281179998597120, "id_str": "318281179998597120", "full_text": "@Cmdr_Hadfield That is sooo sweet. You make a great outer space Easter bunny!", "truncated": false, "display_text_range": [0, 77], "entities": {"hashtags": [], "symbols": [], "user_mentions": [{"screen_name": "Cmdr_Hadfield", "name": "Chris Hadfield", "id": 186154646, "id_str": "186154646", "indices": [0, 14]}], "urls": []}, "source": "<a href=\"http://twitter.com/#!/download/ipad\" rel=\"nofollow\">Twitter for iPad</a>", "in_reply_to_status_id": 318280266747617280, "in_reply_to_status_id_str": "318280266747617280", "in_reply_to_user_id": 186154646, "in_reply_to_user_id_str": "186154646", "in_reply_to_screen_name": "Cmdr_Hadfield", "user": {"id": 112024283, "id_str": "112024283", "name": "Ellen Sim", "screen_name": "EllenJSim", "location": "Halifax, NS", "description": "Portrait artist (ellenjsim on Insta). Retired dentist. I have two children and one A+ hubby. I support human rights- children, women\u2019s, LGBT.", "url": null, "entities": {"description": {"urls": []}}, "protected": false, "followers_count": 999, "friends_count": 2779, "listed_count": 29, "created_at": "Sun Feb 07 00:46:55 +0000 2010", "favourites_count": 17242, "utc_offset": null, "time_zone": null, "geo_enabled": true, "verified": false, "statuses_count": 14637, "lang": null, "contributors_enabled": false, "is_translator": false, "is_translation_enabled": false, "profile_background_color": "C0DEED", "profile_background_image_url": "http://abs.twimg.com/images/themes/theme1/bg.png", "profile_background_image_url_https": "https://abs.twimg.com/images/themes/theme1/bg.png", "profile_background_tile": false, "profile_image_url": "http://pbs.twimg.com/profile_images/845347106684579840/qcMKfeh7_normal.jpg", "profile_image_url_https": "https://pbs.twimg.com/profile_images/845347106684579840/qcMKfeh7_normal.jpg", "profile_banner_url": "https://pbs.twimg.com/profile_banners/112024283/1469525778", "profile_link_color": "1DA1F2", "profile_sidebar_border_color": "C0DEED", "profile_sidebar_fill_color": "DDEEF6", "profile_text_color": "333333", "profile_use_background_image": true, "has_extended_profile": false, "default_profile": true, "default_profile_image": false, "following": false, "follow_request_sent": false, "notifications": false, "translator_type": "none"}, "geo": null, "coordinates": null, "place": null, "contributors": null, "is_quote_status": false, "retweet_count": 0, "favorite_count": 0, "favorited": false, "retweeted": false, "lang": "en", "reply_count": 1}