{"created_at": "Sun Mar 31 08:53:13 +0000 2013", "id": 318284839755325440, "id_str": "318284839755325440", "full_text": "@Cmdr_Hadfield We won't - wouldn't want to spoil the easter bunny for them!", "truncated": false, "display_text_range": [0, 75], "entities": {"hashtags": [], "symbols": [], "user_mentions": [{"screen_name": "Cmdr_Hadfield", "name": "Chris Hadfield", "id": 186154646, "id_str": "186154646", "indices": [0, 14]}], "urls": []}, "source": "<a href=\"http://twitter.com\" rel=\"nofollow\">Twitter Web Client</a>", "in_reply_to_status_id": 318280266747617280, "in_reply_to_status_id_str": "318280266747617280", "in_reply_to_user_id": 186154646, "in_reply_to_user_id_str": "186154646", "in_reply_to_screen_name": "Cmdr_Hadfield", "user": {"id": 970113056, "id_str": "970113056", "name": "Paula McGrath", "screen_name": "paulamcgrath_", "location": "", "description": "Novels A History of Running Away and Generation. Teaches Creative Writing @UCD_English", "url": "http://t.co/wY4SB7Olpd", "entities": {"url": {"urls": [{"url": "http://t.co/wY4SB7Olpd", "expanded_url": "http://paulamcgrath.com/", "display_url": "paulamcgrath.com", "indices": [0, 22]}]}, "description": {"urls": []}}, "protected": false, "followers_count": 2293, "friends_count": 2405, "listed_count": 40, "created_at": "Sun Nov 25 14:16:56 +0000 2012", "favourites_count": 8327, "utc_offset": null, "time_zone": null, "geo_enabled": false, "verified": false, "statuses_count": 10930, "lang": null, "contributors_enabled": false, "is_translator": false, "is_translation_enabled": false, "profile_background_color": "C0DEED", "profile_background_image_url": "http://abs.twimg.com/images/themes/theme1/bg.png", "profile_background_image_url_https": "https://abs.twimg.com/images/themes/theme1/bg.png", "profile_background_tile": false, "profile_image_url": "http://pbs.twimg.com/profile_images/1087635961327046656/D0OsjC3F_normal.jpg", "profile_image_url_https": "https://pbs.twimg.com/profile_images/1087635961327046656/D0OsjC3F_normal.jpg", "profile_banner_url": "https://pbs.twimg.com/profile_banners/970113056/1486417162", "profile_link_color": "1DA1F2", "profile_sidebar_border_color": "C0DEED", "profile_sidebar_fill_color": "DDEEF6", "profile_text_color": "333333", "profile_use_background_image": true, "has_extended_profile": false, "default_profile": true, "default_profile_image": false, "following": false, "follow_request_sent": false, "notifications": false, "translator_type": "none"}, "geo": null, "coordinates": null, "place": null, "contributors": null, "is_quote_status": false, "retweet_count": 0, "favorite_count": 0, "favorited": false, "retweeted": false, "lang": "en", "reply_count": 0}