{"created_at": "Sun Mar 31 09:26:25 +0000 2013", "id": 318293194053939200, "id_str": "318293194053939200", "full_text": "@ISS_Research @cmdr_hadfield Ask @AngryBirds ;-) then you can call home \"Houston, we have a problem!\" :-D Happy Easter!", "truncated": false, "display_text_range": [0, 119], "entities": {"hashtags": [], "symbols": [], "user_mentions": [{"screen_name": "ISS_Research", "name": "ISS Research", "id": 189253902, "id_str": "189253902", "indices": [0, 13]}, {"screen_name": "Cmdr_Hadfield", "name": "Chris Hadfield", "id": 186154646, "id_str": "186154646", "indices": [14, 28]}, {"screen_name": "AngryBirds", "name": "Angry Birds", "id": 17337554, "id_str": "17337554", "indices": [33, 44]}], "urls": []}, "source": "<a href=\"http://twitter.com/download/iphone\" rel=\"nofollow\">Twitter for iPhone</a>", "in_reply_to_status_id": 318284083501342720, "in_reply_to_status_id_str": "318284083501342720", "in_reply_to_user_id": 189253902, "in_reply_to_user_id_str": "189253902", "in_reply_to_screen_name": "ISS_Research", "user": {"id": 63448693, "id_str": "63448693", "name": "\u2728Steernsnupp_oh\ud83d\udcab", "screen_name": "Swesda1982", "location": "Ostholstein", "description": "\ud83c\udff3\ufe0f\u200d\ud83c\udf08\u2660\ufe0f\u25fb\ufe0f\u26aa\ufe0f\ud83d\udc9cspace& astro, geo,weather and sci-fi. \ud83d\udd96Hobbys: Geocaching, Kitesurfing, Job: Radiographer. Languages: #plattsnack\ud83c\uddec\ud83c\udde7\ud83c\udde9\ud83c\uddea\ud83c\uddee\ud83c\uddf8\ud83c\uddf7\ud83c\uddfa #noafd", "url": null, "entities": {"description": {"urls": []}}, "protected": false, "followers_count": 323, "friends_count": 812, "listed_count": 22, "created_at": "Thu Aug 06 11:13:15 +0000 2009", "favourites_count": 2325, "utc_offset": null, "time_zone": null, "geo_enabled": true, "verified": false, "statuses_count": 10346, "lang": null, "contributors_enabled": false, "is_translator": false, "is_translation_enabled": false, "profile_background_color": "642D8B", "profile_background_image_url": "http://abs.twimg.com/images/themes/theme10/bg.gif", "profile_background_image_url_https": "https://abs.twimg.com/images/themes/theme10/bg.gif", "profile_background_tile": true, "profile_image_url": "http://pbs.twimg.com/profile_images/1242720184621764610/33qg1GoS_normal.jpg", "profile_image_url_https": "https://pbs.twimg.com/profile_images/1242720184621764610/33qg1GoS_normal.jpg", "profile_banner_url": "https://pbs.twimg.com/profile_banners/63448693/1349874834", "profile_link_color": "FF0000", "profile_sidebar_border_color": "65B0DA", "profile_sidebar_fill_color": "7AC3EE", "profile_text_color": "3D1957", "profile_use_background_image": true, "has_extended_profile": true, "default_profile": false, "default_profile_image": false, "following": false, "follow_request_sent": false, "notifications": false, "translator_type": "none"}, "geo": null, "coordinates": null, "place": null, "contributors": null, "is_quote_status": false, "retweet_count": 0, "favorite_count": 0, "favorited": false, "retweeted": false, "lang": "en", "reply_count": 0}