{"created_at": "Sun Mar 31 08:48:15 +0000 2013", "id": 318283588665765888, "id_str": "318283588665765888", "full_text": "@Cmdr_Hadfield I hope you eat them all. I've seen enough alien invasion sci-fi to know bringing eggs back from space is a terrible idea.", "truncated": false, "display_text_range": [0, 136], "entities": {"hashtags": [], "symbols": [], "user_mentions": [{"screen_name": "Cmdr_Hadfield", "name": "Chris Hadfield", "id": 186154646, "id_str": "186154646", "indices": [0, 14]}], "urls": []}, "source": "<a href=\"http://www.twitter.com\" rel=\"nofollow\">Twitter for Windows Phone</a>", "in_reply_to_status_id": 318280266747617280, "in_reply_to_status_id_str": "318280266747617280", "in_reply_to_user_id": 186154646, "in_reply_to_user_id_str": "186154646", "in_reply_to_screen_name": "Cmdr_Hadfield", "user": {"id": 22317875, "id_str": "22317875", "name": "Luke J Venables", "screen_name": "lukejvenables", "location": "Brisbane, Queensland", "description": "Singer, actor and public speaker", "url": "https://t.co/truVZxjUMu", "entities": {"url": {"urls": [{"url": "https://t.co/truVZxjUMu", "expanded_url": "http://www.facebook.com/lukejvenables", "display_url": "facebook.com/lukejvenables", "indices": [0, 23]}]}, "description": {"urls": []}}, "protected": false, "followers_count": 683, "friends_count": 322, "listed_count": 9, "created_at": "Sun Mar 01 01:20:20 +0000 2009", "favourites_count": 4962, "utc_offset": null, "time_zone": null, "geo_enabled": true, "verified": false, "statuses_count": 9979, "lang": null, "contributors_enabled": false, "is_translator": false, "is_translation_enabled": false, "profile_background_color": "000000", "profile_background_image_url": "http://abs.twimg.com/images/themes/theme1/bg.png", "profile_background_image_url_https": "https://abs.twimg.com/images/themes/theme1/bg.png", "profile_background_tile": false, "profile_image_url": "http://pbs.twimg.com/profile_images/1220311745656262658/CDTvkLO6_normal.jpg", "profile_image_url_https": "https://pbs.twimg.com/profile_images/1220311745656262658/CDTvkLO6_normal.jpg", "profile_banner_url": "https://pbs.twimg.com/profile_banners/22317875/1452082414", "profile_link_color": "ABB8C2", "profile_sidebar_border_color": "EEEEEE", "profile_sidebar_fill_color": "EFEFEF", "profile_text_color": "333333", "profile_use_background_image": true, "has_extended_profile": true, "default_profile": false, "default_profile_image": false, "following": false, "follow_request_sent": false, "notifications": false, "translator_type": "none"}, "geo": null, "coordinates": null, "place": null, "contributors": null, "is_quote_status": false, "retweet_count": 0, "favorite_count": 0, "favorited": false, "retweeted": false, "lang": "en", "reply_count": 0}