{"created_at": "Sun Mar 31 09:07:27 +0000 2013", "id": 318288417958027264, "id_str": "318288417958027264", "full_text": "@Cmdr_Hadfield Wouldn't tell a soul! :) May your day be blessed.", "truncated": false, "display_text_range": [0, 64], "entities": {"hashtags": [], "symbols": [], "user_mentions": [{"screen_name": "Cmdr_Hadfield", "name": "Chris Hadfield", "id": 186154646, "id_str": "186154646", "indices": [0, 14]}], "urls": []}, "source": "<a href=\"http://twitter.com\" rel=\"nofollow\">Twitter Web Client</a>", "in_reply_to_status_id": 318280266747617280, "in_reply_to_status_id_str": "318280266747617280", "in_reply_to_user_id": 186154646, "in_reply_to_user_id_str": "186154646", "in_reply_to_screen_name": "Cmdr_Hadfield", "user": {"id": 106062239, "id_str": "106062239", "name": "Kathryn Apel", "screen_name": "KatApel", "location": "Australia", "description": "I am me. My tweets are my thoughts. Right now, I think we should all stay home! Writes in rhyme - but not all the time. Also clicks pics. https://t.co/lm5XHjoyIB", "url": "http://t.co/N26BTpRQGS", "entities": {"url": {"urls": [{"url": "http://t.co/N26BTpRQGS", "expanded_url": "http://katswhiskers.wordpress.com", "display_url": "katswhiskers.wordpress.com", "indices": [0, 22]}]}, "description": {"urls": [{"url": "https://t.co/lm5XHjoyIB", "expanded_url": "http://instagram.com/kat.apel", "display_url": "instagram.com/kat.apel", "indices": [138, 161]}]}}, "protected": false, "followers_count": 1506, "friends_count": 1279, "listed_count": 140, "created_at": "Mon Jan 18 11:14:38 +0000 2010", "favourites_count": 6550, "utc_offset": null, "time_zone": null, "geo_enabled": false, "verified": false, "statuses_count": 49933, "lang": null, "contributors_enabled": false, "is_translator": false, "is_translation_enabled": false, "profile_background_color": "F7FF14", "profile_background_image_url": "http://abs.twimg.com/images/themes/theme7/bg.gif", "profile_background_image_url_https": "https://abs.twimg.com/images/themes/theme7/bg.gif", "profile_background_tile": true, "profile_image_url": "http://pbs.twimg.com/profile_images/863197406480826370/S615Anbn_normal.jpg", "profile_image_url_https": "https://pbs.twimg.com/profile_images/863197406480826370/S615Anbn_normal.jpg", "profile_banner_url": "https://pbs.twimg.com/profile_banners/106062239/1585535835", "profile_link_color": "FA3535", "profile_sidebar_border_color": "FFFFFF", "profile_sidebar_fill_color": "FCBA9C", "profile_text_color": "155E3B", "profile_use_background_image": true, "has_extended_profile": false, "default_profile": false, "default_profile_image": false, "following": false, "follow_request_sent": false, "notifications": false, "translator_type": "none"}, "geo": null, "coordinates": null, "place": null, "contributors": null, "is_quote_status": false, "retweet_count": 0, "favorite_count": 0, "favorited": false, "retweeted": false, "lang": "en", "reply_count": 0}