{"created_at": "Sun Mar 31 08:49:37 +0000 2013", "id": 318283930522501120, "id_str": "318283930522501120", "full_text": "@Cmdr_Hadfield .. wow Celebrating Easter in space.. cool!", "truncated": false, "display_text_range": [0, 57], "entities": {"hashtags": [], "symbols": [], "user_mentions": [{"screen_name": "Cmdr_Hadfield", "name": "Chris Hadfield", "id": 186154646, "id_str": "186154646", "indices": [0, 14]}], "urls": []}, "source": "<a href=\"http://twitter.com/download/iphone\" rel=\"nofollow\">Twitter for iPhone</a>", "in_reply_to_status_id": 318280266747617280, "in_reply_to_status_id_str": "318280266747617280", "in_reply_to_user_id": 186154646, "in_reply_to_user_id_str": "186154646", "in_reply_to_screen_name": "Cmdr_Hadfield", "user": {"id": 1225608050, "id_str": "1225608050", "name": "tenor", "screen_name": "oh_tenoryo", "location": "", "description": "Make peace with your past so it won\u2019t spoil the present", "url": null, "entities": {"description": {"urls": []}}, "protected": false, "followers_count": 24, "friends_count": 112, "listed_count": 0, "created_at": "Wed Feb 27 17:06:42 +0000 2013", "favourites_count": 8, "utc_offset": null, "time_zone": null, "geo_enabled": false, "verified": false, "statuses_count": 569, "lang": null, "contributors_enabled": false, "is_translator": false, "is_translation_enabled": false, "profile_background_color": "C0DEED", "profile_background_image_url": "http://abs.twimg.com/images/themes/theme1/bg.png", "profile_background_image_url_https": "https://abs.twimg.com/images/themes/theme1/bg.png", "profile_background_tile": false, "profile_image_url": "http://pbs.twimg.com/profile_images/419467659705479168/sTI2VTq5_normal.jpeg", "profile_image_url_https": "https://pbs.twimg.com/profile_images/419467659705479168/sTI2VTq5_normal.jpeg", "profile_link_color": "1DA1F2", "profile_sidebar_border_color": "C0DEED", "profile_sidebar_fill_color": "DDEEF6", "profile_text_color": "333333", "profile_use_background_image": true, "has_extended_profile": false, "default_profile": true, "default_profile_image": false, "following": false, "follow_request_sent": false, "notifications": false, "translator_type": "none"}, "geo": null, "coordinates": null, "place": null, "contributors": null, "is_quote_status": false, "retweet_count": 0, "favorite_count": 0, "favorited": false, "retweeted": false, "lang": "en", "reply_count": 0}