{"created_at": "Sun Mar 31 08:48:08 +0000 2013", "id": 318283557984432128, "id_str": "318283557984432128", "full_text": "@nathanGallagher @Cmdr_Hadfield haha", "truncated": false, "display_text_range": [0, 36], "entities": {"hashtags": [], "symbols": [], "user_mentions": [{"screen_name": "nathanGallagher", "name": "Nathan Gallagher", "id": 18760943, "id_str": "18760943", "indices": [0, 16]}, {"screen_name": "Cmdr_Hadfield", "name": "Chris Hadfield", "id": 186154646, "id_str": "186154646", "indices": [17, 31]}], "urls": []}, "source": "<a href=\"http://twitter.com\" rel=\"nofollow\">Twitter Web Client</a>", "in_reply_to_status_id": 318281140177891328, "in_reply_to_status_id_str": "318281140177891328", "in_reply_to_user_id": 18760943, "in_reply_to_user_id_str": "18760943", "in_reply_to_screen_name": "nathanGallagher", "user": {"id": 28597077, "id_str": "28597077", "name": "Toronto Gal \u24cb", "screen_name": "TorontoGaI", "location": "Toronto, CANADA, eh", "description": "I hear this is where the cool kids hang out. \ud83d\ude0f\nLiberal, proud \ud83c\udff3\ufe0f\u200d\ud83c\udf08 ally, care about \ud83d\udc04\ud83d\udc08\ud83d\udc15\ud83d\udc16\ud83d\udc10\ud83d\udc07\ud83d\udc24\ud83d\udc2cwelfare and saving our \ud83c\udf0e.\nTwitter user # 28,597,077 \ud83c\udde8\ud83c\udde6", "url": null, "entities": {"description": {"urls": []}}, "protected": false, "followers_count": 268, "friends_count": 173, "listed_count": 3, "created_at": "Fri Apr 03 16:27:31 +0000 2009", "favourites_count": 49, "utc_offset": null, "time_zone": null, "geo_enabled": false, "verified": false, "statuses_count": 7387, "lang": null, "contributors_enabled": false, "is_translator": false, "is_translation_enabled": false, "profile_background_color": "EBEBEB", "profile_background_image_url": "http://abs.twimg.com/images/themes/theme11/bg.gif", "profile_background_image_url_https": "https://abs.twimg.com/images/themes/theme11/bg.gif", "profile_background_tile": true, "profile_image_url": "http://pbs.twimg.com/profile_images/378800000251761922/34a97470484d1d6916a1ff1da6e661cc_normal.jpeg", "profile_image_url_https": "https://pbs.twimg.com/profile_images/378800000251761922/34a97470484d1d6916a1ff1da6e661cc_normal.jpeg", "profile_banner_url": "https://pbs.twimg.com/profile_banners/28597077/1370501582", "profile_link_color": "3346C4", "profile_sidebar_border_color": "FFFFFF", "profile_sidebar_fill_color": "ACF7DE", "profile_text_color": "362720", "profile_use_background_image": true, "has_extended_profile": true, "default_profile": false, "default_profile_image": false, "following": false, "follow_request_sent": false, "notifications": false, "translator_type": "none"}, "geo": null, "coordinates": null, "place": null, "contributors": null, "is_quote_status": false, "retweet_count": 0, "favorite_count": 0, "favorited": false, "retweeted": false, "lang": "tl", "reply_count": 0}