{"created_at": "Sun Mar 31 09:11:19 +0000 2013", "id": 318289391246266368, "id_str": "318289391246266368", "full_text": "@Cmdr_Hadfield did you pop to the shop first thing? :)", "truncated": false, "display_text_range": [0, 54], "entities": {"hashtags": [], "symbols": [], "user_mentions": [{"screen_name": "Cmdr_Hadfield", "name": "Chris Hadfield", "id": 186154646, "id_str": "186154646", "indices": [0, 14]}], "urls": []}, "source": "<a href=\"http://twitter.com/download/iphone\" rel=\"nofollow\">Twitter for iPhone</a>", "in_reply_to_status_id": 318280266747617280, "in_reply_to_status_id_str": "318280266747617280", "in_reply_to_user_id": 186154646, "in_reply_to_user_id_str": "186154646", "in_reply_to_screen_name": "Cmdr_Hadfield", "user": {"id": 585552680, "id_str": "585552680", "name": "Dr Matt Jones \ud83c\udff3\ufe0f\u200d\ud83c\udf08", "screen_name": "MJ_Policing", "location": "Milton Keynes, England", "description": "Director of Policing Organisation and Practice @OU_police_res @OpenUniversity @OUBSchool     Chair of @BSCPolicingNet", "url": "https://t.co/OzpJ5VYDMS", "entities": {"url": {"urls": [{"url": "https://t.co/OzpJ5VYDMS", "expanded_url": "http://www.open.ac.uk/people/mlj243", "display_url": "open.ac.uk/people/mlj243", "indices": [0, 23]}]}, "description": {"urls": []}}, "protected": false, "followers_count": 2260, "friends_count": 2938, "listed_count": 25, "created_at": "Sun May 20 10:25:12 +0000 2012", "favourites_count": 517, "utc_offset": null, "time_zone": null, "geo_enabled": false, "verified": false, "statuses_count": 1348, "lang": null, "contributors_enabled": false, "is_translator": false, "is_translation_enabled": false, "profile_background_color": "C0DEED", "profile_background_image_url": "http://abs.twimg.com/images/themes/theme1/bg.png", "profile_background_image_url_https": "https://abs.twimg.com/images/themes/theme1/bg.png", "profile_background_tile": false, "profile_image_url": "http://pbs.twimg.com/profile_images/905143657187201024/mMzg1Bl__normal.jpg", "profile_image_url_https": "https://pbs.twimg.com/profile_images/905143657187201024/mMzg1Bl__normal.jpg", "profile_banner_url": "https://pbs.twimg.com/profile_banners/585552680/1360963234", "profile_link_color": "1DA1F2", "profile_sidebar_border_color": "C0DEED", "profile_sidebar_fill_color": "DDEEF6", "profile_text_color": "333333", "profile_use_background_image": true, "has_extended_profile": false, "default_profile": true, "default_profile_image": false, "following": false, "follow_request_sent": false, "notifications": false, "translator_type": "none"}, "geo": null, "coordinates": null, "place": null, "contributors": null, "is_quote_status": false, "retweet_count": 0, "favorite_count": 0, "favorited": false, "retweeted": false, "lang": "en", "reply_count": 0}