{"created_at": "Sun Mar 31 09:18:20 +0000 2013", "id": 318291157270532097, "id_str": "318291157270532097", "full_text": "@Cmdr_Hadfield Now how on 'earth' did you hide them?", "truncated": false, "display_text_range": [0, 52], "entities": {"hashtags": [], "symbols": [], "user_mentions": [{"screen_name": "Cmdr_Hadfield", "name": "Chris Hadfield", "id": 186154646, "id_str": "186154646", "indices": [0, 14]}], "urls": []}, "source": "<a href=\"http://twitter.com/#!/download/ipad\" rel=\"nofollow\">Twitter for iPad</a>", "in_reply_to_status_id": 318280266747617280, "in_reply_to_status_id_str": "318280266747617280", "in_reply_to_user_id": 186154646, "in_reply_to_user_id_str": "186154646", "in_reply_to_screen_name": "Cmdr_Hadfield", "user": {"id": 915504672, "id_str": "915504672", "name": "Marilyn E Schroeder", "screen_name": "marilyn_ella", "location": "Warrnambool, Australia", "description": "Worked in & studied healthcare for 40+ years. Now sitting back & tweeting about it, fairness, politics, the environment & refugees.", "url": null, "entities": {"description": {"urls": []}}, "protected": false, "followers_count": 961, "friends_count": 1220, "listed_count": 49, "created_at": "Tue Oct 30 21:12:38 +0000 2012", "favourites_count": 31829, "utc_offset": null, "time_zone": null, "geo_enabled": false, "verified": false, "statuses_count": 26924, "lang": null, "contributors_enabled": false, "is_translator": false, "is_translation_enabled": false, "profile_background_color": "C0DEED", "profile_background_image_url": "http://abs.twimg.com/images/themes/theme1/bg.png", "profile_background_image_url_https": "https://abs.twimg.com/images/themes/theme1/bg.png", "profile_background_tile": false, "profile_image_url": "http://pbs.twimg.com/profile_images/662578532187377664/Bl3ElsD5_normal.jpg", "profile_image_url_https": "https://pbs.twimg.com/profile_images/662578532187377664/Bl3ElsD5_normal.jpg", "profile_banner_url": "https://pbs.twimg.com/profile_banners/915504672/1461622720", "profile_link_color": "1DA1F2", "profile_sidebar_border_color": "C0DEED", "profile_sidebar_fill_color": "DDEEF6", "profile_text_color": "333333", "profile_use_background_image": true, "has_extended_profile": false, "default_profile": true, "default_profile_image": false, "following": false, "follow_request_sent": false, "notifications": false, "translator_type": "none"}, "geo": null, "coordinates": null, "place": null, "contributors": null, "is_quote_status": false, "retweet_count": 0, "favorite_count": 0, "favorited": false, "retweeted": false, "lang": "en", "reply_count": 0}