{"created_at": "Sun Mar 31 08:39:36 +0000 2013", "id": 318281409477345280, "id_str": "318281409477345280", "full_text": "@Cmdr_Hadfield Jayziz, Where did yiz buy dem yokes? Sher I coulda done yiz a good deal on de oul Easter Eggs. 3 forra fiver, wha?", "truncated": false, "display_text_range": [0, 129], "entities": {"hashtags": [], "symbols": [], "user_mentions": [{"screen_name": "Cmdr_Hadfield", "name": "Chris Hadfield", "id": 186154646, "id_str": "186154646", "indices": [0, 14]}], "urls": []}, "source": "<a href=\"http://twitter.com/download/iphone\" rel=\"nofollow\">Twitter for iPhone</a>", "in_reply_to_status_id": 318280266747617280, "in_reply_to_status_id_str": "318280266747617280", "in_reply_to_user_id": 186154646, "in_reply_to_user_id_str": "186154646", "in_reply_to_screen_name": "Cmdr_Hadfield", "user": {"id": 591251966, "id_str": "591251966", "name": "Doctor Bill", "screen_name": "Dr_Bill_wha", "location": "Dublin in da rare oul times!", "description": "Dis is not yer man offa da telly. Dis is da REAL Doctor Bill.", "url": null, "entities": {"description": {"urls": []}}, "protected": false, "followers_count": 1768, "friends_count": 276, "listed_count": 6, "created_at": "Sat May 26 21:07:08 +0000 2012", "favourites_count": 9280, "utc_offset": null, "time_zone": null, "geo_enabled": false, "verified": false, "statuses_count": 14198, "lang": null, "contributors_enabled": false, "is_translator": false, "is_translation_enabled": false, "profile_background_color": "C0DEED", "profile_background_image_url": "http://abs.twimg.com/images/themes/theme1/bg.png", "profile_background_image_url_https": "https://abs.twimg.com/images/themes/theme1/bg.png", "profile_background_tile": false, "profile_image_url": "http://pbs.twimg.com/profile_images/3627886664/9a5fc62a9653304ff412fda2dfd5c453_normal.jpeg", "profile_image_url_https": "https://pbs.twimg.com/profile_images/3627886664/9a5fc62a9653304ff412fda2dfd5c453_normal.jpeg", "profile_banner_url": "https://pbs.twimg.com/profile_banners/591251966/1367908750", "profile_link_color": "1DA1F2", "profile_sidebar_border_color": "C0DEED", "profile_sidebar_fill_color": "DDEEF6", "profile_text_color": "333333", "profile_use_background_image": true, "has_extended_profile": false, "default_profile": true, "default_profile_image": false, "following": false, "follow_request_sent": false, "notifications": false, "translator_type": "none"}, "geo": null, "coordinates": null, "place": null, "contributors": null, "is_quote_status": false, "retweet_count": 0, "favorite_count": 0, "favorited": false, "retweeted": false, "lang": "en", "reply_count": 0}