{"created_at": "Sun Mar 31 09:32:35 +0000 2013", "id": 318294743689879552, "id_str": "318294743689879552", "full_text": "@ISS_Research @cmdr_hadfield Put one in the loo they would not look in there but eventually some would go in and find it!!!", "truncated": false, "display_text_range": [0, 123], "entities": {"hashtags": [], "symbols": [], "user_mentions": [{"screen_name": "ISS_Research", "name": "ISS Research", "id": 189253902, "id_str": "189253902", "indices": [0, 13]}, {"screen_name": "Cmdr_Hadfield", "name": "Chris Hadfield", "id": 186154646, "id_str": "186154646", "indices": [14, 28]}], "urls": []}, "source": "<a href=\"http://twitter.com/#!/download/ipad\" rel=\"nofollow\">Twitter for iPad</a>", "in_reply_to_status_id": 318284083501342720, "in_reply_to_status_id_str": "318284083501342720", "in_reply_to_user_id": 189253902, "in_reply_to_user_id_str": "189253902", "in_reply_to_screen_name": "ISS_Research", "user": {"id": 465948504, "id_str": "465948504", "name": "CHRIS LAVIS", "screen_name": "TIZYER", "location": "This Island Earth (Devon)", "description": "The truth is out there and I am interested in finding out what it is.", "url": null, "entities": {"description": {"urls": []}}, "protected": false, "followers_count": 32, "friends_count": 149, "listed_count": 0, "created_at": "Mon Jan 16 22:19:05 +0000 2012", "favourites_count": 347, "utc_offset": null, "time_zone": null, "geo_enabled": false, "verified": false, "statuses_count": 830, "lang": null, "contributors_enabled": false, "is_translator": false, "is_translation_enabled": false, "profile_background_color": "C0DEED", "profile_background_image_url": "http://abs.twimg.com/images/themes/theme1/bg.png", "profile_background_image_url_https": "https://abs.twimg.com/images/themes/theme1/bg.png", "profile_background_tile": false, "profile_image_url": "http://pbs.twimg.com/profile_images/3135850420/1c7822b9fa5ddfda509b16927dc0c434_normal.jpeg", "profile_image_url_https": "https://pbs.twimg.com/profile_images/3135850420/1c7822b9fa5ddfda509b16927dc0c434_normal.jpeg", "profile_banner_url": "https://pbs.twimg.com/profile_banners/465948504/1367727819", "profile_link_color": "1DA1F2", "profile_sidebar_border_color": "C0DEED", "profile_sidebar_fill_color": "DDEEF6", "profile_text_color": "333333", "profile_use_background_image": true, "has_extended_profile": false, "default_profile": true, "default_profile_image": false, "following": false, "follow_request_sent": false, "notifications": false, "translator_type": "none"}, "geo": null, "coordinates": null, "place": null, "contributors": null, "is_quote_status": false, "retweet_count": 0, "favorite_count": 0, "favorited": false, "retweeted": false, "lang": "en", "reply_count": 0}