{"created_at": "Sun Mar 31 09:20:25 +0000 2013", "id": 318291683575988224, "id_str": "318291683575988224", "full_text": "@Cmdr_Hadfield you're the best! (and most chivalrous our country has to offer :) space out!", "truncated": false, "display_text_range": [0, 91], "entities": {"hashtags": [], "symbols": [], "user_mentions": [{"screen_name": "Cmdr_Hadfield", "name": "Chris Hadfield", "id": 186154646, "id_str": "186154646", "indices": [0, 14]}], "urls": []}, "source": "<a href=\"http://twitter.com/#!/download/ipad\" rel=\"nofollow\">Twitter for iPad</a>", "in_reply_to_status_id": 318280266747617280, "in_reply_to_status_id_str": "318280266747617280", "in_reply_to_user_id": 186154646, "in_reply_to_user_id_str": "186154646", "in_reply_to_screen_name": "Cmdr_Hadfield", "user": {"id": 167371070, "id_str": "167371070", "name": "Oddio Smith", "screen_name": "oddiosmith", "location": "", "description": "oddio engineer with the occasional muse. I'm Here, you're there, somebody's somewhere, and everybody's well... everywhere! 1toots on U2b", "url": "http://t.co/00QQcmh5Ov", "entities": {"url": {"urls": [{"url": "http://t.co/00QQcmh5Ov", "expanded_url": "http://www.pedalcarz.com", "display_url": "pedalcarz.com", "indices": [0, 22]}]}, "description": {"urls": []}}, "protected": false, "followers_count": 189, "friends_count": 513, "listed_count": 0, "created_at": "Fri Jul 16 12:17:36 +0000 2010", "favourites_count": 7389, "utc_offset": null, "time_zone": null, "geo_enabled": false, "verified": false, "statuses_count": 6222, "lang": null, "contributors_enabled": false, "is_translator": false, "is_translation_enabled": false, "profile_background_color": "642D8B", "profile_background_image_url": "http://abs.twimg.com/images/themes/theme10/bg.gif", "profile_background_image_url_https": "https://abs.twimg.com/images/themes/theme10/bg.gif", "profile_background_tile": true, "profile_image_url": "http://pbs.twimg.com/profile_images/378800000134023255/ca4083b6a1f496c5e983308723abc7a3_normal.jpeg", "profile_image_url_https": "https://pbs.twimg.com/profile_images/378800000134023255/ca4083b6a1f496c5e983308723abc7a3_normal.jpeg", "profile_banner_url": "https://pbs.twimg.com/profile_banners/167371070/1357848503", "profile_link_color": "FF0000", "profile_sidebar_border_color": "65B0DA", "profile_sidebar_fill_color": "7AC3EE", "profile_text_color": "3D1957", "profile_use_background_image": true, "has_extended_profile": false, "default_profile": false, "default_profile_image": false, "following": false, "follow_request_sent": false, "notifications": false, "translator_type": "none"}, "geo": null, "coordinates": null, "place": null, "contributors": null, "is_quote_status": false, "retweet_count": 0, "favorite_count": 0, "favorited": false, "retweeted": false, "lang": "en", "reply_count": 0}