{"created_at": "Sun Mar 31 08:52:10 +0000 2013", "id": 318284572032921601, "id_str": "318284572032921601", "full_text": "@Cmdr_Hadfield Good luck to hide your treasures !! And Happy Easter in Space !", "truncated": false, "display_text_range": [0, 78], "entities": {"hashtags": [], "symbols": [], "user_mentions": [{"screen_name": "Cmdr_Hadfield", "name": "Chris Hadfield", "id": 186154646, "id_str": "186154646", "indices": [0, 14]}], "urls": []}, "source": "<a href=\"http://twitter.com\" rel=\"nofollow\">Twitter Web Client</a>", "in_reply_to_status_id": 318280266747617280, "in_reply_to_status_id_str": "318280266747617280", "in_reply_to_user_id": 186154646, "in_reply_to_user_id_str": "186154646", "in_reply_to_screen_name": "Cmdr_Hadfield", "user": {"id": 470288637, "id_str": "470288637", "name": "Laurence Mignard", "screen_name": "LMignard", "location": "Bordeaux - France", "description": "Only driven & truly stimulated by the flame of future projects... A day without music is a body without a soul....", "url": null, "entities": {"description": {"urls": []}}, "protected": false, "followers_count": 43, "friends_count": 98, "listed_count": 1, "created_at": "Sat Jan 21 16:10:02 +0000 2012", "favourites_count": 1318, "utc_offset": null, "time_zone": null, "geo_enabled": false, "verified": false, "statuses_count": 1577, "lang": null, "contributors_enabled": false, "is_translator": false, "is_translation_enabled": false, "profile_background_color": "020812", "profile_background_image_url": "http://abs.twimg.com/images/themes/theme1/bg.png", "profile_background_image_url_https": "https://abs.twimg.com/images/themes/theme1/bg.png", "profile_background_tile": false, "profile_image_url": "http://pbs.twimg.com/profile_images/3179857045/dd132d620cfc0a769c51b2fce4a507bf_normal.jpeg", "profile_image_url_https": "https://pbs.twimg.com/profile_images/3179857045/dd132d620cfc0a769c51b2fce4a507bf_normal.jpeg", "profile_banner_url": "https://pbs.twimg.com/profile_banners/470288637/1392652894", "profile_link_color": "17406C", "profile_sidebar_border_color": "2280A9", "profile_sidebar_fill_color": "020812", "profile_text_color": "2280A9", "profile_use_background_image": true, "has_extended_profile": false, "default_profile": false, "default_profile_image": false, "following": false, "follow_request_sent": false, "notifications": false, "translator_type": "none"}, "geo": null, "coordinates": null, "place": null, "contributors": null, "is_quote_status": false, "retweet_count": 0, "favorite_count": 0, "favorited": false, "retweeted": false, "lang": "en", "reply_count": 0}