{"created_at": "Sun Mar 31 08:38:16 +0000 2013", "id": 318281075740794880, "id_str": "318281075740794880", "full_text": "Lucky there r no submarine cables in space. RT @Cmdr_Hadfield : Don't tell my crew, but I brought them Easter Eggs :) http://t.co/gKmyUXmAnE", "truncated": false, "display_text_range": [0, 140], "entities": {"hashtags": [], "symbols": [], "user_mentions": [{"screen_name": "Cmdr_Hadfield", "name": "Chris Hadfield", "id": 186154646, "id_str": "186154646", "indices": [47, 61]}], "urls": [], "media": [{"id": 318280266751811584, "id_str": "318280266751811584", "indices": [118, 140], "media_url": "http://pbs.twimg.com/media/BGrCN17CIAAR12r.jpg", "media_url_https": "https://pbs.twimg.com/media/BGrCN17CIAAR12r.jpg", "url": "http://t.co/gKmyUXmAnE", "display_url": "pic.twitter.com/gKmyUXmAnE", "expanded_url": "https://twitter.com/Cmdr_Hadfield/status/318280266747617280/photo/1", "type": "photo", "sizes": {"small": {"w": 680, "h": 452, "resize": "fit"}, "thumb": {"w": 150, "h": 150, "resize": "crop"}, "large": {"w": 1024, "h": 681, "resize": "fit"}, "medium": {"w": 1024, "h": 681, "resize": "fit"}}, "source_status_id": 318280266747617280, "source_status_id_str": "318280266747617280", "source_user_id": 186154646, "source_user_id_str": "186154646"}]}, "extended_entities": {"media": [{"id": 318280266751811584, "id_str": "318280266751811584", "indices": [118, 140], "media_url": "http://pbs.twimg.com/media/BGrCN17CIAAR12r.jpg", "media_url_https": "https://pbs.twimg.com/media/BGrCN17CIAAR12r.jpg", "url": "http://t.co/gKmyUXmAnE", "display_url": "pic.twitter.com/gKmyUXmAnE", "expanded_url": "https://twitter.com/Cmdr_Hadfield/status/318280266747617280/photo/1", "type": "photo", "sizes": {"small": {"w": 680, "h": 452, "resize": "fit"}, "thumb": {"w": 150, "h": 150, "resize": "crop"}, "large": {"w": 1024, "h": 681, "resize": "fit"}, "medium": {"w": 1024, "h": 681, "resize": "fit"}}, "source_status_id": 318280266747617280, "source_status_id_str": "318280266747617280", "source_user_id": 186154646, "source_user_id_str": "186154646"}]}, "source": "<a href=\"http://twitter.com\" rel=\"nofollow\">Twitter Web Client</a>", "in_reply_to_status_id": 318280266747617280, "in_reply_to_status_id_str": "318280266747617280", "in_reply_to_user_id": 186154646, "in_reply_to_user_id_str": "186154646", "in_reply_to_screen_name": "Cmdr_Hadfield", "user": {"id": 137630953, "id_str": "137630953", "name": "Fahad Khan", "screen_name": "FahadYousufzai", "location": "Pakistan", "description": "RT & Following \u2260 endorsement. Smile & Stay Strong \r\n- This ends with an emoticon :) \r\n-[http://t.co/a6hc6RR23w]", "url": null, "entities": {"description": {"urls": [{"url": "http://t.co/a6hc6RR23w", "expanded_url": "http://bit.ly/YXz2YS", "display_url": "bit.ly/YXz2YS", "indices": [88, 110]}]}}, "protected": false, "followers_count": 389, "friends_count": 779, "listed_count": 0, "created_at": "Tue Apr 27 08:37:05 +0000 2010", "favourites_count": 10935, "utc_offset": null, "time_zone": null, "geo_enabled": false, "verified": false, "statuses_count": 22892, "lang": null, "contributors_enabled": false, "is_translator": false, "is_translation_enabled": false, "profile_background_color": "30BAF3", "profile_background_image_url": "http://abs.twimg.com/images/themes/theme1/bg.png", "profile_background_image_url_https": "https://abs.twimg.com/images/themes/theme1/bg.png", "profile_background_tile": true, "profile_image_url": "http://pbs.twimg.com/profile_images/3324869852/2d4f25bcc154f7b6aa155dd5b1e2b183_normal.png", "profile_image_url_https": "https://pbs.twimg.com/profile_images/3324869852/2d4f25bcc154f7b6aa155dd5b1e2b183_normal.png", "profile_banner_url": "https://pbs.twimg.com/profile_banners/137630953/1362162970", "profile_link_color": "3D83BD", "profile_sidebar_border_color": "000000", "profile_sidebar_fill_color": "FAFAFA", "profile_text_color": "000000", "profile_use_background_image": true, "has_extended_profile": false, "default_profile": false, "default_profile_image": false, "following": false, "follow_request_sent": false, "notifications": false, "translator_type": "regular"}, "geo": null, "coordinates": null, "place": null, "contributors": null, "is_quote_status": false, "retweet_count": 0, "favorite_count": 0, "favorited": false, "retweeted": false, "possibly_sensitive": true, "possibly_sensitive_appealable": false, "lang": "en", "reply_count": 0}