{"created_at": "Sun Mar 31 09:03:40 +0000 2013", "id": 318287469873344512, "id_str": "318287469873344512", "full_text": "@Cmdr_Hadfield It must be hard to hide the Easter eggs when they float everywhere ...", "truncated": false, "display_text_range": [0, 85], "entities": {"hashtags": [], "symbols": [], "user_mentions": [{"screen_name": "Cmdr_Hadfield", "name": "Chris Hadfield", "id": 186154646, "id_str": "186154646", "indices": [0, 14]}], "urls": []}, "source": "<a href=\"http://www.echofon.com/\" rel=\"nofollow\">Echofon</a>", "in_reply_to_status_id": 318280266747617280, "in_reply_to_status_id_str": "318280266747617280", "in_reply_to_user_id": 186154646, "in_reply_to_user_id_str": "186154646", "in_reply_to_screen_name": "Cmdr_Hadfield", "user": {"id": 40296844, "id_str": "40296844", "name": "Peter Moorhouse", "screen_name": "PeterMoorhouse", "location": "Halifax, Nova Scotia", "description": "Former Ontarian, Halifax is home; proud dad; I occasionally have to be surgically removed from my motorcycle.  President/CEO for @BBBAtlantic. He/Him", "url": null, "entities": {"description": {"urls": []}}, "protected": false, "followers_count": 1876, "friends_count": 910, "listed_count": 49, "created_at": "Fri May 15 18:11:34 +0000 2009", "favourites_count": 1373, "utc_offset": null, "time_zone": null, "geo_enabled": true, "verified": false, "statuses_count": 19629, "lang": null, "contributors_enabled": false, "is_translator": false, "is_translation_enabled": false, "profile_background_color": "C6E2EE", "profile_background_image_url": "http://abs.twimg.com/images/themes/theme2/bg.gif", "profile_background_image_url_https": "https://abs.twimg.com/images/themes/theme2/bg.gif", "profile_background_tile": false, "profile_image_url": "http://pbs.twimg.com/profile_images/863832987741376512/1G_iW0D1_normal.jpg", "profile_image_url_https": "https://pbs.twimg.com/profile_images/863832987741376512/1G_iW0D1_normal.jpg", "profile_banner_url": "https://pbs.twimg.com/profile_banners/40296844/1467984911", "profile_link_color": "1F98C7", "profile_sidebar_border_color": "C6E2EE", "profile_sidebar_fill_color": "DAECF4", "profile_text_color": "663B12", "profile_use_background_image": true, "has_extended_profile": false, "default_profile": false, "default_profile_image": false, "following": false, "follow_request_sent": false, "notifications": false, "translator_type": "none"}, "geo": null, "coordinates": null, "place": null, "contributors": null, "is_quote_status": false, "retweet_count": 0, "favorite_count": 1, "favorited": false, "retweeted": false, "lang": "en", "reply_count": 0}