{"created_at": "Sun Mar 31 09:18:15 +0000 2013", "id": 318291136538099712, "id_str": "318291136538099712", "full_text": "@Cmdr_Hadfield Didn't realise you got mail service up there. Pretty cool stuff.", "truncated": false, "display_text_range": [0, 79], "entities": {"hashtags": [], "symbols": [], "user_mentions": [{"screen_name": "Cmdr_Hadfield", "name": "Chris Hadfield", "id": 186154646, "id_str": "186154646", "indices": [0, 14]}], "urls": []}, "source": "<a href=\"http://twitter.com\" rel=\"nofollow\">Twitter Web Client</a>", "in_reply_to_status_id": 318280266747617280, "in_reply_to_status_id_str": "318280266747617280", "in_reply_to_user_id": 186154646, "in_reply_to_user_id_str": "186154646", "in_reply_to_screen_name": "Cmdr_Hadfield", "user": {"id": 111893667, "id_str": "111893667", "name": "Phil Reid", "screen_name": "PhilEReid", "location": "", "description": "F1", "url": null, "entities": {"description": {"urls": []}}, "protected": false, "followers_count": 158, "friends_count": 302, "listed_count": 1, "created_at": "Sat Feb 06 14:11:30 +0000 2010", "favourites_count": 3370, "utc_offset": null, "time_zone": null, "geo_enabled": false, "verified": false, "statuses_count": 9163, "lang": null, "contributors_enabled": false, "is_translator": false, "is_translation_enabled": false, "profile_background_color": "C0DEED", "profile_background_image_url": "http://abs.twimg.com/images/themes/theme1/bg.png", "profile_background_image_url_https": "https://abs.twimg.com/images/themes/theme1/bg.png", "profile_background_tile": false, "profile_image_url": "http://pbs.twimg.com/profile_images/1255669134882410499/3pndI36I_normal.jpg", "profile_image_url_https": "https://pbs.twimg.com/profile_images/1255669134882410499/3pndI36I_normal.jpg", "profile_banner_url": "https://pbs.twimg.com/profile_banners/111893667/1553259967", "profile_link_color": "FA743E", "profile_sidebar_border_color": "C0DEED", "profile_sidebar_fill_color": "DDEEF6", "profile_text_color": "333333", "profile_use_background_image": true, "has_extended_profile": false, "default_profile": false, "default_profile_image": false, "following": false, "follow_request_sent": false, "notifications": false, "translator_type": "none"}, "geo": null, "coordinates": null, "place": null, "contributors": null, "is_quote_status": false, "retweet_count": 0, "favorite_count": 0, "favorited": false, "retweeted": false, "lang": "en", "reply_count": 0}