{"created_at": "Sun Mar 31 09:14:51 +0000 2013", "id": 318290280598097920, "id_str": "318290280598097920", "full_text": "@Cmdr_Hadfield Happy Easter to you all :)", "truncated": false, "display_text_range": [0, 41], "entities": {"hashtags": [], "symbols": [], "user_mentions": [{"screen_name": "Cmdr_Hadfield", "name": "Chris Hadfield", "id": 186154646, "id_str": "186154646", "indices": [0, 14]}], "urls": []}, "source": "<a href=\"http://twitter.com/download/iphone\" rel=\"nofollow\">Twitter for iPhone</a>", "in_reply_to_status_id": 318280266747617280, "in_reply_to_status_id_str": "318280266747617280", "in_reply_to_user_id": 186154646, "in_reply_to_user_id_str": "186154646", "in_reply_to_screen_name": "Cmdr_Hadfield", "user": {"id": 64784395, "id_str": "64784395", "name": "Charli", "screen_name": "CharliEmAlO", "location": "England", "description": "31 | She/Her | Aspiring Author | Creative Writing MA Student | Hufflepuff | Wattpad Ambassador | Fanfic Writer | Wannabe Jedi", "url": "https://t.co/yOQot7Lx15", "entities": {"url": {"urls": [{"url": "https://t.co/yOQot7Lx15", "expanded_url": "https://www.wattpad.com/user/CharliEmAlO", "display_url": "wattpad.com/user/CharliEmA\u2026", "indices": [0, 23]}]}, "description": {"urls": []}}, "protected": false, "followers_count": 916, "friends_count": 1343, "listed_count": 40, "created_at": "Tue Aug 11 18:07:39 +0000 2009", "favourites_count": 23732, "utc_offset": null, "time_zone": null, "geo_enabled": true, "verified": false, "statuses_count": 14036, "lang": null, "contributors_enabled": false, "is_translator": false, "is_translation_enabled": false, "profile_background_color": "000000", "profile_background_image_url": "http://abs.twimg.com/images/themes/theme10/bg.gif", "profile_background_image_url_https": "https://abs.twimg.com/images/themes/theme10/bg.gif", "profile_background_tile": true, "profile_image_url": "http://pbs.twimg.com/profile_images/1269954085148655618/6oAAR6zI_normal.jpg", "profile_image_url_https": "https://pbs.twimg.com/profile_images/1269954085148655618/6oAAR6zI_normal.jpg", "profile_banner_url": "https://pbs.twimg.com/profile_banners/64784395/1590775393", "profile_link_color": "B8C5C6", "profile_sidebar_border_color": "4A66C1", "profile_sidebar_fill_color": "0E0E0E", "profile_text_color": "4A66C1", "profile_use_background_image": true, "has_extended_profile": true, "default_profile": false, "default_profile_image": false, "following": false, "follow_request_sent": false, "notifications": false, "translator_type": "none"}, "geo": null, "coordinates": null, "place": null, "contributors": null, "is_quote_status": false, "retweet_count": 0, "favorite_count": 0, "favorited": false, "retweeted": false, "lang": "en", "reply_count": 0}