{"created_at": "Sun Mar 31 08:54:31 +0000 2013", "id": 318285166042808320, "id_str": "318285166042808320", "full_text": "@ISS_Research @cmdr_hadfield hide the eggs in the (egg)cupola?", "truncated": false, "display_text_range": [0, 62], "entities": {"hashtags": [], "symbols": [], "user_mentions": [{"screen_name": "ISS_Research", "name": "ISS Research", "id": 189253902, "id_str": "189253902", "indices": [0, 13]}, {"screen_name": "Cmdr_Hadfield", "name": "Chris Hadfield", "id": 186154646, "id_str": "186154646", "indices": [14, 28]}], "urls": []}, "source": "<a href=\"http://twitter.com/download/iphone\" rel=\"nofollow\">Twitter for iPhone</a>", "in_reply_to_status_id": 318284083501342720, "in_reply_to_status_id_str": "318284083501342720", "in_reply_to_user_id": 189253902, "in_reply_to_user_id_str": "189253902", "in_reply_to_screen_name": "ISS_Research", "user": {"id": 376298274, "id_str": "376298274", "name": "Helen-Ann Hartley", "screen_name": "h_ahartley", "location": "Sharow nr Ripon, UK", "description": "Bishop of Ripon @LeedsCofE Chair Leeds DBE Chair @sandfordawards Trustee @FCNcharity #PauseforThought @BBCRadio2 parkrunner\ud83c\udfc3\u200d\u2640\ufe0focc. #drwho #thearchers tweets", "url": "https://t.co/qeHuG5ukIQ", "entities": {"url": {"urls": [{"url": "https://t.co/qeHuG5ukIQ", "expanded_url": "http://www.leeds.anglican.org", "display_url": "leeds.anglican.org", "indices": [0, 23]}]}, "description": {"urls": []}}, "protected": false, "followers_count": 5639, "friends_count": 1738, "listed_count": 74, "created_at": "Mon Sep 19 17:01:39 +0000 2011", "favourites_count": 41182, "utc_offset": null, "time_zone": null, "geo_enabled": true, "verified": false, "statuses_count": 17194, "lang": null, "contributors_enabled": false, "is_translator": false, "is_translation_enabled": false, "profile_background_color": "C0DEED", "profile_background_image_url": "http://abs.twimg.com/images/themes/theme1/bg.png", "profile_background_image_url_https": "https://abs.twimg.com/images/themes/theme1/bg.png", "profile_background_tile": false, "profile_image_url": "http://pbs.twimg.com/profile_images/1248599904911409153/Wdzz7GL9_normal.jpg", "profile_image_url_https": "https://pbs.twimg.com/profile_images/1248599904911409153/Wdzz7GL9_normal.jpg", "profile_banner_url": "https://pbs.twimg.com/profile_banners/376298274/1592680334", "profile_link_color": "1DA1F2", "profile_sidebar_border_color": "C0DEED", "profile_sidebar_fill_color": "DDEEF6", "profile_text_color": "333333", "profile_use_background_image": true, "has_extended_profile": true, "default_profile": true, "default_profile_image": false, "following": false, "follow_request_sent": false, "notifications": false, "translator_type": "none"}, "geo": null, "coordinates": null, "place": null, "contributors": null, "is_quote_status": false, "retweet_count": 0, "favorite_count": 0, "favorited": false, "retweeted": false, "lang": "en", "reply_count": 0}