{"created_at": "Sun Mar 31 08:58:06 +0000 2013", "id": 318286068761911296, "id_str": "318286068761911296", "full_text": "@Cmdr_Hadfield I expect your crew have all seen 'Alien', freak them out by leaving the eggs in a cluster and floating motionless nearby", "truncated": false, "display_text_range": [0, 135], "entities": {"hashtags": [], "symbols": [], "user_mentions": [{"screen_name": "Cmdr_Hadfield", "name": "Chris Hadfield", "id": 186154646, "id_str": "186154646", "indices": [0, 14]}], "urls": []}, "source": "<a href=\"https://mobile.twitter.com\" rel=\"nofollow\">Twitter Web App</a>", "in_reply_to_status_id": 318280266747617280, "in_reply_to_status_id_str": "318280266747617280", "in_reply_to_user_id": 186154646, "in_reply_to_user_id_str": "186154646", "in_reply_to_screen_name": "Cmdr_Hadfield", "user": {"id": 116066064, "id_str": "116066064", "name": "Higgins Cartoons", "screen_name": "higginscartoons", "location": "", "description": "Daily news cartoonist - Sanitas per Satura - Views my own", "url": "http://t.co/d4m7EgIVGR", "entities": {"url": {"urls": [{"url": "http://t.co/d4m7EgIVGR", "expanded_url": "http://www.about.me/higginscartoons", "display_url": "about.me/higginscartoons", "indices": [0, 22]}]}, "description": {"urls": []}}, "protected": false, "followers_count": 2432, "friends_count": 2365, "listed_count": 23, "created_at": "Sun Feb 21 01:41:24 +0000 2010", "favourites_count": 497, "utc_offset": null, "time_zone": null, "geo_enabled": false, "verified": false, "statuses_count": 2203, "lang": null, "contributors_enabled": false, "is_translator": false, "is_translation_enabled": false, "profile_background_color": "C0DEED", "profile_background_image_url": "http://abs.twimg.com/images/themes/theme1/bg.png", "profile_background_image_url_https": "https://abs.twimg.com/images/themes/theme1/bg.png", "profile_background_tile": false, "profile_image_url": "http://pbs.twimg.com/profile_images/1270290968177192960/H7_6Aos-_normal.jpg", "profile_image_url_https": "https://pbs.twimg.com/profile_images/1270290968177192960/H7_6Aos-_normal.jpg", "profile_banner_url": "https://pbs.twimg.com/profile_banners/116066064/1591695949", "profile_link_color": "0084B4", "profile_sidebar_border_color": "C0DEED", "profile_sidebar_fill_color": "DDEEF6", "profile_text_color": "333333", "profile_use_background_image": true, "has_extended_profile": false, "default_profile": false, "default_profile_image": false, "following": false, "follow_request_sent": false, "notifications": false, "translator_type": "none"}, "geo": null, "coordinates": null, "place": null, "contributors": null, "is_quote_status": false, "retweet_count": 0, "favorite_count": 0, "favorited": false, "retweeted": false, "lang": "en", "reply_count": 0}