{"created_at": "Sun Mar 31 09:01:41 +0000 2013", "id": 318286968352030720, "id_str": "318286968352030720", "full_text": "@patmullally @Cmdr_Hadfield That should have read Happy Easter. Just got out of bed and a feeling of 'weightless', on my fingers", "truncated": false, "display_text_range": [0, 128], "entities": {"hashtags": [], "symbols": [], "user_mentions": [{"screen_name": "patmullally", "name": "Pat Mullally", "id": 249329105, "id_str": "249329105", "indices": [0, 12]}, {"screen_name": "Cmdr_Hadfield", "name": "Chris Hadfield", "id": 186154646, "id_str": "186154646", "indices": [13, 27]}], "urls": []}, "source": "<a href=\"http://twitter.com/download/android\" rel=\"nofollow\">Twitter for Android</a>", "in_reply_to_status_id": 318283117465067520, "in_reply_to_status_id_str": "318283117465067520", "in_reply_to_user_id": 249329105, "in_reply_to_user_id_str": "249329105", "in_reply_to_screen_name": "patmullally", "user": {"id": 249329105, "id_str": "249329105", "name": "Pat Mullally", "screen_name": "patmullally", "location": "Cahir, Co. Tipperary", "description": "Masters degree from University of Life. Gigantic supporter of all Tipp Hurling and Football.", "url": "https://t.co/B1nK7499Ex", "entities": {"url": {"urls": [{"url": "https://t.co/B1nK7499Ex", "expanded_url": "http://www.mullallys-electronics.com", "display_url": "mullallys-electronics.com", "indices": [0, 23]}]}, "description": {"urls": []}}, "protected": false, "followers_count": 1003, "friends_count": 2096, "listed_count": 8, "created_at": "Tue Feb 08 20:48:05 +0000 2011", "favourites_count": 1317, "utc_offset": null, "time_zone": null, "geo_enabled": true, "verified": false, "statuses_count": 11497, "lang": null, "contributors_enabled": false, "is_translator": false, "is_translation_enabled": false, "profile_background_color": "C0DEED", "profile_background_image_url": "http://abs.twimg.com/images/themes/theme1/bg.png", "profile_background_image_url_https": "https://abs.twimg.com/images/themes/theme1/bg.png", "profile_background_tile": false, "profile_image_url": "http://pbs.twimg.com/profile_images/711924579422347264/ovzBEy9a_normal.jpg", "profile_image_url_https": "https://pbs.twimg.com/profile_images/711924579422347264/ovzBEy9a_normal.jpg", "profile_banner_url": "https://pbs.twimg.com/profile_banners/249329105/1532553519", "profile_link_color": "1DA1F2", "profile_sidebar_border_color": "C0DEED", "profile_sidebar_fill_color": "DDEEF6", "profile_text_color": "333333", "profile_use_background_image": true, "has_extended_profile": false, "default_profile": true, "default_profile_image": false, "following": false, "follow_request_sent": false, "notifications": false, "translator_type": "none"}, "geo": null, "coordinates": null, "place": null, "contributors": null, "is_quote_status": false, "retweet_count": 0, "favorite_count": 0, "favorited": false, "retweeted": false, "lang": "en", "reply_count": 0}