{"created_at": "Sun Mar 31 09:13:24 +0000 2013", "id": 318289915664285696, "id_str": "318289915664285696", "full_text": "@Cmdr_Hadfield SO sweet :-)", "truncated": false, "display_text_range": [0, 27], "entities": {"hashtags": [], "symbols": [], "user_mentions": [{"screen_name": "Cmdr_Hadfield", "name": "Chris Hadfield", "id": 186154646, "id_str": "186154646", "indices": [0, 14]}], "urls": []}, "source": "<a href=\"http://twitter.com/download/iphone\" rel=\"nofollow\">Twitter for iPhone</a>", "in_reply_to_status_id": 318280266747617280, "in_reply_to_status_id_str": "318280266747617280", "in_reply_to_user_id": 186154646, "in_reply_to_user_id_str": "186154646", "in_reply_to_screen_name": "Cmdr_Hadfield", "user": {"id": 89318945, "id_str": "89318945", "name": "Miss Starwisher", "screen_name": "MissStarWisher", "location": "", "description": "Let go of the illusion that it could have been any different...", "url": null, "entities": {"description": {"urls": []}}, "protected": false, "followers_count": 268, "friends_count": 1217, "listed_count": 5, "created_at": "Wed Nov 11 23:49:38 +0000 2009", "favourites_count": 50152, "utc_offset": null, "time_zone": null, "geo_enabled": false, "verified": false, "statuses_count": 10624, "lang": null, "contributors_enabled": false, "is_translator": false, "is_translation_enabled": false, "profile_background_color": "642D8B", "profile_background_image_url": "http://abs.twimg.com/images/themes/theme10/bg.gif", "profile_background_image_url_https": "https://abs.twimg.com/images/themes/theme10/bg.gif", "profile_background_tile": true, "profile_image_url": "http://pbs.twimg.com/profile_images/491184679740252160/xeMjzH9A_normal.jpeg", "profile_image_url_https": "https://pbs.twimg.com/profile_images/491184679740252160/xeMjzH9A_normal.jpeg", "profile_banner_url": "https://pbs.twimg.com/profile_banners/89318945/1405942702", "profile_link_color": "FF0000", "profile_sidebar_border_color": "65B0DA", "profile_sidebar_fill_color": "7AC3EE", "profile_text_color": "3D1957", "profile_use_background_image": true, "has_extended_profile": false, "default_profile": false, "default_profile_image": false, "following": false, "follow_request_sent": false, "notifications": false, "translator_type": "none"}, "geo": null, "coordinates": null, "place": null, "contributors": null, "is_quote_status": false, "retweet_count": 0, "favorite_count": 0, "favorited": false, "retweeted": false, "lang": "en", "reply_count": 0}