{"created_at": "Sun Mar 31 09:07:28 +0000 2013", "id": 318288426271117312, "id_str": "318288426271117312", "full_text": "@Cmdr_Hadfield Eeeek that\u2019s how Alien started! :)", "truncated": false, "display_text_range": [0, 49], "entities": {"hashtags": [], "symbols": [], "user_mentions": [{"screen_name": "Cmdr_Hadfield", "name": "Chris Hadfield", "id": 186154646, "id_str": "186154646", "indices": [0, 14]}], "urls": []}, "source": "<a href=\"http://tapbots.com/tweetbot\" rel=\"nofollow\">Tweetbot for iOS</a>", "in_reply_to_status_id": 318280266747617280, "in_reply_to_status_id_str": "318280266747617280", "in_reply_to_user_id": 186154646, "in_reply_to_user_id_str": "186154646", "in_reply_to_screen_name": "Cmdr_Hadfield", "user": {"id": 349669950, "id_str": "349669950", "name": "Cliff Ey", "screen_name": "cliff_ey", "location": "Earth (mostly)", "description": "Hairy stickman that likes reading funny and amusing tweets  :-)", "url": "https://t.co/KFeFCOHCVh", "entities": {"url": {"urls": [{"url": "https://t.co/KFeFCOHCVh", "expanded_url": "http://Friendsface.co.uk", "display_url": "Friendsface.co.uk", "indices": [0, 23]}]}, "description": {"urls": []}}, "protected": false, "followers_count": 78, "friends_count": 257, "listed_count": 2, "created_at": "Sat Aug 06 14:00:41 +0000 2011", "favourites_count": 3908, "utc_offset": null, "time_zone": null, "geo_enabled": false, "verified": false, "statuses_count": 6685, "lang": null, "contributors_enabled": false, "is_translator": false, "is_translation_enabled": false, "profile_background_color": "C0DEED", "profile_background_image_url": "http://abs.twimg.com/images/themes/theme1/bg.png", "profile_background_image_url_https": "https://abs.twimg.com/images/themes/theme1/bg.png", "profile_background_tile": false, "profile_image_url": "http://pbs.twimg.com/profile_images/1534715498/stick-man-2575_normal.jpg", "profile_image_url_https": "https://pbs.twimg.com/profile_images/1534715498/stick-man-2575_normal.jpg", "profile_link_color": "1DA1F2", "profile_sidebar_border_color": "C0DEED", "profile_sidebar_fill_color": "DDEEF6", "profile_text_color": "333333", "profile_use_background_image": true, "has_extended_profile": false, "default_profile": true, "default_profile_image": false, "following": false, "follow_request_sent": false, "notifications": false, "translator_type": "none"}, "geo": null, "coordinates": null, "place": null, "contributors": null, "is_quote_status": false, "retweet_count": 0, "favorite_count": 0, "favorited": false, "retweeted": false, "lang": "en", "reply_count": 0}