{"created_at": "Sun Mar 31 09:03:37 +0000 2013", "id": 318287455608532993, "id_str": "318287455608532993", "full_text": "@Cmdr_Hadfield happy Easter to you and the crew. #wellprepared", "truncated": false, "display_text_range": [0, 62], "entities": {"hashtags": [{"text": "wellprepared", "indices": [49, 62]}], "symbols": [], "user_mentions": [{"screen_name": "Cmdr_Hadfield", "name": "Chris Hadfield", "id": 186154646, "id_str": "186154646", "indices": [0, 14]}], "urls": []}, "source": "<a href=\"http://twitter.com/#!/download/ipad\" rel=\"nofollow\">Twitter for iPad</a>", "in_reply_to_status_id": 318280266747617280, "in_reply_to_status_id_str": "318280266747617280", "in_reply_to_user_id": 186154646, "in_reply_to_user_id_str": "186154646", "in_reply_to_screen_name": "Cmdr_Hadfield", "user": {"id": 118432134, "id_str": "118432134", "name": "Ushbho", "screen_name": "Ushbho", "location": "", "description": "Lets find out...", "url": null, "entities": {"description": {"urls": []}}, "protected": false, "followers_count": 209, "friends_count": 581, "listed_count": 6, "created_at": "Sun Feb 28 17:36:29 +0000 2010", "favourites_count": 63497, "utc_offset": null, "time_zone": null, "geo_enabled": true, "verified": false, "statuses_count": 6566, "lang": null, "contributors_enabled": false, "is_translator": false, "is_translation_enabled": false, "profile_background_color": "C0DEED", "profile_background_image_url": "http://abs.twimg.com/images/themes/theme1/bg.png", "profile_background_image_url_https": "https://abs.twimg.com/images/themes/theme1/bg.png", "profile_background_tile": true, "profile_image_url": "http://pbs.twimg.com/profile_images/548416535560482817/dPDZ-zG9_normal.jpeg", "profile_image_url_https": "https://pbs.twimg.com/profile_images/548416535560482817/dPDZ-zG9_normal.jpeg", "profile_banner_url": "https://pbs.twimg.com/profile_banners/118432134/1361479447", "profile_link_color": "0084B4", "profile_sidebar_border_color": "FFFFFF", "profile_sidebar_fill_color": "91D0DC", "profile_text_color": "4B4F88", "profile_use_background_image": true, "has_extended_profile": false, "default_profile": false, "default_profile_image": false, "following": false, "follow_request_sent": false, "notifications": false, "translator_type": "none"}, "geo": null, "coordinates": null, "place": null, "contributors": null, "is_quote_status": false, "retweet_count": 0, "favorite_count": 0, "favorited": false, "retweeted": false, "lang": "en", "reply_count": 0}