{"created_at": "Sun Mar 31 08:54:20 +0000 2013", "id": 318285120094232576, "id_str": "318285120094232576", "full_text": "@Cmdr_Hadfield Happy Easter from Texas!", "truncated": false, "display_text_range": [0, 39], "entities": {"hashtags": [], "symbols": [], "user_mentions": [{"screen_name": "Cmdr_Hadfield", "name": "Chris Hadfield", "id": 186154646, "id_str": "186154646", "indices": [0, 14]}], "urls": []}, "source": "<a href=\"http://twitter.com/download/iphone\" rel=\"nofollow\">Twitter for iPhone</a>", "in_reply_to_status_id": 318280266747617280, "in_reply_to_status_id_str": "318280266747617280", "in_reply_to_user_id": 186154646, "in_reply_to_user_id_str": "186154646", "in_reply_to_screen_name": "Cmdr_Hadfield", "user": {"id": 302108136, "id_str": "302108136", "name": "2interesting", "screen_name": "2interesting", "location": "", "description": "I find everything just 2interesting!", "url": null, "entities": {"description": {"urls": []}}, "protected": false, "followers_count": 952, "friends_count": 1627, "listed_count": 24, "created_at": "Fri May 20 16:22:16 +0000 2011", "favourites_count": 135513, "utc_offset": null, "time_zone": null, "geo_enabled": true, "verified": false, "statuses_count": 70627, "lang": null, "contributors_enabled": false, "is_translator": false, "is_translation_enabled": false, "profile_background_color": "0099B9", "profile_background_image_url": "http://abs.twimg.com/images/themes/theme4/bg.gif", "profile_background_image_url_https": "https://abs.twimg.com/images/themes/theme4/bg.gif", "profile_background_tile": true, "profile_image_url": "http://pbs.twimg.com/profile_images/1236788803005792256/YEhCCUOE_normal.jpg", "profile_image_url_https": "https://pbs.twimg.com/profile_images/1236788803005792256/YEhCCUOE_normal.jpg", "profile_banner_url": "https://pbs.twimg.com/profile_banners/302108136/1583708405", "profile_link_color": "0099B9", "profile_sidebar_border_color": "5ED4DC", "profile_sidebar_fill_color": "95E8EC", "profile_text_color": "3C3940", "profile_use_background_image": true, "has_extended_profile": false, "default_profile": false, "default_profile_image": false, "following": false, "follow_request_sent": false, "notifications": false, "translator_type": "none"}, "geo": null, "coordinates": null, "place": null, "contributors": null, "is_quote_status": false, "retweet_count": 0, "favorite_count": 0, "favorited": false, "retweeted": false, "lang": "en", "reply_count": 0}