{"created_at": "Sun Mar 31 09:16:08 +0000 2013", "id": 318290607233720320, "id_str": "318290607233720320", "full_text": "@Cmdr_Hadfield happy easter up there!", "truncated": false, "display_text_range": [0, 37], "entities": {"hashtags": [], "symbols": [], "user_mentions": [{"screen_name": "Cmdr_Hadfield", "name": "Chris Hadfield", "id": 186154646, "id_str": "186154646", "indices": [0, 14]}], "urls": []}, "source": "<a href=\"http://blackberry.com/twitter\" rel=\"nofollow\">Twitter for BlackBerry\u00ae</a>", "in_reply_to_status_id": 318280266747617280, "in_reply_to_status_id_str": "318280266747617280", "in_reply_to_user_id": 186154646, "in_reply_to_user_id_str": "186154646", "in_reply_to_screen_name": "Cmdr_Hadfield", "user": {"id": 397158264, "id_str": "397158264", "name": "Just Naomi.", "screen_name": "NaomiMorris80", "location": "Devon", "description": "I will cry for you no more. Scars healed up nice. You won't hurt me anymore. Time has blunt your knife. I've cried my river dry - Ten Ten @mattcardle", "url": null, "entities": {"description": {"urls": []}}, "protected": false, "followers_count": 201, "friends_count": 263, "listed_count": 20, "created_at": "Mon Oct 24 09:50:00 +0000 2011", "favourites_count": 20985, "utc_offset": null, "time_zone": null, "geo_enabled": true, "verified": false, "statuses_count": 72451, "lang": null, "contributors_enabled": false, "is_translator": false, "is_translation_enabled": false, "profile_background_color": "1A1B1F", "profile_background_image_url": "http://abs.twimg.com/images/themes/theme1/bg.png", "profile_background_image_url_https": "https://abs.twimg.com/images/themes/theme1/bg.png", "profile_background_tile": true, "profile_image_url": "http://pbs.twimg.com/profile_images/1257759468970016769/KoORXpNi_normal.jpg", "profile_image_url_https": "https://pbs.twimg.com/profile_images/1257759468970016769/KoORXpNi_normal.jpg", "profile_banner_url": "https://pbs.twimg.com/profile_banners/397158264/1466986671", "profile_link_color": "642D8B", "profile_sidebar_border_color": "C0DEED", "profile_sidebar_fill_color": "DDEEF6", "profile_text_color": "333333", "profile_use_background_image": true, "has_extended_profile": true, "default_profile": false, "default_profile_image": false, "following": false, "follow_request_sent": false, "notifications": false, "translator_type": "none"}, "geo": null, "coordinates": null, "place": null, "contributors": null, "is_quote_status": false, "retweet_count": 0, "favorite_count": 0, "favorited": false, "retweeted": false, "lang": "en", "reply_count": 0}