{"created_at": "Sun Mar 31 09:27:05 +0000 2013", "id": 318293360655863808, "id_str": "318293360655863808", "full_text": "\u201c@Cmdr_Hadfield: Don't tell my crew, but I brought them Easter Eggs :) http://t.co/E8ERdXGgvx\u201d\n\n\"Brilliant, happy Easter\"", "truncated": false, "display_text_range": [0, 121], "entities": {"hashtags": [], "symbols": [], "user_mentions": [{"screen_name": "Cmdr_Hadfield", "name": "Chris Hadfield", "id": 186154646, "id_str": "186154646", "indices": [1, 15]}], "urls": [], "media": [{"id": 318280266751811584, "id_str": "318280266751811584", "indices": [71, 93], "media_url": "http://pbs.twimg.com/media/BGrCN17CIAAR12r.jpg", "media_url_https": "https://pbs.twimg.com/media/BGrCN17CIAAR12r.jpg", "url": "http://t.co/E8ERdXGgvx", "display_url": "pic.twitter.com/E8ERdXGgvx", "expanded_url": "https://twitter.com/Cmdr_Hadfield/status/318280266747617280/photo/1", "type": "photo", "sizes": {"small": {"w": 680, "h": 452, "resize": "fit"}, "thumb": {"w": 150, "h": 150, "resize": "crop"}, "large": {"w": 1024, "h": 681, "resize": "fit"}, "medium": {"w": 1024, "h": 681, "resize": "fit"}}, "source_status_id": 318280266747617280, "source_status_id_str": "318280266747617280", "source_user_id": 186154646, "source_user_id_str": "186154646"}]}, "extended_entities": {"media": [{"id": 318280266751811584, "id_str": "318280266751811584", "indices": [71, 93], "media_url": "http://pbs.twimg.com/media/BGrCN17CIAAR12r.jpg", "media_url_https": "https://pbs.twimg.com/media/BGrCN17CIAAR12r.jpg", "url": "http://t.co/E8ERdXGgvx", "display_url": "pic.twitter.com/E8ERdXGgvx", "expanded_url": "https://twitter.com/Cmdr_Hadfield/status/318280266747617280/photo/1", "type": "photo", "sizes": {"small": {"w": 680, "h": 452, "resize": "fit"}, "thumb": {"w": 150, "h": 150, "resize": "crop"}, "large": {"w": 1024, "h": 681, "resize": "fit"}, "medium": {"w": 1024, "h": 681, "resize": "fit"}}, "source_status_id": 318280266747617280, "source_status_id_str": "318280266747617280", "source_user_id": 186154646, "source_user_id_str": "186154646"}]}, "source": "<a href=\"http://twitter.com/download/iphone\" rel=\"nofollow\">Twitter for iPhone</a>", "in_reply_to_status_id": 318280266747617280, "in_reply_to_status_id_str": "318280266747617280", "in_reply_to_user_id": 186154646, "in_reply_to_user_id_str": "186154646", "in_reply_to_screen_name": "Cmdr_Hadfield", "user": {"id": 56667786, "id_str": "56667786", "name": "Paul Edwards", "screen_name": "PaulEdwards01", "location": "Cardiff, Uk", "description": "Lives in Cardiff, made in Cannock! Sport and Exercise Science graduate works for NHS as Cardiac Physiologist. 3 great kids and a fantastic wife. Life's good!", "url": null, "entities": {"description": {"urls": []}}, "protected": false, "followers_count": 156, "friends_count": 827, "listed_count": 2, "created_at": "Tue Jul 14 11:16:12 +0000 2009", "favourites_count": 149, "utc_offset": null, "time_zone": null, "geo_enabled": true, "verified": false, "statuses_count": 398, "lang": null, "contributors_enabled": false, "is_translator": false, "is_translation_enabled": false, "profile_background_color": "C0DEED", "profile_background_image_url": "http://abs.twimg.com/images/themes/theme1/bg.png", "profile_background_image_url_https": "https://abs.twimg.com/images/themes/theme1/bg.png", "profile_background_tile": false, "profile_image_url": "http://pbs.twimg.com/profile_images/438269783503802370/qdNuXvwT_normal.jpeg", "profile_image_url_https": "https://pbs.twimg.com/profile_images/438269783503802370/qdNuXvwT_normal.jpeg", "profile_banner_url": "https://pbs.twimg.com/profile_banners/56667786/1358776796", "profile_link_color": "1DA1F2", "profile_sidebar_border_color": "C0DEED", "profile_sidebar_fill_color": "DDEEF6", "profile_text_color": "333333", "profile_use_background_image": true, "has_extended_profile": true, "default_profile": true, "default_profile_image": false, "following": false, "follow_request_sent": false, "notifications": false, "translator_type": "none"}, "geo": null, "coordinates": null, "place": null, "contributors": null, "is_quote_status": false, "retweet_count": 0, "favorite_count": 1, "favorited": false, "retweeted": false, "possibly_sensitive": false, "possibly_sensitive_appealable": false, "lang": "en", "reply_count": 0}