{"created_at": "Sun Mar 31 08:38:31 +0000 2013", "id": 318281140177891328, "id_str": "318281140177891328", "full_text": "@Cmdr_Hadfield hide one outside, I dare you", "truncated": false, "display_text_range": [0, 43], "entities": {"hashtags": [], "symbols": [], "user_mentions": [{"screen_name": "Cmdr_Hadfield", "name": "Chris Hadfield", "id": 186154646, "id_str": "186154646", "indices": [0, 14]}], "urls": []}, "source": "<a href=\"http://twitter.com/download/iphone\" rel=\"nofollow\">Twitter for iPhone</a>", "in_reply_to_status_id": 318280266747617280, "in_reply_to_status_id_str": "318280266747617280", "in_reply_to_user_id": 186154646, "in_reply_to_user_id_str": "186154646", "in_reply_to_screen_name": "Cmdr_Hadfield", "user": {"id": 18760943, "id_str": "18760943", "name": "Nathan Gallagher", "screen_name": "nathanGallagher", "location": "London", "description": "https://t.co/vpbLKNd2eR | https://t.co/SXfeYdnSLd", "url": "https://t.co/ZO72r1r6Sa", "entities": {"url": {"urls": [{"url": "https://t.co/ZO72r1r6Sa", "expanded_url": "http://nathangallagher.com", "display_url": "nathangallagher.com", "indices": [0, 23]}]}, "description": {"urls": [{"url": "https://t.co/vpbLKNd2eR", "expanded_url": "http://www.nathangallagher.com", "display_url": "nathangallagher.com", "indices": [0, 23]}, {"url": "https://t.co/SXfeYdnSLd", "expanded_url": "https://www.instagram.com/nathangallagher/?hl=en", "display_url": "instagram.com/nathangallaghe\u2026", "indices": [26, 49]}]}}, "protected": false, "followers_count": 1158, "friends_count": 1355, "listed_count": 28, "created_at": "Thu Jan 08 11:28:17 +0000 2009", "favourites_count": 2194, "utc_offset": null, "time_zone": null, "geo_enabled": false, "verified": false, "statuses_count": 10571, "lang": null, "contributors_enabled": false, "is_translator": false, "is_translation_enabled": false, "profile_background_color": "022330", "profile_background_image_url": "http://abs.twimg.com/images/themes/theme1/bg.png", "profile_background_image_url_https": "https://abs.twimg.com/images/themes/theme1/bg.png", "profile_background_tile": false, "profile_image_url": "http://pbs.twimg.com/profile_images/560766366630682626/qGybsnt2_normal.jpeg", "profile_image_url_https": "https://pbs.twimg.com/profile_images/560766366630682626/qGybsnt2_normal.jpeg", "profile_banner_url": "https://pbs.twimg.com/profile_banners/18760943/1422532150", "profile_link_color": "DD2E44", "profile_sidebar_border_color": "000000", "profile_sidebar_fill_color": "DAECF4", "profile_text_color": "2D354D", "profile_use_background_image": true, "has_extended_profile": false, "default_profile": false, "default_profile_image": false, "following": false, "follow_request_sent": false, "notifications": false, "translator_type": "none"}, "geo": null, "coordinates": null, "place": null, "contributors": null, "is_quote_status": false, "retweet_count": 11, "favorite_count": 51, "favorited": false, "retweeted": false, "lang": "en", "reply_count": 3}