{"created_at": "Sun Mar 31 08:58:22 +0000 2013", "id": 318286133354176512, "id_str": "318286133354176512", "full_text": "Easter eggs in space! \u201c@Cmdr_Hadfield: Don't tell my crew, but I brought them Easter Eggs :) http://t.co/EW0KbVubvc\u201d", "truncated": false, "display_text_range": [0, 116], "entities": {"hashtags": [], "symbols": [], "user_mentions": [{"screen_name": "Cmdr_Hadfield", "name": "Chris Hadfield", "id": 186154646, "id_str": "186154646", "indices": [23, 37]}], "urls": [], "media": [{"id": 318280266751811584, "id_str": "318280266751811584", "indices": [93, 115], "media_url": "http://pbs.twimg.com/media/BGrCN17CIAAR12r.jpg", "media_url_https": "https://pbs.twimg.com/media/BGrCN17CIAAR12r.jpg", "url": "http://t.co/EW0KbVubvc", "display_url": "pic.twitter.com/EW0KbVubvc", "expanded_url": "https://twitter.com/Cmdr_Hadfield/status/318280266747617280/photo/1", "type": "photo", "sizes": {"small": {"w": 680, "h": 452, "resize": "fit"}, "thumb": {"w": 150, "h": 150, "resize": "crop"}, "large": {"w": 1024, "h": 681, "resize": "fit"}, "medium": {"w": 1024, "h": 681, "resize": "fit"}}, "source_status_id": 318280266747617280, "source_status_id_str": "318280266747617280", "source_user_id": 186154646, "source_user_id_str": "186154646"}]}, "extended_entities": {"media": [{"id": 318280266751811584, "id_str": "318280266751811584", "indices": [93, 115], "media_url": "http://pbs.twimg.com/media/BGrCN17CIAAR12r.jpg", "media_url_https": "https://pbs.twimg.com/media/BGrCN17CIAAR12r.jpg", "url": "http://t.co/EW0KbVubvc", "display_url": "pic.twitter.com/EW0KbVubvc", "expanded_url": "https://twitter.com/Cmdr_Hadfield/status/318280266747617280/photo/1", "type": "photo", "sizes": {"small": {"w": 680, "h": 452, "resize": "fit"}, "thumb": {"w": 150, "h": 150, "resize": "crop"}, "large": {"w": 1024, "h": 681, "resize": "fit"}, "medium": {"w": 1024, "h": 681, "resize": "fit"}}, "source_status_id": 318280266747617280, "source_status_id_str": "318280266747617280", "source_user_id": 186154646, "source_user_id_str": "186154646"}]}, "source": "<a href=\"http://twitter.com/download/iphone\" rel=\"nofollow\">Twitter for iPhone</a>", "in_reply_to_status_id": 318280266747617280, "in_reply_to_status_id_str": "318280266747617280", "in_reply_to_user_id": 186154646, "in_reply_to_user_id_str": "186154646", "in_reply_to_screen_name": "Cmdr_Hadfield", "user": {"id": 21128662, "id_str": "21128662", "name": "Libby Plummer", "screen_name": "LibbyPlummer", "location": "London", "description": "Freelance journalist | Tech, science, space | Words @WiredUK @StuffTV @MetroFeatures @TotalFilm & more | libbyplummer@outlook.com", "url": "https://t.co/YKVTXuZNRC", "entities": {"url": {"urls": [{"url": "https://t.co/YKVTXuZNRC", "expanded_url": "http://libbyplummer.com/", "display_url": "libbyplummer.com", "indices": [0, 23]}]}, "description": {"urls": []}}, "protected": false, "followers_count": 3751, "friends_count": 1011, "listed_count": 154, "created_at": "Tue Feb 17 20:49:26 +0000 2009", "favourites_count": 2226, "utc_offset": null, "time_zone": null, "geo_enabled": false, "verified": true, "statuses_count": 4593, "lang": null, "contributors_enabled": false, "is_translator": false, "is_translation_enabled": false, "profile_background_color": "1A1B1F", "profile_background_image_url": "http://abs.twimg.com/images/themes/theme9/bg.gif", "profile_background_image_url_https": "https://abs.twimg.com/images/themes/theme9/bg.gif", "profile_background_tile": false, "profile_image_url": "http://pbs.twimg.com/profile_images/636236009794072576/R4NEv3pt_normal.jpg", "profile_image_url_https": "https://pbs.twimg.com/profile_images/636236009794072576/R4NEv3pt_normal.jpg", "profile_banner_url": "https://pbs.twimg.com/profile_banners/21128662/1469349122", "profile_link_color": "1B95E0", "profile_sidebar_border_color": "181A1E", "profile_sidebar_fill_color": "252429", "profile_text_color": "666666", "profile_use_background_image": true, "has_extended_profile": true, "default_profile": false, "default_profile_image": false, "following": false, "follow_request_sent": false, "notifications": false, "translator_type": "none"}, "geo": null, "coordinates": null, "place": null, "contributors": null, "is_quote_status": false, "retweet_count": 1, "favorite_count": 2, "favorited": false, "retweeted": false, "possibly_sensitive": false, "possibly_sensitive_appealable": false, "lang": "en", "reply_count": 0}