{"created_at": "Sun Mar 31 09:03:06 +0000 2013", "id": 318287326600122368, "id_str": "318287326600122368", "full_text": "Happy Easter! \u201c@Cmdr_Hadfield: Don't tell my crew, but I brought them Easter Eggs :) http://t.co/1gtnKmdmwf\u201d", "truncated": false, "display_text_range": [0, 108], "entities": {"hashtags": [], "symbols": [], "user_mentions": [{"screen_name": "Cmdr_Hadfield", "name": "Chris Hadfield", "id": 186154646, "id_str": "186154646", "indices": [15, 29]}], "urls": [], "media": [{"id": 318280266751811584, "id_str": "318280266751811584", "indices": [85, 107], "media_url": "http://pbs.twimg.com/media/BGrCN17CIAAR12r.jpg", "media_url_https": "https://pbs.twimg.com/media/BGrCN17CIAAR12r.jpg", "url": "http://t.co/1gtnKmdmwf", "display_url": "pic.twitter.com/1gtnKmdmwf", "expanded_url": "https://twitter.com/Cmdr_Hadfield/status/318280266747617280/photo/1", "type": "photo", "sizes": {"small": {"w": 680, "h": 452, "resize": "fit"}, "thumb": {"w": 150, "h": 150, "resize": "crop"}, "large": {"w": 1024, "h": 681, "resize": "fit"}, "medium": {"w": 1024, "h": 681, "resize": "fit"}}, "source_status_id": 318280266747617280, "source_status_id_str": "318280266747617280", "source_user_id": 186154646, "source_user_id_str": "186154646"}]}, "extended_entities": {"media": [{"id": 318280266751811584, "id_str": "318280266751811584", "indices": [85, 107], "media_url": "http://pbs.twimg.com/media/BGrCN17CIAAR12r.jpg", "media_url_https": "https://pbs.twimg.com/media/BGrCN17CIAAR12r.jpg", "url": "http://t.co/1gtnKmdmwf", "display_url": "pic.twitter.com/1gtnKmdmwf", "expanded_url": "https://twitter.com/Cmdr_Hadfield/status/318280266747617280/photo/1", "type": "photo", "sizes": {"small": {"w": 680, "h": 452, "resize": "fit"}, "thumb": {"w": 150, "h": 150, "resize": "crop"}, "large": {"w": 1024, "h": 681, "resize": "fit"}, "medium": {"w": 1024, "h": 681, "resize": "fit"}}, "source_status_id": 318280266747617280, "source_status_id_str": "318280266747617280", "source_user_id": 186154646, "source_user_id_str": "186154646"}]}, "source": "<a href=\"http://twitter.com/download/iphone\" rel=\"nofollow\">Twitter for iPhone</a>", "in_reply_to_status_id": 318280266747617280, "in_reply_to_status_id_str": "318280266747617280", "in_reply_to_user_id": 186154646, "in_reply_to_user_id_str": "186154646", "in_reply_to_screen_name": "Cmdr_Hadfield", "user": {"id": 858235346, "id_str": "858235346", "name": "CASSiE", "screen_name": "SpaceMascotUK", "location": "", "description": "CASSiE (Cosmic Ambassador for Space Science & Engineering) . Using Space Exploration to engage & inspire . KS1 & KS2 . #STEM Mascot .", "url": "https://t.co/zyfwWxWVLi", "entities": {"url": {"urls": [{"url": "https://t.co/zyfwWxWVLi", "expanded_url": "http://spacemascotuk.wordpress.com", "display_url": "spacemascotuk.wordpress.com", "indices": [0, 23]}]}, "description": {"urls": []}}, "protected": false, "followers_count": 763, "friends_count": 180, "listed_count": 28, "created_at": "Tue Oct 02 15:27:15 +0000 2012", "favourites_count": 980, "utc_offset": null, "time_zone": null, "geo_enabled": false, "verified": false, "statuses_count": 2794, "lang": null, "contributors_enabled": false, "is_translator": false, "is_translation_enabled": false, "profile_background_color": "D5B67D", "profile_background_image_url": "http://abs.twimg.com/images/themes/theme1/bg.png", "profile_background_image_url_https": "https://abs.twimg.com/images/themes/theme1/bg.png", "profile_background_tile": false, "profile_image_url": "http://pbs.twimg.com/profile_images/697818973161857024/hUKXT-ZP_normal.jpg", "profile_image_url_https": "https://pbs.twimg.com/profile_images/697818973161857024/hUKXT-ZP_normal.jpg", "profile_banner_url": "https://pbs.twimg.com/profile_banners/858235346/1554895744", "profile_link_color": "B2896D", "profile_sidebar_border_color": "F4E8C2", "profile_sidebar_fill_color": "CAC699", "profile_text_color": "2E0300", "profile_use_background_image": true, "has_extended_profile": false, "default_profile": false, "default_profile_image": false, "following": false, "follow_request_sent": false, "notifications": false, "translator_type": "none"}, "geo": null, "coordinates": null, "place": null, "contributors": null, "is_quote_status": false, "retweet_count": 1, "favorite_count": 0, "favorited": false, "retweeted": false, "possibly_sensitive": false, "possibly_sensitive_appealable": false, "lang": "en", "reply_count": 0}