{"created_at": "Sun Mar 31 08:46:12 +0000 2013", "id": 318283070799233024, "id_str": "318283070799233024", "full_text": "@Cmdr_Hadfield Where are you going to roll them? :-)", "truncated": false, "display_text_range": [0, 52], "entities": {"hashtags": [], "symbols": [], "user_mentions": [{"screen_name": "Cmdr_Hadfield", "name": "Chris Hadfield", "id": 186154646, "id_str": "186154646", "indices": [0, 14]}], "urls": []}, "source": "<a href=\"http://twitter.com/download/iphone\" rel=\"nofollow\">Twitter for iPhone</a>", "in_reply_to_status_id": 318280266747617280, "in_reply_to_status_id_str": "318280266747617280", "in_reply_to_user_id": 186154646, "in_reply_to_user_id_str": "186154646", "in_reply_to_screen_name": "Cmdr_Hadfield", "user": {"id": 938793464, "id_str": "938793464", "name": "Gerry McNally Photo", "screen_name": "McNallyGerrypho", "location": "Belfast", "description": "Photographer, music reviewer & cyclist. Sub Editor @folkandtumble  Often found wandering the hills and valleys of Donegal.", "url": "https://t.co/4cg0Ujnewl", "entities": {"url": {"urls": [{"url": "https://t.co/4cg0Ujnewl", "expanded_url": "http://www.gerrymcnallyphotography.com/", "display_url": "gerrymcnallyphotography.com", "indices": [0, 23]}]}, "description": {"urls": []}}, "protected": false, "followers_count": 1033, "friends_count": 763, "listed_count": 17, "created_at": "Sat Nov 10 10:42:09 +0000 2012", "favourites_count": 68036, "utc_offset": null, "time_zone": null, "geo_enabled": true, "verified": false, "statuses_count": 13550, "lang": null, "contributors_enabled": false, "is_translator": false, "is_translation_enabled": false, "profile_background_color": "DAEBC1", "profile_background_image_url": "http://abs.twimg.com/images/themes/theme1/bg.png", "profile_background_image_url_https": "https://abs.twimg.com/images/themes/theme1/bg.png", "profile_background_tile": false, "profile_image_url": "http://pbs.twimg.com/profile_images/1174766475636334592/P3gf-WVv_normal.jpg", "profile_image_url_https": "https://pbs.twimg.com/profile_images/1174766475636334592/P3gf-WVv_normal.jpg", "profile_banner_url": "https://pbs.twimg.com/profile_banners/938793464/1443270852", "profile_link_color": "19A6D1", "profile_sidebar_border_color": "000000", "profile_sidebar_fill_color": "DDEEF6", "profile_text_color": "333333", "profile_use_background_image": true, "has_extended_profile": false, "default_profile": false, "default_profile_image": false, "following": false, "follow_request_sent": false, "notifications": false, "translator_type": "none"}, "geo": {"type": "Point", "coordinates": [54.59936579, -5.87512674]}, "coordinates": {"type": "Point", "coordinates": [-5.87512674, 54.59936579]}, "place": {"id": "a5d1791165a6517e", "url": "https://api.twitter.com/1.1/geo/id/a5d1791165a6517e.json", "place_type": "admin", "name": "Belfast", "full_name": "Belfast, Northern Ireland", "country_code": "GB", "country": "United Kingdom", "contained_within": [], "bounding_box": {"type": "Polygon", "coordinates": [[[-6.045854, 54.5305937], [-5.8071746, 54.5305937], [-5.8071746, 54.6648903], [-6.045854, 54.6648903]]]}, "attributes": {}}, "contributors": null, "is_quote_status": false, "retweet_count": 0, "favorite_count": 0, "favorited": false, "retweeted": false, "lang": "en", "reply_count": 0}