{"created_at": "Sun Mar 31 08:36:39 +0000 2013", "id": 318280668977168384, "id_str": "318280668977168384", "full_text": "@Cmdr_Hadfield let's hope they're not on Twitter otherwise you've spoilt the suprise!", "truncated": false, "display_text_range": [0, 85], "entities": {"hashtags": [], "symbols": [], "user_mentions": [{"screen_name": "Cmdr_Hadfield", "name": "Chris Hadfield", "id": 186154646, "id_str": "186154646", "indices": [0, 14]}], "urls": []}, "source": "<a href=\"http://twitter.com/download/android\" rel=\"nofollow\">Twitter for Android</a>", "in_reply_to_status_id": 318280266747617280, "in_reply_to_status_id_str": "318280266747617280", "in_reply_to_user_id": 186154646, "in_reply_to_user_id_str": "186154646", "in_reply_to_screen_name": "Cmdr_Hadfield", "user": {"id": 141512482, "id_str": "141512482", "name": "Dr Nimesh Mistry", "screen_name": "DrNMistry", "location": "Leeds/York", "description": "Senior Teaching Fellow at the School of Chemistry, University of Leeds. University Student Education Fellow. Father. Husband to @jenny_crayon Loves a good pun.", "url": "https://t.co/daUSdiM2kl", "entities": {"url": {"urls": [{"url": "https://t.co/daUSdiM2kl", "expanded_url": "https://mistrygroup.wordpress.com/", "display_url": "mistrygroup.wordpress.com", "indices": [0, 23]}]}, "description": {"urls": []}}, "protected": false, "followers_count": 1007, "friends_count": 979, "listed_count": 35, "created_at": "Sat May 08 08:17:01 +0000 2010", "favourites_count": 3728, "utc_offset": null, "time_zone": null, "geo_enabled": true, "verified": false, "statuses_count": 7456, "lang": null, "contributors_enabled": false, "is_translator": false, "is_translation_enabled": false, "profile_background_color": "C0DEED", "profile_background_image_url": "http://abs.twimg.com/images/themes/theme1/bg.png", "profile_background_image_url_https": "https://abs.twimg.com/images/themes/theme1/bg.png", "profile_background_tile": false, "profile_image_url": "http://pbs.twimg.com/profile_images/917280906351730688/tpyTn_9m_normal.jpg", "profile_image_url_https": "https://pbs.twimg.com/profile_images/917280906351730688/tpyTn_9m_normal.jpg", "profile_banner_url": "https://pbs.twimg.com/profile_banners/141512482/1409150702", "profile_link_color": "1DA1F2", "profile_sidebar_border_color": "C0DEED", "profile_sidebar_fill_color": "DDEEF6", "profile_text_color": "333333", "profile_use_background_image": true, "has_extended_profile": false, "default_profile": true, "default_profile_image": false, "following": false, "follow_request_sent": false, "notifications": false, "translator_type": "none"}, "geo": null, "coordinates": null, "place": null, "contributors": null, "is_quote_status": false, "retweet_count": 0, "favorite_count": 0, "favorited": false, "retweeted": false, "lang": "en", "reply_count": 0}