{"created_at": "Sun Mar 31 08:50:09 +0000 2013", "id": 318284065193209859, "id_str": "318284065193209859", "full_text": "@Cmdr_Hadfield oh sweet, you don't miss out on chocolate at easter! (plus I finally just saw you go past east coast of Australia!)", "truncated": false, "display_text_range": [0, 130], "entities": {"hashtags": [], "symbols": [], "user_mentions": [{"screen_name": "Cmdr_Hadfield", "name": "Chris Hadfield", "id": 186154646, "id_str": "186154646", "indices": [0, 14]}], "urls": []}, "source": "<a href=\"http://twitter.com/download/android\" rel=\"nofollow\">Twitter for Android</a>", "in_reply_to_status_id": 318280266747617280, "in_reply_to_status_id_str": "318280266747617280", "in_reply_to_user_id": 186154646, "in_reply_to_user_id_str": "186154646", "in_reply_to_screen_name": "Cmdr_Hadfield", "user": {"id": 326710084, "id_str": "326710084", "name": "Eric D", "screen_name": "Cantantalope", "location": "NSW, Australia", "description": "Rugby League Referee. Crazy Cat Man. Striving Critical Thinker.", "url": null, "entities": {"description": {"urls": []}}, "protected": false, "followers_count": 64, "friends_count": 588, "listed_count": 0, "created_at": "Thu Jun 30 10:54:51 +0000 2011", "favourites_count": 2232, "utc_offset": null, "time_zone": null, "geo_enabled": true, "verified": false, "statuses_count": 1263, "lang": null, "contributors_enabled": false, "is_translator": false, "is_translation_enabled": false, "profile_background_color": "000000", "profile_background_image_url": "http://abs.twimg.com/images/themes/theme1/bg.png", "profile_background_image_url_https": "https://abs.twimg.com/images/themes/theme1/bg.png", "profile_background_tile": false, "profile_image_url": "http://pbs.twimg.com/profile_images/3023549731/2bf688321f230f4f93d404701d785a05_normal.jpeg", "profile_image_url_https": "https://pbs.twimg.com/profile_images/3023549731/2bf688321f230f4f93d404701d785a05_normal.jpeg", "profile_banner_url": "https://pbs.twimg.com/profile_banners/326710084/1531898615", "profile_link_color": "0084B4", "profile_sidebar_border_color": "000000", "profile_sidebar_fill_color": "DDEEF6", "profile_text_color": "333333", "profile_use_background_image": true, "has_extended_profile": false, "default_profile": false, "default_profile_image": false, "following": false, "follow_request_sent": false, "notifications": false, "translator_type": "none"}, "geo": null, "coordinates": null, "place": null, "contributors": null, "is_quote_status": false, "retweet_count": 0, "favorite_count": 0, "favorited": false, "retweeted": false, "lang": "en", "reply_count": 0}