{"created_at": "Sun Mar 31 08:52:04 +0000 2013", "id": 318284548544790528, "id_str": "318284548544790528", "full_text": "@Cmdr_Hadfield  I DARE you to have an Easter Egg Hunt with them.  Allocate 1 Colur to each of them to find.  If they Find Another: Leave it.", "truncated": false, "display_text_range": [0, 140], "entities": {"hashtags": [], "symbols": [], "user_mentions": [{"screen_name": "Cmdr_Hadfield", "name": "Chris Hadfield", "id": 186154646, "id_str": "186154646", "indices": [0, 14]}], "urls": []}, "source": "<a href=\"http://twitter.com\" rel=\"nofollow\">Twitter Web Client</a>", "in_reply_to_status_id": 318280266747617280, "in_reply_to_status_id_str": "318280266747617280", "in_reply_to_user_id": 186154646, "in_reply_to_user_id_str": "186154646", "in_reply_to_screen_name": "Cmdr_Hadfield", "user": {"id": 141266203, "id_str": "141266203", "name": "NEVILLE MADDEN", "screen_name": "NEVIE_JOHN", "location": "Australia", "description": "Australia. DOB March 2nd. I'm a BIG Fan of @LeAnnRimes & @rachaeleahcar & Aspiring Astronaut @AstronautAbby, @NASABlueberry1, @JrAstronaut .. PLEASE FOLLOW THEM", "url": null, "entities": {"description": {"urls": []}}, "protected": false, "followers_count": 859, "friends_count": 2630, "listed_count": 0, "created_at": "Fri May 07 16:25:33 +0000 2010", "favourites_count": 24323, "utc_offset": null, "time_zone": null, "geo_enabled": true, "verified": false, "statuses_count": 66546, "lang": null, "contributors_enabled": false, "is_translator": false, "is_translation_enabled": false, "profile_background_color": "1B95E0", "profile_background_image_url": "http://abs.twimg.com/images/themes/theme4/bg.gif", "profile_background_image_url_https": "https://abs.twimg.com/images/themes/theme4/bg.gif", "profile_background_tile": true, "profile_image_url": "http://pbs.twimg.com/profile_images/1202990976504975360/SlG8ZeDo_normal.jpg", "profile_image_url_https": "https://pbs.twimg.com/profile_images/1202990976504975360/SlG8ZeDo_normal.jpg", "profile_banner_url": "https://pbs.twimg.com/profile_banners/141266203/1516286843", "profile_link_color": "FF691F", "profile_sidebar_border_color": "000000", "profile_sidebar_fill_color": "000000", "profile_text_color": "000000", "profile_use_background_image": true, "has_extended_profile": true, "default_profile": false, "default_profile_image": false, "following": false, "follow_request_sent": false, "notifications": false, "translator_type": "none"}, "geo": null, "coordinates": null, "place": null, "contributors": null, "is_quote_status": false, "retweet_count": 0, "favorite_count": 0, "favorited": false, "retweeted": false, "lang": "en", "reply_count": 1}