{"created_at": "Sun Mar 31 08:36:07 +0000 2013", "id": 318280535053058048, "id_str": "318280535053058048", "full_text": "@Cmdr_Hadfield You'll have a hard time explaining how Easter Bunny scratched at the door!", "truncated": false, "display_text_range": [0, 89], "entities": {"hashtags": [], "symbols": [], "user_mentions": [{"screen_name": "Cmdr_Hadfield", "name": "Chris Hadfield", "id": 186154646, "id_str": "186154646", "indices": [0, 14]}], "urls": []}, "source": "<a href=\"http://twitter.com\" rel=\"nofollow\">Twitter Web Client</a>", "in_reply_to_status_id": 318280266747617280, "in_reply_to_status_id_str": "318280266747617280", "in_reply_to_user_id": 186154646, "in_reply_to_user_id_str": "186154646", "in_reply_to_screen_name": "Cmdr_Hadfield", "user": {"id": 387053663, "id_str": "387053663", "name": "D\u039bVID", "screen_name": "_davidlucas_", "location": "Melbourne, Australia", "description": "", "url": "https://t.co/Gr1Ohz0Gk6", "entities": {"url": {"urls": [{"url": "https://t.co/Gr1Ohz0Gk6", "expanded_url": "https://twitter.com/search?q=from%3A%40%5Fdavidlucas%5F%2Fexclude%3Areplies", "display_url": "twitter.com/search?q=from%\u2026", "indices": [0, 23]}]}, "description": {"urls": []}}, "protected": false, "followers_count": 19765, "friends_count": 12228, "listed_count": 559, "created_at": "Sat Oct 08 11:35:52 +0000 2011", "favourites_count": 219831, "utc_offset": null, "time_zone": null, "geo_enabled": false, "verified": false, "statuses_count": 185781, "lang": null, "contributors_enabled": false, "is_translator": false, "is_translation_enabled": false, "profile_background_color": "B0B0B0", "profile_background_image_url": "http://abs.twimg.com/images/themes/theme1/bg.png", "profile_background_image_url_https": "https://abs.twimg.com/images/themes/theme1/bg.png", "profile_background_tile": false, "profile_image_url": "http://pbs.twimg.com/profile_images/1150980239868039168/9zP1Rzn1_normal.jpg", "profile_image_url_https": "https://pbs.twimg.com/profile_images/1150980239868039168/9zP1Rzn1_normal.jpg", "profile_banner_url": "https://pbs.twimg.com/profile_banners/387053663/1527462122", "profile_link_color": "B32A00", "profile_sidebar_border_color": "000000", "profile_sidebar_fill_color": "DDEEF6", "profile_text_color": "333333", "profile_use_background_image": true, "has_extended_profile": false, "default_profile": false, "default_profile_image": false, "following": false, "follow_request_sent": false, "notifications": false, "translator_type": "none"}, "geo": null, "coordinates": null, "place": null, "contributors": null, "is_quote_status": false, "retweet_count": 0, "favorite_count": 0, "favorited": false, "retweeted": false, "lang": "en", "reply_count": 0}