{"created_at": "Sun Mar 31 09:04:21 +0000 2013", "id": 318287640711532544, "id_str": "318287640711532544", "full_text": "@Cmdr_Hadfield aww that's sweet!", "truncated": false, "display_text_range": [0, 32], "entities": {"hashtags": [], "symbols": [], "user_mentions": [{"screen_name": "Cmdr_Hadfield", "name": "Chris Hadfield", "id": 186154646, "id_str": "186154646", "indices": [0, 14]}], "urls": []}, "source": "<a href=\"http://rowiapp.com\" rel=\"nofollow\">rowi for Windows Phone</a>", "in_reply_to_status_id": 318280266747617280, "in_reply_to_status_id_str": "318280266747617280", "in_reply_to_user_id": 186154646, "in_reply_to_user_id_str": "186154646", "in_reply_to_screen_name": "Cmdr_Hadfield", "user": {"id": 22522776, "id_str": "22522776", "name": "Tanith", "screen_name": "tanith_ibbetson", "location": "uk", "description": "mummy to 2 & happily sarcastic :op", "url": null, "entities": {"description": {"urls": []}}, "protected": false, "followers_count": 4, "friends_count": 149, "listed_count": 0, "created_at": "Mon Mar 02 19:24:10 +0000 2009", "favourites_count": 1326, "utc_offset": null, "time_zone": null, "geo_enabled": false, "verified": false, "statuses_count": 4269, "lang": null, "contributors_enabled": false, "is_translator": false, "is_translation_enabled": false, "profile_background_color": "642D8B", "profile_background_image_url": "http://abs.twimg.com/images/themes/theme10/bg.gif", "profile_background_image_url_https": "https://abs.twimg.com/images/themes/theme10/bg.gif", "profile_background_tile": true, "profile_image_url": "http://pbs.twimg.com/profile_images/492193933892800513/aEx35HcR_normal.jpeg", "profile_image_url_https": "https://pbs.twimg.com/profile_images/492193933892800513/aEx35HcR_normal.jpeg", "profile_banner_url": "https://pbs.twimg.com/profile_banners/22522776/1431796676", "profile_link_color": "FF0000", "profile_sidebar_border_color": "65B0DA", "profile_sidebar_fill_color": "7AC3EE", "profile_text_color": "3D1957", "profile_use_background_image": true, "has_extended_profile": false, "default_profile": false, "default_profile_image": false, "following": false, "follow_request_sent": false, "notifications": false, "translator_type": "none"}, "geo": null, "coordinates": null, "place": null, "contributors": null, "is_quote_status": false, "retweet_count": 0, "favorite_count": 0, "favorited": false, "retweeted": false, "lang": "en", "reply_count": 0}