{"created_at": "Sun Mar 31 08:40:03 +0000 2013", "id": 318281522903912450, "id_str": "318281522903912450", "full_text": "@Cmdr_Hadfield Happy Easter to you and your crew! http://t.co/kujAstR4U1", "truncated": false, "display_text_range": [0, 72], "entities": {"hashtags": [], "symbols": [], "user_mentions": [{"screen_name": "Cmdr_Hadfield", "name": "Chris Hadfield", "id": 186154646, "id_str": "186154646", "indices": [0, 14]}], "urls": [], "media": [{"id": 318281522908106753, "id_str": "318281522908106753", "indices": [50, 72], "media_url": "http://pbs.twimg.com/media/BGrDW9eCEAEOsJD.jpg", "media_url_https": "https://pbs.twimg.com/media/BGrDW9eCEAEOsJD.jpg", "url": "http://t.co/kujAstR4U1", "display_url": "pic.twitter.com/kujAstR4U1", "expanded_url": "https://twitter.com/Wiserlemming/status/318281522903912450/photo/1", "type": "photo", "sizes": {"thumb": {"w": 150, "h": 150, "resize": "crop"}, "medium": {"w": 960, "h": 600, "resize": "fit"}, "small": {"w": 680, "h": 425, "resize": "fit"}, "large": {"w": 960, "h": 600, "resize": "fit"}}}]}, "extended_entities": {"media": [{"id": 318281522908106753, "id_str": "318281522908106753", "indices": [50, 72], "media_url": "http://pbs.twimg.com/media/BGrDW9eCEAEOsJD.jpg", "media_url_https": "https://pbs.twimg.com/media/BGrDW9eCEAEOsJD.jpg", "url": "http://t.co/kujAstR4U1", "display_url": "pic.twitter.com/kujAstR4U1", "expanded_url": "https://twitter.com/Wiserlemming/status/318281522903912450/photo/1", "type": "photo", "sizes": {"thumb": {"w": 150, "h": 150, "resize": "crop"}, "medium": {"w": 960, "h": 600, "resize": "fit"}, "small": {"w": 680, "h": 425, "resize": "fit"}, "large": {"w": 960, "h": 600, "resize": "fit"}}}]}, "source": "<a href=\"http://twitter.com\" rel=\"nofollow\">Twitter Web Client</a>", "in_reply_to_status_id": 318280266747617280, "in_reply_to_status_id_str": "318280266747617280", "in_reply_to_user_id": 186154646, "in_reply_to_user_id_str": "186154646", "in_reply_to_screen_name": "Cmdr_Hadfield", "user": {"id": 103687718, "id_str": "103687718", "name": "Neysa Smith", "screen_name": "Wiserlemming", "location": "Arizona", "description": "Dedicated teacher, writer, and Michael Jackson fan.", "url": null, "entities": {"description": {"urls": []}}, "protected": false, "followers_count": 378, "friends_count": 720, "listed_count": 16, "created_at": "Sun Jan 10 22:49:22 +0000 2010", "favourites_count": 31472, "utc_offset": null, "time_zone": null, "geo_enabled": true, "verified": false, "statuses_count": 59048, "lang": null, "contributors_enabled": false, "is_translator": false, "is_translation_enabled": false, "profile_background_color": "C0DEED", "profile_background_image_url": "http://abs.twimg.com/images/themes/theme1/bg.png", "profile_background_image_url_https": "https://abs.twimg.com/images/themes/theme1/bg.png", "profile_background_tile": true, "profile_image_url": "http://pbs.twimg.com/profile_images/850825219/My_memorabilia_gets_paparazzied_normal.jpg", "profile_image_url_https": "https://pbs.twimg.com/profile_images/850825219/My_memorabilia_gets_paparazzied_normal.jpg", "profile_banner_url": "https://pbs.twimg.com/profile_banners/103687718/1431303799", "profile_link_color": "1B95E0", "profile_sidebar_border_color": "C0DEED", "profile_sidebar_fill_color": "DDEEF6", "profile_text_color": "333333", "profile_use_background_image": true, "has_extended_profile": true, "default_profile": false, "default_profile_image": false, "following": false, "follow_request_sent": false, "notifications": false, "translator_type": "none"}, "geo": null, "coordinates": null, "place": null, "contributors": null, "is_quote_status": false, "retweet_count": 0, "favorite_count": 0, "favorited": false, "retweeted": false, "possibly_sensitive": false, "possibly_sensitive_appealable": false, "lang": "en", "reply_count": 0}