{"created_at": "Sun Mar 31 08:42:15 +0000 2013", "id": 318282080050098176, "id_str": "318282080050098176", "full_text": "@Cmdr_Hadfield LOL! You really did plan well for your stay in space, Commander! The crew's going to enjoy that! \u263a", "truncated": false, "display_text_range": [0, 113], "entities": {"hashtags": [], "symbols": [], "user_mentions": [{"screen_name": "Cmdr_Hadfield", "name": "Chris Hadfield", "id": 186154646, "id_str": "186154646", "indices": [0, 14]}], "urls": []}, "source": "<a href=\"http://blackberry.com/twitter\" rel=\"nofollow\">Twitter for BlackBerry\u00ae</a>", "in_reply_to_status_id": 318280266747617280, "in_reply_to_status_id_str": "318280266747617280", "in_reply_to_user_id": 186154646, "in_reply_to_user_id_str": "186154646", "in_reply_to_screen_name": "Cmdr_Hadfield", "user": {"id": 1147388460, "id_str": "1147388460", "name": "CottageOnTheCorner", "screen_name": "patrick_wilken", "location": "'Cottage on the Corner'", "description": "Soon to be published, 'The Muffins Books', inspired by my beloved doggie children. It's for them. All of them.", "url": null, "entities": {"description": {"urls": []}}, "protected": false, "followers_count": 100, "friends_count": 168, "listed_count": 19, "created_at": "Mon Feb 04 08:26:40 +0000 2013", "favourites_count": 11990, "utc_offset": null, "time_zone": null, "geo_enabled": true, "verified": false, "statuses_count": 22066, "lang": null, "contributors_enabled": false, "is_translator": false, "is_translation_enabled": false, "profile_background_color": "C0DEED", "profile_background_image_url": "http://abs.twimg.com/images/themes/theme1/bg.png", "profile_background_image_url_https": "https://abs.twimg.com/images/themes/theme1/bg.png", "profile_background_tile": false, "profile_image_url": "http://pbs.twimg.com/profile_images/697050219029069824/w8nvE5YQ_normal.jpg", "profile_image_url_https": "https://pbs.twimg.com/profile_images/697050219029069824/w8nvE5YQ_normal.jpg", "profile_banner_url": "https://pbs.twimg.com/profile_banners/1147388460/1475261462", "profile_link_color": "1DA1F2", "profile_sidebar_border_color": "C0DEED", "profile_sidebar_fill_color": "DDEEF6", "profile_text_color": "333333", "profile_use_background_image": true, "has_extended_profile": false, "default_profile": true, "default_profile_image": false, "following": false, "follow_request_sent": false, "notifications": false, "translator_type": "none"}, "geo": null, "coordinates": null, "place": null, "contributors": null, "is_quote_status": false, "retweet_count": 0, "favorite_count": 0, "favorited": false, "retweeted": false, "lang": "en", "reply_count": 0}