{"created_at": "Sun Mar 31 08:43:07 +0000 2013", "id": 318282294999793664, "id_str": "318282294999793664", "full_text": "@Cmdr_Hadfield Wally Schirra smuggled a steak sandwich, two cigarettes and a small bottle of scotch on MA-8 in 1959..well done sir", "truncated": false, "display_text_range": [0, 130], "entities": {"hashtags": [], "symbols": [], "user_mentions": [{"screen_name": "Cmdr_Hadfield", "name": "Chris Hadfield", "id": 186154646, "id_str": "186154646", "indices": [0, 14]}], "urls": []}, "source": "<a href=\"http://twitter.com\" rel=\"nofollow\">Twitter Web Client</a>", "in_reply_to_status_id": 318280266747617280, "in_reply_to_status_id_str": "318280266747617280", "in_reply_to_user_id": 186154646, "in_reply_to_user_id_str": "186154646", "in_reply_to_screen_name": "Cmdr_Hadfield", "user": {"id": 90595349, "id_str": "90595349", "name": "stiiggy", "screen_name": "stiiggy", "location": "Brighton, Brisbane", "description": "Owner of JZRSport\u2122\ufe0f. **one to one follows**", "url": "https://t.co/INr8RVkDuV", "entities": {"url": {"urls": [{"url": "https://t.co/INr8RVkDuV", "expanded_url": "http://www.facebook.com/stigman", "display_url": "facebook.com/stigman", "indices": [0, 23]}]}, "description": {"urls": []}}, "protected": false, "followers_count": 666, "friends_count": 912, "listed_count": 4, "created_at": "Tue Nov 17 09:17:49 +0000 2009", "favourites_count": 6038, "utc_offset": null, "time_zone": null, "geo_enabled": true, "verified": false, "statuses_count": 6145, "lang": null, "contributors_enabled": false, "is_translator": false, "is_translation_enabled": false, "profile_background_color": "C0DEED", "profile_background_image_url": "http://abs.twimg.com/images/themes/theme1/bg.png", "profile_background_image_url_https": "https://abs.twimg.com/images/themes/theme1/bg.png", "profile_background_tile": true, "profile_image_url": "http://pbs.twimg.com/profile_images/1276693318366191617/Nl73CWef_normal.jpg", "profile_image_url_https": "https://pbs.twimg.com/profile_images/1276693318366191617/Nl73CWef_normal.jpg", "profile_banner_url": "https://pbs.twimg.com/profile_banners/90595349/1593222382", "profile_link_color": "0084B4", "profile_sidebar_border_color": "C0DEED", "profile_sidebar_fill_color": "DDEEF6", "profile_text_color": "333333", "profile_use_background_image": true, "has_extended_profile": true, "default_profile": false, "default_profile_image": false, "following": false, "follow_request_sent": false, "notifications": false, "translator_type": "none"}, "geo": null, "coordinates": null, "place": null, "contributors": null, "is_quote_status": false, "retweet_count": 0, "favorite_count": 1, "favorited": false, "retweeted": false, "lang": "en", "reply_count": 0}