{"created_at": "Sun Mar 31 08:48:37 +0000 2013", "id": 318283679883476992, "id_str": "318283679883476992", "full_text": "Just come across this amazing chap @Cmdr_Hadfield a Canadian astronaut up in space who's tweeting! He's tweet some fab pics!", "truncated": false, "display_text_range": [0, 124], "entities": {"hashtags": [], "symbols": [], "user_mentions": [{"screen_name": "Cmdr_Hadfield", "name": "Chris Hadfield", "id": 186154646, "id_str": "186154646", "indices": [35, 49]}], "urls": []}, "source": "<a href=\"http://twitter.com/#!/download/ipad\" rel=\"nofollow\">Twitter for iPad</a>", "in_reply_to_status_id": 318280266747617280, "in_reply_to_status_id_str": "318280266747617280", "in_reply_to_user_id": 186154646, "in_reply_to_user_id_str": "186154646", "in_reply_to_screen_name": "Cmdr_Hadfield", "user": {"id": 19254202, "id_str": "19254202", "name": "Debs Cooper \ud83d\udcab", "screen_name": "debscooper", "location": "Lincolnshire, UK", "description": "Marketing & events Pro loving life in Lincolnshire & Great Grimsby. \ud83d\udc95Twitter, Gin & Abba. Founder of #LincsHour & Grimsby Tweet Up.", "url": null, "entities": {"description": {"urls": []}}, "protected": false, "followers_count": 4486, "friends_count": 3063, "listed_count": 163, "created_at": "Tue Jan 20 20:00:52 +0000 2009", "favourites_count": 1069, "utc_offset": null, "time_zone": null, "geo_enabled": true, "verified": false, "statuses_count": 34967, "lang": null, "contributors_enabled": false, "is_translator": false, "is_translation_enabled": false, "profile_background_color": "FFEDED", "profile_background_image_url": "http://abs.twimg.com/images/themes/theme10/bg.gif", "profile_background_image_url_https": "https://abs.twimg.com/images/themes/theme10/bg.gif", "profile_background_tile": true, "profile_image_url": "http://pbs.twimg.com/profile_images/531352507420012544/gWvmHblK_normal.jpeg", "profile_image_url_https": "https://pbs.twimg.com/profile_images/531352507420012544/gWvmHblK_normal.jpeg", "profile_banner_url": "https://pbs.twimg.com/profile_banners/19254202/1531058580", "profile_link_color": "91D2FA", "profile_sidebar_border_color": "D16884", "profile_sidebar_fill_color": "D16884", "profile_text_color": "73162A", "profile_use_background_image": true, "has_extended_profile": false, "default_profile": false, "default_profile_image": false, "following": false, "follow_request_sent": false, "notifications": false, "translator_type": "none"}, "geo": null, "coordinates": null, "place": null, "contributors": null, "is_quote_status": false, "retweet_count": 2, "favorite_count": 0, "favorited": false, "retweeted": false, "lang": "en", "reply_count": 0}