{"created_at": "Sun Mar 31 09:09:44 +0000 2013", "id": 318288993148096513, "id_str": "318288993148096513", "full_text": "@ISS_Research @cmdr_hadfield Cargo Bay 4.  Everything is there in Star Trek TNG\n *\uff65\u309c\uff9f\uff65*:.\uff61..\uff61.:*\uff65'(*\uff9f\u25bd\uff9f*)'\uff65*:.\uff61. .\uff61.:*\uff65\u309c\uff9f\uff65*\nMake nests.", "truncated": false, "display_text_range": [0, 135], "entities": {"hashtags": [], "symbols": [], "user_mentions": [{"screen_name": "ISS_Research", "name": "ISS Research", "id": 189253902, "id_str": "189253902", "indices": [0, 13]}, {"screen_name": "Cmdr_Hadfield", "name": "Chris Hadfield", "id": 186154646, "id_str": "186154646", "indices": [14, 28]}], "urls": []}, "source": "<a href=\"http://twitter.com/download/iphone\" rel=\"nofollow\">Twitter for iPhone</a>", "in_reply_to_status_id": 318284083501342720, "in_reply_to_status_id_str": "318284083501342720", "in_reply_to_user_id": 189253902, "in_reply_to_user_id_str": "189253902", "in_reply_to_screen_name": "ISS_Research", "user": {"id": 454833063, "id_str": "454833063", "name": "Wayne", "screen_name": "wdeon", "location": "", "description": "", "url": null, "entities": {"description": {"urls": []}}, "protected": false, "followers_count": 3, "friends_count": 6, "listed_count": 0, "created_at": "Wed Jan 04 12:44:21 +0000 2012", "favourites_count": 4, "utc_offset": null, "time_zone": null, "geo_enabled": false, "verified": false, "statuses_count": 110, "lang": null, "contributors_enabled": false, "is_translator": false, "is_translation_enabled": false, "profile_background_color": "C0DEED", "profile_background_image_url": "http://abs.twimg.com/images/themes/theme1/bg.png", "profile_background_image_url_https": "https://abs.twimg.com/images/themes/theme1/bg.png", "profile_background_tile": false, "profile_image_url": "http://pbs.twimg.com/profile_images/3423157950/059e2796dbfb34062e665c772bbb416d_normal.jpeg", "profile_image_url_https": "https://pbs.twimg.com/profile_images/3423157950/059e2796dbfb34062e665c772bbb416d_normal.jpeg", "profile_banner_url": "https://pbs.twimg.com/profile_banners/454833063/1364129923", "profile_link_color": "1DA1F2", "profile_sidebar_border_color": "C0DEED", "profile_sidebar_fill_color": "DDEEF6", "profile_text_color": "333333", "profile_use_background_image": true, "has_extended_profile": false, "default_profile": true, "default_profile_image": false, "following": false, "follow_request_sent": false, "notifications": false, "translator_type": "none"}, "geo": null, "coordinates": null, "place": null, "contributors": null, "is_quote_status": false, "retweet_count": 0, "favorite_count": 0, "favorited": false, "retweeted": false, "lang": "ja", "reply_count": 0}