{"created_at": "Sun Mar 31 08:48:05 +0000 2013", "id": 318283544189353985, "id_str": "318283544189353985", "full_text": "Fantastic!! Happy Easter .. Secrets safe RT\u201c@Cmdr_Hadfield: Don't tell my crew, but I brought them Easter Eggs :) http://t.co/22bF3HTZBP\u201d", "truncated": false, "display_text_range": [0, 137], "entities": {"hashtags": [], "symbols": [], "user_mentions": [{"screen_name": "Cmdr_Hadfield", "name": "Chris Hadfield", "id": 186154646, "id_str": "186154646", "indices": [44, 58]}], "urls": [], "media": [{"id": 318280266751811584, "id_str": "318280266751811584", "indices": [114, 136], "media_url": "http://pbs.twimg.com/media/BGrCN17CIAAR12r.jpg", "media_url_https": "https://pbs.twimg.com/media/BGrCN17CIAAR12r.jpg", "url": "http://t.co/22bF3HTZBP", "display_url": "pic.twitter.com/22bF3HTZBP", "expanded_url": "https://twitter.com/Cmdr_Hadfield/status/318280266747617280/photo/1", "type": "photo", "sizes": {"small": {"w": 680, "h": 452, "resize": "fit"}, "thumb": {"w": 150, "h": 150, "resize": "crop"}, "large": {"w": 1024, "h": 681, "resize": "fit"}, "medium": {"w": 1024, "h": 681, "resize": "fit"}}, "source_status_id": 318280266747617280, "source_status_id_str": "318280266747617280", "source_user_id": 186154646, "source_user_id_str": "186154646"}]}, "extended_entities": {"media": [{"id": 318280266751811584, "id_str": "318280266751811584", "indices": [114, 136], "media_url": "http://pbs.twimg.com/media/BGrCN17CIAAR12r.jpg", "media_url_https": "https://pbs.twimg.com/media/BGrCN17CIAAR12r.jpg", "url": "http://t.co/22bF3HTZBP", "display_url": "pic.twitter.com/22bF3HTZBP", "expanded_url": "https://twitter.com/Cmdr_Hadfield/status/318280266747617280/photo/1", "type": "photo", "sizes": {"small": {"w": 680, "h": 452, "resize": "fit"}, "thumb": {"w": 150, "h": 150, "resize": "crop"}, "large": {"w": 1024, "h": 681, "resize": "fit"}, "medium": {"w": 1024, "h": 681, "resize": "fit"}}, "source_status_id": 318280266747617280, "source_status_id_str": "318280266747617280", "source_user_id": 186154646, "source_user_id_str": "186154646"}]}, "source": "<a href=\"http://twitter.com/download/iphone\" rel=\"nofollow\">Twitter for iPhone</a>", "in_reply_to_status_id": 318280266747617280, "in_reply_to_status_id_str": "318280266747617280", "in_reply_to_user_id": 186154646, "in_reply_to_user_id_str": "186154646", "in_reply_to_screen_name": "Cmdr_Hadfield", "user": {"id": 270220175, "id_str": "270220175", "name": "Ally Kearney", "screen_name": "ally_kearney", "location": "Bangkok, Thailand", "description": "Life Long Coffee Addict. Street Art Lover. Zombie Nerd. Hipster Friendly Music Enthusiast. Music Festival Line up Guestimator. Troublemaker. Falls Down A Lot.", "url": null, "entities": {"description": {"urls": []}}, "protected": false, "followers_count": 142, "friends_count": 115, "listed_count": 11, "created_at": "Tue Mar 22 06:29:34 +0000 2011", "favourites_count": 1553, "utc_offset": null, "time_zone": null, "geo_enabled": true, "verified": false, "statuses_count": 7648, "lang": null, "contributors_enabled": false, "is_translator": false, "is_translation_enabled": false, "profile_background_color": "EDECE9", "profile_background_image_url": "http://abs.twimg.com/images/themes/theme3/bg.gif", "profile_background_image_url_https": "https://abs.twimg.com/images/themes/theme3/bg.gif", "profile_background_tile": false, "profile_image_url": "http://pbs.twimg.com/profile_images/739741796595441664/scCH0It0_normal.jpg", "profile_image_url_https": "https://pbs.twimg.com/profile_images/739741796595441664/scCH0It0_normal.jpg", "profile_banner_url": "https://pbs.twimg.com/profile_banners/270220175/1465203163", "profile_link_color": "088253", "profile_sidebar_border_color": "D3D2CF", "profile_sidebar_fill_color": "E3E2DE", "profile_text_color": "634047", "profile_use_background_image": true, "has_extended_profile": true, "default_profile": false, "default_profile_image": false, "following": false, "follow_request_sent": false, "notifications": false, "translator_type": "none"}, "geo": null, "coordinates": null, "place": null, "contributors": null, "is_quote_status": false, "retweet_count": 0, "favorite_count": 0, "favorited": false, "retweeted": false, "possibly_sensitive": false, "possibly_sensitive_appealable": false, "lang": "en", "reply_count": 0}