{"created_at": "Sun Mar 31 08:43:17 +0000 2013", "id": 318282338456961024, "id_str": "318282338456961024", "full_text": "@Cmdr_Hadfield Hahaha finding them will be fun!", "truncated": false, "display_text_range": [0, 47], "entities": {"hashtags": [], "symbols": [], "user_mentions": [{"screen_name": "Cmdr_Hadfield", "name": "Chris Hadfield", "id": 186154646, "id_str": "186154646", "indices": [0, 14]}], "urls": []}, "source": "<a href=\"http://tapbots.com/software/tweetbot/mac\" rel=\"nofollow\">Tw\u0435\u0435tbot for Mac</a>", "in_reply_to_status_id": 318280266747617280, "in_reply_to_status_id_str": "318280266747617280", "in_reply_to_user_id": 186154646, "in_reply_to_user_id_str": "186154646", "in_reply_to_screen_name": "Cmdr_Hadfield", "user": {"id": 43960973, "id_str": "43960973", "name": "Jordan Downey", "screen_name": "Jordan_D", "location": "Dublin / Paris", "description": "25\nComputer stuff - Sciencey things - Cat pictures enthusiast", "url": "https://t.co/4GYVGWMs2b", "entities": {"url": {"urls": [{"url": "https://t.co/4GYVGWMs2b", "expanded_url": "https://downey.fr/", "display_url": "downey.fr", "indices": [0, 23]}]}, "description": {"urls": []}}, "protected": false, "followers_count": 794, "friends_count": 269, "listed_count": 41, "created_at": "Mon Jun 01 20:11:31 +0000 2009", "favourites_count": 11825, "utc_offset": null, "time_zone": null, "geo_enabled": true, "verified": false, "statuses_count": 121983, "lang": null, "contributors_enabled": false, "is_translator": false, "is_translation_enabled": false, "profile_background_color": "022330", "profile_background_image_url": "http://abs.twimg.com/images/themes/theme20/bg.png", "profile_background_image_url_https": "https://abs.twimg.com/images/themes/theme20/bg.png", "profile_background_tile": false, "profile_image_url": "http://pbs.twimg.com/profile_images/1037394885152784393/m0zkZQVd_normal.jpg", "profile_image_url_https": "https://pbs.twimg.com/profile_images/1037394885152784393/m0zkZQVd_normal.jpg", "profile_banner_url": "https://pbs.twimg.com/profile_banners/43960973/1536169448", "profile_link_color": "0084B4", "profile_sidebar_border_color": "000000", "profile_sidebar_fill_color": "C0DFEC", "profile_text_color": "333333", "profile_use_background_image": true, "has_extended_profile": true, "default_profile": false, "default_profile_image": false, "following": false, "follow_request_sent": false, "notifications": false, "translator_type": "regular"}, "geo": null, "coordinates": null, "place": {"id": "3102b24b5af90698", "url": "https://api.twitter.com/1.1/geo/id/3102b24b5af90698.json", "place_type": "admin", "name": "Paris", "full_name": "Paris, Ile-de-France", "country_code": "FR", "country": "France", "contained_within": [], "bounding_box": {"type": "Polygon", "coordinates": [[[2.2241006, 48.8155214], [2.4699053, 48.8155214], [2.4699053, 48.9021461], [2.2241006, 48.9021461]]]}, "attributes": {}}, "contributors": null, "is_quote_status": false, "retweet_count": 0, "favorite_count": 0, "favorited": false, "retweeted": false, "lang": "en", "reply_count": 0}