{"created_at": "Sun Mar 31 09:19:16 +0000 2013", "id": 318291392822657024, "id_str": "318291392822657024", "full_text": "@Cmdr_Hadfield where will you hold your Easter Egg hunt ;)", "truncated": false, "display_text_range": [0, 58], "entities": {"hashtags": [], "symbols": [], "user_mentions": [{"screen_name": "Cmdr_Hadfield", "name": "Chris Hadfield", "id": 186154646, "id_str": "186154646", "indices": [0, 14]}], "urls": []}, "source": "<a href=\"http://twitter.com/download/iphone\" rel=\"nofollow\">Twitter for iPhone</a>", "in_reply_to_status_id": 318280266747617280, "in_reply_to_status_id_str": "318280266747617280", "in_reply_to_user_id": 186154646, "in_reply_to_user_id_str": "186154646", "in_reply_to_screen_name": "Cmdr_Hadfield", "user": {"id": 611531714, "id_str": "611531714", "name": "Diane Burns", "screen_name": "genealogymad", "location": "Australia", "description": "I love laughter, people, politics, music, family research, avid watcher of senate estimates \ud83d\ude44 a grandparent of five beautiful boys and I have ms.", "url": null, "entities": {"description": {"urls": []}}, "protected": false, "followers_count": 158, "friends_count": 630, "listed_count": 1, "created_at": "Mon Jun 18 09:13:06 +0000 2012", "favourites_count": 3760, "utc_offset": null, "time_zone": null, "geo_enabled": true, "verified": false, "statuses_count": 2926, "lang": null, "contributors_enabled": false, "is_translator": false, "is_translation_enabled": false, "profile_background_color": "C0DEED", "profile_background_image_url": "http://abs.twimg.com/images/themes/theme1/bg.png", "profile_background_image_url_https": "https://abs.twimg.com/images/themes/theme1/bg.png", "profile_background_tile": false, "profile_image_url": "http://pbs.twimg.com/profile_images/1099647760108679168/G6ohj-Rd_normal.jpg", "profile_image_url_https": "https://pbs.twimg.com/profile_images/1099647760108679168/G6ohj-Rd_normal.jpg", "profile_banner_url": "https://pbs.twimg.com/profile_banners/611531714/1551011432", "profile_link_color": "1DA1F2", "profile_sidebar_border_color": "C0DEED", "profile_sidebar_fill_color": "DDEEF6", "profile_text_color": "333333", "profile_use_background_image": true, "has_extended_profile": true, "default_profile": true, "default_profile_image": false, "following": false, "follow_request_sent": false, "notifications": false, "translator_type": "none"}, "geo": null, "coordinates": null, "place": null, "contributors": null, "is_quote_status": false, "retweet_count": 0, "favorite_count": 0, "favorited": false, "retweeted": false, "lang": "en", "reply_count": 0}