{"created_at": "Sun Mar 31 08:38:33 +0000 2013", "id": 318281147190743041, "id_str": "318281147190743041", "full_text": "@Cmdr_Hadfield Easter Egg hunt on the ISS?! Best location ever!", "truncated": false, "display_text_range": [0, 63], "entities": {"hashtags": [], "symbols": [], "user_mentions": [{"screen_name": "Cmdr_Hadfield", "name": "Chris Hadfield", "id": 186154646, "id_str": "186154646", "indices": [0, 14]}], "urls": []}, "source": "<a href=\"https://onloft.com/tweetlogix\" rel=\"nofollow\">Tweetlogix</a>", "in_reply_to_status_id": 318280266747617280, "in_reply_to_status_id_str": "318280266747617280", "in_reply_to_user_id": 186154646, "in_reply_to_user_id_str": "186154646", "in_reply_to_screen_name": "Cmdr_Hadfield", "user": {"id": 1211071, "id_str": "1211071", "name": "Jamie Lawrence", "screen_name": "ideasasylum", "location": "Cork, Ireland", "description": "Behind the scenes shipping features & breeding bugs @podia \nMy best thoughts happen after 4km in the pool #ruby #swimming #cats #tropicalfish", "url": "https://t.co/pNf9aigZBz", "entities": {"url": {"urls": [{"url": "https://t.co/pNf9aigZBz", "expanded_url": "https://www.jamielawrence.me", "display_url": "jamielawrence.me", "indices": [0, 23]}]}, "description": {"urls": []}}, "protected": false, "followers_count": 2062, "friends_count": 682, "listed_count": 219, "created_at": "Thu Mar 15 09:19:18 +0000 2007", "favourites_count": 6082, "utc_offset": null, "time_zone": null, "geo_enabled": true, "verified": false, "statuses_count": 65342, "lang": null, "contributors_enabled": false, "is_translator": false, "is_translation_enabled": false, "profile_background_color": "1D2A3D", "profile_background_image_url": "http://abs.twimg.com/images/themes/theme19/bg.gif", "profile_background_image_url_https": "https://abs.twimg.com/images/themes/theme19/bg.gif", "profile_background_tile": false, "profile_image_url": "http://pbs.twimg.com/profile_images/1003221805270790144/58pLpA32_normal.jpg", "profile_image_url_https": "https://pbs.twimg.com/profile_images/1003221805270790144/58pLpA32_normal.jpg", "profile_banner_url": "https://pbs.twimg.com/profile_banners/1211071/1555615424", "profile_link_color": "1B95E0", "profile_sidebar_border_color": "FFFFFF", "profile_sidebar_fill_color": "F6FFD1", "profile_text_color": "333333", "profile_use_background_image": true, "has_extended_profile": false, "default_profile": false, "default_profile_image": false, "following": false, "follow_request_sent": false, "notifications": false, "translator_type": "none"}, "geo": null, "coordinates": null, "place": null, "contributors": null, "is_quote_status": false, "retweet_count": 0, "favorite_count": 0, "favorited": false, "retweeted": false, "lang": "en", "reply_count": 0}