{"created_at": "Sun Mar 31 09:13:01 +0000 2013", "id": 318289822194212864, "id_str": "318289822194212864", "full_text": "@ISS_Research @Cmdr_Hadfield Put one in the 'hand' of the 'Canada Arm' -make 'em go get it -then when close, tease them by moving it around", "truncated": false, "display_text_range": [0, 139], "entities": {"hashtags": [], "symbols": [], "user_mentions": [{"screen_name": "ISS_Research", "name": "ISS Research", "id": 189253902, "id_str": "189253902", "indices": [0, 13]}, {"screen_name": "Cmdr_Hadfield", "name": "Chris Hadfield", "id": 186154646, "id_str": "186154646", "indices": [14, 28]}], "urls": []}, "source": "<a href=\"http://twitter.com\" rel=\"nofollow\">Twitter Web Client</a>", "in_reply_to_status_id": 318284083501342720, "in_reply_to_status_id_str": "318284083501342720", "in_reply_to_user_id": 189253902, "in_reply_to_user_id_str": "189253902", "in_reply_to_screen_name": "ISS_Research", "user": {"id": 1177275726, "id_str": "1177275726", "name": "Lyn Morris Smith", "screen_name": "LMS_writings", "location": "Canada (BC)", "description": "Short stories, poems, books,  musings, and other profound thoughts. Reflections of my many diverse, compelling, and even strange 'life altering' experiences.", "url": null, "entities": {"description": {"urls": []}}, "protected": false, "followers_count": 59, "friends_count": 112, "listed_count": 0, "created_at": "Thu Feb 14 01:05:46 +0000 2013", "favourites_count": 130, "utc_offset": null, "time_zone": null, "geo_enabled": false, "verified": false, "statuses_count": 1755, "lang": null, "contributors_enabled": false, "is_translator": false, "is_translation_enabled": false, "profile_background_color": "C0DEED", "profile_background_image_url": "http://abs.twimg.com/images/themes/theme1/bg.png", "profile_background_image_url_https": "https://abs.twimg.com/images/themes/theme1/bg.png", "profile_background_tile": false, "profile_image_url": "http://pbs.twimg.com/profile_images/695333554604023808/1ymYvG3l_normal.jpg", "profile_image_url_https": "https://pbs.twimg.com/profile_images/695333554604023808/1ymYvG3l_normal.jpg", "profile_banner_url": "https://pbs.twimg.com/profile_banners/1177275726/1454615494", "profile_link_color": "1DA1F2", "profile_sidebar_border_color": "C0DEED", "profile_sidebar_fill_color": "DDEEF6", "profile_text_color": "333333", "profile_use_background_image": true, "has_extended_profile": false, "default_profile": true, "default_profile_image": false, "following": false, "follow_request_sent": false, "notifications": false, "translator_type": "none"}, "geo": null, "coordinates": null, "place": null, "contributors": null, "is_quote_status": false, "retweet_count": 0, "favorite_count": 0, "favorited": false, "retweeted": false, "lang": "en", "reply_count": 0}