{"created_at": "Sun Mar 31 08:53:34 +0000 2013", "id": 318284926912974848, "id_str": "318284926912974848", "full_text": "\u201c@Cmdr_Hadfield: Don't tell my crew, but I brought them Easter Eggs :) http://t.co/KXe2XG5GWV\u201d Happy Easter!", "truncated": false, "display_text_range": [0, 108], "entities": {"hashtags": [], "symbols": [], "user_mentions": [{"screen_name": "Cmdr_Hadfield", "name": "Chris Hadfield", "id": 186154646, "id_str": "186154646", "indices": [1, 15]}], "urls": [], "media": [{"id": 318280266751811584, "id_str": "318280266751811584", "indices": [71, 93], "media_url": "http://pbs.twimg.com/media/BGrCN17CIAAR12r.jpg", "media_url_https": "https://pbs.twimg.com/media/BGrCN17CIAAR12r.jpg", "url": "http://t.co/KXe2XG5GWV", "display_url": "pic.twitter.com/KXe2XG5GWV", "expanded_url": "https://twitter.com/Cmdr_Hadfield/status/318280266747617280/photo/1", "type": "photo", "sizes": {"small": {"w": 680, "h": 452, "resize": "fit"}, "thumb": {"w": 150, "h": 150, "resize": "crop"}, "large": {"w": 1024, "h": 681, "resize": "fit"}, "medium": {"w": 1024, "h": 681, "resize": "fit"}}, "source_status_id": 318280266747617280, "source_status_id_str": "318280266747617280", "source_user_id": 186154646, "source_user_id_str": "186154646"}]}, "extended_entities": {"media": [{"id": 318280266751811584, "id_str": "318280266751811584", "indices": [71, 93], "media_url": "http://pbs.twimg.com/media/BGrCN17CIAAR12r.jpg", "media_url_https": "https://pbs.twimg.com/media/BGrCN17CIAAR12r.jpg", "url": "http://t.co/KXe2XG5GWV", "display_url": "pic.twitter.com/KXe2XG5GWV", "expanded_url": "https://twitter.com/Cmdr_Hadfield/status/318280266747617280/photo/1", "type": "photo", "sizes": {"small": {"w": 680, "h": 452, "resize": "fit"}, "thumb": {"w": 150, "h": 150, "resize": "crop"}, "large": {"w": 1024, "h": 681, "resize": "fit"}, "medium": {"w": 1024, "h": 681, "resize": "fit"}}, "source_status_id": 318280266747617280, "source_status_id_str": "318280266747617280", "source_user_id": 186154646, "source_user_id_str": "186154646"}]}, "source": "<a href=\"http://twitter.com/#!/download/ipad\" rel=\"nofollow\">Twitter for iPad</a>", "in_reply_to_status_id": 318280266747617280, "in_reply_to_status_id_str": "318280266747617280", "in_reply_to_user_id": 186154646, "in_reply_to_user_id_str": "186154646", "in_reply_to_screen_name": "Cmdr_Hadfield", "user": {"id": 173830994, "id_str": "173830994", "name": "Annette Hughes", "screen_name": "net_hues", "location": "on the colourful internet", "description": "this net has more hues than a rainbow - social entrepeneur/animal advocate/publisher @PetsAreFound, mktg mentor, exCMO, alum @Cisco @Ingram @NewsCorp", "url": "https://t.co/D6r0oOVDpu", "entities": {"url": {"urls": [{"url": "https://t.co/D6r0oOVDpu", "expanded_url": "http://www.WherePetsAreFound.com", "display_url": "WherePetsAreFound.com", "indices": [0, 23]}]}, "description": {"urls": []}}, "protected": false, "followers_count": 1780, "friends_count": 3934, "listed_count": 583, "created_at": "Mon Aug 02 13:29:05 +0000 2010", "favourites_count": 10914, "utc_offset": null, "time_zone": null, "geo_enabled": true, "verified": false, "statuses_count": 53338, "lang": null, "contributors_enabled": false, "is_translator": false, "is_translation_enabled": false, "profile_background_color": "001500", "profile_background_image_url": "http://abs.twimg.com/images/themes/theme3/bg.gif", "profile_background_image_url_https": "https://abs.twimg.com/images/themes/theme3/bg.gif", "profile_background_tile": false, "profile_image_url": "http://pbs.twimg.com/profile_images/912872415713050624/JkxNvOXk_normal.jpg", "profile_image_url_https": "https://pbs.twimg.com/profile_images/912872415713050624/JkxNvOXk_normal.jpg", "profile_banner_url": "https://pbs.twimg.com/profile_banners/173830994/1352816390", "profile_link_color": "006B46", "profile_sidebar_border_color": "FFFFFF", "profile_sidebar_fill_color": "142200", "profile_text_color": "506C49", "profile_use_background_image": true, "has_extended_profile": false, "default_profile": false, "default_profile_image": false, "following": false, "follow_request_sent": false, "notifications": false, "translator_type": "none"}, "geo": null, "coordinates": null, "place": null, "contributors": null, "is_quote_status": false, "retweet_count": 0, "favorite_count": 1, "favorited": false, "retweeted": false, "possibly_sensitive": false, "possibly_sensitive_appealable": false, "lang": "en", "reply_count": 0}