{"created_at": "Sun Mar 31 09:22:43 +0000 2013", "id": 318292262733897728, "id_str": "318292262733897728", "full_text": "@Cmdr_Hadfield Is that in the Japanese module? Hide one of the eggs outside on the \u201cBack Porch\u201d!", "truncated": false, "display_text_range": [0, 96], "entities": {"hashtags": [], "symbols": [], "user_mentions": [{"screen_name": "Cmdr_Hadfield", "name": "Chris Hadfield", "id": 186154646, "id_str": "186154646", "indices": [0, 14]}], "urls": []}, "source": "<a href=\"http://tapbots.com/tweetbot\" rel=\"nofollow\">Tweetbot for iOS</a>", "in_reply_to_status_id": 318280266747617280, "in_reply_to_status_id_str": "318280266747617280", "in_reply_to_user_id": 186154646, "in_reply_to_user_id_str": "186154646", "in_reply_to_screen_name": "Cmdr_Hadfield", "user": {"id": 35653, "id_str": "35653", "name": "BJ Nemeth", "screen_name": "BJNemeth", "location": "Atlanta, GA", "description": "Poker tournament reporter that drives around the USA w/ @BriscoMutt, and travels the rest of the world without him. (he/him)", "url": null, "entities": {"description": {"urls": []}}, "protected": false, "followers_count": 8387, "friends_count": 188, "listed_count": 430, "created_at": "Sat Dec 02 00:59:40 +0000 2006", "favourites_count": 181969, "utc_offset": null, "time_zone": null, "geo_enabled": false, "verified": false, "statuses_count": 95902, "lang": null, "contributors_enabled": false, "is_translator": false, "is_translation_enabled": false, "profile_background_color": "9AE4E8", "profile_background_image_url": "http://abs.twimg.com/images/themes/theme1/bg.png", "profile_background_image_url_https": "https://abs.twimg.com/images/themes/theme1/bg.png", "profile_background_tile": false, "profile_image_url": "http://pbs.twimg.com/profile_images/955824714118725633/CLhWbSds_normal.jpg", "profile_image_url_https": "https://pbs.twimg.com/profile_images/955824714118725633/CLhWbSds_normal.jpg", "profile_banner_url": "https://pbs.twimg.com/profile_banners/35653/1473776356", "profile_link_color": "0000FF", "profile_sidebar_border_color": "87BC44", "profile_sidebar_fill_color": "E0FF92", "profile_text_color": "000000", "profile_use_background_image": true, "has_extended_profile": false, "default_profile": false, "default_profile_image": false, "following": false, "follow_request_sent": false, "notifications": false, "translator_type": "none"}, "geo": null, "coordinates": null, "place": null, "contributors": null, "is_quote_status": false, "retweet_count": 0, "favorite_count": 0, "favorited": false, "retweeted": false, "lang": "en", "reply_count": 0}