{"created_at": "Sun Mar 31 08:39:32 +0000 2013", "id": 318281393329287168, "id_str": "318281393329287168", "full_text": "@Cmdr_Hadfield I knew you were the Easter bunny, it was the moustache ^~^", "truncated": false, "display_text_range": [0, 73], "entities": {"hashtags": [], "symbols": [], "user_mentions": [{"screen_name": "Cmdr_Hadfield", "name": "Chris Hadfield", "id": 186154646, "id_str": "186154646", "indices": [0, 14]}], "urls": []}, "source": "<a href=\"http://twitter.com/download/android\" rel=\"nofollow\">Twitter for Android</a>", "in_reply_to_status_id": 318280266747617280, "in_reply_to_status_id_str": "318280266747617280", "in_reply_to_user_id": 186154646, "in_reply_to_user_id_str": "186154646", "in_reply_to_screen_name": "Cmdr_Hadfield", "user": {"id": 1095168126, "id_str": "1095168126", "name": "Jennifer", "screen_name": "BrokenSlinki", "location": "Slightly more Northern Lass", "description": "32\ud83c\udf08\u00b7Talk to me about Video games, books, and Mark Hamill\u2022REMAINER\u2022Noob Snowflake|Honest|Flawed|Daughter|Misfit|RSLegacyW-137MAXED|Fanfic Author|Funny lookin'", "url": null, "entities": {"description": {"urls": []}}, "protected": false, "followers_count": 92, "friends_count": 62, "listed_count": 3, "created_at": "Wed Jan 16 13:15:48 +0000 2013", "favourites_count": 8666, "utc_offset": null, "time_zone": null, "geo_enabled": false, "verified": false, "statuses_count": 32814, "lang": null, "contributors_enabled": false, "is_translator": false, "is_translation_enabled": false, "profile_background_color": "1A1B1F", "profile_background_image_url": "http://abs.twimg.com/images/themes/theme9/bg.gif", "profile_background_image_url_https": "https://abs.twimg.com/images/themes/theme9/bg.gif", "profile_background_tile": true, "profile_image_url": "http://pbs.twimg.com/profile_images/1238605739167490049/Zq0sGVWK_normal.jpg", "profile_image_url_https": "https://pbs.twimg.com/profile_images/1238605739167490049/Zq0sGVWK_normal.jpg", "profile_banner_url": "https://pbs.twimg.com/profile_banners/1095168126/1581416654", "profile_link_color": "300930", "profile_sidebar_border_color": "000000", "profile_sidebar_fill_color": "252429", "profile_text_color": "666666", "profile_use_background_image": true, "has_extended_profile": true, "default_profile": false, "default_profile_image": false, "following": false, "follow_request_sent": false, "notifications": false, "translator_type": "none"}, "geo": null, "coordinates": null, "place": null, "contributors": null, "is_quote_status": false, "retweet_count": 0, "favorite_count": 0, "favorited": false, "retweeted": false, "lang": "en", "reply_count": 0}