{"created_at": "Sun Mar 31 09:26:51 +0000 2013", "id": 318293300555702273, "id_str": "318293300555702273", "full_text": "@Cmdr_Hadfield 'Astro-Eggs'", "truncated": false, "display_text_range": [0, 27], "entities": {"hashtags": [], "symbols": [], "user_mentions": [{"screen_name": "Cmdr_Hadfield", "name": "Chris Hadfield", "id": 186154646, "id_str": "186154646", "indices": [0, 14]}], "urls": []}, "source": "<a href=\"http://twitter.com/#!/download/ipad\" rel=\"nofollow\">Twitter for iPad</a>", "in_reply_to_status_id": 318280266747617280, "in_reply_to_status_id_str": "318280266747617280", "in_reply_to_user_id": 186154646, "in_reply_to_user_id_str": "186154646", "in_reply_to_screen_name": "Cmdr_Hadfield", "user": {"id": 598222206, "id_str": "598222206", "name": "Capt. Murf", "screen_name": "dunshaughlin", "location": "Dunshaughlin, Ireland. ", "description": "Fighting inoperable Gastro Cancer. Passionate PayPal employee. Motivational Speaker. 6ft 4' Balloon & Heli Pilot that's afraid of heights. hello@aidanmurphy.com", "url": "https://t.co/9UhbQkXWOS", "entities": {"url": {"urls": [{"url": "https://t.co/9UhbQkXWOS", "expanded_url": "http://aidanmurphy.com", "display_url": "aidanmurphy.com", "indices": [0, 23]}]}, "description": {"urls": []}}, "protected": false, "followers_count": 417, "friends_count": 1219, "listed_count": 7, "created_at": "Sun Jun 03 08:12:02 +0000 2012", "favourites_count": 2138, "utc_offset": null, "time_zone": null, "geo_enabled": true, "verified": false, "statuses_count": 6233, "lang": null, "contributors_enabled": false, "is_translator": false, "is_translation_enabled": false, "profile_background_color": "C0DEED", "profile_background_image_url": "http://abs.twimg.com/images/themes/theme1/bg.png", "profile_background_image_url_https": "https://abs.twimg.com/images/themes/theme1/bg.png", "profile_background_tile": false, "profile_image_url": "http://pbs.twimg.com/profile_images/926371742699925504/igxjOiHj_normal.jpg", "profile_image_url_https": "https://pbs.twimg.com/profile_images/926371742699925504/igxjOiHj_normal.jpg", "profile_banner_url": "https://pbs.twimg.com/profile_banners/598222206/1505342566", "profile_link_color": "1DA1F2", "profile_sidebar_border_color": "C0DEED", "profile_sidebar_fill_color": "DDEEF6", "profile_text_color": "333333", "profile_use_background_image": true, "has_extended_profile": false, "default_profile": true, "default_profile_image": false, "following": false, "follow_request_sent": false, "notifications": false, "translator_type": "none"}, "geo": null, "coordinates": null, "place": null, "contributors": null, "is_quote_status": false, "retweet_count": 0, "favorite_count": 0, "favorited": false, "retweeted": false, "lang": "en", "reply_count": 0}