{"created_at": "Sun Mar 31 08:37:56 +0000 2013", "id": 318280990256660480, "id_str": "318280990256660480", "full_text": "Its better if u take this pic frm earth.@cmdr_hadfield", "truncated": false, "display_text_range": [0, 54], "entities": {"hashtags": [], "symbols": [], "user_mentions": [{"screen_name": "Cmdr_Hadfield", "name": "Chris Hadfield", "id": 186154646, "id_str": "186154646", "indices": [40, 54]}], "urls": []}, "source": "<a href=\"https://mobile.twitter.com\" rel=\"nofollow\">Mobile Web (M2)</a>", "in_reply_to_status_id": 318280266747617280, "in_reply_to_status_id_str": "318280266747617280", "in_reply_to_user_id": 186154646, "in_reply_to_user_id_str": "186154646", "in_reply_to_screen_name": "Cmdr_Hadfield", "user": {"id": 75303748, "id_str": "75303748", "name": "Vipingarg", "screen_name": "vipin2garg", "location": "India", "description": "like PM Modi.13 years in print n  electronic media.nothing offical tweets", "url": null, "entities": {"description": {"urls": []}}, "protected": false, "followers_count": 69, "friends_count": 249, "listed_count": 9, "created_at": "Fri Sep 18 15:14:12 +0000 2009", "favourites_count": 7938, "utc_offset": null, "time_zone": null, "geo_enabled": true, "verified": false, "statuses_count": 19118, "lang": null, "contributors_enabled": false, "is_translator": false, "is_translation_enabled": false, "profile_background_color": "EBEBEB", "profile_background_image_url": "http://abs.twimg.com/images/themes/theme7/bg.gif", "profile_background_image_url_https": "https://abs.twimg.com/images/themes/theme7/bg.gif", "profile_background_tile": false, "profile_image_url": "http://pbs.twimg.com/profile_images/1247995172584976384/2144LGg3_normal.jpg", "profile_image_url_https": "https://pbs.twimg.com/profile_images/1247995172584976384/2144LGg3_normal.jpg", "profile_link_color": "981CEB", "profile_sidebar_border_color": "FFFFFF", "profile_sidebar_fill_color": "F3F3F3", "profile_text_color": "333333", "profile_use_background_image": true, "has_extended_profile": false, "default_profile": false, "default_profile_image": false, "following": false, "follow_request_sent": false, "notifications": false, "translator_type": "none"}, "geo": null, "coordinates": null, "place": null, "contributors": null, "is_quote_status": false, "retweet_count": 0, "favorite_count": 0, "favorited": false, "retweeted": false, "lang": "en", "reply_count": 0}