{"created_at": "Sun Mar 31 09:07:37 +0000 2013", "id": 318288462275039233, "id_str": "318288462275039233", "full_text": "@cmdr_hadfield Legit eggs?", "truncated": false, "display_text_range": [0, 26], "entities": {"hashtags": [], "symbols": [], "user_mentions": [{"screen_name": "Cmdr_Hadfield", "name": "Chris Hadfield", "id": 186154646, "id_str": "186154646", "indices": [0, 14]}], "urls": []}, "source": "<a href=\"http://www.hootsuite.com\" rel=\"nofollow\">Hootsuite</a>", "in_reply_to_status_id": 318280266747617280, "in_reply_to_status_id_str": "318280266747617280", "in_reply_to_user_id": 186154646, "in_reply_to_user_id_str": "186154646", "in_reply_to_screen_name": "Cmdr_Hadfield", "user": {"id": 577156447, "id_str": "577156447", "name": "Jordan B", "screen_name": "Runway1R", "location": "Home: IAD, College: JFK", "description": "AvGeek, Sports fan, Tweeter, stadium geek, and supporter of the Oxford Comma. I used to tweet. I still do, but I used to, too.", "url": "https://t.co/6MFIUHFNq6", "entities": {"url": {"urls": [{"url": "https://t.co/6MFIUHFNq6", "expanded_url": "http://runway1r.blogspot.com/", "display_url": "runway1r.blogspot.com", "indices": [0, 23]}]}, "description": {"urls": []}}, "protected": false, "followers_count": 438, "friends_count": 423, "listed_count": 27, "created_at": "Fri May 11 13:52:57 +0000 2012", "favourites_count": 4429, "utc_offset": null, "time_zone": null, "geo_enabled": true, "verified": false, "statuses_count": 17242, "lang": null, "contributors_enabled": false, "is_translator": false, "is_translation_enabled": false, "profile_background_color": "C0DEED", "profile_background_image_url": "http://abs.twimg.com/images/themes/theme1/bg.png", "profile_background_image_url_https": "https://abs.twimg.com/images/themes/theme1/bg.png", "profile_background_tile": false, "profile_image_url": "http://pbs.twimg.com/profile_images/465966148681740291/tyovKARw_normal.jpeg", "profile_image_url_https": "https://pbs.twimg.com/profile_images/465966148681740291/tyovKARw_normal.jpeg", "profile_banner_url": "https://pbs.twimg.com/profile_banners/577156447/1440889189", "profile_link_color": "1DA1F2", "profile_sidebar_border_color": "C0DEED", "profile_sidebar_fill_color": "DDEEF6", "profile_text_color": "333333", "profile_use_background_image": true, "has_extended_profile": false, "default_profile": true, "default_profile_image": false, "following": false, "follow_request_sent": false, "notifications": false, "translator_type": "none"}, "geo": null, "coordinates": null, "place": null, "contributors": null, "is_quote_status": false, "retweet_count": 0, "favorite_count": 0, "favorited": false, "retweeted": false, "lang": "en", "reply_count": 0}