{"created_at": "Sun Mar 31 09:19:48 +0000 2013", "id": 318291529812832256, "id_str": "318291529812832256", "full_text": "@Cmdr_Hadfield that's deadly!!", "truncated": false, "display_text_range": [0, 30], "entities": {"hashtags": [], "symbols": [], "user_mentions": [{"screen_name": "Cmdr_Hadfield", "name": "Chris Hadfield", "id": 186154646, "id_str": "186154646", "indices": [0, 14]}], "urls": []}, "source": "<a href=\"http://twitter.com/download/iphone\" rel=\"nofollow\">Twitter for iPhone</a>", "in_reply_to_status_id": 318280266747617280, "in_reply_to_status_id_str": "318280266747617280", "in_reply_to_user_id": 186154646, "in_reply_to_user_id_str": "186154646", "in_reply_to_screen_name": "Cmdr_Hadfield", "user": {"id": 261328628, "id_str": "261328628", "name": "\u2661 Ellie Roberts \u2661", "screen_name": "elleroberts", "location": "Inbetween here & there", "description": "Proud Mama & Co-Creator of 1 Tiny & Adorable Toddler \u2665\ufe0f Lover of Life & All Things Kind \u2764\ufe0f Pinterest Addict \u2665\ufe0f Pilates & Yogi", "url": "https://t.co/8eU9xjxpya", "entities": {"url": {"urls": [{"url": "https://t.co/8eU9xjxpya", "expanded_url": "http://www.pinterest.com/ellebows/", "display_url": "pinterest.com/ellebows/", "indices": [0, 23]}]}, "description": {"urls": []}}, "protected": false, "followers_count": 495, "friends_count": 1460, "listed_count": 6, "created_at": "Sat Mar 05 18:45:28 +0000 2011", "favourites_count": 3483, "utc_offset": null, "time_zone": null, "geo_enabled": true, "verified": false, "statuses_count": 7517, "lang": null, "contributors_enabled": false, "is_translator": false, "is_translation_enabled": false, "profile_background_color": "131516", "profile_background_image_url": "http://abs.twimg.com/images/themes/theme12/bg.gif", "profile_background_image_url_https": "https://abs.twimg.com/images/themes/theme12/bg.gif", "profile_background_tile": true, "profile_image_url": "http://pbs.twimg.com/profile_images/1211302124405035009/v1vEsis1_normal.jpg", "profile_image_url_https": "https://pbs.twimg.com/profile_images/1211302124405035009/v1vEsis1_normal.jpg", "profile_banner_url": "https://pbs.twimg.com/profile_banners/261328628/1462965881", "profile_link_color": "009999", "profile_sidebar_border_color": "FFFFFF", "profile_sidebar_fill_color": "FFF7CC", "profile_text_color": "0C3E53", "profile_use_background_image": true, "has_extended_profile": true, "default_profile": false, "default_profile_image": false, "following": false, "follow_request_sent": false, "notifications": false, "translator_type": "none"}, "geo": null, "coordinates": null, "place": null, "contributors": null, "is_quote_status": false, "retweet_count": 0, "favorite_count": 0, "favorited": false, "retweeted": false, "lang": "en", "reply_count": 0}