{"created_at": "Sun Mar 31 08:55:10 +0000 2013", "id": 318285327146029056, "id_str": "318285327146029056", "full_text": "@Cmdr_Hadfield wow, you really did think of everything!", "truncated": false, "display_text_range": [0, 55], "entities": {"hashtags": [], "symbols": [], "user_mentions": [{"screen_name": "Cmdr_Hadfield", "name": "Chris Hadfield", "id": 186154646, "id_str": "186154646", "indices": [0, 14]}], "urls": []}, "source": "<a href=\"http://twitter.com/#!/download/ipad\" rel=\"nofollow\">Twitter for iPad</a>", "in_reply_to_status_id": 318280266747617280, "in_reply_to_status_id_str": "318280266747617280", "in_reply_to_user_id": 186154646, "in_reply_to_user_id_str": "186154646", "in_reply_to_screen_name": "Cmdr_Hadfield", "user": {"id": 17874892, "id_str": "17874892", "name": "Kim Johnston", "screen_name": "KimJohnston", "location": "Southern Alberta", "description": "Double jaw surgery 2018 | Washington State Cougars | Idaho Vandals | For media personality Kim Johnston, follow @my96fm", "url": "https://t.co/WHiZQrAVrz", "entities": {"url": {"urls": [{"url": "https://t.co/WHiZQrAVrz", "expanded_url": "https://www.instagram.com/kjohnstonmh/", "display_url": "instagram.com/kjohnstonmh/", "indices": [0, 23]}]}, "description": {"urls": []}}, "protected": false, "followers_count": 8226, "friends_count": 7376, "listed_count": 119, "created_at": "Thu Dec 04 19:03:52 +0000 2008", "favourites_count": 15608, "utc_offset": null, "time_zone": null, "geo_enabled": true, "verified": false, "statuses_count": 50177, "lang": null, "contributors_enabled": false, "is_translator": false, "is_translation_enabled": false, "profile_background_color": "000000", "profile_background_image_url": "http://abs.twimg.com/images/themes/theme9/bg.gif", "profile_background_image_url_https": "https://abs.twimg.com/images/themes/theme9/bg.gif", "profile_background_tile": false, "profile_image_url": "http://pbs.twimg.com/profile_images/1259891551699795968/nCXOYmRU_normal.jpg", "profile_image_url_https": "https://pbs.twimg.com/profile_images/1259891551699795968/nCXOYmRU_normal.jpg", "profile_banner_url": "https://pbs.twimg.com/profile_banners/17874892/1513529602", "profile_link_color": "5E001D", "profile_sidebar_border_color": "000000", "profile_sidebar_fill_color": "000000", "profile_text_color": "000000", "profile_use_background_image": false, "has_extended_profile": true, "default_profile": false, "default_profile_image": false, "following": false, "follow_request_sent": false, "notifications": false, "translator_type": "none"}, "geo": null, "coordinates": null, "place": null, "contributors": null, "is_quote_status": false, "retweet_count": 0, "favorite_count": 0, "favorited": false, "retweeted": false, "lang": "en", "reply_count": 0}