{"created_at": "Sun Mar 31 08:59:07 +0000 2013", "id": 318286324840951810, "id_str": "318286324840951810", "full_text": "@Cmdr_Hadfield Happy Easter Commander! Likely not your typical terrestrial Easter while up there, but I hope it's blessed nonetheless", "truncated": false, "display_text_range": [0, 133], "entities": {"hashtags": [], "symbols": [], "user_mentions": [{"screen_name": "Cmdr_Hadfield", "name": "Chris Hadfield", "id": 186154646, "id_str": "186154646", "indices": [0, 14]}], "urls": []}, "source": "<a href=\"http://twitter.com/download/iphone\" rel=\"nofollow\">Twitter for iPhone</a>", "in_reply_to_status_id": 318280266747617280, "in_reply_to_status_id_str": "318280266747617280", "in_reply_to_user_id": 186154646, "in_reply_to_user_id_str": "186154646", "in_reply_to_screen_name": "Cmdr_Hadfield", "user": {"id": 180638872, "id_str": "180638872", "name": "Jeff", "screen_name": "jeffruhlepp", "location": "Edmonton", "description": "#YEG based traveller, lover of food, and sports fan. I take photos sometimes (IG: https://t.co/FrASDbL4OZ). I live (love) & travel w/ @NinjaLauren2", "url": null, "entities": {"description": {"urls": [{"url": "https://t.co/FrASDbL4OZ", "expanded_url": "http://www.instagram.com/jeffruhlepp", "display_url": "instagram.com/jeffruhlepp", "indices": [82, 105]}]}}, "protected": false, "followers_count": 82, "friends_count": 397, "listed_count": 2, "created_at": "Fri Aug 20 03:14:55 +0000 2010", "favourites_count": 673, "utc_offset": null, "time_zone": null, "geo_enabled": false, "verified": false, "statuses_count": 4964, "lang": null, "contributors_enabled": false, "is_translator": false, "is_translation_enabled": false, "profile_background_color": "C0DEED", "profile_background_image_url": "http://abs.twimg.com/images/themes/theme1/bg.png", "profile_background_image_url_https": "https://abs.twimg.com/images/themes/theme1/bg.png", "profile_background_tile": false, "profile_image_url": "http://pbs.twimg.com/profile_images/805477623769899008/IRqybdX9_normal.jpg", "profile_image_url_https": "https://pbs.twimg.com/profile_images/805477623769899008/IRqybdX9_normal.jpg", "profile_banner_url": "https://pbs.twimg.com/profile_banners/180638872/1480875807", "profile_link_color": "1DA1F2", "profile_sidebar_border_color": "C0DEED", "profile_sidebar_fill_color": "DDEEF6", "profile_text_color": "333333", "profile_use_background_image": true, "has_extended_profile": false, "default_profile": true, "default_profile_image": false, "following": false, "follow_request_sent": false, "notifications": false, "translator_type": "none"}, "geo": null, "coordinates": null, "place": null, "contributors": null, "is_quote_status": false, "retweet_count": 0, "favorite_count": 0, "favorited": false, "retweeted": false, "lang": "en", "reply_count": 0}