{"created_at": "Sun Mar 31 09:30:01 +0000 2013", "id": 318294097423114240, "id_str": "318294097423114240", "full_text": "Great :D \u201c@Cmdr_Hadfield: Don't tell my crew, but I brought them Easter Eggs :) http://t.co/X28YRksZRi\u201d", "truncated": false, "display_text_range": [0, 103], "entities": {"hashtags": [], "symbols": [], "user_mentions": [{"screen_name": "Cmdr_Hadfield", "name": "Chris Hadfield", "id": 186154646, "id_str": "186154646", "indices": [10, 24]}], "urls": [], "media": [{"id": 318280266751811584, "id_str": "318280266751811584", "indices": [80, 102], "media_url": "http://pbs.twimg.com/media/BGrCN17CIAAR12r.jpg", "media_url_https": "https://pbs.twimg.com/media/BGrCN17CIAAR12r.jpg", "url": "http://t.co/X28YRksZRi", "display_url": "pic.twitter.com/X28YRksZRi", "expanded_url": "https://twitter.com/Cmdr_Hadfield/status/318280266747617280/photo/1", "type": "photo", "sizes": {"small": {"w": 680, "h": 452, "resize": "fit"}, "thumb": {"w": 150, "h": 150, "resize": "crop"}, "large": {"w": 1024, "h": 681, "resize": "fit"}, "medium": {"w": 1024, "h": 681, "resize": "fit"}}, "source_status_id": 318280266747617280, "source_status_id_str": "318280266747617280", "source_user_id": 186154646, "source_user_id_str": "186154646"}]}, "extended_entities": {"media": [{"id": 318280266751811584, "id_str": "318280266751811584", "indices": [80, 102], "media_url": "http://pbs.twimg.com/media/BGrCN17CIAAR12r.jpg", "media_url_https": "https://pbs.twimg.com/media/BGrCN17CIAAR12r.jpg", "url": "http://t.co/X28YRksZRi", "display_url": "pic.twitter.com/X28YRksZRi", "expanded_url": "https://twitter.com/Cmdr_Hadfield/status/318280266747617280/photo/1", "type": "photo", "sizes": {"small": {"w": 680, "h": 452, "resize": "fit"}, "thumb": {"w": 150, "h": 150, "resize": "crop"}, "large": {"w": 1024, "h": 681, "resize": "fit"}, "medium": {"w": 1024, "h": 681, "resize": "fit"}}, "source_status_id": 318280266747617280, "source_status_id_str": "318280266747617280", "source_user_id": 186154646, "source_user_id_str": "186154646"}]}, "source": "<a href=\"http://twitter.com/download/iphone\" rel=\"nofollow\">Twitter for iPhone</a>", "in_reply_to_status_id": 318280266747617280, "in_reply_to_status_id_str": "318280266747617280", "in_reply_to_user_id": 186154646, "in_reply_to_user_id_str": "186154646", "in_reply_to_screen_name": "Cmdr_Hadfield", "user": {"id": 100590965, "id_str": "100590965", "name": "Kate Bowman", "screen_name": "kate_bowman", "location": "", "description": "Paeds trainee. Northener. Baker of cakes. Cat lady.", "url": null, "entities": {"description": {"urls": []}}, "protected": false, "followers_count": 1278, "friends_count": 875, "listed_count": 36, "created_at": "Wed Dec 30 20:41:47 +0000 2009", "favourites_count": 3286, "utc_offset": null, "time_zone": null, "geo_enabled": true, "verified": false, "statuses_count": 8036, "lang": null, "contributors_enabled": false, "is_translator": false, "is_translation_enabled": false, "profile_background_color": "B2DFDA", "profile_background_image_url": "http://abs.twimg.com/images/themes/theme13/bg.gif", "profile_background_image_url_https": "https://abs.twimg.com/images/themes/theme13/bg.gif", "profile_background_tile": false, "profile_image_url": "http://pbs.twimg.com/profile_images/1128753969688449025/nz5l4JRr_normal.jpg", "profile_image_url_https": "https://pbs.twimg.com/profile_images/1128753969688449025/nz5l4JRr_normal.jpg", "profile_banner_url": "https://pbs.twimg.com/profile_banners/100590965/1535661249", "profile_link_color": "93A644", "profile_sidebar_border_color": "EEEEEE", "profile_sidebar_fill_color": "FFFFFF", "profile_text_color": "333333", "profile_use_background_image": true, "has_extended_profile": false, "default_profile": false, "default_profile_image": false, "following": false, "follow_request_sent": false, "notifications": false, "translator_type": "none"}, "geo": null, "coordinates": null, "place": null, "contributors": null, "is_quote_status": false, "retweet_count": 0, "favorite_count": 0, "favorited": false, "retweeted": false, "possibly_sensitive": false, "possibly_sensitive_appealable": false, "lang": "en", "reply_count": 0}