{"created_at": "Sun Mar 31 08:59:31 +0000 2013", "id": 318286422350131200, "id_str": "318286422350131200", "full_text": "@ISS_Research @cmdr_hadfield outside the station so they have to perform a spacewalk!", "truncated": false, "display_text_range": [0, 85], "entities": {"hashtags": [], "symbols": [], "user_mentions": [{"screen_name": "ISS_Research", "name": "ISS Research", "id": 189253902, "id_str": "189253902", "indices": [0, 13]}, {"screen_name": "Cmdr_Hadfield", "name": "Chris Hadfield", "id": 186154646, "id_str": "186154646", "indices": [14, 28]}], "urls": []}, "source": "<a href=\"http://twitter.com/download/iphone\" rel=\"nofollow\">Twitter for iPhone</a>", "in_reply_to_status_id": 318284083501342720, "in_reply_to_status_id_str": "318284083501342720", "in_reply_to_user_id": 189253902, "in_reply_to_user_id_str": "189253902", "in_reply_to_screen_name": "ISS_Research", "user": {"id": 432122123, "id_str": "432122123", "name": "Cooper Loew", "screen_name": "Cooper_Loew", "location": "Lakeville, MN", "description": "PGA Apprentice | Caddiemaster                                       \nEugene Country Club", "url": null, "entities": {"description": {"urls": []}}, "protected": false, "followers_count": 243, "friends_count": 198, "listed_count": 0, "created_at": "Fri Dec 09 02:15:23 +0000 2011", "favourites_count": 2023, "utc_offset": null, "time_zone": null, "geo_enabled": true, "verified": false, "statuses_count": 7432, "lang": null, "contributors_enabled": false, "is_translator": false, "is_translation_enabled": false, "profile_background_color": "0E0D02", "profile_background_image_url": "http://abs.twimg.com/images/themes/theme9/bg.gif", "profile_background_image_url_https": "https://abs.twimg.com/images/themes/theme9/bg.gif", "profile_background_tile": true, "profile_image_url": "http://pbs.twimg.com/profile_images/728020875379810304/7T9Q4z8v_normal.jpg", "profile_image_url_https": "https://pbs.twimg.com/profile_images/728020875379810304/7T9Q4z8v_normal.jpg", "profile_banner_url": "https://pbs.twimg.com/profile_banners/432122123/1431357048", "profile_link_color": "39BD91", "profile_sidebar_border_color": "FFFFFF", "profile_sidebar_fill_color": "0E0D02", "profile_text_color": "895429", "profile_use_background_image": true, "has_extended_profile": true, "default_profile": false, "default_profile_image": false, "following": false, "follow_request_sent": false, "notifications": false, "translator_type": "none"}, "geo": null, "coordinates": null, "place": null, "contributors": null, "is_quote_status": false, "retweet_count": 0, "favorite_count": 0, "favorited": false, "retweeted": false, "lang": "en", "reply_count": 0}