{"created_at": "Sun Mar 31 08:38:04 +0000 2013", "id": 318281024217960449, "id_str": "318281024217960449", "full_text": "@Cmdr_Hadfield Seeing as you are 'above' all datelines, do you follow a particular regions time just to maintain some consistency?", "truncated": false, "display_text_range": [0, 130], "entities": {"hashtags": [], "symbols": [], "user_mentions": [{"screen_name": "Cmdr_Hadfield", "name": "Chris Hadfield", "id": 186154646, "id_str": "186154646", "indices": [0, 14]}], "urls": []}, "source": "<a href=\"http://twitter.com\" rel=\"nofollow\">Twitter Web Client</a>", "in_reply_to_status_id": 318280266747617280, "in_reply_to_status_id_str": "318280266747617280", "in_reply_to_user_id": 186154646, "in_reply_to_user_id_str": "186154646", "in_reply_to_screen_name": "Cmdr_Hadfield", "user": {"id": 364199867, "id_str": "364199867", "name": "Haso \ud83d\udcbf", "screen_name": "_Hasoooo", "location": "Queensland, Australia", "description": "pretty vacant", "url": null, "entities": {"description": {"urls": []}}, "protected": false, "followers_count": 1486, "friends_count": 909, "listed_count": 33, "created_at": "Mon Aug 29 11:17:10 +0000 2011", "favourites_count": 31710, "utc_offset": null, "time_zone": null, "geo_enabled": false, "verified": false, "statuses_count": 13918, "lang": null, "contributors_enabled": false, "is_translator": false, "is_translation_enabled": false, "profile_background_color": "23AD43", "profile_background_image_url": "http://abs.twimg.com/images/themes/theme1/bg.png", "profile_background_image_url_https": "https://abs.twimg.com/images/themes/theme1/bg.png", "profile_background_tile": true, "profile_image_url": "http://pbs.twimg.com/profile_images/1253643244618973186/9YFomX3O_normal.jpg", "profile_image_url_https": "https://pbs.twimg.com/profile_images/1253643244618973186/9YFomX3O_normal.jpg", "profile_banner_url": "https://pbs.twimg.com/profile_banners/364199867/1591428921", "profile_link_color": "086E2A", "profile_sidebar_border_color": "FFFFFF", "profile_sidebar_fill_color": "DDEEF6", "profile_text_color": "333333", "profile_use_background_image": true, "has_extended_profile": false, "default_profile": false, "default_profile_image": false, "following": false, "follow_request_sent": false, "notifications": false, "translator_type": "none"}, "geo": null, "coordinates": null, "place": null, "contributors": null, "is_quote_status": false, "retweet_count": 0, "favorite_count": 0, "favorited": false, "retweeted": false, "lang": "en", "reply_count": 0}