{"created_at": "Sun Mar 31 08:43:29 +0000 2013", "id": 318282389497470977, "id_str": "318282389497470977", "full_text": "This guy is just the best - \u201c@Cmdr_Hadfield: Don't tell my crew, but I brought them Easter Eggs :) http://t.co/l7L6CXKIp6\u201d", "truncated": false, "display_text_range": [0, 122], "entities": {"hashtags": [], "symbols": [], "user_mentions": [{"screen_name": "Cmdr_Hadfield", "name": "Chris Hadfield", "id": 186154646, "id_str": "186154646", "indices": [29, 43]}], "urls": [], "media": [{"id": 318280266751811584, "id_str": "318280266751811584", "indices": [99, 121], "media_url": "http://pbs.twimg.com/media/BGrCN17CIAAR12r.jpg", "media_url_https": "https://pbs.twimg.com/media/BGrCN17CIAAR12r.jpg", "url": "http://t.co/l7L6CXKIp6", "display_url": "pic.twitter.com/l7L6CXKIp6", "expanded_url": "https://twitter.com/Cmdr_Hadfield/status/318280266747617280/photo/1", "type": "photo", "sizes": {"small": {"w": 680, "h": 452, "resize": "fit"}, "thumb": {"w": 150, "h": 150, "resize": "crop"}, "large": {"w": 1024, "h": 681, "resize": "fit"}, "medium": {"w": 1024, "h": 681, "resize": "fit"}}, "source_status_id": 318280266747617280, "source_status_id_str": "318280266747617280", "source_user_id": 186154646, "source_user_id_str": "186154646"}]}, "extended_entities": {"media": [{"id": 318280266751811584, "id_str": "318280266751811584", "indices": [99, 121], "media_url": "http://pbs.twimg.com/media/BGrCN17CIAAR12r.jpg", "media_url_https": "https://pbs.twimg.com/media/BGrCN17CIAAR12r.jpg", "url": "http://t.co/l7L6CXKIp6", "display_url": "pic.twitter.com/l7L6CXKIp6", "expanded_url": "https://twitter.com/Cmdr_Hadfield/status/318280266747617280/photo/1", "type": "photo", "sizes": {"small": {"w": 680, "h": 452, "resize": "fit"}, "thumb": {"w": 150, "h": 150, "resize": "crop"}, "large": {"w": 1024, "h": 681, "resize": "fit"}, "medium": {"w": 1024, "h": 681, "resize": "fit"}}, "source_status_id": 318280266747617280, "source_status_id_str": "318280266747617280", "source_user_id": 186154646, "source_user_id_str": "186154646"}]}, "source": "<a href=\"http://twitter.com/download/iphone\" rel=\"nofollow\">Twitter for iPhone</a>", "in_reply_to_status_id": 318280266747617280, "in_reply_to_status_id_str": "318280266747617280", "in_reply_to_user_id": 186154646, "in_reply_to_user_id_str": "186154646", "in_reply_to_screen_name": "Cmdr_Hadfield", "user": {"id": 28566864, "id_str": "28566864", "name": "Daniel Perry", "screen_name": "danjaymzperry", "location": "London, England", "description": "have a new daughter. have a dog. play music. heads up all things digital at Arrow Video. watches wrestling. tweets r mine", "url": "https://t.co/3JVJZu3BpH", "entities": {"url": {"urls": [{"url": "https://t.co/3JVJZu3BpH", "expanded_url": "https://nsmusic.bandcamp.com/", "display_url": "nsmusic.bandcamp.com", "indices": [0, 23]}]}, "description": {"urls": []}}, "protected": false, "followers_count": 214, "friends_count": 410, "listed_count": 11, "created_at": "Fri Apr 03 13:55:42 +0000 2009", "favourites_count": 3417, "utc_offset": null, "time_zone": null, "geo_enabled": true, "verified": false, "statuses_count": 9894, "lang": null, "contributors_enabled": false, "is_translator": false, "is_translation_enabled": false, "profile_background_color": "9AE4E8", "profile_background_image_url": "http://abs.twimg.com/images/themes/theme1/bg.png", "profile_background_image_url_https": "https://abs.twimg.com/images/themes/theme1/bg.png", "profile_background_tile": true, "profile_image_url": "http://pbs.twimg.com/profile_images/1228758730692538368/zT2zsECI_normal.jpg", "profile_image_url_https": "https://pbs.twimg.com/profile_images/1228758730692538368/zT2zsECI_normal.jpg", "profile_banner_url": "https://pbs.twimg.com/profile_banners/28566864/1573588825", "profile_link_color": "E81C4F", "profile_sidebar_border_color": "000000", "profile_sidebar_fill_color": "DDFFCC", "profile_text_color": "333333", "profile_use_background_image": true, "has_extended_profile": true, "default_profile": false, "default_profile_image": false, "following": false, "follow_request_sent": false, "notifications": false, "translator_type": "none"}, "geo": {"type": "Point", "coordinates": [51.57118876, -0.08967031]}, "coordinates": {"type": "Point", "coordinates": [-0.08967031, 51.57118876]}, "place": {"id": "f86486a37ba8dc5c", "url": "https://api.twitter.com/1.1/geo/id/f86486a37ba8dc5c.json", "place_type": "city", "name": "Hackney", "full_name": "Hackney, England", "country_code": "GB", "country": "United Kingdom", "contained_within": [], "bounding_box": {"type": "Polygon", "coordinates": [[[-0.104501, 51.518605], [-0.015834, 51.518605], [-0.015834, 51.5766844], [-0.104501, 51.5766844]]]}, "attributes": {}}, "contributors": null, "is_quote_status": false, "retweet_count": 0, "favorite_count": 0, "favorited": false, "retweeted": false, "possibly_sensitive": false, "possibly_sensitive_appealable": false, "lang": "en", "reply_count": 0}