{"created_at": "Sun Mar 31 08:42:12 +0000 2013", "id": 318282064661192705, "id_str": "318282064661192705", "full_text": "@Cmdr_Hadfield That is a superb photo Cmdr.Fun pose! Happy Easter to you and yours and all your crew!  Superb photos of the UK yesterday!!", "truncated": false, "display_text_range": [0, 138], "entities": {"hashtags": [], "symbols": [], "user_mentions": [{"screen_name": "Cmdr_Hadfield", "name": "Chris Hadfield", "id": 186154646, "id_str": "186154646", "indices": [0, 14]}], "urls": []}, "source": "<a href=\"http://twitter.com/download/android\" rel=\"nofollow\">Twitter for Android</a>", "in_reply_to_status_id": 318280266747617280, "in_reply_to_status_id_str": "318280266747617280", "in_reply_to_user_id": 186154646, "in_reply_to_user_id_str": "186154646", "in_reply_to_screen_name": "Cmdr_Hadfield", "user": {"id": 1075280953, "id_str": "1075280953", "name": "Simmo", "screen_name": "Ks10Simmo1", "location": "", "description": "England. Father of two. Grandad of Archie  June 2015 Tweets all hours!! What else do you wanna know? Only follow if you plan to interface", "url": null, "entities": {"description": {"urls": []}}, "protected": false, "followers_count": 421, "friends_count": 526, "listed_count": 8, "created_at": "Thu Jan 10 00:29:10 +0000 2013", "favourites_count": 1137, "utc_offset": null, "time_zone": null, "geo_enabled": true, "verified": false, "statuses_count": 83660, "lang": null, "contributors_enabled": false, "is_translator": false, "is_translation_enabled": false, "profile_background_color": "C0DEED", "profile_background_image_url": "http://abs.twimg.com/images/themes/theme1/bg.png", "profile_background_image_url_https": "https://abs.twimg.com/images/themes/theme1/bg.png", "profile_background_tile": false, "profile_image_url": "http://pbs.twimg.com/profile_images/564404092685283328/GxZuiFle_normal.jpeg", "profile_image_url_https": "https://pbs.twimg.com/profile_images/564404092685283328/GxZuiFle_normal.jpeg", "profile_link_color": "1DA1F2", "profile_sidebar_border_color": "C0DEED", "profile_sidebar_fill_color": "DDEEF6", "profile_text_color": "333333", "profile_use_background_image": true, "has_extended_profile": false, "default_profile": true, "default_profile_image": false, "following": false, "follow_request_sent": false, "notifications": false, "translator_type": "none"}, "geo": null, "coordinates": null, "place": null, "contributors": null, "is_quote_status": false, "retweet_count": 0, "favorite_count": 0, "favorited": false, "retweeted": false, "lang": "en", "reply_count": 0}