{"created_at": "Sun Mar 31 08:45:54 +0000 2013", "id": 318282998225199104, "id_str": "318282998225199104", "full_text": "@GeorgeMacD  lol!", "truncated": false, "display_text_range": [0, 17], "entities": {"hashtags": [], "symbols": [], "user_mentions": [{"screen_name": "GeorgeMacD", "name": "George MacDonald", "id": 31757380, "id_str": "31757380", "indices": [0, 11]}], "urls": []}, "source": "<a href=\"http://twitter.com/download/android\" rel=\"nofollow\">Twitter for Android</a>", "in_reply_to_status_id": 318280577201610752, "in_reply_to_status_id_str": "318280577201610752", "in_reply_to_user_id": 31757380, "in_reply_to_user_id_str": "31757380", "in_reply_to_screen_name": "GeorgeMacD", "user": {"id": 466765100, "id_str": "466765100", "name": "tina", "screen_name": "83Williams", "location": "Texas", "description": "happily in love w @pcw1988:) sitting on top of the world! I treat people the way i want to be treated. I love art music writing learning reading", "url": null, "entities": {"description": {"urls": []}}, "protected": false, "followers_count": 1038, "friends_count": 1954, "listed_count": 12, "created_at": "Tue Jan 17 19:27:15 +0000 2012", "favourites_count": 19909, "utc_offset": null, "time_zone": null, "geo_enabled": false, "verified": false, "statuses_count": 24742, "lang": null, "contributors_enabled": false, "is_translator": false, "is_translation_enabled": false, "profile_background_color": "C0DEED", "profile_background_image_url": "http://abs.twimg.com/images/themes/theme1/bg.png", "profile_background_image_url_https": "https://abs.twimg.com/images/themes/theme1/bg.png", "profile_background_tile": false, "profile_image_url": "http://pbs.twimg.com/profile_images/1762272379/P2xo9VR7_normal", "profile_image_url_https": "https://pbs.twimg.com/profile_images/1762272379/P2xo9VR7_normal", "profile_banner_url": "https://pbs.twimg.com/profile_banners/466765100/1358233645", "profile_link_color": "1DA1F2", "profile_sidebar_border_color": "C0DEED", "profile_sidebar_fill_color": "DDEEF6", "profile_text_color": "333333", "profile_use_background_image": true, "has_extended_profile": false, "default_profile": true, "default_profile_image": false, "following": false, "follow_request_sent": false, "notifications": false, "translator_type": "none"}, "geo": null, "coordinates": null, "place": null, "contributors": null, "is_quote_status": false, "retweet_count": 0, "favorite_count": 0, "favorited": false, "retweeted": false, "lang": "und", "reply_count": 0}