{"created_at": "Sun Mar 31 09:03:29 +0000 2013", "id": 318287421726941184, "id_str": "318287421726941184", "full_text": "C\u00f3mo se vive la Pascua en el espacio?;) RT\u201c@Cmdr_Hadfield: Don't tell my crew, but I brought them Easter Eggs :) http://t.co/XWZq8Z8d2w\u201d", "truncated": false, "display_text_range": [0, 136], "entities": {"hashtags": [], "symbols": [], "user_mentions": [{"screen_name": "Cmdr_Hadfield", "name": "Chris Hadfield", "id": 186154646, "id_str": "186154646", "indices": [43, 57]}], "urls": [], "media": [{"id": 318280266751811584, "id_str": "318280266751811584", "indices": [113, 135], "media_url": "http://pbs.twimg.com/media/BGrCN17CIAAR12r.jpg", "media_url_https": "https://pbs.twimg.com/media/BGrCN17CIAAR12r.jpg", "url": "http://t.co/XWZq8Z8d2w", "display_url": "pic.twitter.com/XWZq8Z8d2w", "expanded_url": "https://twitter.com/Cmdr_Hadfield/status/318280266747617280/photo/1", "type": "photo", "sizes": {"small": {"w": 680, "h": 452, "resize": "fit"}, "thumb": {"w": 150, "h": 150, "resize": "crop"}, "large": {"w": 1024, "h": 681, "resize": "fit"}, "medium": {"w": 1024, "h": 681, "resize": "fit"}}, "source_status_id": 318280266747617280, "source_status_id_str": "318280266747617280", "source_user_id": 186154646, "source_user_id_str": "186154646"}]}, "extended_entities": {"media": [{"id": 318280266751811584, "id_str": "318280266751811584", "indices": [113, 135], "media_url": "http://pbs.twimg.com/media/BGrCN17CIAAR12r.jpg", "media_url_https": "https://pbs.twimg.com/media/BGrCN17CIAAR12r.jpg", "url": "http://t.co/XWZq8Z8d2w", "display_url": "pic.twitter.com/XWZq8Z8d2w", "expanded_url": "https://twitter.com/Cmdr_Hadfield/status/318280266747617280/photo/1", "type": "photo", "sizes": {"small": {"w": 680, "h": 452, "resize": "fit"}, "thumb": {"w": 150, "h": 150, "resize": "crop"}, "large": {"w": 1024, "h": 681, "resize": "fit"}, "medium": {"w": 1024, "h": 681, "resize": "fit"}}, "source_status_id": 318280266747617280, "source_status_id_str": "318280266747617280", "source_user_id": 186154646, "source_user_id_str": "186154646"}]}, "source": "<a href=\"http://twitter.com/download/iphone\" rel=\"nofollow\">Twitter for iPhone</a>", "in_reply_to_status_id": 318280266747617280, "in_reply_to_status_id_str": "318280266747617280", "in_reply_to_user_id": 186154646, "in_reply_to_user_id_str": "186154646", "in_reply_to_screen_name": "Cmdr_Hadfield", "user": {"id": 390397150, "id_str": "390397150", "name": "citomegalovirus", "screen_name": "citomegalovirus", "location": "", "description": "La vida puede ser maravillosa... con los filtros adecuados!;) En Instagram: @citomegalovirus", "url": "https://t.co/sQLcxQYhzG", "entities": {"url": {"urls": [{"url": "https://t.co/sQLcxQYhzG", "expanded_url": "http://www.instagram.com/citomegalovirus", "display_url": "instagram.com/citomegalovirus", "indices": [0, 23]}]}, "description": {"urls": []}}, "protected": false, "followers_count": 1383, "friends_count": 411, "listed_count": 96, "created_at": "Thu Oct 13 22:34:46 +0000 2011", "favourites_count": 10970, "utc_offset": null, "time_zone": null, "geo_enabled": true, "verified": false, "statuses_count": 7930, "lang": null, "contributors_enabled": false, "is_translator": false, "is_translation_enabled": false, "profile_background_color": "C0DEED", "profile_background_image_url": "http://abs.twimg.com/images/themes/theme1/bg.png", "profile_background_image_url_https": "https://abs.twimg.com/images/themes/theme1/bg.png", "profile_background_tile": false, "profile_image_url": "http://pbs.twimg.com/profile_images/421580487489241088/6bpBmrDR_normal.jpeg", "profile_image_url_https": "https://pbs.twimg.com/profile_images/421580487489241088/6bpBmrDR_normal.jpeg", "profile_banner_url": "https://pbs.twimg.com/profile_banners/390397150/1415953734", "profile_link_color": "1DA1F2", "profile_sidebar_border_color": "C0DEED", "profile_sidebar_fill_color": "DDEEF6", "profile_text_color": "333333", "profile_use_background_image": true, "has_extended_profile": false, "default_profile": true, "default_profile_image": false, "following": false, "follow_request_sent": false, "notifications": false, "translator_type": "none"}, "geo": null, "coordinates": null, "place": null, "contributors": null, "is_quote_status": false, "retweet_count": 0, "favorite_count": 2, "favorited": false, "retweeted": false, "possibly_sensitive": false, "possibly_sensitive_appealable": false, "lang": "en", "reply_count": 0}