{"created_at": "Sun Mar 31 09:09:32 +0000 2013", "id": 318288944670322688, "id_str": "318288944670322688", "full_text": "@Cmdr_Hadfield good to know you can now buy chocolate on ISS. These are the reasons I didn't go into space :-)", "truncated": false, "display_text_range": [0, 110], "entities": {"hashtags": [], "symbols": [], "user_mentions": [{"screen_name": "Cmdr_Hadfield", "name": "Chris Hadfield", "id": 186154646, "id_str": "186154646", "indices": [0, 14]}], "urls": []}, "source": "<a href=\"http://www.myplume.com/\" rel=\"nofollow\">Plume\u00a0for\u00a0Android</a>", "in_reply_to_status_id": 318280266747617280, "in_reply_to_status_id_str": "318280266747617280", "in_reply_to_user_id": 186154646, "in_reply_to_user_id_str": "186154646", "in_reply_to_screen_name": "Cmdr_Hadfield", "user": {"id": 18650774, "id_str": "18650774", "name": "Wobbly Cyclist", "screen_name": "CoxandClan", "location": "\u00dcT: 57.712946,-3.300422", "description": "Mother of 3, wife of 1 & EDS spoonie. @OutfitMoray's Community & Corporate Fundraiser & @Cairngorm2Coast organiser. Proud supporter of @FSFDP. Opinions all mine", "url": "https://t.co/htWySoIdzA", "entities": {"url": {"urls": [{"url": "https://t.co/htWySoIdzA", "expanded_url": "https://outfitmoray.com", "display_url": "outfitmoray.com", "indices": [0, 23]}]}, "description": {"urls": []}}, "protected": false, "followers_count": 877, "friends_count": 118, "listed_count": 124, "created_at": "Mon Jan 05 23:14:16 +0000 2009", "favourites_count": 13462, "utc_offset": null, "time_zone": null, "geo_enabled": false, "verified": false, "statuses_count": 67576, "lang": null, "contributors_enabled": false, "is_translator": false, "is_translation_enabled": false, "profile_background_color": "D8E1F8", "profile_background_image_url": "http://abs.twimg.com/images/themes/theme2/bg.gif", "profile_background_image_url_https": "https://abs.twimg.com/images/themes/theme2/bg.gif", "profile_background_tile": true, "profile_image_url": "http://pbs.twimg.com/profile_images/1223423824852635648/SH4ruPtb_normal.jpg", "profile_image_url_https": "https://pbs.twimg.com/profile_images/1223423824852635648/SH4ruPtb_normal.jpg", "profile_banner_url": "https://pbs.twimg.com/profile_banners/18650774/1555367413", "profile_link_color": "A13483", "profile_sidebar_border_color": "FFFFFF", "profile_sidebar_fill_color": "D8E1F8", "profile_text_color": "00284F", "profile_use_background_image": true, "has_extended_profile": false, "default_profile": false, "default_profile_image": false, "following": false, "follow_request_sent": false, "notifications": false, "translator_type": "none"}, "geo": null, "coordinates": null, "place": null, "contributors": null, "is_quote_status": false, "retweet_count": 0, "favorite_count": 0, "favorited": false, "retweeted": false, "lang": "en", "reply_count": 0}