{"created_at": "Sun Mar 31 08:36:12 +0000 2013", "id": 318280554229399552, "id_str": "318280554229399552", "full_text": "@Cmdr_Hadfield that's so cool, happy easter in the twitterosphere", "truncated": false, "display_text_range": [0, 65], "entities": {"hashtags": [], "symbols": [], "user_mentions": [{"screen_name": "Cmdr_Hadfield", "name": "Chris Hadfield", "id": 186154646, "id_str": "186154646", "indices": [0, 14]}], "urls": []}, "source": "<a href=\"http://blackberry.com/twitter\" rel=\"nofollow\">Twitter for BlackBerry\u00ae</a>", "in_reply_to_status_id": 318280266747617280, "in_reply_to_status_id_str": "318280266747617280", "in_reply_to_user_id": 186154646, "in_reply_to_user_id_str": "186154646", "in_reply_to_screen_name": "Cmdr_Hadfield", "user": {"id": 179259778, "id_str": "179259778", "name": "Angie Silver ACIHort", "screen_name": "Fellini33", "location": "Hertfordshire", "description": "Passionate Horticulturalist. Looking for a new role.  Loves the simple things life provides. Live, Laugh, Love and B+", "url": "https://t.co/FZZBqqipjN", "entities": {"url": {"urls": [{"url": "https://t.co/FZZBqqipjN", "expanded_url": "http://angiesgardendotblog.wordpress.com", "display_url": "angiesgardendotblog.wordpress.com", "indices": [0, 23]}]}, "description": {"urls": []}}, "protected": false, "followers_count": 3107, "friends_count": 4551, "listed_count": 64, "created_at": "Mon Aug 16 22:16:48 +0000 2010", "favourites_count": 7099, "utc_offset": null, "time_zone": null, "geo_enabled": true, "verified": false, "statuses_count": 17857, "lang": null, "contributors_enabled": false, "is_translator": false, "is_translation_enabled": false, "profile_background_color": "091304", "profile_background_image_url": "http://abs.twimg.com/images/themes/theme18/bg.gif", "profile_background_image_url_https": "https://abs.twimg.com/images/themes/theme18/bg.gif", "profile_background_tile": true, "profile_image_url": "http://pbs.twimg.com/profile_images/1214678632112803841/7hanzmul_normal.jpg", "profile_image_url_https": "https://pbs.twimg.com/profile_images/1214678632112803841/7hanzmul_normal.jpg", "profile_banner_url": "https://pbs.twimg.com/profile_banners/179259778/1571153831", "profile_link_color": "4A913C", "profile_sidebar_border_color": "FFFFFF", "profile_sidebar_fill_color": "262626", "profile_text_color": "696545", "profile_use_background_image": true, "has_extended_profile": true, "default_profile": false, "default_profile_image": false, "following": false, "follow_request_sent": false, "notifications": false, "translator_type": "none"}, "geo": null, "coordinates": null, "place": null, "contributors": null, "is_quote_status": false, "retweet_count": 0, "favorite_count": 0, "favorited": false, "retweeted": false, "lang": "en", "reply_count": 0}