{"created_at": "Sun Mar 31 09:11:37 +0000 2013", "id": 318289467796508672, "id_str": "318289467796508672", "full_text": "@Cmdr_Hadfield Happy Easter to you all from Cape Breton!", "truncated": false, "display_text_range": [0, 56], "entities": {"hashtags": [], "symbols": [], "user_mentions": [{"screen_name": "Cmdr_Hadfield", "name": "Chris Hadfield", "id": 186154646, "id_str": "186154646", "indices": [0, 14]}], "urls": []}, "source": "<a href=\"http://twitter.com/download/iphone\" rel=\"nofollow\">Twitter for iPhone</a>", "in_reply_to_status_id": 318280266747617280, "in_reply_to_status_id_str": "318280266747617280", "in_reply_to_user_id": 186154646, "in_reply_to_user_id_str": "186154646", "in_reply_to_screen_name": "Cmdr_Hadfield", "user": {"id": 378195626, "id_str": "378195626", "name": "Bev Phillips", "screen_name": "LambAgent", "location": "Nova Scotia, Canada", "description": "Christian, wife, mother, occasional seminarian...", "url": null, "entities": {"description": {"urls": []}}, "protected": false, "followers_count": 301, "friends_count": 574, "listed_count": 7, "created_at": "Thu Sep 22 20:07:49 +0000 2011", "favourites_count": 5324, "utc_offset": null, "time_zone": null, "geo_enabled": false, "verified": false, "statuses_count": 10099, "lang": null, "contributors_enabled": false, "is_translator": false, "is_translation_enabled": false, "profile_background_color": "C0DEED", "profile_background_image_url": "http://abs.twimg.com/images/themes/theme1/bg.png", "profile_background_image_url_https": "https://abs.twimg.com/images/themes/theme1/bg.png", "profile_background_tile": false, "profile_image_url": "http://pbs.twimg.com/profile_images/1263964787337199616/uqzFrm2D_normal.jpg", "profile_image_url_https": "https://pbs.twimg.com/profile_images/1263964787337199616/uqzFrm2D_normal.jpg", "profile_banner_url": "https://pbs.twimg.com/profile_banners/378195626/1409704050", "profile_link_color": "1DA1F2", "profile_sidebar_border_color": "C0DEED", "profile_sidebar_fill_color": "DDEEF6", "profile_text_color": "333333", "profile_use_background_image": true, "has_extended_profile": false, "default_profile": true, "default_profile_image": false, "following": false, "follow_request_sent": false, "notifications": false, "translator_type": "none"}, "geo": null, "coordinates": null, "place": null, "contributors": null, "is_quote_status": false, "retweet_count": 0, "favorite_count": 1, "favorited": false, "retweeted": false, "lang": "en", "reply_count": 0}