{"created_at": "Sun Mar 31 08:50:13 +0000 2013", "id": 318284083501342720, "id_str": "318284083501342720", "full_text": "Where do you think @Cmdr_Hadfield should hide eggs for his crew? http://t.co/8Uo0xRm9br", "truncated": false, "display_text_range": [0, 87], "entities": {"hashtags": [], "symbols": [], "user_mentions": [{"screen_name": "Cmdr_Hadfield", "name": "Chris Hadfield", "id": 186154646, "id_str": "186154646", "indices": [19, 33]}], "urls": [], "media": [{"id": 318284083509731328, "id_str": "318284083509731328", "indices": [65, 87], "media_url": "http://pbs.twimg.com/media/BGrFsAdCIAAb6wk.jpg", "media_url_https": "https://pbs.twimg.com/media/BGrFsAdCIAAb6wk.jpg", "url": "http://t.co/8Uo0xRm9br", "display_url": "pic.twitter.com/8Uo0xRm9br", "expanded_url": "https://twitter.com/ISS_Research/status/318284083501342720/photo/1", "type": "photo", "sizes": {"small": {"w": 680, "h": 452, "resize": "fit"}, "thumb": {"w": 150, "h": 150, "resize": "crop"}, "large": {"w": 1024, "h": 681, "resize": "fit"}, "medium": {"w": 1024, "h": 681, "resize": "fit"}}}]}, "extended_entities": {"media": [{"id": 318284083509731328, "id_str": "318284083509731328", "indices": [65, 87], "media_url": "http://pbs.twimg.com/media/BGrFsAdCIAAb6wk.jpg", "media_url_https": "https://pbs.twimg.com/media/BGrFsAdCIAAb6wk.jpg", "url": "http://t.co/8Uo0xRm9br", "display_url": "pic.twitter.com/8Uo0xRm9br", "expanded_url": "https://twitter.com/ISS_Research/status/318284083501342720/photo/1", "type": "photo", "sizes": {"small": {"w": 680, "h": 452, "resize": "fit"}, "thumb": {"w": 150, "h": 150, "resize": "crop"}, "large": {"w": 1024, "h": 681, "resize": "fit"}, "medium": {"w": 1024, "h": 681, "resize": "fit"}}}]}, "source": "<a href=\"http://twitter.com/download/iphone\" rel=\"nofollow\">Twitter for iPhone</a>", "in_reply_to_status_id": 318280266747617280, "in_reply_to_status_id_str": "318280266747617280", "in_reply_to_user_id": 186154646, "in_reply_to_user_id_str": "186154646", "in_reply_to_screen_name": "Cmdr_Hadfield", "user": {"id": 189253902, "id_str": "189253902", "name": "ISS Research", "screen_name": "ISS_Research", "location": "ISS Program Science Office", "description": "NASA's official source for research and science from the International Space Station: the world's laboratory in orbit. Follow @Space_Station for mission news.", "url": "http://t.co/pVnPTBFlJ3", "entities": {"url": {"urls": [{"url": "http://t.co/pVnPTBFlJ3", "expanded_url": "http://www.nasa.gov/iss-science", "display_url": "nasa.gov/iss-science", "indices": [0, 22]}]}, "description": {"urls": []}}, "protected": false, "followers_count": 836822, "friends_count": 218, "listed_count": 6594, "created_at": "Fri Sep 10 19:48:53 +0000 2010", "favourites_count": 5450, "utc_offset": null, "time_zone": null, "geo_enabled": true, "verified": true, "statuses_count": 14948, "lang": null, "contributors_enabled": false, "is_translator": false, "is_translation_enabled": false, "profile_background_color": "0099B9", "profile_background_image_url": "http://abs.twimg.com/images/themes/theme4/bg.gif", "profile_background_image_url_https": "https://abs.twimg.com/images/themes/theme4/bg.gif", "profile_background_tile": false, "profile_image_url": "http://pbs.twimg.com/profile_images/430363633390845952/lrDS59Cd_normal.jpeg", "profile_image_url_https": "https://pbs.twimg.com/profile_images/430363633390845952/lrDS59Cd_normal.jpeg", "profile_banner_url": "https://pbs.twimg.com/profile_banners/189253902/1586193109", "profile_link_color": "0019B8", "profile_sidebar_border_color": "FFFFFF", "profile_sidebar_fill_color": "95E8EC", "profile_text_color": "3C3940", "profile_use_background_image": true, "has_extended_profile": false, "default_profile": false, "default_profile_image": false, "following": false, "follow_request_sent": false, "notifications": false, "translator_type": "none"}, "geo": null, "coordinates": null, "place": null, "contributors": null, "is_quote_status": false, "retweet_count": 44, "favorite_count": 28, "favorited": false, "retweeted": false, "possibly_sensitive": false, "possibly_sensitive_appealable": false, "lang": "en", "reply_count": 29}