{"created_at": "Sun Mar 31 08:37:11 +0000 2013", "id": 318280804264448000, "id_str": "318280804264448000", "full_text": "@Cmdr_Hadfield my 4 yr old daughter saw the photo &amp; said \"wow! I'd like to meet him!\"", "truncated": false, "display_text_range": [0, 89], "entities": {"hashtags": [], "symbols": [], "user_mentions": [{"screen_name": "Cmdr_Hadfield", "name": "Chris Hadfield", "id": 186154646, "id_str": "186154646", "indices": [0, 14]}], "urls": []}, "source": "<a href=\"http://twitter.com/download/iphone\" rel=\"nofollow\">Twitter for iPhone</a>", "in_reply_to_status_id": 318280266747617280, "in_reply_to_status_id_str": "318280266747617280", "in_reply_to_user_id": 186154646, "in_reply_to_user_id_str": "186154646", "in_reply_to_screen_name": "Cmdr_Hadfield", "user": {"id": 146197443, "id_str": "146197443", "name": "Caroline", "screen_name": "MissCarolineW", "location": "London", "description": "Free spirit. Early music and history devotee. Amateur cyclist, flautist and lover of the night sky. https://t.co/WhjNuyVot3", "url": "https://t.co/WhjNuyVot3", "entities": {"url": {"urls": [{"url": "https://t.co/WhjNuyVot3", "expanded_url": "http://www.gosober.org.uk/users/caroline-roberts", "display_url": "gosober.org.uk/users/caroline\u2026", "indices": [0, 23]}]}, "description": {"urls": [{"url": "https://t.co/WhjNuyVot3", "expanded_url": "http://www.gosober.org.uk/users/caroline-roberts", "display_url": "gosober.org.uk/users/caroline\u2026", "indices": [100, 123]}]}}, "protected": false, "followers_count": 1025, "friends_count": 726, "listed_count": 18, "created_at": "Thu May 20 20:59:02 +0000 2010", "favourites_count": 82621, "utc_offset": null, "time_zone": null, "geo_enabled": true, "verified": false, "statuses_count": 24178, "lang": null, "contributors_enabled": false, "is_translator": false, "is_translation_enabled": false, "profile_background_color": "C0DEED", "profile_background_image_url": "http://abs.twimg.com/images/themes/theme1/bg.png", "profile_background_image_url_https": "https://abs.twimg.com/images/themes/theme1/bg.png", "profile_background_tile": false, "profile_image_url": "http://pbs.twimg.com/profile_images/999324887775723526/WrHtbw5m_normal.jpg", "profile_image_url_https": "https://pbs.twimg.com/profile_images/999324887775723526/WrHtbw5m_normal.jpg", "profile_banner_url": "https://pbs.twimg.com/profile_banners/146197443/1509662553", "profile_link_color": "1DA1F2", "profile_sidebar_border_color": "C0DEED", "profile_sidebar_fill_color": "DDEEF6", "profile_text_color": "333333", "profile_use_background_image": true, "has_extended_profile": true, "default_profile": true, "default_profile_image": false, "following": false, "follow_request_sent": false, "notifications": false, "translator_type": "none"}, "geo": null, "coordinates": null, "place": null, "contributors": null, "is_quote_status": false, "retweet_count": 0, "favorite_count": 0, "favorited": false, "retweeted": false, "lang": "en", "reply_count": 0}