{"created_at": "Sun Mar 31 09:18:15 +0000 2013", "id": 318291137989312512, "id_str": "318291137989312512", "full_text": "@ISS_Research @cmdr_hadfield let them float around haha then they will be in different places :)", "truncated": false, "display_text_range": [0, 96], "entities": {"hashtags": [], "symbols": [], "user_mentions": [{"screen_name": "ISS_Research", "name": "ISS Research", "id": 189253902, "id_str": "189253902", "indices": [0, 13]}, {"screen_name": "Cmdr_Hadfield", "name": "Chris Hadfield", "id": 186154646, "id_str": "186154646", "indices": [14, 28]}], "urls": []}, "source": "<a href=\"http://twitter.com/download/iphone\" rel=\"nofollow\">Twitter for iPhone</a>", "in_reply_to_status_id": 318284083501342720, "in_reply_to_status_id_str": "318284083501342720", "in_reply_to_user_id": 189253902, "in_reply_to_user_id_str": "189253902", "in_reply_to_screen_name": "ISS_Research", "user": {"id": 751243093, "id_str": "751243093", "name": "Darren", "screen_name": "Darrenkyle1", "location": "Northamptonshire", "description": "- 23 - - Bmx - - Skye \u2661 - Xander \u2661 - 1/9/14 \u2665", "url": "https://t.co/IcOJkdcogR", "entities": {"url": {"urls": [{"url": "https://t.co/IcOJkdcogR", "expanded_url": "http://m.youtube.com/channel/UCXk4P42uojHYbeg0CLxsjbg", "display_url": "m.youtube.com/channel/UCXk4P\u2026", "indices": [0, 23]}]}, "description": {"urls": []}}, "protected": false, "followers_count": 73, "friends_count": 532, "listed_count": 1, "created_at": "Sat Aug 11 13:05:57 +0000 2012", "favourites_count": 981, "utc_offset": null, "time_zone": null, "geo_enabled": false, "verified": false, "statuses_count": 827, "lang": null, "contributors_enabled": false, "is_translator": false, "is_translation_enabled": false, "profile_background_color": "C0DEED", "profile_background_image_url": "http://abs.twimg.com/images/themes/theme1/bg.png", "profile_background_image_url_https": "https://abs.twimg.com/images/themes/theme1/bg.png", "profile_background_tile": false, "profile_image_url": "http://pbs.twimg.com/profile_images/849582618723090433/4uYWNV0j_normal.jpg", "profile_image_url_https": "https://pbs.twimg.com/profile_images/849582618723090433/4uYWNV0j_normal.jpg", "profile_banner_url": "https://pbs.twimg.com/profile_banners/751243093/1431184196", "profile_link_color": "1DA1F2", "profile_sidebar_border_color": "C0DEED", "profile_sidebar_fill_color": "DDEEF6", "profile_text_color": "333333", "profile_use_background_image": true, "has_extended_profile": false, "default_profile": true, "default_profile_image": false, "following": false, "follow_request_sent": false, "notifications": false, "translator_type": "none"}, "geo": null, "coordinates": null, "place": null, "contributors": null, "is_quote_status": false, "retweet_count": 0, "favorite_count": 0, "favorited": false, "retweeted": false, "lang": "en", "reply_count": 1}