{"created_at": "Sun Mar 31 08:40:38 +0000 2013", "id": 318281669532598272, "id_str": "318281669532598272", "full_text": "@Cmdr_Hadfield oh your so cool that's so great and ill be quiet i won't tell", "truncated": false, "display_text_range": [0, 76], "entities": {"hashtags": [], "symbols": [], "user_mentions": [{"screen_name": "Cmdr_Hadfield", "name": "Chris Hadfield", "id": 186154646, "id_str": "186154646", "indices": [0, 14]}], "urls": []}, "source": "<a href=\"http://twitter.com/download/android\" rel=\"nofollow\">Twitter for Android</a>", "in_reply_to_status_id": 318280266747617280, "in_reply_to_status_id_str": "318280266747617280", "in_reply_to_user_id": 186154646, "in_reply_to_user_id_str": "186154646", "in_reply_to_screen_name": "Cmdr_Hadfield", "user": {"id": 808160791, "id_str": "808160791", "name": "kathy caissie", "screen_name": "kathycaissie", "location": "Ontario Canada", "description": "News, weather, sports,  entertainment, and misc. kind of girl.", "url": "http://t.co/O579G1mcMR", "entities": {"url": {"urls": [{"url": "http://t.co/O579G1mcMR", "expanded_url": "http://favstar.fm/users/kathycaissie", "display_url": "favstar.fm/users/kathycai\u2026", "indices": [0, 22]}]}, "description": {"urls": []}}, "protected": false, "followers_count": 1419, "friends_count": 2117, "listed_count": 56, "created_at": "Fri Sep 07 04:18:32 +0000 2012", "favourites_count": 53046, "utc_offset": null, "time_zone": null, "geo_enabled": true, "verified": false, "statuses_count": 76153, "lang": null, "contributors_enabled": false, "is_translator": false, "is_translation_enabled": false, "profile_background_color": "C0DEED", "profile_background_image_url": "http://abs.twimg.com/images/themes/theme1/bg.png", "profile_background_image_url_https": "https://abs.twimg.com/images/themes/theme1/bg.png", "profile_background_tile": false, "profile_image_url": "http://pbs.twimg.com/profile_images/687855168210210817/YftMxTEg_normal.jpg", "profile_image_url_https": "https://pbs.twimg.com/profile_images/687855168210210817/YftMxTEg_normal.jpg", "profile_link_color": "1DA1F2", "profile_sidebar_border_color": "C0DEED", "profile_sidebar_fill_color": "DDEEF6", "profile_text_color": "333333", "profile_use_background_image": true, "has_extended_profile": false, "default_profile": true, "default_profile_image": false, "following": false, "follow_request_sent": false, "notifications": false, "translator_type": "none"}, "geo": null, "coordinates": null, "place": null, "contributors": null, "is_quote_status": false, "retweet_count": 0, "favorite_count": 0, "favorited": false, "retweeted": false, "lang": "en", "reply_count": 0}