{"created_at": "Sun Mar 31 08:51:11 +0000 2013", "id": 318284324615098368, "id_str": "318284324615098368", "full_text": "@Cmdr_Hadfield What? No matzah? :-)", "truncated": false, "display_text_range": [0, 35], "entities": {"hashtags": [], "symbols": [], "user_mentions": [{"screen_name": "Cmdr_Hadfield", "name": "Chris Hadfield", "id": 186154646, "id_str": "186154646", "indices": [0, 14]}], "urls": []}, "source": "<a href=\"http://twitter.com/download/android\" rel=\"nofollow\">Twitter for Android</a>", "in_reply_to_status_id": 318280266747617280, "in_reply_to_status_id_str": "318280266747617280", "in_reply_to_user_id": 186154646, "in_reply_to_user_id_str": "186154646", "in_reply_to_screen_name": "Cmdr_Hadfield", "user": {"id": 255771448, "id_str": "255771448", "name": "Daniel G", "screen_name": "Shmergaderg", "location": "Chicago, IL", "description": "Serving up the good stuff", "url": null, "entities": {"description": {"urls": []}}, "protected": false, "followers_count": 121, "friends_count": 292, "listed_count": 3, "created_at": "Tue Feb 22 01:05:53 +0000 2011", "favourites_count": 191, "utc_offset": null, "time_zone": null, "geo_enabled": false, "verified": false, "statuses_count": 1924, "lang": null, "contributors_enabled": false, "is_translator": false, "is_translation_enabled": false, "profile_background_color": "F5CA20", "profile_background_image_url": "http://abs.twimg.com/images/themes/theme1/bg.png", "profile_background_image_url_https": "https://abs.twimg.com/images/themes/theme1/bg.png", "profile_background_tile": false, "profile_image_url": "http://pbs.twimg.com/profile_images/1192664122523078657/JuYHbaS7_normal.jpg", "profile_image_url_https": "https://pbs.twimg.com/profile_images/1192664122523078657/JuYHbaS7_normal.jpg", "profile_banner_url": "https://pbs.twimg.com/profile_banners/255771448/1573188261", "profile_link_color": "0099CC", "profile_sidebar_border_color": "827500", "profile_sidebar_fill_color": "FFFBD4", "profile_text_color": "333333", "profile_use_background_image": false, "has_extended_profile": true, "default_profile": false, "default_profile_image": false, "following": false, "follow_request_sent": false, "notifications": false, "translator_type": "none"}, "geo": null, "coordinates": null, "place": null, "contributors": null, "is_quote_status": false, "retweet_count": 0, "favorite_count": 0, "favorited": false, "retweeted": false, "lang": "en", "reply_count": 0}