{"created_at": "Sun Mar 31 08:52:30 +0000 2013", "id": 318284659064713217, "id_str": "318284659064713217", "full_text": "@ISS_Research @Cmdr_Hadfield You should bring me up there to help show him where to hide them!!", "truncated": false, "display_text_range": [0, 95], "entities": {"hashtags": [], "symbols": [], "user_mentions": [{"screen_name": "ISS_Research", "name": "ISS Research", "id": 189253902, "id_str": "189253902", "indices": [0, 13]}, {"screen_name": "Cmdr_Hadfield", "name": "Chris Hadfield", "id": 186154646, "id_str": "186154646", "indices": [14, 28]}], "urls": []}, "source": "<a href=\"http://www.twitter.com\" rel=\"nofollow\">Twitter for Windows Phone</a>", "in_reply_to_status_id": 318284083501342720, "in_reply_to_status_id_str": "318284083501342720", "in_reply_to_user_id": 189253902, "in_reply_to_user_id_str": "189253902", "in_reply_to_screen_name": "ISS_Research", "user": {"id": 16149624, "id_str": "16149624", "name": "Tracy Anderson", "screen_name": "Fishkabob", "location": "Jet City", "description": "Taking life one day at a time. KU'U AKU", "url": "https://t.co/mqazWrprS4", "entities": {"url": {"urls": [{"url": "https://t.co/mqazWrprS4", "expanded_url": "http://instagram.com/f1shk4b0b/", "display_url": "instagram.com/f1shk4b0b/", "indices": [0, 23]}]}, "description": {"urls": []}}, "protected": false, "followers_count": 409, "friends_count": 2352, "listed_count": 3, "created_at": "Fri Sep 05 21:13:15 +0000 2008", "favourites_count": 115, "utc_offset": null, "time_zone": null, "geo_enabled": true, "verified": false, "statuses_count": 3234, "lang": null, "contributors_enabled": false, "is_translator": false, "is_translation_enabled": false, "profile_background_color": "C0DEED", "profile_background_image_url": "http://abs.twimg.com/images/themes/theme1/bg.png", "profile_background_image_url_https": "https://abs.twimg.com/images/themes/theme1/bg.png", "profile_background_tile": false, "profile_image_url": "http://pbs.twimg.com/profile_images/751871908254093312/NqwO8bD0_normal.jpg", "profile_image_url_https": "https://pbs.twimg.com/profile_images/751871908254093312/NqwO8bD0_normal.jpg", "profile_banner_url": "https://pbs.twimg.com/profile_banners/16149624/1447874148", "profile_link_color": "1DA1F2", "profile_sidebar_border_color": "C0DEED", "profile_sidebar_fill_color": "DDEEF6", "profile_text_color": "333333", "profile_use_background_image": true, "has_extended_profile": false, "default_profile": true, "default_profile_image": false, "following": false, "follow_request_sent": false, "notifications": false, "translator_type": "none"}, "geo": null, "coordinates": null, "place": null, "contributors": null, "is_quote_status": false, "retweet_count": 0, "favorite_count": 0, "favorited": false, "retweeted": false, "lang": "en", "reply_count": 0}