{"created_at": "Sun Mar 31 08:35:58 +0000 2013", "id": 318280495182008321, "id_str": "318280495182008321", "full_text": "@cmdr_hadfield Awesome!", "truncated": false, "display_text_range": [0, 23], "entities": {"hashtags": [], "symbols": [], "user_mentions": [{"screen_name": "Cmdr_Hadfield", "name": "Chris Hadfield", "id": 186154646, "id_str": "186154646", "indices": [0, 14]}], "urls": []}, "source": "<a href=\"https://mobile.twitter.com\" rel=\"nofollow\">Mobile Web (M2)</a>", "in_reply_to_status_id": 318280266747617280, "in_reply_to_status_id_str": "318280266747617280", "in_reply_to_user_id": 186154646, "in_reply_to_user_id_str": "186154646", "in_reply_to_screen_name": "Cmdr_Hadfield", "user": {"id": 584434178, "id_str": "584434178", "name": "Ban the fucking nazis", "screen_name": "AmdAndrew", "location": "", "description": "He/Him or They/Them", "url": null, "entities": {"description": {"urls": []}}, "protected": false, "followers_count": 778, "friends_count": 327, "listed_count": 31, "created_at": "Sat May 19 04:35:06 +0000 2012", "favourites_count": 62285, "utc_offset": null, "time_zone": null, "geo_enabled": false, "verified": false, "statuses_count": 60419, "lang": null, "contributors_enabled": false, "is_translator": false, "is_translation_enabled": false, "profile_background_color": "28ADF0", "profile_background_image_url": "http://abs.twimg.com/images/themes/theme1/bg.png", "profile_background_image_url_https": "https://abs.twimg.com/images/themes/theme1/bg.png", "profile_background_tile": false, "profile_image_url": "http://pbs.twimg.com/profile_images/876292378948063233/Nqn0Fqqa_normal.jpg", "profile_image_url_https": "https://pbs.twimg.com/profile_images/876292378948063233/Nqn0Fqqa_normal.jpg", "profile_banner_url": "https://pbs.twimg.com/profile_banners/584434178/1446394807", "profile_link_color": "0FD6A8", "profile_sidebar_border_color": "FFFFFF", "profile_sidebar_fill_color": "DDEEF6", "profile_text_color": "333333", "profile_use_background_image": true, "has_extended_profile": true, "default_profile": false, "default_profile_image": false, "following": false, "follow_request_sent": false, "notifications": false, "translator_type": "none"}, "geo": null, "coordinates": null, "place": null, "contributors": null, "is_quote_status": false, "retweet_count": 0, "favorite_count": 0, "favorited": false, "retweeted": false, "lang": "en", "reply_count": 0}