{"created_at": "Sun Mar 31 08:50:30 +0000 2013", "id": 318284153948884992, "id_str": "318284153948884992", "full_text": "@Cmdr_Hadfield How cool, an Easter egg hunt on a space station! Oh the possibilities. Im with Nathan, hide one outside.", "truncated": false, "display_text_range": [0, 119], "entities": {"hashtags": [], "symbols": [], "user_mentions": [{"screen_name": "Cmdr_Hadfield", "name": "Chris Hadfield", "id": 186154646, "id_str": "186154646", "indices": [0, 14]}], "urls": []}, "source": "<a href=\"http://twitter.com/download/android\" rel=\"nofollow\">Twitter for Android</a>", "in_reply_to_status_id": 318280266747617280, "in_reply_to_status_id_str": "318280266747617280", "in_reply_to_user_id": 186154646, "in_reply_to_user_id_str": "186154646", "in_reply_to_screen_name": "Cmdr_Hadfield", "user": {"id": 42599353, "id_str": "42599353", "name": "De", "screen_name": "DLeeChlo", "location": "Ireland", "description": "Mummy, Working Mummy, Fun Mummy, and a little bit of me.  98% Mummy 2% Me", "url": null, "entities": {"description": {"urls": []}}, "protected": false, "followers_count": 53, "friends_count": 147, "listed_count": 4, "created_at": "Tue May 26 10:22:20 +0000 2009", "favourites_count": 4986, "utc_offset": null, "time_zone": null, "geo_enabled": true, "verified": false, "statuses_count": 5541, "lang": null, "contributors_enabled": false, "is_translator": false, "is_translation_enabled": false, "profile_background_color": "E61260", "profile_background_image_url": "http://abs.twimg.com/images/themes/theme4/bg.gif", "profile_background_image_url_https": "https://abs.twimg.com/images/themes/theme4/bg.gif", "profile_background_tile": true, "profile_image_url": "http://pbs.twimg.com/profile_images/834352156400611328/T70gAhKY_normal.jpg", "profile_image_url_https": "https://pbs.twimg.com/profile_images/834352156400611328/T70gAhKY_normal.jpg", "profile_banner_url": "https://pbs.twimg.com/profile_banners/42599353/1364850495", "profile_link_color": "AC35C4", "profile_sidebar_border_color": "FFFFFF", "profile_sidebar_fill_color": "95E8EC", "profile_text_color": "3C3940", "profile_use_background_image": true, "has_extended_profile": false, "default_profile": false, "default_profile_image": false, "following": false, "follow_request_sent": false, "notifications": false, "translator_type": "none"}, "geo": null, "coordinates": null, "place": null, "contributors": null, "is_quote_status": false, "retweet_count": 0, "favorite_count": 0, "favorited": false, "retweeted": false, "lang": "en", "reply_count": 0}