{"created_at": "Sun Mar 31 14:18:44 +0000 2013", "id": 318366758270562304, "id_str": "318366758270562304", "full_text": "Commander, are you married? RT @Cmdr_Hadfield: Don't tell my crew, but I brought them Easter Eggs :) http://t.co/n6hVEYANGf", "truncated": false, "display_text_range": [0, 123], "entities": {"hashtags": [], "symbols": [], "user_mentions": [{"screen_name": "Cmdr_Hadfield", "name": "Chris Hadfield", "id": 186154646, "id_str": "186154646", "indices": [31, 45]}], "urls": [], "media": [{"id": 318280266751811584, "id_str": "318280266751811584", "indices": [101, 123], "media_url": "http://pbs.twimg.com/media/BGrCN17CIAAR12r.jpg", "media_url_https": "https://pbs.twimg.com/media/BGrCN17CIAAR12r.jpg", "url": "http://t.co/n6hVEYANGf", "display_url": "pic.twitter.com/n6hVEYANGf", "expanded_url": "https://twitter.com/Cmdr_Hadfield/status/318280266747617280/photo/1", "type": "photo", "sizes": {"small": {"w": 680, "h": 452, "resize": "fit"}, "thumb": {"w": 150, "h": 150, "resize": "crop"}, "large": {"w": 1024, "h": 681, "resize": "fit"}, "medium": {"w": 1024, "h": 681, "resize": "fit"}}, "source_status_id": 318280266747617280, "source_status_id_str": "318280266747617280", "source_user_id": 186154646, "source_user_id_str": "186154646"}]}, "extended_entities": {"media": [{"id": 318280266751811584, "id_str": "318280266751811584", "indices": [101, 123], "media_url": "http://pbs.twimg.com/media/BGrCN17CIAAR12r.jpg", "media_url_https": "https://pbs.twimg.com/media/BGrCN17CIAAR12r.jpg", "url": "http://t.co/n6hVEYANGf", "display_url": "pic.twitter.com/n6hVEYANGf", "expanded_url": "https://twitter.com/Cmdr_Hadfield/status/318280266747617280/photo/1", "type": "photo", "sizes": {"small": {"w": 680, "h": 452, "resize": "fit"}, "thumb": {"w": 150, "h": 150, "resize": "crop"}, "large": {"w": 1024, "h": 681, "resize": "fit"}, "medium": {"w": 1024, "h": 681, "resize": "fit"}}, "source_status_id": 318280266747617280, "source_status_id_str": "318280266747617280", "source_user_id": 186154646, "source_user_id_str": "186154646"}]}, "source": "<a href=\"http://twitter.com/download/iphone\" rel=\"nofollow\">Twitter for iPhone</a>", "in_reply_to_status_id": 318280266747617280, "in_reply_to_status_id_str": "318280266747617280", "in_reply_to_user_id": 186154646, "in_reply_to_user_id_str": "186154646", "in_reply_to_screen_name": "Cmdr_Hadfield", "user": {"id": 91597867, "id_str": "91597867", "name": "Janet McNally", "screen_name": "janetmcnally", "location": "Edmonton", "description": "\ud835\udd4a\ud835\udd61\ud835\udd5a\ud835\udd5d\ud835\udd5d\ud835\udd56\ud835\udd63 \ud835\udd60\ud835\udd57 \ud835\udd5e\ud835\udd60\ud835\udd64\ud835\udd65 \ud835\udd65\ud835\udd59\ud835\udd5a\ud835\udd5f\ud835\udd58\ud835\udd64.", "url": null, "entities": {"description": {"urls": []}}, "protected": false, "followers_count": 603, "friends_count": 865, "listed_count": 15, "created_at": "Sat Nov 21 16:00:09 +0000 2009", "favourites_count": 10321, "utc_offset": null, "time_zone": null, "geo_enabled": true, "verified": false, "statuses_count": 5042, "lang": null, "contributors_enabled": false, "is_translator": false, "is_translation_enabled": false, "profile_background_color": "2B2B2A", "profile_background_image_url": "http://abs.twimg.com/images/themes/theme1/bg.png", "profile_background_image_url_https": "https://abs.twimg.com/images/themes/theme1/bg.png", "profile_background_tile": true, "profile_image_url": "http://pbs.twimg.com/profile_images/378800000633716733/807d24c404e1a257a20540331092552b_normal.png", "profile_image_url_https": "https://pbs.twimg.com/profile_images/378800000633716733/807d24c404e1a257a20540331092552b_normal.png", "profile_banner_url": "https://pbs.twimg.com/profile_banners/91597867/1410363387", "profile_link_color": "A69314", "profile_sidebar_border_color": "FFFFFF", "profile_sidebar_fill_color": "D1B856", "profile_text_color": "4D5254", "profile_use_background_image": false, "has_extended_profile": false, "default_profile": false, "default_profile_image": false, "following": false, "follow_request_sent": false, "notifications": false, "translator_type": "none"}, "geo": null, "coordinates": null, "place": null, "contributors": null, "is_quote_status": false, "retweet_count": 0, "favorite_count": 1, "favorited": false, "retweeted": false, "possibly_sensitive": false, "possibly_sensitive_appealable": false, "lang": "en", "reply_count": 1}