{"created_at": "Sun Mar 31 11:22:47 +0000 2013", "id": 318322477501652992, "id_str": "318322477501652992", "full_text": "@ISS_Research @Cmdr_Hadfield Alphabeticaly of course. Roman-RM1, Chris-Columbus, Tom-TrussZ1, Alex-Airlock, Pavel-PMA.", "truncated": false, "display_text_range": [0, 118], "entities": {"hashtags": [], "symbols": [], "user_mentions": [{"screen_name": "ISS_Research", "name": "ISS Research", "id": 189253902, "id_str": "189253902", "indices": [0, 13]}, {"screen_name": "Cmdr_Hadfield", "name": "Chris Hadfield", "id": 186154646, "id_str": "186154646", "indices": [14, 28]}], "urls": []}, "source": "<a href=\"http://twitter.com\" rel=\"nofollow\">Twitter Web Client</a>", "in_reply_to_status_id": 318284083501342720, "in_reply_to_status_id_str": "318284083501342720", "in_reply_to_user_id": 189253902, "in_reply_to_user_id_str": "189253902", "in_reply_to_screen_name": "ISS_Research", "user": {"id": 80899923, "id_str": "80899923", "name": "CanuckFLL", "screen_name": "CanuckFLL", "location": "", "description": "Aviation Fan, Space Fan & Fun Loving Fan!", "url": null, "entities": {"description": {"urls": []}}, "protected": false, "followers_count": 26, "friends_count": 176, "listed_count": 3, "created_at": "Thu Oct 08 17:40:45 +0000 2009", "favourites_count": 325, "utc_offset": null, "time_zone": null, "geo_enabled": false, "verified": false, "statuses_count": 9456, "lang": null, "contributors_enabled": false, "is_translator": false, "is_translation_enabled": false, "profile_background_color": "C0DEED", "profile_background_image_url": "http://abs.twimg.com/images/themes/theme1/bg.png", "profile_background_image_url_https": "https://abs.twimg.com/images/themes/theme1/bg.png", "profile_background_tile": false, "profile_image_url": "http://pbs.twimg.com/profile_images/761249569598353409/jcVsvD9G_normal.jpg", "profile_image_url_https": "https://pbs.twimg.com/profile_images/761249569598353409/jcVsvD9G_normal.jpg", "profile_banner_url": "https://pbs.twimg.com/profile_banners/80899923/1502294601", "profile_link_color": "0084B4", "profile_sidebar_border_color": "000000", "profile_sidebar_fill_color": "DDEEF6", "profile_text_color": "333333", "profile_use_background_image": true, "has_extended_profile": false, "default_profile": false, "default_profile_image": false, "following": false, "follow_request_sent": false, "notifications": false, "translator_type": "none"}, "geo": null, "coordinates": null, "place": null, "contributors": null, "is_quote_status": false, "retweet_count": 0, "favorite_count": 0, "favorited": false, "retweeted": false, "lang": "en", "reply_count": 0}