{"created_at": "Sun Mar 31 13:50:08 +0000 2013", "id": 318359559402049536, "id_str": "318359559402049536", "full_text": "@csa_asc @cmdr_hadfield Eggs in Spaaaaaaaaaaaaace!!", "truncated": false, "display_text_range": [0, 51], "entities": {"hashtags": [], "symbols": [], "user_mentions": [{"screen_name": "csa_asc", "name": "CanadianSpaceAgency", "id": 93714983, "id_str": "93714983", "indices": [0, 8]}, {"screen_name": "Cmdr_Hadfield", "name": "Chris Hadfield", "id": 186154646, "id_str": "186154646", "indices": [9, 23]}], "urls": []}, "source": "<a href=\"http://twitter.com/#!/download/ipad\" rel=\"nofollow\">Twitter for iPad</a>", "in_reply_to_status_id": 318343305119297537, "in_reply_to_status_id_str": "318343305119297537", "in_reply_to_user_id": 93714983, "in_reply_to_user_id_str": "93714983", "in_reply_to_screen_name": "csa_asc", "user": {"id": 343804638, "id_str": "343804638", "name": "FlamesStinkToo", "screen_name": "canucksstink", "location": "Vancouver Island", "description": "Your= you own something. You're= contraction for you are. Yore= of long ago or former times (used in nostalgic or mock-nostalgic recollection).", "url": null, "entities": {"description": {"urls": []}}, "protected": false, "followers_count": 426, "friends_count": 1033, "listed_count": 12, "created_at": "Thu Jul 28 03:15:21 +0000 2011", "favourites_count": 4871, "utc_offset": null, "time_zone": null, "geo_enabled": true, "verified": false, "statuses_count": 10632, "lang": null, "contributors_enabled": false, "is_translator": false, "is_translation_enabled": false, "profile_background_color": "C0DEED", "profile_background_image_url": "http://abs.twimg.com/images/themes/theme1/bg.png", "profile_background_image_url_https": "https://abs.twimg.com/images/themes/theme1/bg.png", "profile_background_tile": false, "profile_image_url": "http://pbs.twimg.com/profile_images/1243412346212462592/OBLzXj1__normal.jpg", "profile_image_url_https": "https://pbs.twimg.com/profile_images/1243412346212462592/OBLzXj1__normal.jpg", "profile_banner_url": "https://pbs.twimg.com/profile_banners/343804638/1572225216", "profile_link_color": "1DA1F2", "profile_sidebar_border_color": "C0DEED", "profile_sidebar_fill_color": "DDEEF6", "profile_text_color": "333333", "profile_use_background_image": true, "has_extended_profile": false, "default_profile": true, "default_profile_image": false, "following": false, "follow_request_sent": false, "notifications": false, "translator_type": "none"}, "geo": null, "coordinates": null, "place": null, "contributors": null, "is_quote_status": false, "retweet_count": 0, "favorite_count": 0, "favorited": false, "retweeted": false, "lang": "en", "reply_count": 0}