{"created_at": "Sun Mar 31 12:50:49 +0000 2013", "id": 318344632134139904, "id_str": "318344632134139904", "full_text": "@csa_asc @Cmdr_Hadfield Now that's a leader!", "truncated": false, "display_text_range": [0, 44], "entities": {"hashtags": [], "symbols": [], "user_mentions": [{"screen_name": "csa_asc", "name": "CanadianSpaceAgency", "id": 93714983, "id_str": "93714983", "indices": [0, 8]}, {"screen_name": "Cmdr_Hadfield", "name": "Chris Hadfield", "id": 186154646, "id_str": "186154646", "indices": [9, 23]}], "urls": []}, "source": "<a href=\"http://twitter.com/download/android\" rel=\"nofollow\">Twitter for Android</a>", "in_reply_to_status_id": 318343305119297537, "in_reply_to_status_id_str": "318343305119297537", "in_reply_to_user_id": 93714983, "in_reply_to_user_id_str": "93714983", "in_reply_to_screen_name": "csa_asc", "user": {"id": 478305384, "id_str": "478305384", "name": "Maple Leaf Lawyer", "screen_name": "MapleLeafLawyer", "location": "Canada", "description": "#Canadian. #Sports. #Law. #Aviation. #Space. #Crown law enthusiast. Love to learn. Views expressed are personal and retweets do not imply endorsement.", "url": null, "entities": {"description": {"urls": []}}, "protected": false, "followers_count": 689, "friends_count": 3162, "listed_count": 26, "created_at": "Mon Jan 30 04:10:38 +0000 2012", "favourites_count": 21976, "utc_offset": null, "time_zone": null, "geo_enabled": true, "verified": false, "statuses_count": 28282, "lang": null, "contributors_enabled": false, "is_translator": false, "is_translation_enabled": false, "profile_background_color": "C0DEED", "profile_background_image_url": "http://abs.twimg.com/images/themes/theme1/bg.png", "profile_background_image_url_https": "https://abs.twimg.com/images/themes/theme1/bg.png", "profile_background_tile": false, "profile_image_url": "http://pbs.twimg.com/profile_images/378800000659536448/7c159a97d69127e5082f2cc320181bea_normal.png", "profile_image_url_https": "https://pbs.twimg.com/profile_images/378800000659536448/7c159a97d69127e5082f2cc320181bea_normal.png", "profile_banner_url": "https://pbs.twimg.com/profile_banners/478305384/1358729138", "profile_link_color": "1DA1F2", "profile_sidebar_border_color": "C0DEED", "profile_sidebar_fill_color": "DDEEF6", "profile_text_color": "333333", "profile_use_background_image": true, "has_extended_profile": false, "default_profile": true, "default_profile_image": false, "following": false, "follow_request_sent": false, "notifications": false, "translator_type": "none"}, "geo": null, "coordinates": null, "place": null, "contributors": null, "is_quote_status": false, "retweet_count": 0, "favorite_count": 1, "favorited": false, "retweeted": false, "lang": "en", "reply_count": 0}