{"created_at": "Sun Mar 31 12:16:53 +0000 2013", "id": 318336092598333440, "id_str": "318336092598333440", "full_text": "@ISS_Research @cmdr_hadfield Outside the station.  Nothing like an EVA egg hunt.", "truncated": false, "display_text_range": [0, 80], "entities": {"hashtags": [], "symbols": [], "user_mentions": [{"screen_name": "ISS_Research", "name": "ISS Research", "id": 189253902, "id_str": "189253902", "indices": [0, 13]}, {"screen_name": "Cmdr_Hadfield", "name": "Chris Hadfield", "id": 186154646, "id_str": "186154646", "indices": [14, 28]}], "urls": []}, "source": "<a href=\"http://twitter.com/download/iphone\" rel=\"nofollow\">Twitter for iPhone</a>", "in_reply_to_status_id": 318284083501342720, "in_reply_to_status_id_str": "318284083501342720", "in_reply_to_user_id": 189253902, "in_reply_to_user_id_str": "189253902", "in_reply_to_screen_name": "ISS_Research", "user": {"id": 308232736, "id_str": "308232736", "name": "Anthony Dougherty \ud83d\udcac", "screen_name": "AnthDougherty", "location": "Wellington, FL", "description": "Advocate for equity, access, justice, and being human to one another \ud83c\udfeb Social Media Ambassador @pbcsd #SharePBCSD", "url": null, "entities": {"description": {"urls": []}}, "protected": false, "followers_count": 1626, "friends_count": 1214, "listed_count": 44, "created_at": "Tue May 31 01:56:12 +0000 2011", "favourites_count": 27798, "utc_offset": null, "time_zone": null, "geo_enabled": true, "verified": false, "statuses_count": 11262, "lang": null, "contributors_enabled": false, "is_translator": false, "is_translation_enabled": false, "profile_background_color": "000000", "profile_background_image_url": "http://abs.twimg.com/images/themes/theme14/bg.gif", "profile_background_image_url_https": "https://abs.twimg.com/images/themes/theme14/bg.gif", "profile_background_tile": false, "profile_image_url": "http://pbs.twimg.com/profile_images/1268016844021039113/IaEJG-Nt_normal.jpg", "profile_image_url_https": "https://pbs.twimg.com/profile_images/1268016844021039113/IaEJG-Nt_normal.jpg", "profile_banner_url": "https://pbs.twimg.com/profile_banners/308232736/1592424454", "profile_link_color": "000000", "profile_sidebar_border_color": "000000", "profile_sidebar_fill_color": "000000", "profile_text_color": "000000", "profile_use_background_image": false, "has_extended_profile": false, "default_profile": false, "default_profile_image": false, "following": false, "follow_request_sent": false, "notifications": false, "translator_type": "none"}, "geo": {"type": "Point", "coordinates": [26.67905684, -80.28825864]}, "coordinates": {"type": "Point", "coordinates": [-80.28825864, 26.67905684]}, "place": {"id": "4564fbfcfa90b949", "url": "https://api.twitter.com/1.1/geo/id/4564fbfcfa90b949.json", "place_type": "city", "name": "Wellington", "full_name": "Wellington, FL", "country_code": "US", "country": "United States", "contained_within": [], "bounding_box": {"type": "Polygon", "coordinates": [[[-80.299591, 26.618172], [-80.2031441, 26.618172], [-80.2031441, 26.6827578], [-80.299591, 26.6827578]]]}, "attributes": {}}, "contributors": null, "is_quote_status": false, "retweet_count": 0, "favorite_count": 0, "favorited": false, "retweeted": false, "lang": "en", "reply_count": 0}