{"created_at": "Sun Mar 31 10:06:59 +0000 2013", "id": 318303403245707264, "id_str": "318303403245707264", "full_text": "@ISS_Research @cmdr_hadfield Open one and leave it inside the air vent so everyone can smell it.", "truncated": false, "display_text_range": [0, 96], "entities": {"hashtags": [], "symbols": [], "user_mentions": [{"screen_name": "ISS_Research", "name": "ISS Research", "id": 189253902, "id_str": "189253902", "indices": [0, 13]}, {"screen_name": "Cmdr_Hadfield", "name": "Chris Hadfield", "id": 186154646, "id_str": "186154646", "indices": [14, 28]}], "urls": []}, "source": "<a href=\"http://twitter.com/#!/download/ipad\" rel=\"nofollow\">Twitter for iPad</a>", "in_reply_to_status_id": 318284083501342720, "in_reply_to_status_id_str": "318284083501342720", "in_reply_to_user_id": 189253902, "in_reply_to_user_id_str": "189253902", "in_reply_to_screen_name": "ISS_Research", "user": {"id": 359010473, "id_str": "359010473", "name": "\ud83c\udde6\ud83c\uddfa Always 4 \ud83c\udde6\ud83c\uddfa / \ud83c\uddfa\ud83c\uddf8\ud83c\uddec\ud83c\udde7\ud83c\uddf3\ud83c\uddff\ud83c\uddee\ud83c\uddf1\ud83c\udde8\ud83c\udde6\ud83c\uddf5\ud83c\uddec\ud83c\udded\ud83c\uddfa", "screen_name": "the_angry_ranga", "location": "Down Under", "description": "Army veteran w/multiple sclerosis, PTSD & little else. Loving your country and wanting to protect it is NOT racism. Supporting sensible right worldwide. \u4e2d\u56fd=\u72d7\u72d7\u5c4e", "url": null, "entities": {"description": {"urls": []}}, "protected": false, "followers_count": 665, "friends_count": 989, "listed_count": 14, "created_at": "Sat Aug 20 21:44:37 +0000 2011", "favourites_count": 37495, "utc_offset": null, "time_zone": null, "geo_enabled": false, "verified": false, "statuses_count": 31046, "lang": null, "contributors_enabled": false, "is_translator": false, "is_translation_enabled": false, "profile_background_color": "000000", "profile_background_image_url": "http://abs.twimg.com/images/themes/theme1/bg.png", "profile_background_image_url_https": "https://abs.twimg.com/images/themes/theme1/bg.png", "profile_background_tile": false, "profile_image_url": "http://pbs.twimg.com/profile_images/1209673180601708544/0nR6-Ai4_normal.jpg", "profile_image_url_https": "https://pbs.twimg.com/profile_images/1209673180601708544/0nR6-Ai4_normal.jpg", "profile_banner_url": "https://pbs.twimg.com/profile_banners/359010473/1573030980", "profile_link_color": "B33900", "profile_sidebar_border_color": "F04028", "profile_sidebar_fill_color": "C0DFEC", "profile_text_color": "333333", "profile_use_background_image": false, "has_extended_profile": false, "default_profile": false, "default_profile_image": false, "following": false, "follow_request_sent": false, "notifications": false, "translator_type": "none"}, "geo": null, "coordinates": null, "place": null, "contributors": null, "is_quote_status": false, "retweet_count": 0, "favorite_count": 0, "favorited": false, "retweeted": false, "lang": "en", "reply_count": 0}