{"created_at": "Sun Mar 31 10:04:09 +0000 2013", "id": 318302687940730880, "id_str": "318302687940730880", "full_text": "Oh god, the cutest man evor @Cmdr_Hadfield: Don't tell my crew, but I brought them Easter Eggs :) http://t.co/UcFkS0Lnpy", "truncated": false, "display_text_range": [0, 120], "entities": {"hashtags": [], "symbols": [], "user_mentions": [{"screen_name": "Cmdr_Hadfield", "name": "Chris Hadfield", "id": 186154646, "id_str": "186154646", "indices": [28, 42]}], "urls": [], "media": [{"id": 318280266751811584, "id_str": "318280266751811584", "indices": [98, 120], "media_url": "http://pbs.twimg.com/media/BGrCN17CIAAR12r.jpg", "media_url_https": "https://pbs.twimg.com/media/BGrCN17CIAAR12r.jpg", "url": "http://t.co/UcFkS0Lnpy", "display_url": "pic.twitter.com/UcFkS0Lnpy", "expanded_url": "https://twitter.com/Cmdr_Hadfield/status/318280266747617280/photo/1", "type": "photo", "sizes": {"small": {"w": 680, "h": 452, "resize": "fit"}, "thumb": {"w": 150, "h": 150, "resize": "crop"}, "large": {"w": 1024, "h": 681, "resize": "fit"}, "medium": {"w": 1024, "h": 681, "resize": "fit"}}, "source_status_id": 318280266747617280, "source_status_id_str": "318280266747617280", "source_user_id": 186154646, "source_user_id_str": "186154646"}]}, "extended_entities": {"media": [{"id": 318280266751811584, "id_str": "318280266751811584", "indices": [98, 120], "media_url": "http://pbs.twimg.com/media/BGrCN17CIAAR12r.jpg", "media_url_https": "https://pbs.twimg.com/media/BGrCN17CIAAR12r.jpg", "url": "http://t.co/UcFkS0Lnpy", "display_url": "pic.twitter.com/UcFkS0Lnpy", "expanded_url": "https://twitter.com/Cmdr_Hadfield/status/318280266747617280/photo/1", "type": "photo", "sizes": {"small": {"w": 680, "h": 452, "resize": "fit"}, "thumb": {"w": 150, "h": 150, "resize": "crop"}, "large": {"w": 1024, "h": 681, "resize": "fit"}, "medium": {"w": 1024, "h": 681, "resize": "fit"}}, "source_status_id": 318280266747617280, "source_status_id_str": "318280266747617280", "source_user_id": 186154646, "source_user_id_str": "186154646"}]}, "source": "<a href=\"http://twitter.com/download/iphone\" rel=\"nofollow\">Twitter for iPhone</a>", "in_reply_to_status_id": 318280266747617280, "in_reply_to_status_id_str": "318280266747617280", "in_reply_to_user_id": 186154646, "in_reply_to_user_id_str": "186154646", "in_reply_to_screen_name": "Cmdr_Hadfield", "user": {"id": 105870763, "id_str": "105870763", "name": "Valerie Loftus", "screen_name": "valerieloftus", "location": "she/her", "description": "Deputy editor @stellarmagazine. Host of the beauty podcast #TheGlowUp. Author Of Thanks, Penneys, out now \ud83c\udf1f", "url": "https://t.co/gF8cm7FmIp", "entities": {"url": {"urls": [{"url": "https://t.co/gF8cm7FmIp", "expanded_url": "http://stellar.ie", "display_url": "stellar.ie", "indices": [0, 23]}]}, "description": {"urls": []}}, "protected": false, "followers_count": 7464, "friends_count": 1227, "listed_count": 55, "created_at": "Sun Jan 17 19:37:13 +0000 2010", "favourites_count": 13314, "utc_offset": null, "time_zone": null, "geo_enabled": true, "verified": true, "statuses_count": 38028, "lang": null, "contributors_enabled": false, "is_translator": false, "is_translation_enabled": false, "profile_background_color": "7E354D", "profile_background_image_url": "http://abs.twimg.com/images/themes/theme1/bg.png", "profile_background_image_url_https": "https://abs.twimg.com/images/themes/theme1/bg.png", "profile_background_tile": true, "profile_image_url": "http://pbs.twimg.com/profile_images/1123656845409882112/Zij6tXih_normal.jpg", "profile_image_url_https": "https://pbs.twimg.com/profile_images/1123656845409882112/Zij6tXih_normal.jpg", "profile_banner_url": "https://pbs.twimg.com/profile_banners/105870763/1541690637", "profile_link_color": "C28285", "profile_sidebar_border_color": "FFFFFF", "profile_sidebar_fill_color": "DDEEF6", "profile_text_color": "333333", "profile_use_background_image": true, "has_extended_profile": true, "default_profile": false, "default_profile_image": false, "following": false, "follow_request_sent": false, "notifications": false, "translator_type": "none"}, "geo": null, "coordinates": null, "place": null, "contributors": null, "is_quote_status": false, "retweet_count": 1, "favorite_count": 0, "favorited": false, "retweeted": false, "possibly_sensitive": false, "possibly_sensitive_appealable": false, "lang": "en", "reply_count": 0}