{"created_at": "Sun Mar 31 12:53:22 +0000 2013", "id": 318345273501970432, "id_str": "318345273501970432", "full_text": "@spasmunkey @Cmdr_Hadfield if you hide  an egg in  the HRF RC, don't forget it's there. #mess. Hide it in MARES. It will be gone 4ever. J/K", "truncated": false, "display_text_range": [0, 139], "entities": {"hashtags": [{"text": "mess", "indices": [88, 93]}], "symbols": [], "user_mentions": [{"screen_name": "spasmunkey", "name": "spasmunkey", "id": 14109485, "id_str": "14109485", "indices": [0, 11]}, {"screen_name": "Cmdr_Hadfield", "name": "Chris Hadfield", "id": 186154646, "id_str": "186154646", "indices": [12, 26]}], "urls": []}, "source": "<a href=\"http://twitter.com/download/android\" rel=\"nofollow\">Twitter for Android</a>", "in_reply_to_status_id": 318282664010465280, "in_reply_to_status_id_str": "318282664010465280", "in_reply_to_user_id": 14109485, "in_reply_to_user_id_str": "14109485", "in_reply_to_screen_name": "spasmunkey", "user": {"id": 111051223, "id_str": "111051223", "name": "Easily Amused", "screen_name": "EasilyAmused03", "location": "", "description": "Spaceflight nerd, Aggie, reading aficionado, pop-culture glutton and generally easily amused. Texas transplant in Alabama.", "url": null, "entities": {"description": {"urls": []}}, "protected": false, "followers_count": 254, "friends_count": 1197, "listed_count": 19, "created_at": "Wed Feb 03 17:02:49 +0000 2010", "favourites_count": 3021, "utc_offset": null, "time_zone": null, "geo_enabled": false, "verified": false, "statuses_count": 7179, "lang": null, "contributors_enabled": false, "is_translator": false, "is_translation_enabled": false, "profile_background_color": "0099B9", "profile_background_image_url": "http://abs.twimg.com/images/themes/theme4/bg.gif", "profile_background_image_url_https": "https://abs.twimg.com/images/themes/theme4/bg.gif", "profile_background_tile": false, "profile_image_url": "http://pbs.twimg.com/profile_images/908372659569926154/Yv5Qecwh_normal.jpg", "profile_image_url_https": "https://pbs.twimg.com/profile_images/908372659569926154/Yv5Qecwh_normal.jpg", "profile_link_color": "0099B9", "profile_sidebar_border_color": "5ED4DC", "profile_sidebar_fill_color": "95E8EC", "profile_text_color": "3C3940", "profile_use_background_image": true, "has_extended_profile": false, "default_profile": false, "default_profile_image": false, "following": false, "follow_request_sent": false, "notifications": false, "translator_type": "none"}, "geo": null, "coordinates": null, "place": null, "contributors": null, "is_quote_status": false, "retweet_count": 0, "favorite_count": 0, "favorited": false, "retweeted": false, "lang": "en", "reply_count": 1}