{"created_at": "Sun Mar 31 12:06:50 +0000 2013", "id": 318333565026840576, "id_str": "318333565026840576", "full_text": "@cmdr_hadfield You are by far my very favourite Astronaut!  @Salander", "truncated": false, "display_text_range": [0, 69], "entities": {"hashtags": [], "symbols": [], "user_mentions": [{"screen_name": "Cmdr_Hadfield", "name": "Chris Hadfield", "id": 186154646, "id_str": "186154646", "indices": [0, 14]}, {"screen_name": "salander", "name": "Nane", "id": 236482422, "id_str": "236482422", "indices": [60, 69]}], "urls": []}, "source": "<a href=\"http://twitter.com/download/iphone\" rel=\"nofollow\">Twitter for iPhone</a>", "in_reply_to_status_id": 318286980117061632, "in_reply_to_status_id_str": "318286980117061632", "in_reply_to_user_id": 18657350, "in_reply_to_user_id_str": "18657350", "in_reply_to_screen_name": "Vero_Meunier", "user": {"id": 223346285, "id_str": "223346285", "name": "Yolanda Galvez", "screen_name": "just_yoli", "location": "Montreal, Canada", "description": "mom of 3 boys (2 with severe food allergies) all hockey players, married, school teacher of @MmeYolanda and a wannabe techy (when I compare myself to the pros)", "url": null, "entities": {"description": {"urls": []}}, "protected": false, "followers_count": 443, "friends_count": 1076, "listed_count": 38, "created_at": "Mon Dec 06 03:39:46 +0000 2010", "favourites_count": 861, "utc_offset": null, "time_zone": null, "geo_enabled": true, "verified": false, "statuses_count": 5131, "lang": null, "contributors_enabled": false, "is_translator": false, "is_translation_enabled": false, "profile_background_color": "C0DEED", "profile_background_image_url": "http://abs.twimg.com/images/themes/theme1/bg.png", "profile_background_image_url_https": "https://abs.twimg.com/images/themes/theme1/bg.png", "profile_background_tile": false, "profile_image_url": "http://pbs.twimg.com/profile_images/610265412425621505/HtwuXO7h_normal.jpg", "profile_image_url_https": "https://pbs.twimg.com/profile_images/610265412425621505/HtwuXO7h_normal.jpg", "profile_banner_url": "https://pbs.twimg.com/profile_banners/223346285/1348717658", "profile_link_color": "1DA1F2", "profile_sidebar_border_color": "C0DEED", "profile_sidebar_fill_color": "DDEEF6", "profile_text_color": "333333", "profile_use_background_image": true, "has_extended_profile": true, "default_profile": true, "default_profile_image": false, "following": false, "follow_request_sent": false, "notifications": false, "translator_type": "none"}, "geo": null, "coordinates": null, "place": null, "contributors": null, "is_quote_status": false, "retweet_count": 0, "favorite_count": 0, "favorited": false, "retweeted": false, "lang": "en", "reply_count": 0}