{"created_at": "Sun Mar 31 12:58:58 +0000 2013", "id": 318346683090079745, "id_str": "318346683090079745", "full_text": "@csa_asc @Cmdr_Hadfield That's awesome!", "truncated": false, "display_text_range": [0, 39], "entities": {"hashtags": [], "symbols": [], "user_mentions": [{"screen_name": "csa_asc", "name": "CanadianSpaceAgency", "id": 93714983, "id_str": "93714983", "indices": [0, 8]}, {"screen_name": "Cmdr_Hadfield", "name": "Chris Hadfield", "id": 186154646, "id_str": "186154646", "indices": [9, 23]}], "urls": []}, "source": "<a href=\"http://twitter.com\" rel=\"nofollow\">Twitter Web Client</a>", "in_reply_to_status_id": 318343305119297537, "in_reply_to_status_id_str": "318343305119297537", "in_reply_to_user_id": 93714983, "in_reply_to_user_id_str": "93714983", "in_reply_to_screen_name": "csa_asc", "user": {"id": 267434597, "id_str": "267434597", "name": "Starr Sargent", "screen_name": "starrsargent", "location": "", "description": "For the love of NASCAR / http://t.co/wV4Rm5GNiA - Mining one #NASCAR tweet at a time", "url": "http://t.co/X0IkN7qb5I", "entities": {"url": {"urls": [{"url": "http://t.co/X0IkN7qb5I", "expanded_url": "http://thehashtagsite.com", "display_url": "thehashtagsite.com", "indices": [0, 22]}]}, "description": {"urls": [{"url": "http://t.co/wV4Rm5GNiA", "expanded_url": "http://hashtagnascar.com", "display_url": "hashtagnascar.com", "indices": [25, 47]}]}}, "protected": false, "followers_count": 172, "friends_count": 390, "listed_count": 4, "created_at": "Wed Mar 16 23:21:35 +0000 2011", "favourites_count": 746, "utc_offset": null, "time_zone": null, "geo_enabled": false, "verified": false, "statuses_count": 5852, "lang": null, "contributors_enabled": false, "is_translator": false, "is_translation_enabled": false, "profile_background_color": "C0DEED", "profile_background_image_url": "http://abs.twimg.com/images/themes/theme1/bg.png", "profile_background_image_url_https": "https://abs.twimg.com/images/themes/theme1/bg.png", "profile_background_tile": false, "profile_image_url": "http://pbs.twimg.com/profile_images/3329831994/dc39bc97b48014b13b7951663b488ec5_normal.png", "profile_image_url_https": "https://pbs.twimg.com/profile_images/3329831994/dc39bc97b48014b13b7951663b488ec5_normal.png", "profile_link_color": "1DA1F2", "profile_sidebar_border_color": "C0DEED", "profile_sidebar_fill_color": "DDEEF6", "profile_text_color": "333333", "profile_use_background_image": true, "has_extended_profile": false, "default_profile": true, "default_profile_image": false, "following": false, "follow_request_sent": false, "notifications": false, "translator_type": "none"}, "geo": null, "coordinates": null, "place": null, "contributors": null, "is_quote_status": false, "retweet_count": 0, "favorite_count": 0, "favorited": false, "retweeted": false, "lang": "en", "reply_count": 0}