{"created_at": "Sun Mar 31 12:45:33 +0000 2013", "id": 318343305119297537, "id_str": "318343305119297537", "full_text": "Happy Easter, Chris and crew! \u201c@Cmdr_Hadfield: Don't tell my crew, but I brought them Easter Eggs :) http://t.co/n6XijAsYuO\u201d", "truncated": false, "display_text_range": [0, 124], "entities": {"hashtags": [], "symbols": [], "user_mentions": [{"screen_name": "Cmdr_Hadfield", "name": "Chris Hadfield", "id": 186154646, "id_str": "186154646", "indices": [31, 45]}], "urls": [], "media": [{"id": 318280266751811584, "id_str": "318280266751811584", "indices": [101, 123], "media_url": "http://pbs.twimg.com/media/BGrCN17CIAAR12r.jpg", "media_url_https": "https://pbs.twimg.com/media/BGrCN17CIAAR12r.jpg", "url": "http://t.co/n6XijAsYuO", "display_url": "pic.twitter.com/n6XijAsYuO", "expanded_url": "https://twitter.com/Cmdr_Hadfield/status/318280266747617280/photo/1", "type": "photo", "sizes": {"small": {"w": 680, "h": 452, "resize": "fit"}, "thumb": {"w": 150, "h": 150, "resize": "crop"}, "large": {"w": 1024, "h": 681, "resize": "fit"}, "medium": {"w": 1024, "h": 681, "resize": "fit"}}, "source_status_id": 318280266747617280, "source_status_id_str": "318280266747617280", "source_user_id": 186154646, "source_user_id_str": "186154646"}]}, "extended_entities": {"media": [{"id": 318280266751811584, "id_str": "318280266751811584", "indices": [101, 123], "media_url": "http://pbs.twimg.com/media/BGrCN17CIAAR12r.jpg", "media_url_https": "https://pbs.twimg.com/media/BGrCN17CIAAR12r.jpg", "url": "http://t.co/n6XijAsYuO", "display_url": "pic.twitter.com/n6XijAsYuO", "expanded_url": "https://twitter.com/Cmdr_Hadfield/status/318280266747617280/photo/1", "type": "photo", "sizes": {"small": {"w": 680, "h": 452, "resize": "fit"}, "thumb": {"w": 150, "h": 150, "resize": "crop"}, "large": {"w": 1024, "h": 681, "resize": "fit"}, "medium": {"w": 1024, "h": 681, "resize": "fit"}}, "source_status_id": 318280266747617280, "source_status_id_str": "318280266747617280", "source_user_id": 186154646, "source_user_id_str": "186154646"}]}, "source": "<a href=\"http://twitter.com/download/iphone\" rel=\"nofollow\">Twitter for iPhone</a>", "in_reply_to_status_id": 318280266747617280, "in_reply_to_status_id_str": "318280266747617280", "in_reply_to_user_id": 186154646, "in_reply_to_user_id_str": "186154646", "in_reply_to_screen_name": "Cmdr_Hadfield", "user": {"id": 93714983, "id_str": "93714983", "name": "CanadianSpaceAgency", "screen_name": "csa_asc", "location": "Saint-Hubert, Quebec, Canada", "description": "The Canadian Space Agency coordinates all civil, space-related programs on behalf of the Government of Canada. Terms: https://t.co/3QER1hFuNQ (Fran\u00e7ais @asc_csa)", "url": "https://t.co/1Z78JkwPA1", "entities": {"url": {"urls": [{"url": "https://t.co/1Z78JkwPA1", "expanded_url": "http://asc-csa.gc.ca", "display_url": "asc-csa.gc.ca", "indices": [0, 23]}]}, "description": {"urls": [{"url": "https://t.co/3QER1hFuNQ", "expanded_url": "http://bit.ly/1KcFPYP", "display_url": "bit.ly/1KcFPYP", "indices": [118, 141]}]}}, "protected": false, "followers_count": 290748, "friends_count": 991, "listed_count": 3148, "created_at": "Mon Nov 30 21:37:50 +0000 2009", "favourites_count": 10115, "utc_offset": null, "time_zone": null, "geo_enabled": true, "verified": true, "statuses_count": 35369, "lang": null, "contributors_enabled": false, "is_translator": false, "is_translation_enabled": false, "profile_background_color": "FFFFFF", "profile_background_image_url": "http://abs.twimg.com/images/themes/theme1/bg.png", "profile_background_image_url_https": "https://abs.twimg.com/images/themes/theme1/bg.png", "profile_background_tile": false, "profile_image_url": "http://pbs.twimg.com/profile_images/1217552736721559554/ExcNblxE_normal.jpg", "profile_image_url_https": "https://pbs.twimg.com/profile_images/1217552736721559554/ExcNblxE_normal.jpg", "profile_banner_url": "https://pbs.twimg.com/profile_banners/93714983/1541623919", "profile_link_color": "990000", "profile_sidebar_border_color": "FFFFFF", "profile_sidebar_fill_color": "CDD9E6", "profile_text_color": "000000", "profile_use_background_image": true, "has_extended_profile": false, "default_profile": false, "default_profile_image": false, "following": false, "follow_request_sent": false, "notifications": false, "translator_type": "none"}, "geo": null, "coordinates": null, "place": null, "contributors": null, "is_quote_status": false, "retweet_count": 28, "favorite_count": 15, "favorited": false, "retweeted": false, "possibly_sensitive": false, "possibly_sensitive_appealable": false, "lang": "en", "reply_count": 6}