{"created_at": "Sun Mar 31 13:01:24 +0000 2013", "id": 318347293675900930, "id_str": "318347293675900930", "full_text": "@ambermac  @csa_asc @Cmdr_Hadfield - Hiding the Chicken for this long was probably the hard part.. #HA!", "truncated": false, "display_text_range": [0, 103], "entities": {"hashtags": [{"text": "HA", "indices": [99, 102]}], "symbols": [], "user_mentions": [{"screen_name": "ambermac", "name": "Amber Mac", "id": 767396, "id_str": "767396", "indices": [0, 9]}, {"screen_name": "csa_asc", "name": "CanadianSpaceAgency", "id": 93714983, "id_str": "93714983", "indices": [11, 19]}, {"screen_name": "Cmdr_Hadfield", "name": "Chris Hadfield", "id": 186154646, "id_str": "186154646", "indices": [20, 34]}], "urls": []}, "source": "<a href=\"http://twitter.com\" rel=\"nofollow\">Twitter Web Client</a>", "in_reply_to_status_id": 318343305119297537, "in_reply_to_status_id_str": "318343305119297537", "in_reply_to_user_id": 93714983, "in_reply_to_user_id_str": "93714983", "in_reply_to_screen_name": "csa_asc", "user": {"id": 381276559, "id_str": "381276559", "name": "General Kanye_Trump. (Space Force)\ud83d\udc8e", "screen_name": "Barack_McBush", "location": "Corporate headquarters", "description": "Charitable Donations: #Crypto to:   #ethereum : 0x1254dbe17a2608C8bBCBee6963d975db2b03ccB3   #bitcoin: 1HYHhkqj7gBwLQ6fJf3xARuW615C6vYHAV #FeedTheNeed", "url": null, "entities": {"description": {"urls": []}}, "protected": false, "followers_count": 2983, "friends_count": 3573, "listed_count": 115, "created_at": "Wed Sep 28 01:45:38 +0000 2011", "favourites_count": 239769, "utc_offset": null, "time_zone": null, "geo_enabled": false, "verified": false, "statuses_count": 245299, "lang": null, "contributors_enabled": false, "is_translator": false, "is_translation_enabled": false, "profile_background_color": "352726", "profile_background_image_url": "http://abs.twimg.com/images/themes/theme5/bg.gif", "profile_background_image_url_https": "https://abs.twimg.com/images/themes/theme5/bg.gif", "profile_background_tile": true, "profile_image_url": "http://pbs.twimg.com/profile_images/815590747185430528/oLYiBAs1_normal.jpg", "profile_image_url_https": "https://pbs.twimg.com/profile_images/815590747185430528/oLYiBAs1_normal.jpg", "profile_banner_url": "https://pbs.twimg.com/profile_banners/381276559/1505765902", "profile_link_color": "D02B55", "profile_sidebar_border_color": "000000", "profile_sidebar_fill_color": "99CC33", "profile_text_color": "3E4415", "profile_use_background_image": true, "has_extended_profile": false, "default_profile": false, "default_profile_image": false, "following": false, "follow_request_sent": false, "notifications": false, "translator_type": "none"}, "geo": null, "coordinates": null, "place": null, "contributors": null, "is_quote_status": false, "retweet_count": 0, "favorite_count": 0, "favorited": false, "retweeted": false, "lang": "en", "reply_count": 0}