{"created_at": "Sun Mar 31 10:41:05 +0000 2013", "id": 318311985085296640, "id_str": "318311985085296640", "full_text": "Happy Easter \u201c@Cmdr_Hadfield: uova nello spazio )http://t.co/5ou1U1uCOB\u201d", "truncated": false, "display_text_range": [0, 72], "entities": {"hashtags": [], "symbols": [], "user_mentions": [{"screen_name": "Cmdr_Hadfield", "name": "Chris Hadfield", "id": 186154646, "id_str": "186154646", "indices": [14, 28]}], "urls": [], "media": [{"id": 318280266751811584, "id_str": "318280266751811584", "indices": [49, 71], "media_url": "http://pbs.twimg.com/media/BGrCN17CIAAR12r.jpg", "media_url_https": "https://pbs.twimg.com/media/BGrCN17CIAAR12r.jpg", "url": "http://t.co/5ou1U1uCOB", "display_url": "pic.twitter.com/5ou1U1uCOB", "expanded_url": "https://twitter.com/Cmdr_Hadfield/status/318280266747617280/photo/1", "type": "photo", "sizes": {"small": {"w": 680, "h": 452, "resize": "fit"}, "thumb": {"w": 150, "h": 150, "resize": "crop"}, "large": {"w": 1024, "h": 681, "resize": "fit"}, "medium": {"w": 1024, "h": 681, "resize": "fit"}}, "source_status_id": 318280266747617280, "source_status_id_str": "318280266747617280", "source_user_id": 186154646, "source_user_id_str": "186154646"}]}, "extended_entities": {"media": [{"id": 318280266751811584, "id_str": "318280266751811584", "indices": [49, 71], "media_url": "http://pbs.twimg.com/media/BGrCN17CIAAR12r.jpg", "media_url_https": "https://pbs.twimg.com/media/BGrCN17CIAAR12r.jpg", "url": "http://t.co/5ou1U1uCOB", "display_url": "pic.twitter.com/5ou1U1uCOB", "expanded_url": "https://twitter.com/Cmdr_Hadfield/status/318280266747617280/photo/1", "type": "photo", "sizes": {"small": {"w": 680, "h": 452, "resize": "fit"}, "thumb": {"w": 150, "h": 150, "resize": "crop"}, "large": {"w": 1024, "h": 681, "resize": "fit"}, "medium": {"w": 1024, "h": 681, "resize": "fit"}}, "source_status_id": 318280266747617280, "source_status_id_str": "318280266747617280", "source_user_id": 186154646, "source_user_id_str": "186154646"}]}, "source": "<a href=\"http://twitter.com/#!/download/ipad\" rel=\"nofollow\">Twitter for iPad</a>", "in_reply_to_status_id": 318280266747617280, "in_reply_to_status_id_str": "318280266747617280", "in_reply_to_user_id": 186154646, "in_reply_to_user_id_str": "186154646", "in_reply_to_screen_name": "Cmdr_Hadfield", "user": {"id": 454968168, "id_str": "454968168", "name": "eva cruciani", "screen_name": "evacruciani", "location": "Italy", "description": "Siamo fatti per pochi. \nSe dovessero cercarmi, miei segni particolari: incanto e disperazione.", "url": null, "entities": {"description": {"urls": []}}, "protected": false, "followers_count": 13519, "friends_count": 2178, "listed_count": 264, "created_at": "Wed Jan 04 15:55:27 +0000 2012", "favourites_count": 120786, "utc_offset": null, "time_zone": null, "geo_enabled": false, "verified": false, "statuses_count": 46916, "lang": null, "contributors_enabled": false, "is_translator": false, "is_translation_enabled": false, "profile_background_color": "C0DEED", "profile_background_image_url": "http://abs.twimg.com/images/themes/theme1/bg.png", "profile_background_image_url_https": "https://abs.twimg.com/images/themes/theme1/bg.png", "profile_background_tile": false, "profile_image_url": "http://pbs.twimg.com/profile_images/2805969230/e2a08698160597e34a1162e77d9a353a_normal.jpeg", "profile_image_url_https": "https://pbs.twimg.com/profile_images/2805969230/e2a08698160597e34a1162e77d9a353a_normal.jpeg", "profile_banner_url": "https://pbs.twimg.com/profile_banners/454968168/1402171322", "profile_link_color": "1DA1F2", "profile_sidebar_border_color": "C0DEED", "profile_sidebar_fill_color": "DDEEF6", "profile_text_color": "333333", "profile_use_background_image": true, "has_extended_profile": false, "default_profile": true, "default_profile_image": false, "following": false, "follow_request_sent": false, "notifications": false, "translator_type": "none"}, "geo": null, "coordinates": null, "place": null, "contributors": null, "is_quote_status": false, "retweet_count": 2, "favorite_count": 2, "favorited": false, "retweeted": false, "possibly_sensitive": false, "possibly_sensitive_appealable": false, "lang": "it", "reply_count": 0}