{"created_at": "Sun Mar 31 10:52:19 +0000 2013", "id": 318314811819692033, "id_str": "318314811819692033", "full_text": "@ISS_Research @Cmdr_Hadfield id tape a few outside! (evil laugh).", "truncated": false, "display_text_range": [0, 65], "entities": {"hashtags": [], "symbols": [], "user_mentions": [{"screen_name": "ISS_Research", "name": "ISS Research", "id": 189253902, "id_str": "189253902", "indices": [0, 13]}, {"screen_name": "Cmdr_Hadfield", "name": "Chris Hadfield", "id": 186154646, "id_str": "186154646", "indices": [14, 28]}], "urls": []}, "source": "<a href=\"http://twitter.com/download/android\" rel=\"nofollow\">Twitter for Android</a>", "in_reply_to_status_id": 318284083501342720, "in_reply_to_status_id_str": "318284083501342720", "in_reply_to_user_id": 189253902, "in_reply_to_user_id_str": "189253902", "in_reply_to_screen_name": "ISS_Research", "user": {"id": 336440938, "id_str": "336440938", "name": "Si", "screen_name": "Simonthecyclist", "location": "London", "description": "", "url": "https://t.co/2oDyLDiyGm", "entities": {"url": {"urls": [{"url": "https://t.co/2oDyLDiyGm", "expanded_url": "https://www.flickr.com/people/simonthecyclist/", "display_url": "flickr.com/people/simonth\u2026", "indices": [0, 23]}]}, "description": {"urls": []}}, "protected": false, "followers_count": 90, "friends_count": 102, "listed_count": 0, "created_at": "Sat Jul 16 09:01:08 +0000 2011", "favourites_count": 1441, "utc_offset": null, "time_zone": null, "geo_enabled": true, "verified": false, "statuses_count": 5852, "lang": null, "contributors_enabled": false, "is_translator": false, "is_translation_enabled": false, "profile_background_color": "000000", "profile_background_image_url": "http://abs.twimg.com/images/themes/theme5/bg.gif", "profile_background_image_url_https": "https://abs.twimg.com/images/themes/theme5/bg.gif", "profile_background_tile": false, "profile_image_url": "http://pbs.twimg.com/profile_images/1271083865935929344/GWDOnMlQ_normal.jpg", "profile_image_url_https": "https://pbs.twimg.com/profile_images/1271083865935929344/GWDOnMlQ_normal.jpg", "profile_banner_url": "https://pbs.twimg.com/profile_banners/336440938/1370776581", "profile_link_color": "FA743E", "profile_sidebar_border_color": "000000", "profile_sidebar_fill_color": "000000", "profile_text_color": "000000", "profile_use_background_image": false, "has_extended_profile": false, "default_profile": false, "default_profile_image": false, "following": false, "follow_request_sent": false, "notifications": false, "translator_type": "none"}, "geo": null, "coordinates": null, "place": null, "contributors": null, "is_quote_status": false, "retweet_count": 0, "favorite_count": 0, "favorited": false, "retweeted": false, "lang": "en", "reply_count": 0}