{"created_at": "Sun Mar 31 13:54:42 +0000 2013", "id": 318360708586823680, "id_str": "318360708586823680", "full_text": "@ISS_Research ....the Universe is the limit. :)", "truncated": false, "display_text_range": [0, 47], "entities": {"hashtags": [], "symbols": [], "user_mentions": [{"screen_name": "ISS_Research", "name": "ISS Research", "id": 189253902, "id_str": "189253902", "indices": [0, 13]}], "urls": []}, "source": "<a href=\"http://twitter.com/download/android\" rel=\"nofollow\">Twitter for Android</a>", "in_reply_to_status_id": 318284083501342720, "in_reply_to_status_id_str": "318284083501342720", "in_reply_to_user_id": 189253902, "in_reply_to_user_id_str": "189253902", "in_reply_to_screen_name": "ISS_Research", "user": {"id": 77647772, "id_str": "77647772", "name": "Laura Austin", "screen_name": "LAismylady", "location": "Ontario, Canada", "description": "I love the wonder & Magic of Space & Astronomy \ud83c\udf17 Sports baseball \u26be\ufe0f Go @tigers Hockey \ud83c\udfd2Go @mapleleafs Go #LeafsForever Photography always a camera in my hand.", "url": "https://t.co/uz0owCqVl0", "entities": {"url": {"urls": [{"url": "https://t.co/uz0owCqVl0", "expanded_url": "https://Instagram.com/laismylady/", "display_url": "Instagram.com/laismylady/", "indices": [0, 23]}]}, "description": {"urls": []}}, "protected": false, "followers_count": 850, "friends_count": 700, "listed_count": 84, "created_at": "Sun Sep 27 03:21:07 +0000 2009", "favourites_count": 24334, "utc_offset": null, "time_zone": null, "geo_enabled": true, "verified": false, "statuses_count": 36286, "lang": null, "contributors_enabled": false, "is_translator": false, "is_translation_enabled": false, "profile_background_color": "4A00B8", "profile_background_image_url": "http://abs.twimg.com/images/themes/theme9/bg.gif", "profile_background_image_url_https": "https://abs.twimg.com/images/themes/theme9/bg.gif", "profile_background_tile": true, "profile_image_url": "http://pbs.twimg.com/profile_images/2701856028/fba5e68c1cd93b090778efc9ae2831e0_normal.png", "profile_image_url_https": "https://pbs.twimg.com/profile_images/2701856028/fba5e68c1cd93b090778efc9ae2831e0_normal.png", "profile_banner_url": "https://pbs.twimg.com/profile_banners/77647772/1584736110", "profile_link_color": "4A00B8", "profile_sidebar_border_color": "1850A3", "profile_sidebar_fill_color": "176AE6", "profile_text_color": "080208", "profile_use_background_image": true, "has_extended_profile": false, "default_profile": false, "default_profile_image": false, "following": false, "follow_request_sent": false, "notifications": false, "translator_type": "none"}, "geo": null, "coordinates": null, "place": null, "contributors": null, "is_quote_status": false, "retweet_count": 0, "favorite_count": 0, "favorited": false, "retweeted": false, "lang": "en", "reply_count": 0}