{"created_at": "Sun Mar 31 10:28:28 +0000 2013", "id": 318308807816138752, "id_str": "318308807816138752", "full_text": "@ISS_Research @Cmdr_Hadfield Outside. :-)", "truncated": false, "display_text_range": [0, 41], "entities": {"hashtags": [], "symbols": [], "user_mentions": [{"screen_name": "ISS_Research", "name": "ISS Research", "id": 189253902, "id_str": "189253902", "indices": [0, 13]}, {"screen_name": "Cmdr_Hadfield", "name": "Chris Hadfield", "id": 186154646, "id_str": "186154646", "indices": [14, 28]}], "urls": []}, "source": "<a href=\"http://twitter.com\" rel=\"nofollow\">Twitter Web Client</a>", "in_reply_to_status_id": 318284083501342720, "in_reply_to_status_id_str": "318284083501342720", "in_reply_to_user_id": 189253902, "in_reply_to_user_id_str": "189253902", "in_reply_to_screen_name": "ISS_Research", "user": {"id": 330307628, "id_str": "330307628", "name": "Stephen C. Smith", "screen_name": "WordsmithFL", "location": "Merritt Island, FL", "description": "I am a long-time advocate of space exploration, settlement and commerce. I also have a fascination with the \"Tomorrowland\" movie and tweet about politics.", "url": "https://t.co/PSFI0cIQs3", "entities": {"url": {"urls": [{"url": "https://t.co/PSFI0cIQs3", "expanded_url": "http://www.plusultratales.org/", "display_url": "plusultratales.org", "indices": [0, 23]}]}, "description": {"urls": []}}, "protected": false, "followers_count": 2802, "friends_count": 655, "listed_count": 188, "created_at": "Wed Jul 06 12:36:26 +0000 2011", "favourites_count": 18803, "utc_offset": null, "time_zone": null, "geo_enabled": false, "verified": false, "statuses_count": 42942, "lang": null, "contributors_enabled": false, "is_translator": false, "is_translation_enabled": false, "profile_background_color": "000000", "profile_background_image_url": "http://abs.twimg.com/images/themes/theme4/bg.gif", "profile_background_image_url_https": "https://abs.twimg.com/images/themes/theme4/bg.gif", "profile_background_tile": false, "profile_image_url": "http://pbs.twimg.com/profile_images/819705963494121472/Sdo7pZaM_normal.jpg", "profile_image_url_https": "https://pbs.twimg.com/profile_images/819705963494121472/Sdo7pZaM_normal.jpg", "profile_link_color": "1B95E0", "profile_sidebar_border_color": "000000", "profile_sidebar_fill_color": "000000", "profile_text_color": "000000", "profile_use_background_image": false, "has_extended_profile": false, "default_profile": false, "default_profile_image": false, "following": false, "follow_request_sent": false, "notifications": false, "translator_type": "none"}, "geo": null, "coordinates": null, "place": null, "contributors": null, "is_quote_status": false, "retweet_count": 0, "favorite_count": 0, "favorited": false, "retweeted": false, "lang": "en", "reply_count": 0}