{"created_at": "Sun Mar 31 13:43:20 +0000 2013", "id": 318357846477660160, "id_str": "318357846477660160", "full_text": "@ISS_Research @cmdr_hadfield At the end of the Canadarm! A good reason for a EVA...", "truncated": false, "display_text_range": [0, 83], "entities": {"hashtags": [], "symbols": [], "user_mentions": [{"screen_name": "ISS_Research", "name": "ISS Research", "id": 189253902, "id_str": "189253902", "indices": [0, 13]}, {"screen_name": "Cmdr_Hadfield", "name": "Chris Hadfield", "id": 186154646, "id_str": "186154646", "indices": [14, 28]}], "urls": []}, "source": "<a href=\"http://itunes.apple.com/us/app/twitter/id409789998?mt=12\" rel=\"nofollow\">Twitter for Mac</a>", "in_reply_to_status_id": 318284083501342720, "in_reply_to_status_id_str": "318284083501342720", "in_reply_to_user_id": 189253902, "in_reply_to_user_id_str": "189253902", "in_reply_to_screen_name": "ISS_Research", "user": {"id": 392396646, "id_str": "392396646", "name": "Dominic Brassard", "screen_name": "Zeech96", "location": "Qu\u00e9bec, Canada", "description": "Data Scientist & Tech Geek", "url": "https://t.co/wPvrOM25NC", "entities": {"url": {"urls": [{"url": "https://t.co/wPvrOM25NC", "expanded_url": "https://www.youtube.com/c/CozmoZ", "display_url": "youtube.com/c/CozmoZ", "indices": [0, 23]}]}, "description": {"urls": []}}, "protected": false, "followers_count": 53, "friends_count": 356, "listed_count": 1, "created_at": "Sun Oct 16 23:52:38 +0000 2011", "favourites_count": 526, "utc_offset": null, "time_zone": null, "geo_enabled": true, "verified": false, "statuses_count": 255, "lang": null, "contributors_enabled": false, "is_translator": false, "is_translation_enabled": false, "profile_background_color": "022330", "profile_background_image_url": "http://abs.twimg.com/images/themes/theme15/bg.png", "profile_background_image_url_https": "https://abs.twimg.com/images/themes/theme15/bg.png", "profile_background_tile": false, "profile_image_url": "http://pbs.twimg.com/profile_images/490477606991450112/ayqgQXwG_normal.jpeg", "profile_image_url_https": "https://pbs.twimg.com/profile_images/490477606991450112/ayqgQXwG_normal.jpeg", "profile_banner_url": "https://pbs.twimg.com/profile_banners/392396646/1405774097", "profile_link_color": "0084B4", "profile_sidebar_border_color": "A8C7F7", "profile_sidebar_fill_color": "C0DFEC", "profile_text_color": "333333", "profile_use_background_image": true, "has_extended_profile": false, "default_profile": false, "default_profile_image": false, "following": false, "follow_request_sent": false, "notifications": false, "translator_type": "none"}, "geo": null, "coordinates": null, "place": null, "contributors": null, "is_quote_status": false, "retweet_count": 0, "favorite_count": 0, "favorited": false, "retweeted": false, "lang": "en", "reply_count": 0}