{"created_at": "Sun Mar 31 13:16:58 +0000 2013", "id": 318351210971275264, "id_str": "318351210971275264", "full_text": ".@ISS_Research -- Uranus! (Too easy...)", "truncated": false, "display_text_range": [0, 39], "entities": {"hashtags": [], "symbols": [], "user_mentions": [{"screen_name": "ISS_Research", "name": "ISS Research", "id": 189253902, "id_str": "189253902", "indices": [1, 14]}], "urls": []}, "source": "<a href=\"http://twitter.com/download/android\" rel=\"nofollow\">Twitter for Android</a>", "in_reply_to_status_id": 318284083501342720, "in_reply_to_status_id_str": "318284083501342720", "in_reply_to_user_id": 189253902, "in_reply_to_user_id_str": "189253902", "in_reply_to_screen_name": "ISS_Research", "user": {"id": 327204406, "id_str": "327204406", "name": "Matt Timberlake", "screen_name": "DamnBigFeet", "location": "Mount Forest, Ontario", "description": "Teacher, Mascot, & Tough Mudder Brand Ambassador\n\n$10 off 5k/Classic/Tougher- BRAND206143\n\n$20 off Toughest Mudder/World's Toughest Mudder - BRAND20RS8464", "url": null, "entities": {"description": {"urls": []}}, "protected": false, "followers_count": 50, "friends_count": 283, "listed_count": 1, "created_at": "Fri Jul 01 04:58:59 +0000 2011", "favourites_count": 280, "utc_offset": null, "time_zone": null, "geo_enabled": false, "verified": false, "statuses_count": 930, "lang": null, "contributors_enabled": false, "is_translator": false, "is_translation_enabled": false, "profile_background_color": "C0DEED", "profile_background_image_url": "http://abs.twimg.com/images/themes/theme1/bg.png", "profile_background_image_url_https": "https://abs.twimg.com/images/themes/theme1/bg.png", "profile_background_tile": false, "profile_image_url": "http://pbs.twimg.com/profile_images/1212917924454899714/yfy5pnEj_normal.jpg", "profile_image_url_https": "https://pbs.twimg.com/profile_images/1212917924454899714/yfy5pnEj_normal.jpg", "profile_link_color": "1DA1F2", "profile_sidebar_border_color": "C0DEED", "profile_sidebar_fill_color": "DDEEF6", "profile_text_color": "333333", "profile_use_background_image": true, "has_extended_profile": false, "default_profile": true, "default_profile_image": false, "following": false, "follow_request_sent": false, "notifications": false, "translator_type": "none"}, "geo": null, "coordinates": null, "place": null, "contributors": null, "is_quote_status": false, "retweet_count": 0, "favorite_count": 0, "favorited": false, "retweeted": false, "lang": "en", "reply_count": 0}