{"created_at": "Sun Mar 31 12:19:35 +0000 2013", "id": 318336772599869440, "id_str": "318336772599869440", "full_text": "@ISS_Research @Cmdr_Hadfield Outside! Grab it with the robot arm! Eggsssss Innnnnn Spaccceee!", "truncated": false, "display_text_range": [0, 93], "entities": {"hashtags": [], "symbols": [], "user_mentions": [{"screen_name": "ISS_Research", "name": "ISS Research", "id": 189253902, "id_str": "189253902", "indices": [0, 13]}, {"screen_name": "Cmdr_Hadfield", "name": "Chris Hadfield", "id": 186154646, "id_str": "186154646", "indices": [14, 28]}], "urls": []}, "source": "<a href=\"http://twitter.com/download/android\" rel=\"nofollow\">Twitter for Android</a>", "in_reply_to_status_id": 318284083501342720, "in_reply_to_status_id_str": "318284083501342720", "in_reply_to_user_id": 189253902, "in_reply_to_user_id_str": "189253902", "in_reply_to_screen_name": "ISS_Research", "user": {"id": 15726594, "id_str": "15726594", "name": "Glen Turner", "screen_name": "glen_turner2002", "location": "Warrington, Cheshire, UK", "description": "Electrician, Radio Amateur, Vision Engineer. Pigeon Whisperer and Cat Lover.", "url": null, "entities": {"description": {"urls": []}}, "protected": false, "followers_count": 74, "friends_count": 493, "listed_count": 2, "created_at": "Mon Aug 04 19:33:18 +0000 2008", "favourites_count": 5381, "utc_offset": null, "time_zone": null, "geo_enabled": false, "verified": false, "statuses_count": 3262, "lang": null, "contributors_enabled": false, "is_translator": false, "is_translation_enabled": false, "profile_background_color": "9AE4E8", "profile_background_image_url": "http://abs.twimg.com/images/themes/theme1/bg.png", "profile_background_image_url_https": "https://abs.twimg.com/images/themes/theme1/bg.png", "profile_background_tile": true, "profile_image_url": "http://pbs.twimg.com/profile_images/608414195768541185/8yfjLv1P_normal.jpg", "profile_image_url_https": "https://pbs.twimg.com/profile_images/608414195768541185/8yfjLv1P_normal.jpg", "profile_banner_url": "https://pbs.twimg.com/profile_banners/15726594/1357507808", "profile_link_color": "0000FF", "profile_sidebar_border_color": "87BC44", "profile_sidebar_fill_color": "E0FF92", "profile_text_color": "000000", "profile_use_background_image": true, "has_extended_profile": false, "default_profile": false, "default_profile_image": false, "following": false, "follow_request_sent": false, "notifications": false, "translator_type": "none"}, "geo": null, "coordinates": null, "place": null, "contributors": null, "is_quote_status": false, "retweet_count": 0, "favorite_count": 0, "favorited": false, "retweeted": false, "lang": "en", "reply_count": 0}