{"created_at": "Sun Mar 31 14:33:17 +0000 2013", "id": 318370420556443649, "id_str": "318370420556443649", "full_text": "Secret identity of the Easter Bunny?? @Cmdr_Hadfield: Don't tell my crew, but I brought them Easter Eggs :) http://t.co/o94sf2eYdE", "truncated": false, "display_text_range": [0, 130], "entities": {"hashtags": [], "symbols": [], "user_mentions": [{"screen_name": "Cmdr_Hadfield", "name": "Chris Hadfield", "id": 186154646, "id_str": "186154646", "indices": [38, 52]}], "urls": [], "media": [{"id": 318280266751811584, "id_str": "318280266751811584", "indices": [108, 130], "media_url": "http://pbs.twimg.com/media/BGrCN17CIAAR12r.jpg", "media_url_https": "https://pbs.twimg.com/media/BGrCN17CIAAR12r.jpg", "url": "http://t.co/o94sf2eYdE", "display_url": "pic.twitter.com/o94sf2eYdE", "expanded_url": "https://twitter.com/Cmdr_Hadfield/status/318280266747617280/photo/1", "type": "photo", "sizes": {"small": {"w": 680, "h": 452, "resize": "fit"}, "thumb": {"w": 150, "h": 150, "resize": "crop"}, "large": {"w": 1024, "h": 681, "resize": "fit"}, "medium": {"w": 1024, "h": 681, "resize": "fit"}}, "source_status_id": 318280266747617280, "source_status_id_str": "318280266747617280", "source_user_id": 186154646, "source_user_id_str": "186154646"}]}, "extended_entities": {"media": [{"id": 318280266751811584, "id_str": "318280266751811584", "indices": [108, 130], "media_url": "http://pbs.twimg.com/media/BGrCN17CIAAR12r.jpg", "media_url_https": "https://pbs.twimg.com/media/BGrCN17CIAAR12r.jpg", "url": "http://t.co/o94sf2eYdE", "display_url": "pic.twitter.com/o94sf2eYdE", "expanded_url": "https://twitter.com/Cmdr_Hadfield/status/318280266747617280/photo/1", "type": "photo", "sizes": {"small": {"w": 680, "h": 452, "resize": "fit"}, "thumb": {"w": 150, "h": 150, "resize": "crop"}, "large": {"w": 1024, "h": 681, "resize": "fit"}, "medium": {"w": 1024, "h": 681, "resize": "fit"}}, "source_status_id": 318280266747617280, "source_status_id_str": "318280266747617280", "source_user_id": 186154646, "source_user_id_str": "186154646"}]}, "source": "<a href=\"http://twitter.com/#!/download/ipad\" rel=\"nofollow\">Twitter for iPad</a>", "in_reply_to_status_id": 318280266747617280, "in_reply_to_status_id_str": "318280266747617280", "in_reply_to_user_id": 186154646, "in_reply_to_user_id_str": "186154646", "in_reply_to_screen_name": "Cmdr_Hadfield", "user": {"id": 14807898, "id_str": "14807898", "name": "Lady Lakdawalla of Baltis Vallis", "screen_name": "elakdawalla", "location": "Pasadena, CA", "description": "Solar System Specialist, The Planetary Society. Planetary scientist, author, speaker, asteroid 274860. Views are my own & not those of employer. \ud83c\udff3\ufe0f\u200d\ud83c\udf08 she/her", "url": "http://t.co/p8pGh3SB27", "entities": {"url": {"urls": [{"url": "http://t.co/p8pGh3SB27", "expanded_url": "http://planetary.org/emily", "display_url": "planetary.org/emily", "indices": [0, 22]}]}, "description": {"urls": []}}, "protected": false, "followers_count": 168967, "friends_count": 2631, "listed_count": 4665, "created_at": "Sat May 17 04:43:01 +0000 2008", "favourites_count": 4972, "utc_offset": null, "time_zone": null, "geo_enabled": false, "verified": false, "statuses_count": 73704, "lang": null, "contributors_enabled": false, "is_translator": false, "is_translation_enabled": false, "profile_background_color": "642D8B", "profile_background_image_url": "http://abs.twimg.com/images/themes/theme1/bg.png", "profile_background_image_url_https": "https://abs.twimg.com/images/themes/theme1/bg.png", "profile_background_tile": true, "profile_image_url": "http://pbs.twimg.com/profile_images/887722406483181568/oW78EKXI_normal.jpg", "profile_image_url_https": "https://pbs.twimg.com/profile_images/887722406483181568/oW78EKXI_normal.jpg", "profile_banner_url": "https://pbs.twimg.com/profile_banners/14807898/1577726927", "profile_link_color": "1918CD", "profile_sidebar_border_color": "65B0DA", "profile_sidebar_fill_color": "7AC3EE", "profile_text_color": "3D1957", "profile_use_background_image": true, "has_extended_profile": true, "default_profile": false, "default_profile_image": false, "following": false, "follow_request_sent": false, "notifications": false, "translator_type": "none"}, "geo": null, "coordinates": null, "place": null, "contributors": null, "is_quote_status": false, "retweet_count": 14, "favorite_count": 8, "favorited": false, "retweeted": false, "possibly_sensitive": false, "possibly_sensitive_appealable": false, "lang": "en", "reply_count": 3}