{"created_at": "Sun Mar 31 14:10:00 +0000 2013", "id": 318364561067626496, "id_str": "318364561067626496", "full_text": "\u201c@csa_asc: Happy Easter, Chris and crew! \u201c@Cmdr_Hadfield: Don't tell my crew, but I brought them Easter Eggs :) http://t.co/msi3jdfFjk\u201d\u201d", "truncated": false, "display_text_range": [0, 136], "entities": {"hashtags": [], "symbols": [], "user_mentions": [{"screen_name": "csa_asc", "name": "CanadianSpaceAgency", "id": 93714983, "id_str": "93714983", "indices": [1, 9]}, {"screen_name": "Cmdr_Hadfield", "name": "Chris Hadfield", "id": 186154646, "id_str": "186154646", "indices": [42, 56]}], "urls": [], "media": [{"id": 318280266751811584, "id_str": "318280266751811584", "indices": [112, 134], "media_url": "http://pbs.twimg.com/media/BGrCN17CIAAR12r.jpg", "media_url_https": "https://pbs.twimg.com/media/BGrCN17CIAAR12r.jpg", "url": "http://t.co/msi3jdfFjk", "display_url": "pic.twitter.com/msi3jdfFjk", "expanded_url": "https://twitter.com/Cmdr_Hadfield/status/318280266747617280/photo/1", "type": "photo", "sizes": {"small": {"w": 680, "h": 452, "resize": "fit"}, "thumb": {"w": 150, "h": 150, "resize": "crop"}, "large": {"w": 1024, "h": 681, "resize": "fit"}, "medium": {"w": 1024, "h": 681, "resize": "fit"}}, "source_status_id": 318280266747617280, "source_status_id_str": "318280266747617280", "source_user_id": 186154646, "source_user_id_str": "186154646"}]}, "extended_entities": {"media": [{"id": 318280266751811584, "id_str": "318280266751811584", "indices": [112, 134], "media_url": "http://pbs.twimg.com/media/BGrCN17CIAAR12r.jpg", "media_url_https": "https://pbs.twimg.com/media/BGrCN17CIAAR12r.jpg", "url": "http://t.co/msi3jdfFjk", "display_url": "pic.twitter.com/msi3jdfFjk", "expanded_url": "https://twitter.com/Cmdr_Hadfield/status/318280266747617280/photo/1", "type": "photo", "sizes": {"small": {"w": 680, "h": 452, "resize": "fit"}, "thumb": {"w": 150, "h": 150, "resize": "crop"}, "large": {"w": 1024, "h": 681, "resize": "fit"}, "medium": {"w": 1024, "h": 681, "resize": "fit"}}, "source_status_id": 318280266747617280, "source_status_id_str": "318280266747617280", "source_user_id": 186154646, "source_user_id_str": "186154646"}]}, "source": "<a href=\"http://twitter.com/#!/download/ipad\" rel=\"nofollow\">Twitter for iPad</a>", "in_reply_to_status_id": 318343305119297537, "in_reply_to_status_id_str": "318343305119297537", "in_reply_to_user_id": 93714983, "in_reply_to_user_id_str": "93714983", "in_reply_to_screen_name": "csa_asc", "user": {"id": 18658255, "id_str": "18658255", "name": "Rob Drysdale", "screen_name": "projmgr", "location": "Toronto, Canada", "description": "Sr. Program Manager Tweet about a variety of things esp. science, space &engineering. #CSATweetup #NASASocial #SocialSpace #SpaceUpEU", "url": null, "entities": {"description": {"urls": []}}, "protected": false, "followers_count": 1257, "friends_count": 1381, "listed_count": 169, "created_at": "Tue Jan 06 02:38:19 +0000 2009", "favourites_count": 4950, "utc_offset": null, "time_zone": null, "geo_enabled": false, "verified": false, "statuses_count": 41456, "lang": null, "contributors_enabled": false, "is_translator": false, "is_translation_enabled": false, "profile_background_color": "C0DEED", "profile_background_image_url": "http://abs.twimg.com/images/themes/theme5/bg.gif", "profile_background_image_url_https": "https://abs.twimg.com/images/themes/theme5/bg.gif", "profile_background_tile": true, "profile_image_url": "http://pbs.twimg.com/profile_images/76875942/Robs_Avatar2_normal.png", "profile_image_url_https": "https://pbs.twimg.com/profile_images/76875942/Robs_Avatar2_normal.png", "profile_banner_url": "https://pbs.twimg.com/profile_banners/18658255/1395531106", "profile_link_color": "0084B4", "profile_sidebar_border_color": "C0DEED", "profile_sidebar_fill_color": "DDEEF6", "profile_text_color": "333333", "profile_use_background_image": true, "has_extended_profile": false, "default_profile": false, "default_profile_image": false, "following": false, "follow_request_sent": false, "notifications": false, "translator_type": "none"}, "geo": null, "coordinates": null, "place": null, "contributors": null, "is_quote_status": false, "retweet_count": 0, "favorite_count": 0, "favorited": false, "retweeted": false, "possibly_sensitive": false, "possibly_sensitive_appealable": false, "lang": "en", "reply_count": 0}