{"created_at": "Sun Mar 31 20:45:50 +0000 2013", "id": 318464173115846657, "id_str": "318464173115846657", "full_text": "@elakdawalla @Cmdr_Hadfield didn't see them on the Dragon manifest!", "truncated": false, "display_text_range": [0, 67], "entities": {"hashtags": [], "symbols": [], "user_mentions": [{"screen_name": "elakdawalla", "name": "Lady Lakdawalla of Baltis Vallis", "id": 14807898, "id_str": "14807898", "indices": [0, 12]}, {"screen_name": "Cmdr_Hadfield", "name": "Chris Hadfield", "id": 186154646, "id_str": "186154646", "indices": [13, 27]}], "urls": []}, "source": "<a href=\"https://twitterrific.com/ios\" rel=\"nofollow\">Twitterrific for iOS</a>", "in_reply_to_status_id": 318370420556443649, "in_reply_to_status_id_str": "318370420556443649", "in_reply_to_user_id": 14807898, "in_reply_to_user_id_str": "14807898", "in_reply_to_screen_name": "elakdawalla", "user": {"id": 44848006, "id_str": "44848006", "name": "Ashley Kerlin", "screen_name": "AshleyInTheory", "location": "Moreton Bay, Brisbane", "description": "Shebah | Science Comms | fmr Resident Astronomer Sossusvlei Desert Lodge Namibia | NASA DSN Guide | Singer | Space geek | Photographer | Discovering Me 2.0", "url": null, "entities": {"description": {"urls": []}}, "protected": false, "followers_count": 1165, "friends_count": 145, "listed_count": 81, "created_at": "Fri Jun 05 08:03:44 +0000 2009", "favourites_count": 322, "utc_offset": null, "time_zone": null, "geo_enabled": false, "verified": false, "statuses_count": 31673, "lang": null, "contributors_enabled": false, "is_translator": false, "is_translation_enabled": false, "profile_background_color": "3A5179", "profile_background_image_url": "http://abs.twimg.com/images/themes/theme9/bg.gif", "profile_background_image_url_https": "https://abs.twimg.com/images/themes/theme9/bg.gif", "profile_background_tile": false, "profile_image_url": "http://pbs.twimg.com/profile_images/1257562483499233280/SPZ3kepE_normal.jpg", "profile_image_url_https": "https://pbs.twimg.com/profile_images/1257562483499233280/SPZ3kepE_normal.jpg", "profile_banner_url": "https://pbs.twimg.com/profile_banners/44848006/1480373508", "profile_link_color": "981CEB", "profile_sidebar_border_color": "FFFFFF", "profile_sidebar_fill_color": "D1C8B0", "profile_text_color": "3F2A2E", "profile_use_background_image": true, "has_extended_profile": false, "default_profile": false, "default_profile_image": false, "following": false, "follow_request_sent": false, "notifications": false, "translator_type": "none"}, "geo": null, "coordinates": null, "place": null, "contributors": null, "is_quote_status": false, "retweet_count": 0, "favorite_count": 0, "favorited": false, "retweeted": false, "lang": "en", "reply_count": 0}