{"created_at": "Sun Mar 31 18:48:35 +0000 2013", "id": 318434669022572546, "id_str": "318434669022572546", "full_text": ":) RT @Cmdr_Hadfield: Don't tell my crew, but I brought them Easter Eggs :) http://t.co/WndBMdp5RD", "truncated": false, "display_text_range": [0, 98], "entities": {"hashtags": [], "symbols": [], "user_mentions": [{"screen_name": "Cmdr_Hadfield", "name": "Chris Hadfield", "id": 186154646, "id_str": "186154646", "indices": [6, 20]}], "urls": [], "media": [{"id": 318280266751811584, "id_str": "318280266751811584", "indices": [76, 98], "media_url": "http://pbs.twimg.com/media/BGrCN17CIAAR12r.jpg", "media_url_https": "https://pbs.twimg.com/media/BGrCN17CIAAR12r.jpg", "url": "http://t.co/WndBMdp5RD", "display_url": "pic.twitter.com/WndBMdp5RD", "expanded_url": "https://twitter.com/Cmdr_Hadfield/status/318280266747617280/photo/1", "type": "photo", "sizes": {"small": {"w": 680, "h": 452, "resize": "fit"}, "thumb": {"w": 150, "h": 150, "resize": "crop"}, "large": {"w": 1024, "h": 681, "resize": "fit"}, "medium": {"w": 1024, "h": 681, "resize": "fit"}}, "source_status_id": 318280266747617280, "source_status_id_str": "318280266747617280", "source_user_id": 186154646, "source_user_id_str": "186154646"}]}, "extended_entities": {"media": [{"id": 318280266751811584, "id_str": "318280266751811584", "indices": [76, 98], "media_url": "http://pbs.twimg.com/media/BGrCN17CIAAR12r.jpg", "media_url_https": "https://pbs.twimg.com/media/BGrCN17CIAAR12r.jpg", "url": "http://t.co/WndBMdp5RD", "display_url": "pic.twitter.com/WndBMdp5RD", "expanded_url": "https://twitter.com/Cmdr_Hadfield/status/318280266747617280/photo/1", "type": "photo", "sizes": {"small": {"w": 680, "h": 452, "resize": "fit"}, "thumb": {"w": 150, "h": 150, "resize": "crop"}, "large": {"w": 1024, "h": 681, "resize": "fit"}, "medium": {"w": 1024, "h": 681, "resize": "fit"}}, "source_status_id": 318280266747617280, "source_status_id_str": "318280266747617280", "source_user_id": 186154646, "source_user_id_str": "186154646"}]}, "source": "<a href=\"http://twitter.com/download/iphone\" rel=\"nofollow\">Twitter for iPhone</a>", "in_reply_to_status_id": 318280266747617280, "in_reply_to_status_id_str": "318280266747617280", "in_reply_to_user_id": 186154646, "in_reply_to_user_id_str": "186154646", "in_reply_to_screen_name": "Cmdr_Hadfield", "user": {"id": 184249800, "id_str": "184249800", "name": "Sarah", "screen_name": "cdnrockiesgirl", "location": "Calgary AB", "description": "Hiker, climber and skier living in the city. Outdoor mama. General fan of outdoor/mountain activities :)", "url": "http://t.co/zgwX5JaFuK", "entities": {"url": {"urls": [{"url": "http://t.co/zgwX5JaFuK", "expanded_url": "http://rockiesgirl.wordpress.com", "display_url": "rockiesgirl.wordpress.com", "indices": [0, 22]}]}, "description": {"urls": []}}, "protected": false, "followers_count": 1762, "friends_count": 366, "listed_count": 90, "created_at": "Sun Aug 29 02:23:35 +0000 2010", "favourites_count": 148, "utc_offset": null, "time_zone": null, "geo_enabled": true, "verified": false, "statuses_count": 14428, "lang": null, "contributors_enabled": false, "is_translator": false, "is_translation_enabled": false, "profile_background_color": "B2DFDA", "profile_background_image_url": "http://abs.twimg.com/images/themes/theme13/bg.gif", "profile_background_image_url_https": "https://abs.twimg.com/images/themes/theme13/bg.gif", "profile_background_tile": false, "profile_image_url": "http://pbs.twimg.com/profile_images/1613995472/twit3_normal.jpg", "profile_image_url_https": "https://pbs.twimg.com/profile_images/1613995472/twit3_normal.jpg", "profile_banner_url": "https://pbs.twimg.com/profile_banners/184249800/1348101052", "profile_link_color": "93A644", "profile_sidebar_border_color": "EEEEEE", "profile_sidebar_fill_color": "FFFFFF", "profile_text_color": "333333", "profile_use_background_image": true, "has_extended_profile": false, "default_profile": false, "default_profile_image": false, "following": false, "follow_request_sent": false, "notifications": false, "translator_type": "none"}, "geo": null, "coordinates": null, "place": null, "contributors": null, "is_quote_status": false, "retweet_count": 0, "favorite_count": 1, "favorited": false, "retweeted": false, "possibly_sensitive": false, "possibly_sensitive_appealable": false, "lang": "en", "reply_count": 0}