{"created_at": "Sun Mar 31 23:27:16 +0000 2013", "id": 318504798284546048, "id_str": "318504798284546048", "full_text": "@elakdawalla Perhaps @cmdr_hadfield is Father Christmas as well. It would explain being able to distribute presents globally in one night", "truncated": false, "display_text_range": [0, 137], "entities": {"hashtags": [], "symbols": [], "user_mentions": [{"screen_name": "elakdawalla", "name": "Lady Lakdawalla of Baltis Vallis", "id": 14807898, "id_str": "14807898", "indices": [0, 12]}, {"screen_name": "Cmdr_Hadfield", "name": "Chris Hadfield", "id": 186154646, "id_str": "186154646", "indices": [21, 35]}], "urls": []}, "source": "<a href=\"http://twitter.com/download/iphone\" rel=\"nofollow\">Twitter for iPhone</a>", "in_reply_to_status_id": 318370420556443649, "in_reply_to_status_id_str": "318370420556443649", "in_reply_to_user_id": 14807898, "in_reply_to_user_id_str": "14807898", "in_reply_to_screen_name": "elakdawalla", "user": {"id": 18696750, "id_str": "18696750", "name": "Jonathan Oxer", "screen_name": "jonoxer", "location": "Melbourne, Australia", "description": "Programmer, hardware hacker, random tinkerer, writer, assistive tech, Youtuber. Sometimes I design satellites. He/him", "url": "https://t.co/xcajcPpoFS", "entities": {"url": {"urls": [{"url": "https://t.co/xcajcPpoFS", "expanded_url": "http://www.superhouse.tv", "display_url": "superhouse.tv", "indices": [0, 23]}]}, "description": {"urls": []}}, "protected": false, "followers_count": 5936, "friends_count": 2229, "listed_count": 274, "created_at": "Tue Jan 06 21:36:20 +0000 2009", "favourites_count": 3882, "utc_offset": null, "time_zone": null, "geo_enabled": false, "verified": false, "statuses_count": 8821, "lang": null, "contributors_enabled": false, "is_translator": false, "is_translation_enabled": false, "profile_background_color": "C0DEED", "profile_background_image_url": "http://abs.twimg.com/images/themes/theme1/bg.png", "profile_background_image_url_https": "https://abs.twimg.com/images/themes/theme1/bg.png", "profile_background_tile": false, "profile_image_url": "http://pbs.twimg.com/profile_images/1175303950595026945/qFQtjyOP_normal.jpg", "profile_image_url_https": "https://pbs.twimg.com/profile_images/1175303950595026945/qFQtjyOP_normal.jpg", "profile_link_color": "1DA1F2", "profile_sidebar_border_color": "C0DEED", "profile_sidebar_fill_color": "DDEEF6", "profile_text_color": "333333", "profile_use_background_image": true, "has_extended_profile": true, "default_profile": true, "default_profile_image": false, "following": false, "follow_request_sent": false, "notifications": false, "translator_type": "none"}, "geo": null, "coordinates": null, "place": null, "contributors": null, "is_quote_status": false, "retweet_count": 0, "favorite_count": 0, "favorited": false, "retweeted": false, "lang": "en", "reply_count": 0}