{"created_at": "Tue May 14 05:36:14 +0000 2013", "id": 334180333287272448, "id_str": "334180333287272448", "full_text": "\u201c@ISS_Research: Where do you think @Cmdr_Hadfield should hide eggs for his crew? http://t.co/D8kVEYAwJV\u201d", "truncated": false, "display_text_range": [0, 104], "entities": {"hashtags": [], "symbols": [], "user_mentions": [{"screen_name": "ISS_Research", "name": "ISS Research", "id": 189253902, "id_str": "189253902", "indices": [1, 14]}, {"screen_name": "Cmdr_Hadfield", "name": "Chris Hadfield", "id": 186154646, "id_str": "186154646", "indices": [35, 49]}], "urls": [], "media": [{"id": 318284083509731328, "id_str": "318284083509731328", "indices": [81, 103], "media_url": "http://pbs.twimg.com/media/BGrFsAdCIAAb6wk.jpg", "media_url_https": "https://pbs.twimg.com/media/BGrFsAdCIAAb6wk.jpg", "url": "http://t.co/D8kVEYAwJV", "display_url": "pic.twitter.com/D8kVEYAwJV", "expanded_url": "https://twitter.com/ISS_Research/status/318284083501342720/photo/1", "type": "photo", "sizes": {"small": {"w": 680, "h": 452, "resize": "fit"}, "thumb": {"w": 150, "h": 150, "resize": "crop"}, "large": {"w": 1024, "h": 681, "resize": "fit"}, "medium": {"w": 1024, "h": 681, "resize": "fit"}}, "source_status_id": 318284083501342720, "source_status_id_str": "318284083501342720", "source_user_id": 189253902, "source_user_id_str": "189253902"}]}, "extended_entities": {"media": [{"id": 318284083509731328, "id_str": "318284083509731328", "indices": [81, 103], "media_url": "http://pbs.twimg.com/media/BGrFsAdCIAAb6wk.jpg", "media_url_https": "https://pbs.twimg.com/media/BGrFsAdCIAAb6wk.jpg", "url": "http://t.co/D8kVEYAwJV", "display_url": "pic.twitter.com/D8kVEYAwJV", "expanded_url": "https://twitter.com/ISS_Research/status/318284083501342720/photo/1", "type": "photo", "sizes": {"small": {"w": 680, "h": 452, "resize": "fit"}, "thumb": {"w": 150, "h": 150, "resize": "crop"}, "large": {"w": 1024, "h": 681, "resize": "fit"}, "medium": {"w": 1024, "h": 681, "resize": "fit"}}, "source_status_id": 318284083501342720, "source_status_id_str": "318284083501342720", "source_user_id": 189253902, "source_user_id_str": "189253902"}]}, "source": "<a href=\"http://twitter.com/download/iphone\" rel=\"nofollow\">Twitter for iPhone</a>", "in_reply_to_status_id": 318284083501342720, "in_reply_to_status_id_str": "318284083501342720", "in_reply_to_user_id": 189253902, "in_reply_to_user_id_str": "189253902", "in_reply_to_screen_name": "ISS_Research", "user": {"id": 182563744, "id_str": "182563744", "name": "PROFE", "screen_name": "ErianaFerro", "location": "VENEZUELA", "description": "En tw aprend\u00ed a ser motolita y saco de plomo.", "url": null, "entities": {"description": {"urls": []}}, "protected": false, "followers_count": 1682, "friends_count": 1488, "listed_count": 52, "created_at": "Tue Aug 24 22:10:16 +0000 2010", "favourites_count": 61220, "utc_offset": null, "time_zone": null, "geo_enabled": false, "verified": false, "statuses_count": 197686, "lang": null, "contributors_enabled": false, "is_translator": false, "is_translation_enabled": false, "profile_background_color": "131516", "profile_background_image_url": "http://abs.twimg.com/images/themes/theme14/bg.gif", "profile_background_image_url_https": "https://abs.twimg.com/images/themes/theme14/bg.gif", "profile_background_tile": true, "profile_image_url": "http://pbs.twimg.com/profile_images/1212235053218041856/_XEYPP73_normal.jpg", "profile_image_url_https": "https://pbs.twimg.com/profile_images/1212235053218041856/_XEYPP73_normal.jpg", "profile_banner_url": "https://pbs.twimg.com/profile_banners/182563744/1590553943", "profile_link_color": "2222BB", "profile_sidebar_border_color": "000000", "profile_sidebar_fill_color": "EFEFEF", "profile_text_color": "333333", "profile_use_background_image": true, "has_extended_profile": false, "default_profile": false, "default_profile_image": false, "following": false, "follow_request_sent": false, "notifications": false, "translator_type": "none"}, "geo": null, "coordinates": null, "place": null, "contributors": null, "is_quote_status": false, "retweet_count": 0, "favorite_count": 0, "favorited": false, "retweeted": false, "possibly_sensitive": false, "possibly_sensitive_appealable": false, "lang": "en", "reply_count": 0}