{"created_at": "Mon Oct 06 18:12:34 +0000 2014", "id": 519188479130218497, "id_str": "519188479130218497", "full_text": "\u201c@THESOURCE: Brad Pitt to play Bob Marley in upcoming biopic? http://t.co/lFbEWzleqN http://t.co/1HK8J6IWze\u201d \ud83d\ude02\ud83d\ude02\ud83d\ude02\ud83d\ude02\ud83d\ude02", "truncated": false, "display_text_range": [0, 114], "entities": {"hashtags": [], "symbols": [], "user_mentions": [{"screen_name": "TheSource", "name": "The Source Magazine", "id": 16630362, "id_str": "16630362", "indices": [1, 11]}], "urls": [{"url": "http://t.co/lFbEWzleqN", "expanded_url": "http://goo.gl/7jfFMt", "display_url": "goo.gl/7jfFMt", "indices": [62, 84]}], "media": [{"id": 519188259726180352, "id_str": "519188259726180352", "indices": [85, 107], "media_url": "http://pbs.twimg.com/media/BzSG-LCIQAA7mcJ.jpg", "media_url_https": "https://pbs.twimg.com/media/BzSG-LCIQAA7mcJ.jpg", "url": "http://t.co/1HK8J6IWze", "display_url": "pic.twitter.com/1HK8J6IWze", "expanded_url": "https://twitter.com/THESOURCE/status/519188269821853696/photo/1", "type": "photo", "sizes": {"small": {"w": 296, "h": 394, "resize": "fit"}, "thumb": {"w": 150, "h": 150, "resize": "crop"}, "large": {"w": 296, "h": 394, "resize": "fit"}, "medium": {"w": 296, "h": 394, "resize": "fit"}}, "source_status_id": 519188269821853696, "source_status_id_str": "519188269821853696", "source_user_id": 16630362, "source_user_id_str": "16630362"}]}, "extended_entities": {"media": [{"id": 519188259726180352, "id_str": "519188259726180352", "indices": [85, 107], "media_url": "http://pbs.twimg.com/media/BzSG-LCIQAA7mcJ.jpg", "media_url_https": "https://pbs.twimg.com/media/BzSG-LCIQAA7mcJ.jpg", "url": "http://t.co/1HK8J6IWze", "display_url": "pic.twitter.com/1HK8J6IWze", "expanded_url": "https://twitter.com/THESOURCE/status/519188269821853696/photo/1", "type": "photo", "sizes": {"small": {"w": 296, "h": 394, "resize": "fit"}, "thumb": {"w": 150, "h": 150, "resize": "crop"}, "large": {"w": 296, "h": 394, "resize": "fit"}, "medium": {"w": 296, "h": 394, "resize": "fit"}}, "source_status_id": 519188269821853696, "source_status_id_str": "519188269821853696", "source_user_id": 16630362, "source_user_id_str": "16630362"}]}, "source": "<a href=\"http://twitter.com/download/iphone\" rel=\"nofollow\">Twitter for iPhone</a>", "in_reply_to_status_id": 519188269821853696, "in_reply_to_status_id_str": "519188269821853696", "in_reply_to_user_id": 16630362, "in_reply_to_user_id_str": "16630362", "in_reply_to_screen_name": "TheSource", "user": {"id": 558251291, "id_str": "558251291", "name": "Talk BIG T\u203c\ufe0f\u203c\ufe0f", "screen_name": "AyHendu", "location": "Jacksonville, FL", "description": "26 | Sag\u2650\ufe0f | \ud83d\udcf8: datboyhendu | \ud83d\udc7b: ty_hendu FWM \ud83d\ude01\ud83d\udcaf #LLBJones", "url": null, "entities": {"description": {"urls": []}}, "protected": false, "followers_count": 591, "friends_count": 578, "listed_count": 2, "created_at": "Fri Apr 20 02:31:17 +0000 2012", "favourites_count": 7402, "utc_offset": null, "time_zone": null, "geo_enabled": false, "verified": false, "statuses_count": 83052, "lang": null, "contributors_enabled": false, "is_translator": false, "is_translation_enabled": false, "profile_background_color": "131516", "profile_background_image_url": "http://abs.twimg.com/images/themes/theme1/bg.png", "profile_background_image_url_https": "https://abs.twimg.com/images/themes/theme1/bg.png", "profile_background_tile": false, "profile_image_url": "http://pbs.twimg.com/profile_images/1268917927547469825/3lZ8s771_normal.jpg", "profile_image_url_https": "https://pbs.twimg.com/profile_images/1268917927547469825/3lZ8s771_normal.jpg", "profile_banner_url": "https://pbs.twimg.com/profile_banners/558251291/1587006643", "profile_link_color": "009999", "profile_sidebar_border_color": "C0DEED", "profile_sidebar_fill_color": "DDEEF6", "profile_text_color": "333333", "profile_use_background_image": true, "has_extended_profile": true, "default_profile": false, "default_profile_image": false, "following": false, "follow_request_sent": false, "notifications": false, "translator_type": "none"}, "geo": null, "coordinates": null, "place": null, "contributors": null, "is_quote_status": false, "retweet_count": 1, "favorite_count": 1, "favorited": false, "retweeted": false, "possibly_sensitive": false, "possibly_sensitive_appealable": false, "lang": "en", "reply_count": 0}