{"created_at": "Mon Oct 06 18:26:04 +0000 2014", "id": 519191877284032512, "id_str": "519191877284032512", "full_text": "\u201c@THESOURCE: Brad Pitt to play Bob Marley in upcoming biopic? http://t.co/241wTBCxSl http://t.co/HESLPkjbSW\u201d http://t.co/g9xlNaCAKT", "truncated": false, "display_text_range": [0, 131], "entities": {"hashtags": [], "symbols": [], "user_mentions": [{"screen_name": "TheSource", "name": "The Source Magazine", "id": 16630362, "id_str": "16630362", "indices": [1, 11]}], "urls": [{"url": "http://t.co/241wTBCxSl", "expanded_url": "http://goo.gl/7jfFMt", "display_url": "goo.gl/7jfFMt", "indices": [62, 84]}], "media": [{"id": 519191876360892416, "id_str": "519191876360892416", "indices": [109, 131], "media_url": "http://pbs.twimg.com/media/BzSKQsDCcAAdi9X.jpg", "media_url_https": "https://pbs.twimg.com/media/BzSKQsDCcAAdi9X.jpg", "url": "http://t.co/g9xlNaCAKT", "display_url": "pic.twitter.com/g9xlNaCAKT", "expanded_url": "https://twitter.com/TheRealKamie/status/519191877284032512/photo/1", "type": "photo", "sizes": {"medium": {"w": 460, "h": 544, "resize": "fit"}, "thumb": {"w": 150, "h": 150, "resize": "crop"}, "large": {"w": 460, "h": 544, "resize": "fit"}, "small": {"w": 460, "h": 544, "resize": "fit"}}}, {"id": 519188259726180352, "id_str": "519188259726180352", "indices": [85, 107], "media_url": "http://pbs.twimg.com/media/BzSG-LCIQAA7mcJ.jpg", "media_url_https": "https://pbs.twimg.com/media/BzSG-LCIQAA7mcJ.jpg", "url": "http://t.co/HESLPkjbSW", "display_url": "pic.twitter.com/HESLPkjbSW", "expanded_url": "https://twitter.com/THESOURCE/status/519188269821853696/photo/1", "type": "photo", "sizes": {"small": {"w": 296, "h": 394, "resize": "fit"}, "thumb": {"w": 150, "h": 150, "resize": "crop"}, "large": {"w": 296, "h": 394, "resize": "fit"}, "medium": {"w": 296, "h": 394, "resize": "fit"}}, "source_status_id": 519188269821853696, "source_status_id_str": "519188269821853696", "source_user_id": 16630362, "source_user_id_str": "16630362"}]}, "extended_entities": {"media": [{"id": 519191876360892416, "id_str": "519191876360892416", "indices": [109, 131], "media_url": "http://pbs.twimg.com/media/BzSKQsDCcAAdi9X.jpg", "media_url_https": "https://pbs.twimg.com/media/BzSKQsDCcAAdi9X.jpg", "url": "http://t.co/g9xlNaCAKT", "display_url": "pic.twitter.com/g9xlNaCAKT", "expanded_url": "https://twitter.com/TheRealKamie/status/519191877284032512/photo/1", "type": "photo", "sizes": {"medium": {"w": 460, "h": 544, "resize": "fit"}, "thumb": {"w": 150, "h": 150, "resize": "crop"}, "large": {"w": 460, "h": 544, "resize": "fit"}, "small": {"w": 460, "h": 544, "resize": "fit"}}}, {"id": 519188259726180352, "id_str": "519188259726180352", "indices": [85, 107], "media_url": "http://pbs.twimg.com/media/BzSG-LCIQAA7mcJ.jpg", "media_url_https": "https://pbs.twimg.com/media/BzSG-LCIQAA7mcJ.jpg", "url": "http://t.co/HESLPkjbSW", "display_url": "pic.twitter.com/HESLPkjbSW", "expanded_url": "https://twitter.com/THESOURCE/status/519188269821853696/photo/1", "type": "photo", "sizes": {"small": {"w": 296, "h": 394, "resize": "fit"}, "thumb": {"w": 150, "h": 150, "resize": "crop"}, "large": {"w": 296, "h": 394, "resize": "fit"}, "medium": {"w": 296, "h": 394, "resize": "fit"}}, "source_status_id": 519188269821853696, "source_status_id_str": "519188269821853696", "source_user_id": 16630362, "source_user_id_str": "16630362"}]}, "source": "<a href=\"http://twitter.com/download/iphone\" rel=\"nofollow\">Twitter for iPhone</a>", "in_reply_to_status_id": 519188269821853696, "in_reply_to_status_id_str": "519188269821853696", "in_reply_to_user_id": 16630362, "in_reply_to_user_id_str": "16630362", "in_reply_to_screen_name": "TheSource", "user": {"id": 280334933, "id_str": "280334933", "name": "Kamie Crawford", "screen_name": "TheRealKamie", "location": "Starbucks ", "description": "\ud83d\udcfa\ud83c\udfa3 Co-Host @CatfishMTV \u2022 Watch #Catfish Wednesday\u2019s at 8/7c!\u2728 @jagmodels | Former Miss Teen USA \u2661 \ud83d\udce7 kamie@kamiecrawford.com \ud83d\udccdLA", "url": "https://t.co/cvdIf86eXT", "entities": {"url": {"urls": [{"url": "https://t.co/cvdIf86eXT", "expanded_url": "http://www.kamiecrawford.com", "display_url": "kamiecrawford.com", "indices": [0, 23]}]}, "description": {"urls": []}}, "protected": false, "followers_count": 32458, "friends_count": 1005, "listed_count": 158, "created_at": "Mon Apr 11 04:00:28 +0000 2011", "favourites_count": 12217, "utc_offset": null, "time_zone": null, "geo_enabled": true, "verified": true, "statuses_count": 58937, "lang": null, "contributors_enabled": false, "is_translator": false, "is_translation_enabled": false, "profile_background_color": "ABB8C2", "profile_background_image_url": "http://abs.twimg.com/images/themes/theme14/bg.gif", "profile_background_image_url_https": "https://abs.twimg.com/images/themes/theme14/bg.gif", "profile_background_tile": true, "profile_image_url": "http://pbs.twimg.com/profile_images/1152824166208307200/8KmgIZfG_normal.jpg", "profile_image_url_https": "https://pbs.twimg.com/profile_images/1152824166208307200/8KmgIZfG_normal.jpg", "profile_banner_url": "https://pbs.twimg.com/profile_banners/280334933/1578524726", "profile_link_color": "F5ABB5", "profile_sidebar_border_color": "FFFFFF", "profile_sidebar_fill_color": "9595A6", "profile_text_color": "203A3D", "profile_use_background_image": true, "has_extended_profile": false, "default_profile": false, "default_profile_image": false, "following": false, "follow_request_sent": false, "notifications": false, "translator_type": "none"}, "geo": null, "coordinates": null, "place": null, "contributors": null, "is_quote_status": false, "retweet_count": 0, "favorite_count": 2, "favorited": false, "retweeted": false, "possibly_sensitive": false, "possibly_sensitive_appealable": false, "lang": "en", "reply_count": 1}