{"created_at": "Mon Oct 06 18:12:35 +0000 2014", "id": 519188484721238016, "id_str": "519188484721238016", "full_text": "@THESOURCE brad Pitt playing bob Marley WTF??", "truncated": false, "display_text_range": [0, 45], "entities": {"hashtags": [], "symbols": [], "user_mentions": [{"screen_name": "TheSource", "name": "The Source Magazine", "id": 16630362, "id_str": "16630362", "indices": [0, 10]}], "urls": []}, "source": "<a href=\"http://www.echofon.com/\" rel=\"nofollow\">Echofon</a>", "in_reply_to_status_id": 519188269821853696, "in_reply_to_status_id_str": "519188269821853696", "in_reply_to_user_id": 16630362, "in_reply_to_user_id_str": "16630362", "in_reply_to_screen_name": "TheSource", "user": {"id": 176130779, "id_str": "176130779", "name": "FLAMBOYANT FATB\u00d8\u00cf", "screen_name": "furiousStyles40", "location": "You are what you repeatedly do", "description": "There is no such thing as something for nothing. Everything, including your personal success, has a price that must be paid!! \ud83e\udde0 of d[H]ope\u2122\ufe0f #1/MANY ONII-SAN", "url": "https://t.co/7ZH0EAoyyN", "entities": {"url": {"urls": [{"url": "https://t.co/7ZH0EAoyyN", "expanded_url": "http://www.officiallydhope.me", "display_url": "officiallydhope.me", "indices": [0, 23]}]}, "description": {"urls": []}}, "protected": false, "followers_count": 326, "friends_count": 347, "listed_count": 2, "created_at": "Sun Aug 08 17:16:16 +0000 2010", "favourites_count": 2754, "utc_offset": null, "time_zone": null, "geo_enabled": true, "verified": false, "statuses_count": 61897, "lang": null, "contributors_enabled": false, "is_translator": false, "is_translation_enabled": false, "profile_background_color": "080808", "profile_background_image_url": "http://abs.twimg.com/images/themes/theme1/bg.png", "profile_background_image_url_https": "https://abs.twimg.com/images/themes/theme1/bg.png", "profile_background_tile": true, "profile_image_url": "http://pbs.twimg.com/profile_images/1217218851244584960/BLA26xcz_normal.jpg", "profile_image_url_https": "https://pbs.twimg.com/profile_images/1217218851244584960/BLA26xcz_normal.jpg", "profile_banner_url": "https://pbs.twimg.com/profile_banners/176130779/1498005357", "profile_link_color": "FF3030", "profile_sidebar_border_color": "F70000", "profile_sidebar_fill_color": "000000", "profile_text_color": "ED1111", "profile_use_background_image": true, "has_extended_profile": true, "default_profile": false, "default_profile_image": false, "following": false, "follow_request_sent": false, "notifications": false, "translator_type": "none"}, "geo": null, "coordinates": null, "place": null, "contributors": null, "is_quote_status": false, "retweet_count": 0, "favorite_count": 2, "favorited": false, "retweeted": false, "lang": "en", "reply_count": 0}