{"created_at": "Mon Oct 06 18:13:35 +0000 2014", "id": 519188736450768896, "id_str": "519188736450768896", "full_text": "@THESOURCE I TOLD'EM - FEATURING - SOLOMON (PRODUCED BY BO'S BEATS) CopyWritten\nhttps://t.co/R2CBP0VIh6", "truncated": false, "display_text_range": [0, 103], "entities": {"hashtags": [], "symbols": [], "user_mentions": [{"screen_name": "TheSource", "name": "The Source Magazine", "id": 16630362, "id_str": "16630362", "indices": [0, 10]}], "urls": [{"url": "https://t.co/R2CBP0VIh6", "expanded_url": "https://soundcloud.com/ree-up-1/i-toldem-featuring-solomon", "display_url": "soundcloud.com/ree-up-1/i-tol\u2026", "indices": [80, 103]}]}, "source": "<a href=\"http://twitter.com\" rel=\"nofollow\">Twitter Web Client</a>", "in_reply_to_status_id": 519188269821853696, "in_reply_to_status_id_str": "519188269821853696", "in_reply_to_user_id": 16630362, "in_reply_to_user_id_str": "16630362", "in_reply_to_screen_name": "TheSource", "user": {"id": 320993042, "id_str": "320993042", "name": "The Real Ree-up", "screen_name": "Reeupent", "location": "Brooklyn", "description": "Played on Hot97/105.1/Shade45/Feats Papoose,BigNoyd,RoyalFlush,Estelle \nFreedomWilliams,Sadat X,Fred da godson,WilliamYoung\nHaddyRacks,Blackpoint,DiosMoreno,K.S", "url": "http://t.co/MN17XaTPPB", "entities": {"url": {"urls": [{"url": "http://t.co/MN17XaTPPB", "expanded_url": "http://www.youtube.com/reeup1", "display_url": "youtube.com/reeup1", "indices": [0, 22]}]}, "description": {"urls": []}}, "protected": false, "followers_count": 1289, "friends_count": 23, "listed_count": 12, "created_at": "Mon Jun 20 21:15:05 +0000 2011", "favourites_count": 5262, "utc_offset": null, "time_zone": null, "geo_enabled": false, "verified": false, "statuses_count": 164294, "lang": null, "contributors_enabled": false, "is_translator": false, "is_translation_enabled": false, "profile_background_color": "131516", "profile_background_image_url": "http://abs.twimg.com/images/themes/theme1/bg.png", "profile_background_image_url_https": "https://abs.twimg.com/images/themes/theme1/bg.png", "profile_background_tile": false, "profile_image_url": "http://pbs.twimg.com/profile_images/953173354193629184/uSGDSacr_normal.jpg", "profile_image_url_https": "https://pbs.twimg.com/profile_images/953173354193629184/uSGDSacr_normal.jpg", "profile_banner_url": "https://pbs.twimg.com/profile_banners/320993042/1514182474", "profile_link_color": "009999", "profile_sidebar_border_color": "C0DEED", "profile_sidebar_fill_color": "DDEEF6", "profile_text_color": "333333", "profile_use_background_image": true, "has_extended_profile": false, "default_profile": false, "default_profile_image": false, "following": false, "follow_request_sent": false, "notifications": false, "translator_type": "none"}, "geo": null, "coordinates": null, "place": null, "contributors": null, "is_quote_status": false, "retweet_count": 0, "favorite_count": 0, "favorited": false, "retweeted": false, "possibly_sensitive": false, "possibly_sensitive_appealable": false, "lang": "en", "reply_count": 0}