{"created_at": "Mon Oct 06 18:42:59 +0000 2014", "id": 519196134929997825, "id_str": "519196134929997825", "full_text": "@THESOURCE Really???... This Has To Be A Joke...???", "truncated": false, "display_text_range": [0, 51], "entities": {"hashtags": [], "symbols": [], "user_mentions": [{"screen_name": "TheSource", "name": "The Source Magazine", "id": 16630362, "id_str": "16630362", "indices": [0, 10]}], "urls": []}, "source": "<a href=\"http://twitter.com/download/android\" rel=\"nofollow\">Twitter for Android</a>", "in_reply_to_status_id": 519188269821853696, "in_reply_to_status_id_str": "519188269821853696", "in_reply_to_user_id": 16630362, "in_reply_to_user_id_str": "16630362", "in_reply_to_screen_name": "TheSource", "user": {"id": 51165234, "id_str": "51165234", "name": "Venus Maria Lee", "screen_name": "VGWDESIGNS", "location": "Outta This World!", "description": "Clothing & Costume Designer/Venus Goddess Wear/VGW Designs (tm.) Fashion Stylist/Make-up Artist:  vgwdesigns@gmail.com @vgwdesigns/Instagram", "url": "https://t.co/7QkJodYwDY", "entities": {"url": {"urls": [{"url": "https://t.co/7QkJodYwDY", "expanded_url": "http://www.venusgoddesswear.com", "display_url": "venusgoddesswear.com", "indices": [0, 23]}]}, "description": {"urls": []}}, "protected": false, "followers_count": 354, "friends_count": 1108, "listed_count": 11, "created_at": "Fri Jun 26 18:22:47 +0000 2009", "favourites_count": 1046, "utc_offset": null, "time_zone": null, "geo_enabled": true, "verified": false, "statuses_count": 1138, "lang": null, "contributors_enabled": false, "is_translator": false, "is_translation_enabled": false, "profile_background_color": "FCEBB6", "profile_background_image_url": "http://abs.twimg.com/images/themes/theme5/bg.gif", "profile_background_image_url_https": "https://abs.twimg.com/images/themes/theme5/bg.gif", "profile_background_tile": true, "profile_image_url": "http://pbs.twimg.com/profile_images/658834567382437889/33PAqTk3_normal.jpg", "profile_image_url_https": "https://pbs.twimg.com/profile_images/658834567382437889/33PAqTk3_normal.jpg", "profile_banner_url": "https://pbs.twimg.com/profile_banners/51165234/1409155457", "profile_link_color": "CE7834", "profile_sidebar_border_color": "FFFFFF", "profile_sidebar_fill_color": "99CC33", "profile_text_color": "D02B55", "profile_use_background_image": true, "has_extended_profile": false, "default_profile": false, "default_profile_image": false, "following": false, "follow_request_sent": false, "notifications": false, "translator_type": "none"}, "geo": null, "coordinates": null, "place": null, "contributors": null, "is_quote_status": false, "retweet_count": 0, "favorite_count": 0, "favorited": false, "retweeted": false, "lang": "en", "reply_count": 0}