{"created_at": "Mon Oct 06 18:16:13 +0000 2014", "id": 519189398986821632, "id_str": "519189398986821632", "full_text": "\u201c@THESOURCE: Brad Pitt to play Bob Marley in upcoming biopic? http://t.co/mQSh2beyDP http://t.co/2GhuXs2BoN\u201d #WTF?", "truncated": false, "display_text_range": [0, 114], "entities": {"hashtags": [{"text": "WTF", "indices": [109, 113]}], "symbols": [], "user_mentions": [{"screen_name": "TheSource", "name": "The Source Magazine", "id": 16630362, "id_str": "16630362", "indices": [1, 11]}], "urls": [{"url": "http://t.co/mQSh2beyDP", "expanded_url": "http://goo.gl/7jfFMt", "display_url": "goo.gl/7jfFMt", "indices": [62, 84]}], "media": [{"id": 519188259726180352, "id_str": "519188259726180352", "indices": [85, 107], "media_url": "http://pbs.twimg.com/media/BzSG-LCIQAA7mcJ.jpg", "media_url_https": "https://pbs.twimg.com/media/BzSG-LCIQAA7mcJ.jpg", "url": "http://t.co/2GhuXs2BoN", "display_url": "pic.twitter.com/2GhuXs2BoN", "expanded_url": "https://twitter.com/THESOURCE/status/519188269821853696/photo/1", "type": "photo", "sizes": {"small": {"w": 296, "h": 394, "resize": "fit"}, "thumb": {"w": 150, "h": 150, "resize": "crop"}, "large": {"w": 296, "h": 394, "resize": "fit"}, "medium": {"w": 296, "h": 394, "resize": "fit"}}, "source_status_id": 519188269821853696, "source_status_id_str": "519188269821853696", "source_user_id": 16630362, "source_user_id_str": "16630362"}]}, "extended_entities": {"media": [{"id": 519188259726180352, "id_str": "519188259726180352", "indices": [85, 107], "media_url": "http://pbs.twimg.com/media/BzSG-LCIQAA7mcJ.jpg", "media_url_https": "https://pbs.twimg.com/media/BzSG-LCIQAA7mcJ.jpg", "url": "http://t.co/2GhuXs2BoN", "display_url": "pic.twitter.com/2GhuXs2BoN", "expanded_url": "https://twitter.com/THESOURCE/status/519188269821853696/photo/1", "type": "photo", "sizes": {"small": {"w": 296, "h": 394, "resize": "fit"}, "thumb": {"w": 150, "h": 150, "resize": "crop"}, "large": {"w": 296, "h": 394, "resize": "fit"}, "medium": {"w": 296, "h": 394, "resize": "fit"}}, "source_status_id": 519188269821853696, "source_status_id_str": "519188269821853696", "source_user_id": 16630362, "source_user_id_str": "16630362"}]}, "source": "<a href=\"http://twitter.com/download/iphone\" rel=\"nofollow\">Twitter for iPhone</a>", "in_reply_to_status_id": 519188269821853696, "in_reply_to_status_id_str": "519188269821853696", "in_reply_to_user_id": 16630362, "in_reply_to_user_id_str": "16630362", "in_reply_to_screen_name": "TheSource", "user": {"id": 26233862, "id_str": "26233862", "name": "\ud83d\udc80NoBrainz\u2122", "screen_name": "NoBrainz79", "location": "Palmdale, CA", "description": "Marijuana, Money & Music Over Everything.", "url": "https://t.co/7VZcRKmdhw", "entities": {"url": {"urls": [{"url": "https://t.co/7VZcRKmdhw", "expanded_url": "http://Instagram.com/NoBrainz79", "display_url": "Instagram.com/NoBrainz79", "indices": [0, 23]}]}, "description": {"urls": []}}, "protected": false, "followers_count": 943, "friends_count": 680, "listed_count": 49, "created_at": "Tue Mar 24 13:16:19 +0000 2009", "favourites_count": 15431, "utc_offset": null, "time_zone": null, "geo_enabled": true, "verified": false, "statuses_count": 101505, "lang": null, "contributors_enabled": false, "is_translator": false, "is_translation_enabled": false, "profile_background_color": "000000", "profile_background_image_url": "http://abs.twimg.com/images/themes/theme9/bg.gif", "profile_background_image_url_https": "https://abs.twimg.com/images/themes/theme9/bg.gif", "profile_background_tile": false, "profile_image_url": "http://pbs.twimg.com/profile_images/1275922894518751232/8YxUPcc9_normal.jpg", "profile_image_url_https": "https://pbs.twimg.com/profile_images/1275922894518751232/8YxUPcc9_normal.jpg", "profile_banner_url": "https://pbs.twimg.com/profile_banners/26233862/1593038697", "profile_link_color": "2D6E1E", "profile_sidebar_border_color": "000000", "profile_sidebar_fill_color": "000000", "profile_text_color": "32A716", "profile_use_background_image": true, "has_extended_profile": false, "default_profile": false, "default_profile_image": false, "following": false, "follow_request_sent": false, "notifications": false, "translator_type": "none"}, "geo": null, "coordinates": null, "place": null, "contributors": null, "is_quote_status": false, "retweet_count": 0, "favorite_count": 0, "favorited": false, "retweeted": false, "possibly_sensitive": false, "possibly_sensitive_appealable": false, "lang": "en", "reply_count": 0}