{"created_at": "Mon Oct 06 18:14:03 +0000 2014", "id": 519188854558187520, "id_str": "519188854558187520", "full_text": "@THESOURCE how u going to have Brad Pitt play Bob Marley lol wtf", "truncated": false, "display_text_range": [0, 64], "entities": {"hashtags": [], "symbols": [], "user_mentions": [{"screen_name": "TheSource", "name": "The Source Magazine", "id": 16630362, "id_str": "16630362", "indices": [0, 10]}], "urls": []}, "source": "<a href=\"http://twitter.com/download/iphone\" rel=\"nofollow\">Twitter for iPhone</a>", "in_reply_to_status_id": 519188269821853696, "in_reply_to_status_id_str": "519188269821853696", "in_reply_to_user_id": 16630362, "in_reply_to_user_id_str": "16630362", "in_reply_to_screen_name": "TheSource", "user": {"id": 957952922, "id_str": "957952922", "name": "CHUCKIE TREES", "screen_name": "Chuckie_Trees", "location": "#CHICAGO", "description": "You wont find a place better than #Chicago #IG:imposino045", "url": null, "entities": {"description": {"urls": []}}, "protected": false, "followers_count": 490, "friends_count": 281, "listed_count": 2, "created_at": "Mon Nov 19 17:31:16 +0000 2012", "favourites_count": 20404, "utc_offset": null, "time_zone": null, "geo_enabled": true, "verified": false, "statuses_count": 11772, "lang": null, "contributors_enabled": false, "is_translator": false, "is_translation_enabled": false, "profile_background_color": "C0DEED", "profile_background_image_url": "http://abs.twimg.com/images/themes/theme1/bg.png", "profile_background_image_url_https": "https://abs.twimg.com/images/themes/theme1/bg.png", "profile_background_tile": false, "profile_image_url": "http://pbs.twimg.com/profile_images/736590916262236161/C0suxKe9_normal.jpg", "profile_image_url_https": "https://pbs.twimg.com/profile_images/736590916262236161/C0suxKe9_normal.jpg", "profile_banner_url": "https://pbs.twimg.com/profile_banners/957952922/1413809285", "profile_link_color": "1DA1F2", "profile_sidebar_border_color": "C0DEED", "profile_sidebar_fill_color": "DDEEF6", "profile_text_color": "333333", "profile_use_background_image": true, "has_extended_profile": false, "default_profile": true, "default_profile_image": false, "following": false, "follow_request_sent": false, "notifications": false, "translator_type": "none"}, "geo": null, "coordinates": null, "place": null, "contributors": null, "is_quote_status": false, "retweet_count": 0, "favorite_count": 1, "favorited": false, "retweeted": false, "lang": "en", "reply_count": 0}