{"created_at": "Mon Oct 06 18:12:59 +0000 2014", "id": 519188584482746368, "id_str": "519188584482746368", "full_text": "Tell me this is a joke \ud83d\ude12\u201c@THESOURCE: Brad Pitt to play Bob Marley in upcoming biopic? http://t.co/9ZggbzXh7O http://t.co/BK0vvngemR\u201d", "truncated": false, "display_text_range": [0, 132], "entities": {"hashtags": [], "symbols": [], "user_mentions": [{"screen_name": "TheSource", "name": "The Source Magazine", "id": 16630362, "id_str": "16630362", "indices": [25, 35]}], "urls": [{"url": "http://t.co/9ZggbzXh7O", "expanded_url": "http://goo.gl/7jfFMt", "display_url": "goo.gl/7jfFMt", "indices": [86, 108]}], "media": [{"id": 519188259726180352, "id_str": "519188259726180352", "indices": [109, 131], "media_url": "http://pbs.twimg.com/media/BzSG-LCIQAA7mcJ.jpg", "media_url_https": "https://pbs.twimg.com/media/BzSG-LCIQAA7mcJ.jpg", "url": "http://t.co/BK0vvngemR", "display_url": "pic.twitter.com/BK0vvngemR", "expanded_url": "https://twitter.com/THESOURCE/status/519188269821853696/photo/1", "type": "photo", "sizes": {"small": {"w": 296, "h": 394, "resize": "fit"}, "thumb": {"w": 150, "h": 150, "resize": "crop"}, "large": {"w": 296, "h": 394, "resize": "fit"}, "medium": {"w": 296, "h": 394, "resize": "fit"}}, "source_status_id": 519188269821853696, "source_status_id_str": "519188269821853696", "source_user_id": 16630362, "source_user_id_str": "16630362"}]}, "extended_entities": {"media": [{"id": 519188259726180352, "id_str": "519188259726180352", "indices": [109, 131], "media_url": "http://pbs.twimg.com/media/BzSG-LCIQAA7mcJ.jpg", "media_url_https": "https://pbs.twimg.com/media/BzSG-LCIQAA7mcJ.jpg", "url": "http://t.co/BK0vvngemR", "display_url": "pic.twitter.com/BK0vvngemR", "expanded_url": "https://twitter.com/THESOURCE/status/519188269821853696/photo/1", "type": "photo", "sizes": {"small": {"w": 296, "h": 394, "resize": "fit"}, "thumb": {"w": 150, "h": 150, "resize": "crop"}, "large": {"w": 296, "h": 394, "resize": "fit"}, "medium": {"w": 296, "h": 394, "resize": "fit"}}, "source_status_id": 519188269821853696, "source_status_id_str": "519188269821853696", "source_user_id": 16630362, "source_user_id_str": "16630362"}]}, "source": "<a href=\"http://twitter.com/download/iphone\" rel=\"nofollow\">Twitter for iPhone</a>", "in_reply_to_status_id": 519188269821853696, "in_reply_to_status_id_str": "519188269821853696", "in_reply_to_user_id": 16630362, "in_reply_to_user_id_str": "16630362", "in_reply_to_screen_name": "TheSource", "user": {"id": 737221218, "id_str": "737221218", "name": "MAPS", "screen_name": "ItsMariyah", "location": "Colorado 5280", "description": "God first. OCTOBER 9th. Mile High. 20 years young. Living la vida loca 303. Taken.", "url": "http://t.co/Vmg87uHOCV", "entities": {"url": {"urls": [{"url": "http://t.co/Vmg87uHOCV", "expanded_url": "http://Riyy.tumblr.com", "display_url": "Riyy.tumblr.com", "indices": [0, 22]}]}, "description": {"urls": []}}, "protected": false, "followers_count": 256, "friends_count": 198, "listed_count": 0, "created_at": "Sat Aug 04 18:47:33 +0000 2012", "favourites_count": 2516, "utc_offset": null, "time_zone": null, "geo_enabled": true, "verified": false, "statuses_count": 7941, "lang": null, "contributors_enabled": false, "is_translator": false, "is_translation_enabled": false, "profile_background_color": "C0DEED", "profile_background_image_url": "http://abs.twimg.com/images/themes/theme1/bg.png", "profile_background_image_url_https": "https://abs.twimg.com/images/themes/theme1/bg.png", "profile_background_tile": true, "profile_image_url": "http://pbs.twimg.com/profile_images/544094406035251200/SjvMOeux_normal.jpeg", "profile_image_url_https": "https://pbs.twimg.com/profile_images/544094406035251200/SjvMOeux_normal.jpeg", "profile_banner_url": "https://pbs.twimg.com/profile_banners/737221218/1418557254", "profile_link_color": "0084B4", "profile_sidebar_border_color": "FFFFFF", "profile_sidebar_fill_color": "DDEEF6", "profile_text_color": "333333", "profile_use_background_image": true, "has_extended_profile": false, "default_profile": false, "default_profile_image": false, "following": false, "follow_request_sent": false, "notifications": false, "translator_type": "none"}, "geo": null, "coordinates": null, "place": null, "contributors": null, "is_quote_status": false, "retweet_count": 0, "favorite_count": 1, "favorited": false, "retweeted": false, "possibly_sensitive": false, "possibly_sensitive_appealable": false, "lang": "en", "reply_count": 0}