{"created_at": "Mon Oct 06 18:15:33 +0000 2014", "id": 519189232729206784, "id_str": "519189232729206784", "full_text": "Wtf \u201c@THESOURCE: Brad Pitt to play Bob Marley in upcoming biopic? http://t.co/oTk9LgUXHL http://t.co/2iotfFjCea\u201d", "truncated": false, "display_text_range": [0, 112], "entities": {"hashtags": [], "symbols": [], "user_mentions": [{"screen_name": "TheSource", "name": "The Source Magazine", "id": 16630362, "id_str": "16630362", "indices": [5, 15]}], "urls": [{"url": "http://t.co/oTk9LgUXHL", "expanded_url": "http://goo.gl/7jfFMt", "display_url": "goo.gl/7jfFMt", "indices": [66, 88]}], "media": [{"id": 519188259726180352, "id_str": "519188259726180352", "indices": [89, 111], "media_url": "http://pbs.twimg.com/media/BzSG-LCIQAA7mcJ.jpg", "media_url_https": "https://pbs.twimg.com/media/BzSG-LCIQAA7mcJ.jpg", "url": "http://t.co/2iotfFjCea", "display_url": "pic.twitter.com/2iotfFjCea", "expanded_url": "https://twitter.com/THESOURCE/status/519188269821853696/photo/1", "type": "photo", "sizes": {"small": {"w": 296, "h": 394, "resize": "fit"}, "thumb": {"w": 150, "h": 150, "resize": "crop"}, "large": {"w": 296, "h": 394, "resize": "fit"}, "medium": {"w": 296, "h": 394, "resize": "fit"}}, "source_status_id": 519188269821853696, "source_status_id_str": "519188269821853696", "source_user_id": 16630362, "source_user_id_str": "16630362"}]}, "extended_entities": {"media": [{"id": 519188259726180352, "id_str": "519188259726180352", "indices": [89, 111], "media_url": "http://pbs.twimg.com/media/BzSG-LCIQAA7mcJ.jpg", "media_url_https": "https://pbs.twimg.com/media/BzSG-LCIQAA7mcJ.jpg", "url": "http://t.co/2iotfFjCea", "display_url": "pic.twitter.com/2iotfFjCea", "expanded_url": "https://twitter.com/THESOURCE/status/519188269821853696/photo/1", "type": "photo", "sizes": {"small": {"w": 296, "h": 394, "resize": "fit"}, "thumb": {"w": 150, "h": 150, "resize": "crop"}, "large": {"w": 296, "h": 394, "resize": "fit"}, "medium": {"w": 296, "h": 394, "resize": "fit"}}, "source_status_id": 519188269821853696, "source_status_id_str": "519188269821853696", "source_user_id": 16630362, "source_user_id_str": "16630362"}]}, "source": "<a href=\"http://twitter.com/download/iphone\" rel=\"nofollow\">Twitter for iPhone</a>", "in_reply_to_status_id": 519188269821853696, "in_reply_to_status_id_str": "519188269821853696", "in_reply_to_user_id": 16630362, "in_reply_to_user_id_str": "16630362", "in_reply_to_screen_name": "TheSource", "user": {"id": 147607161, "id_str": "147607161", "name": "Yeahman-ame Nigel", "screen_name": "NigelBigMeech", "location": "August Town", "description": "Meeching", "url": null, "entities": {"description": {"urls": []}}, "protected": false, "followers_count": 2086, "friends_count": 1882, "listed_count": 101, "created_at": "Mon May 24 15:36:46 +0000 2010", "favourites_count": 138581, "utc_offset": null, "time_zone": null, "geo_enabled": true, "verified": false, "statuses_count": 372528, "lang": null, "contributors_enabled": false, "is_translator": false, "is_translation_enabled": false, "profile_background_color": "050505", "profile_background_image_url": "http://abs.twimg.com/images/themes/theme1/bg.png", "profile_background_image_url_https": "https://abs.twimg.com/images/themes/theme1/bg.png", "profile_background_tile": true, "profile_image_url": "http://pbs.twimg.com/profile_images/1253420820988223488/Ji9mMHDs_normal.jpg", "profile_image_url_https": "https://pbs.twimg.com/profile_images/1253420820988223488/Ji9mMHDs_normal.jpg", "profile_link_color": "0099CC", "profile_sidebar_border_color": "FFF8AD", "profile_sidebar_fill_color": "F6FFD1", "profile_text_color": "1A181A", "profile_use_background_image": true, "has_extended_profile": true, "default_profile": false, "default_profile_image": false, "following": false, "follow_request_sent": false, "notifications": false, "translator_type": "none"}, "geo": null, "coordinates": null, "place": null, "contributors": null, "is_quote_status": false, "retweet_count": 0, "favorite_count": 0, "favorited": false, "retweeted": false, "possibly_sensitive": false, "possibly_sensitive_appealable": false, "lang": "en", "reply_count": 0}