{"created_at": "Mon Oct 06 18:19:53 +0000 2014", "id": 519190322463932417, "id_str": "519190322463932417", "full_text": "Don't fuck with me RT\u201c@THESOURCE: Brad Pitt to play Bob Marley in upcoming biopic? http://t.co/nZgL47o4ru http://t.co/wt9QWDUxZi\u201d", "truncated": false, "display_text_range": [0, 129], "entities": {"hashtags": [], "symbols": [], "user_mentions": [{"screen_name": "TheSource", "name": "The Source Magazine", "id": 16630362, "id_str": "16630362", "indices": [22, 32]}], "urls": [{"url": "http://t.co/nZgL47o4ru", "expanded_url": "http://goo.gl/7jfFMt", "display_url": "goo.gl/7jfFMt", "indices": [83, 105]}], "media": [{"id": 519188259726180352, "id_str": "519188259726180352", "indices": [106, 128], "media_url": "http://pbs.twimg.com/media/BzSG-LCIQAA7mcJ.jpg", "media_url_https": "https://pbs.twimg.com/media/BzSG-LCIQAA7mcJ.jpg", "url": "http://t.co/wt9QWDUxZi", "display_url": "pic.twitter.com/wt9QWDUxZi", "expanded_url": "https://twitter.com/THESOURCE/status/519188269821853696/photo/1", "type": "photo", "sizes": {"small": {"w": 296, "h": 394, "resize": "fit"}, "thumb": {"w": 150, "h": 150, "resize": "crop"}, "large": {"w": 296, "h": 394, "resize": "fit"}, "medium": {"w": 296, "h": 394, "resize": "fit"}}, "source_status_id": 519188269821853696, "source_status_id_str": "519188269821853696", "source_user_id": 16630362, "source_user_id_str": "16630362"}]}, "extended_entities": {"media": [{"id": 519188259726180352, "id_str": "519188259726180352", "indices": [106, 128], "media_url": "http://pbs.twimg.com/media/BzSG-LCIQAA7mcJ.jpg", "media_url_https": "https://pbs.twimg.com/media/BzSG-LCIQAA7mcJ.jpg", "url": "http://t.co/wt9QWDUxZi", "display_url": "pic.twitter.com/wt9QWDUxZi", "expanded_url": "https://twitter.com/THESOURCE/status/519188269821853696/photo/1", "type": "photo", "sizes": {"small": {"w": 296, "h": 394, "resize": "fit"}, "thumb": {"w": 150, "h": 150, "resize": "crop"}, "large": {"w": 296, "h": 394, "resize": "fit"}, "medium": {"w": 296, "h": 394, "resize": "fit"}}, "source_status_id": 519188269821853696, "source_status_id_str": "519188269821853696", "source_user_id": 16630362, "source_user_id_str": "16630362"}]}, "source": "<a href=\"http://twitter.com/download/iphone\" rel=\"nofollow\">Twitter for iPhone</a>", "in_reply_to_status_id": 519188269821853696, "in_reply_to_status_id_str": "519188269821853696", "in_reply_to_user_id": 16630362, "in_reply_to_user_id_str": "16630362", "in_reply_to_screen_name": "TheSource", "user": {"id": 555600538, "id_str": "555600538", "name": "Rex Mills", "screen_name": "SirThursday_", "location": "", "description": "In this life you either going to build or destroy...", "url": null, "entities": {"description": {"urls": []}}, "protected": false, "followers_count": 319, "friends_count": 591, "listed_count": 5, "created_at": "Tue Apr 17 02:16:59 +0000 2012", "favourites_count": 12195, "utc_offset": null, "time_zone": null, "geo_enabled": false, "verified": false, "statuses_count": 33723, "lang": null, "contributors_enabled": false, "is_translator": false, "is_translation_enabled": false, "profile_background_color": "131516", "profile_background_image_url": "http://abs.twimg.com/images/themes/theme1/bg.png", "profile_background_image_url_https": "https://abs.twimg.com/images/themes/theme1/bg.png", "profile_background_tile": true, "profile_image_url": "http://pbs.twimg.com/profile_images/1147172478466347008/rv7lVol6_normal.jpg", "profile_image_url_https": "https://pbs.twimg.com/profile_images/1147172478466347008/rv7lVol6_normal.jpg", "profile_banner_url": "https://pbs.twimg.com/profile_banners/555600538/1468616251", "profile_link_color": "009999", "profile_sidebar_border_color": "C0DEED", "profile_sidebar_fill_color": "DDEEF6", "profile_text_color": "333333", "profile_use_background_image": true, "has_extended_profile": true, "default_profile": false, "default_profile_image": false, "following": false, "follow_request_sent": false, "notifications": false, "translator_type": "none"}, "geo": null, "coordinates": null, "place": null, "contributors": null, "is_quote_status": false, "retweet_count": 0, "favorite_count": 0, "favorited": false, "retweeted": false, "possibly_sensitive": false, "possibly_sensitive_appealable": false, "lang": "en", "reply_count": 1}