{"created_at": "Mon Oct 06 18:25:21 +0000 2014", "id": 519191699298742272, "id_str": "519191699298742272", "full_text": "What... \u201c@THESOURCE: Brad Pitt to play Bob Marley in upcoming biopic? http://t.co/VigteMLuTK http://t.co/x6sjuaiALE\u201d", "truncated": false, "display_text_range": [0, 116], "entities": {"hashtags": [], "symbols": [], "user_mentions": [{"screen_name": "TheSource", "name": "The Source Magazine", "id": 16630362, "id_str": "16630362", "indices": [9, 19]}], "urls": [{"url": "http://t.co/VigteMLuTK", "expanded_url": "http://goo.gl/7jfFMt", "display_url": "goo.gl/7jfFMt", "indices": [70, 92]}], "media": [{"id": 519188259726180352, "id_str": "519188259726180352", "indices": [93, 115], "media_url": "http://pbs.twimg.com/media/BzSG-LCIQAA7mcJ.jpg", "media_url_https": "https://pbs.twimg.com/media/BzSG-LCIQAA7mcJ.jpg", "url": "http://t.co/x6sjuaiALE", "display_url": "pic.twitter.com/x6sjuaiALE", "expanded_url": "https://twitter.com/THESOURCE/status/519188269821853696/photo/1", "type": "photo", "sizes": {"small": {"w": 296, "h": 394, "resize": "fit"}, "thumb": {"w": 150, "h": 150, "resize": "crop"}, "large": {"w": 296, "h": 394, "resize": "fit"}, "medium": {"w": 296, "h": 394, "resize": "fit"}}, "source_status_id": 519188269821853696, "source_status_id_str": "519188269821853696", "source_user_id": 16630362, "source_user_id_str": "16630362"}]}, "extended_entities": {"media": [{"id": 519188259726180352, "id_str": "519188259726180352", "indices": [93, 115], "media_url": "http://pbs.twimg.com/media/BzSG-LCIQAA7mcJ.jpg", "media_url_https": "https://pbs.twimg.com/media/BzSG-LCIQAA7mcJ.jpg", "url": "http://t.co/x6sjuaiALE", "display_url": "pic.twitter.com/x6sjuaiALE", "expanded_url": "https://twitter.com/THESOURCE/status/519188269821853696/photo/1", "type": "photo", "sizes": {"small": {"w": 296, "h": 394, "resize": "fit"}, "thumb": {"w": 150, "h": 150, "resize": "crop"}, "large": {"w": 296, "h": 394, "resize": "fit"}, "medium": {"w": 296, "h": 394, "resize": "fit"}}, "source_status_id": 519188269821853696, "source_status_id_str": "519188269821853696", "source_user_id": 16630362, "source_user_id_str": "16630362"}]}, "source": "<a href=\"http://twitter.com/download/iphone\" rel=\"nofollow\">Twitter for iPhone</a>", "in_reply_to_status_id": 519188269821853696, "in_reply_to_status_id_str": "519188269821853696", "in_reply_to_user_id": 16630362, "in_reply_to_user_id_str": "16630362", "in_reply_to_screen_name": "TheSource", "user": {"id": 34071267, "id_str": "34071267", "name": "Ms. Hollywood", "screen_name": "sincerely_holly", "location": "North Jersey", "description": "Hampton University Alumna. Host of the Holly\u2019s Hit or Miss podcast #HollysHitOrMiss \u2728", "url": "https://t.co/iS3Tyi2ymu", "entities": {"url": {"urls": [{"url": "https://t.co/iS3Tyi2ymu", "expanded_url": "https://linktr.ee/Hollyhitormiss", "display_url": "linktr.ee/Hollyhitormiss", "indices": [0, 23]}]}, "description": {"urls": []}}, "protected": false, "followers_count": 880, "friends_count": 608, "listed_count": 9, "created_at": "Tue Apr 21 22:34:56 +0000 2009", "favourites_count": 18030, "utc_offset": null, "time_zone": null, "geo_enabled": true, "verified": false, "statuses_count": 105313, "lang": null, "contributors_enabled": false, "is_translator": false, "is_translation_enabled": false, "profile_background_color": "FFFFFF", "profile_background_image_url": "http://abs.twimg.com/images/themes/theme10/bg.gif", "profile_background_image_url_https": "https://abs.twimg.com/images/themes/theme10/bg.gif", "profile_background_tile": true, "profile_image_url": "http://pbs.twimg.com/profile_images/1214031845014327296/d-5PM3Dm_normal.jpg", "profile_image_url_https": "https://pbs.twimg.com/profile_images/1214031845014327296/d-5PM3Dm_normal.jpg", "profile_banner_url": "https://pbs.twimg.com/profile_banners/34071267/1402288352", "profile_link_color": "1B2CC2", "profile_sidebar_border_color": "000000", "profile_sidebar_fill_color": "000000", "profile_text_color": "BD4CB0", "profile_use_background_image": true, "has_extended_profile": true, "default_profile": false, "default_profile_image": false, "following": false, "follow_request_sent": false, "notifications": false, "translator_type": "none"}, "geo": null, "coordinates": null, "place": null, "contributors": null, "is_quote_status": false, "retweet_count": 0, "favorite_count": 0, "favorited": false, "retweeted": false, "possibly_sensitive": false, "possibly_sensitive_appealable": false, "lang": "en", "reply_count": 1}