{"created_at": "Mon Oct 06 18:42:49 +0000 2014", "id": 519196093390016515, "id_str": "519196093390016515", "full_text": "@sincerely_holly @THESOURCE wtf", "truncated": false, "display_text_range": [0, 31], "entities": {"hashtags": [], "symbols": [], "user_mentions": [{"screen_name": "sincerely_holly", "name": "Ms. Hollywood", "id": 34071267, "id_str": "34071267", "indices": [0, 16]}, {"screen_name": "TheSource", "name": "The Source Magazine", "id": 16630362, "id_str": "16630362", "indices": [17, 27]}], "urls": []}, "source": "<a href=\"http://twitter.com/download/android\" rel=\"nofollow\">Twitter for Android</a>", "in_reply_to_status_id": 519191699298742272, "in_reply_to_status_id_str": "519191699298742272", "in_reply_to_user_id": 34071267, "in_reply_to_user_id_str": "34071267", "in_reply_to_screen_name": "sincerely_holly", "user": {"id": 51554214, "id_str": "51554214", "name": "V Queen", "screen_name": "VeeEmEss", "location": "Charlotte, NC", "description": "I put plans into actions. #cltwithv #kpopwithv Click link \u27a1\ufe0f\u27a1\ufe0f\u27a1\ufe0f\u27a1\ufe0f\u27a1\ufe0f\u27a1\ufe0f\u2935\ufe0f", "url": "https://t.co/PPp3W9OErV", "entities": {"url": {"urls": [{"url": "https://t.co/PPp3W9OErV", "expanded_url": "http://linktr.ee/veeemess", "display_url": "linktr.ee/veeemess", "indices": [0, 23]}]}, "description": {"urls": []}}, "protected": false, "followers_count": 582, "friends_count": 537, "listed_count": 0, "created_at": "Sat Jun 27 20:59:00 +0000 2009", "favourites_count": 7056, "utc_offset": null, "time_zone": null, "geo_enabled": true, "verified": false, "statuses_count": 67390, "lang": null, "contributors_enabled": false, "is_translator": false, "is_translation_enabled": false, "profile_background_color": "FF6699", "profile_background_image_url": "http://abs.twimg.com/images/themes/theme1/bg.png", "profile_background_image_url_https": "https://abs.twimg.com/images/themes/theme1/bg.png", "profile_background_tile": false, "profile_image_url": "http://pbs.twimg.com/profile_images/1269516207062945792/bIkhBtl0_normal.jpg", "profile_image_url_https": "https://pbs.twimg.com/profile_images/1269516207062945792/bIkhBtl0_normal.jpg", "profile_banner_url": "https://pbs.twimg.com/profile_banners/51554214/1591755793", "profile_link_color": "B40B43", "profile_sidebar_border_color": "FFFFFF", "profile_sidebar_fill_color": "E5507E", "profile_text_color": "362720", "profile_use_background_image": true, "has_extended_profile": true, "default_profile": false, "default_profile_image": false, "following": false, "follow_request_sent": false, "notifications": false, "translator_type": "none"}, "geo": {"type": "Point", "coordinates": [43.0369813, -76.1333232]}, "coordinates": {"type": "Point", "coordinates": [-76.1333232, 43.0369813]}, "place": {"id": "138181506c13418e", "url": "https://api.twitter.com/1.1/geo/id/138181506c13418e.json", "place_type": "city", "name": "Syracuse", "full_name": "Syracuse, NY", "country_code": "US", "country": "United States", "contained_within": [], "bounding_box": {"type": "Polygon", "coordinates": [[[-76.204476, 42.984026], [-76.053145, 42.984026], [-76.053145, 43.121188], [-76.204476, 43.121188]]]}, "attributes": {}}, "contributors": null, "is_quote_status": false, "retweet_count": 0, "favorite_count": 0, "favorited": false, "retweeted": false, "lang": "und", "reply_count": 0}