{"created_at": "Mon Oct 06 18:15:06 +0000 2014", "id": 519189117171937281, "id_str": "519189117171937281", "full_text": "\u201c@THESOURCE: Brad Pitt to play Bob Marley in upcoming biopic? http://t.co/EOFczzogeO http://t.co/GtztTIVNpW\u201dlmaoooooo", "truncated": false, "display_text_range": [0, 117], "entities": {"hashtags": [], "symbols": [], "user_mentions": [{"screen_name": "TheSource", "name": "The Source Magazine", "id": 16630362, "id_str": "16630362", "indices": [1, 11]}], "urls": [{"url": "http://t.co/EOFczzogeO", "expanded_url": "http://goo.gl/7jfFMt", "display_url": "goo.gl/7jfFMt", "indices": [62, 84]}], "media": [{"id": 519188259726180352, "id_str": "519188259726180352", "indices": [85, 107], "media_url": "http://pbs.twimg.com/media/BzSG-LCIQAA7mcJ.jpg", "media_url_https": "https://pbs.twimg.com/media/BzSG-LCIQAA7mcJ.jpg", "url": "http://t.co/GtztTIVNpW", "display_url": "pic.twitter.com/GtztTIVNpW", "expanded_url": "https://twitter.com/THESOURCE/status/519188269821853696/photo/1", "type": "photo", "sizes": {"small": {"w": 296, "h": 394, "resize": "fit"}, "thumb": {"w": 150, "h": 150, "resize": "crop"}, "large": {"w": 296, "h": 394, "resize": "fit"}, "medium": {"w": 296, "h": 394, "resize": "fit"}}, "source_status_id": 519188269821853696, "source_status_id_str": "519188269821853696", "source_user_id": 16630362, "source_user_id_str": "16630362"}]}, "extended_entities": {"media": [{"id": 519188259726180352, "id_str": "519188259726180352", "indices": [85, 107], "media_url": "http://pbs.twimg.com/media/BzSG-LCIQAA7mcJ.jpg", "media_url_https": "https://pbs.twimg.com/media/BzSG-LCIQAA7mcJ.jpg", "url": "http://t.co/GtztTIVNpW", "display_url": "pic.twitter.com/GtztTIVNpW", "expanded_url": "https://twitter.com/THESOURCE/status/519188269821853696/photo/1", "type": "photo", "sizes": {"small": {"w": 296, "h": 394, "resize": "fit"}, "thumb": {"w": 150, "h": 150, "resize": "crop"}, "large": {"w": 296, "h": 394, "resize": "fit"}, "medium": {"w": 296, "h": 394, "resize": "fit"}}, "source_status_id": 519188269821853696, "source_status_id_str": "519188269821853696", "source_user_id": 16630362, "source_user_id_str": "16630362"}]}, "source": "<a href=\"http://twitter.com/download/iphone\" rel=\"nofollow\">Twitter for iPhone</a>", "in_reply_to_status_id": 519188269821853696, "in_reply_to_status_id_str": "519188269821853696", "in_reply_to_user_id": 16630362, "in_reply_to_user_id_str": "16630362", "in_reply_to_screen_name": "TheSource", "user": {"id": 27246424, "id_str": "27246424", "name": "Damelle", "screen_name": "HOLA_MELLITO", "location": "East Flatbush, Brooklyn", "description": "Visual artist #TheSuiteLife inquiries email @damellew@gmail.com", "url": "https://t.co/4INMld1mx6", "entities": {"url": {"urls": [{"url": "https://t.co/4INMld1mx6", "expanded_url": "http://Damellew.wixsite.com/mysite", "display_url": "Damellew.wixsite.com/mysite", "indices": [0, 23]}]}, "description": {"urls": []}}, "protected": false, "followers_count": 1346, "friends_count": 1662, "listed_count": 66, "created_at": "Sat Mar 28 15:25:46 +0000 2009", "favourites_count": 6579, "utc_offset": null, "time_zone": null, "geo_enabled": true, "verified": false, "statuses_count": 216849, "lang": null, "contributors_enabled": false, "is_translator": false, "is_translation_enabled": false, "profile_background_color": "ABB8C2", "profile_background_image_url": "http://abs.twimg.com/images/themes/theme1/bg.png", "profile_background_image_url_https": "https://abs.twimg.com/images/themes/theme1/bg.png", "profile_background_tile": false, "profile_image_url": "http://pbs.twimg.com/profile_images/1228534531906572288/w1Mle_vU_normal.jpg", "profile_image_url_https": "https://pbs.twimg.com/profile_images/1228534531906572288/w1Mle_vU_normal.jpg", "profile_banner_url": "https://pbs.twimg.com/profile_banners/27246424/1491265062", "profile_link_color": "3B94D9", "profile_sidebar_border_color": "FFFFFF", "profile_sidebar_fill_color": "1C1E21", "profile_text_color": "FF0F0F", "profile_use_background_image": true, "has_extended_profile": true, "default_profile": false, "default_profile_image": false, "following": false, "follow_request_sent": false, "notifications": false, "translator_type": "none"}, "geo": null, "coordinates": null, "place": null, "contributors": null, "is_quote_status": false, "retweet_count": 0, "favorite_count": 0, "favorited": false, "retweeted": false, "possibly_sensitive": false, "possibly_sensitive_appealable": false, "lang": "en", "reply_count": 0}