{"created_at": "Mon Oct 06 18:12:30 +0000 2014", "id": 519188461753229312, "id_str": "519188461753229312", "full_text": "@THESOURCE fuck that cracker ill play bob marley", "truncated": false, "display_text_range": [0, 48], "entities": {"hashtags": [], "symbols": [], "user_mentions": [{"screen_name": "TheSource", "name": "The Source Magazine", "id": 16630362, "id_str": "16630362", "indices": [0, 10]}], "urls": []}, "source": "<a href=\"http://twitter.com\" rel=\"nofollow\">Twitter Web Client</a>", "in_reply_to_status_id": 519188269821853696, "in_reply_to_status_id_str": "519188269821853696", "in_reply_to_user_id": 16630362, "in_reply_to_user_id_str": "16630362", "in_reply_to_screen_name": "TheSource", "user": {"id": 2375572789, "id_str": "2375572789", "name": "Y.R bunky", "screen_name": "bunky_y", "location": "roc", "description": "", "url": null, "entities": {"description": {"urls": []}}, "protected": false, "followers_count": 184, "friends_count": 253, "listed_count": 0, "created_at": "Thu Mar 06 15:59:21 +0000 2014", "favourites_count": 2231, "utc_offset": null, "time_zone": null, "geo_enabled": true, "verified": false, "statuses_count": 4204, "lang": null, "contributors_enabled": false, "is_translator": false, "is_translation_enabled": false, "profile_background_color": "C0DEED", "profile_background_image_url": "http://abs.twimg.com/images/themes/theme1/bg.png", "profile_background_image_url_https": "https://abs.twimg.com/images/themes/theme1/bg.png", "profile_background_tile": false, "profile_image_url": "http://pbs.twimg.com/profile_images/589060432515751936/UKdAoo5f_normal.jpg", "profile_image_url_https": "https://pbs.twimg.com/profile_images/589060432515751936/UKdAoo5f_normal.jpg", "profile_banner_url": "https://pbs.twimg.com/profile_banners/2375572789/1394122800", "profile_link_color": "1DA1F2", "profile_sidebar_border_color": "C0DEED", "profile_sidebar_fill_color": "DDEEF6", "profile_text_color": "333333", "profile_use_background_image": true, "has_extended_profile": false, "default_profile": true, "default_profile_image": false, "following": false, "follow_request_sent": false, "notifications": false, "translator_type": "none"}, "geo": null, "coordinates": null, "place": null, "contributors": null, "is_quote_status": false, "retweet_count": 0, "favorite_count": 0, "favorited": false, "retweeted": false, "lang": "en", "reply_count": 0}