{"created_at": "Mon Oct 06 18:27:06 +0000 2014", "id": 519192136957186048, "id_str": "519192136957186048", "full_text": "@THESOURCE - story not true!  I hate silly sh!t", "truncated": false, "display_text_range": [0, 47], "entities": {"hashtags": [], "symbols": [], "user_mentions": [{"screen_name": "TheSource", "name": "The Source Magazine", "id": 16630362, "id_str": "16630362", "indices": [0, 10]}], "urls": []}, "source": "<a href=\"http://twitter.com/download/android\" rel=\"nofollow\">Twitter for Android</a>", "in_reply_to_status_id": 519188269821853696, "in_reply_to_status_id_str": "519188269821853696", "in_reply_to_user_id": 16630362, "in_reply_to_user_id_str": "16630362", "in_reply_to_screen_name": "TheSource", "user": {"id": 35086757, "id_str": "35086757", "name": "MsDG72", "screen_name": "MrsRhasaan", "location": "Atlanta GA", "description": "Food truck co-owner, Author, radio personality, graphic designer, and certified shit talker...#welcome to the World According to Detric  #BEGREAT", "url": null, "entities": {"description": {"urls": []}}, "protected": false, "followers_count": 811, "friends_count": 954, "listed_count": 19, "created_at": "Sat Apr 25 00:11:59 +0000 2009", "favourites_count": 829, "utc_offset": null, "time_zone": null, "geo_enabled": true, "verified": false, "statuses_count": 11727, "lang": null, "contributors_enabled": false, "is_translator": false, "is_translation_enabled": false, "profile_background_color": "ACDED6", "profile_background_image_url": "http://abs.twimg.com/images/themes/theme9/bg.gif", "profile_background_image_url_https": "https://abs.twimg.com/images/themes/theme9/bg.gif", "profile_background_tile": true, "profile_image_url": "http://pbs.twimg.com/profile_images/956470081973903360/H6qUL-VU_normal.jpg", "profile_image_url_https": "https://pbs.twimg.com/profile_images/956470081973903360/H6qUL-VU_normal.jpg", "profile_banner_url": "https://pbs.twimg.com/profile_banners/35086757/1518264338", "profile_link_color": "038543", "profile_sidebar_border_color": "FFFFFF", "profile_sidebar_fill_color": "252429", "profile_text_color": "666666", "profile_use_background_image": true, "has_extended_profile": true, "default_profile": false, "default_profile_image": false, "following": false, "follow_request_sent": false, "notifications": false, "translator_type": "none"}, "geo": null, "coordinates": null, "place": null, "contributors": null, "is_quote_status": false, "retweet_count": 0, "favorite_count": 0, "favorited": false, "retweeted": false, "lang": "en", "reply_count": 0}