{"created_at": "Mon Oct 06 18:14:45 +0000 2014", "id": 519189031780089856, "id_str": "519189031780089856", "full_text": "\u201c@THESOURCE: Brad Pitt to play Bob Marley in upcoming biopic? http://t.co/3af7VKuVra http://t.co/LgGDk1BphB\u201d&gt; huh", "truncated": false, "display_text_range": [0, 116], "entities": {"hashtags": [], "symbols": [], "user_mentions": [{"screen_name": "TheSource", "name": "The Source Magazine", "id": 16630362, "id_str": "16630362", "indices": [1, 11]}], "urls": [{"url": "http://t.co/3af7VKuVra", "expanded_url": "http://goo.gl/7jfFMt", "display_url": "goo.gl/7jfFMt", "indices": [62, 84]}], "media": [{"id": 519188259726180352, "id_str": "519188259726180352", "indices": [85, 107], "media_url": "http://pbs.twimg.com/media/BzSG-LCIQAA7mcJ.jpg", "media_url_https": "https://pbs.twimg.com/media/BzSG-LCIQAA7mcJ.jpg", "url": "http://t.co/LgGDk1BphB", "display_url": "pic.twitter.com/LgGDk1BphB", "expanded_url": "https://twitter.com/THESOURCE/status/519188269821853696/photo/1", "type": "photo", "sizes": {"small": {"w": 296, "h": 394, "resize": "fit"}, "thumb": {"w": 150, "h": 150, "resize": "crop"}, "large": {"w": 296, "h": 394, "resize": "fit"}, "medium": {"w": 296, "h": 394, "resize": "fit"}}, "source_status_id": 519188269821853696, "source_status_id_str": "519188269821853696", "source_user_id": 16630362, "source_user_id_str": "16630362"}]}, "extended_entities": {"media": [{"id": 519188259726180352, "id_str": "519188259726180352", "indices": [85, 107], "media_url": "http://pbs.twimg.com/media/BzSG-LCIQAA7mcJ.jpg", "media_url_https": "https://pbs.twimg.com/media/BzSG-LCIQAA7mcJ.jpg", "url": "http://t.co/LgGDk1BphB", "display_url": "pic.twitter.com/LgGDk1BphB", "expanded_url": "https://twitter.com/THESOURCE/status/519188269821853696/photo/1", "type": "photo", "sizes": {"small": {"w": 296, "h": 394, "resize": "fit"}, "thumb": {"w": 150, "h": 150, "resize": "crop"}, "large": {"w": 296, "h": 394, "resize": "fit"}, "medium": {"w": 296, "h": 394, "resize": "fit"}}, "source_status_id": 519188269821853696, "source_status_id_str": "519188269821853696", "source_user_id": 16630362, "source_user_id_str": "16630362"}]}, "source": "<a href=\"http://twitter.com/download/iphone\" rel=\"nofollow\">Twitter for iPhone</a>", "in_reply_to_status_id": 519188269821853696, "in_reply_to_status_id_str": "519188269821853696", "in_reply_to_user_id": 16630362, "in_reply_to_user_id_str": "16630362", "in_reply_to_screen_name": "TheSource", "user": {"id": 18117251, "id_str": "18117251", "name": "PeaceLove&MumboSauce", "screen_name": "igotit4free", "location": "\u00ef\u00bf\u00bdT: 39.002275,-76.899117", "description": "@madeinthedmv (my views are my own)\ngoing to get a EGOT one day .", "url": "https://t.co/jiC2IHW2Tc", "entities": {"url": {"urls": [{"url": "https://t.co/jiC2IHW2Tc", "expanded_url": "http://www.madeinthedmv.com", "display_url": "madeinthedmv.com", "indices": [0, 23]}]}, "description": {"urls": []}}, "protected": false, "followers_count": 3891, "friends_count": 3927, "listed_count": 46, "created_at": "Sun Dec 14 15:04:44 +0000 2008", "favourites_count": 38488, "utc_offset": null, "time_zone": null, "geo_enabled": false, "verified": false, "statuses_count": 114508, "lang": null, "contributors_enabled": false, "is_translator": false, "is_translation_enabled": false, "profile_background_color": "1A1B1F", "profile_background_image_url": "http://abs.twimg.com/images/themes/theme9/bg.gif", "profile_background_image_url_https": "https://abs.twimg.com/images/themes/theme9/bg.gif", "profile_background_tile": false, "profile_image_url": "http://pbs.twimg.com/profile_images/1067217329782775808/sesN8cVr_normal.jpg", "profile_image_url_https": "https://pbs.twimg.com/profile_images/1067217329782775808/sesN8cVr_normal.jpg", "profile_banner_url": "https://pbs.twimg.com/profile_banners/18117251/1543279444", "profile_link_color": "2FC2EF", "profile_sidebar_border_color": "181A1E", "profile_sidebar_fill_color": "252429", "profile_text_color": "666666", "profile_use_background_image": true, "has_extended_profile": false, "default_profile": false, "default_profile_image": false, "following": false, "follow_request_sent": false, "notifications": false, "translator_type": "none"}, "geo": null, "coordinates": null, "place": null, "contributors": null, "is_quote_status": false, "retweet_count": 0, "favorite_count": 1, "favorited": false, "retweeted": false, "possibly_sensitive": false, "possibly_sensitive_appealable": false, "lang": "en", "reply_count": 0}