{"created_at": "Mon Oct 06 18:15:07 +0000 2014", "id": 519189124213792769, "id_str": "519189124213792769", "full_text": "@THESOURCE \n\nBlacks Only\nhttps://t.co/WCTi5dVE8v\nBLACK ONLY \nhttp://t.co/1aLBcFocjv\nFor the hip hop culture... http://t.co/OIVGjkQzDI", "truncated": false, "display_text_range": [0, 133], "entities": {"hashtags": [], "symbols": [], "user_mentions": [{"screen_name": "TheSource", "name": "The Source Magazine", "id": 16630362, "id_str": "16630362", "indices": [0, 10]}], "urls": [{"url": "https://t.co/WCTi5dVE8v", "expanded_url": "https://soundcloud.com/lordluminous/black-only", "display_url": "soundcloud.com/lordluminous/b\u2026", "indices": [25, 48]}, {"url": "http://t.co/1aLBcFocjv", "expanded_url": "http://old.hulkshare.com/qnh1gghhpbls", "display_url": "old.hulkshare.com/qnh1gghhpbls", "indices": [61, 83]}], "media": [{"id": 519189119939780608, "id_str": "519189119939780608", "indices": [111, 133], "media_url": "http://pbs.twimg.com/media/BzSHwPlCIAAmpjF.jpg", "media_url_https": "https://pbs.twimg.com/media/BzSHwPlCIAAmpjF.jpg", "url": "http://t.co/OIVGjkQzDI", "display_url": "pic.twitter.com/OIVGjkQzDI", "expanded_url": "https://twitter.com/LordLuminous/status/519189124213792769/photo/1", "type": "photo", "sizes": {"thumb": {"w": 150, "h": 150, "resize": "crop"}, "small": {"w": 277, "h": 400, "resize": "fit"}, "large": {"w": 277, "h": 400, "resize": "fit"}, "medium": {"w": 277, "h": 400, "resize": "fit"}}}]}, "extended_entities": {"media": [{"id": 519189119939780608, "id_str": "519189119939780608", "indices": [111, 133], "media_url": "http://pbs.twimg.com/media/BzSHwPlCIAAmpjF.jpg", "media_url_https": "https://pbs.twimg.com/media/BzSHwPlCIAAmpjF.jpg", "url": "http://t.co/OIVGjkQzDI", "display_url": "pic.twitter.com/OIVGjkQzDI", "expanded_url": "https://twitter.com/LordLuminous/status/519189124213792769/photo/1", "type": "photo", "sizes": {"thumb": {"w": 150, "h": 150, "resize": "crop"}, "small": {"w": 277, "h": 400, "resize": "fit"}, "large": {"w": 277, "h": 400, "resize": "fit"}, "medium": {"w": 277, "h": 400, "resize": "fit"}}}]}, "source": "<a href=\"http://twitter.com/download/iphone\" rel=\"nofollow\">Twitter for iPhone</a>", "in_reply_to_status_id": 519188269821853696, "in_reply_to_status_id_str": "519188269821853696", "in_reply_to_user_id": 16630362, "in_reply_to_user_id_str": "16630362", "in_reply_to_screen_name": "TheSource", "user": {"id": 51919860, "id_str": "51919860", "name": "IMPULSE the god", "screen_name": "LordLuminous", "location": "Oxnard, CA", "description": "When God hit you Up, with a link, you better listen..hit my email for any business omega3production7@yahoo.com", "url": "https://t.co/QmKodCQtLN", "entities": {"url": {"urls": [{"url": "https://t.co/QmKodCQtLN", "expanded_url": "https://soundcloud.com/lordluminous/juneteenth-athem", "display_url": "soundcloud.com/lordluminous/j\u2026", "indices": [0, 23]}]}, "description": {"urls": []}}, "protected": false, "followers_count": 5612, "friends_count": 994, "listed_count": 129, "created_at": "Mon Jun 29 02:05:05 +0000 2009", "favourites_count": 17800, "utc_offset": null, "time_zone": null, "geo_enabled": true, "verified": false, "statuses_count": 165688, "lang": null, "contributors_enabled": false, "is_translator": false, "is_translation_enabled": false, "profile_background_color": "EBEBEB", "profile_background_image_url": "http://abs.twimg.com/images/themes/theme7/bg.gif", "profile_background_image_url_https": "https://abs.twimg.com/images/themes/theme7/bg.gif", "profile_background_tile": false, "profile_image_url": "http://pbs.twimg.com/profile_images/1268913102055018496/aDJNY34R_normal.jpg", "profile_image_url_https": "https://pbs.twimg.com/profile_images/1268913102055018496/aDJNY34R_normal.jpg", "profile_banner_url": "https://pbs.twimg.com/profile_banners/51919860/1591456745", "profile_link_color": "990000", "profile_sidebar_border_color": "DFDFDF", "profile_sidebar_fill_color": "F3F3F3", "profile_text_color": "333333", "profile_use_background_image": true, "has_extended_profile": true, "default_profile": false, "default_profile_image": false, "following": false, "follow_request_sent": false, "notifications": false, "translator_type": "none"}, "geo": null, "coordinates": null, "place": null, "contributors": null, "is_quote_status": false, "retweet_count": 0, "favorite_count": 0, "favorited": false, "retweeted": false, "possibly_sensitive": false, "possibly_sensitive_appealable": false, "lang": "en", "reply_count": 0}