{"created_at": "Mon Oct 06 18:39:49 +0000 2014", "id": 519195339040260096, "id_str": "519195339040260096", "full_text": "@TheRealKamie If there is a time for me to drop my 1st \"Can We Not\", it's this.", "truncated": false, "display_text_range": [0, 79], "entities": {"hashtags": [], "symbols": [], "user_mentions": [{"screen_name": "TheRealKamie", "name": "Kamie Crawford", "id": 280334933, "id_str": "280334933", "indices": [0, 13]}], "urls": []}, "source": "<a href=\"http://www.tweetcaster.com\" rel=\"nofollow\">TweetCaster for Android</a>", "in_reply_to_status_id": 519191877284032512, "in_reply_to_status_id_str": "519191877284032512", "in_reply_to_user_id": 280334933, "in_reply_to_user_id_str": "280334933", "in_reply_to_screen_name": "TheRealKamie", "user": {"id": 178224338, "id_str": "178224338", "name": "Peter Pelletier", "screen_name": "BoSoxFan73", "location": "", "description": "Social media facilitator, #BoSox & Jeff Gordon fan, sci-fi/comic book fan, walking encyclopedia #SmarterThanTheAverageBear", "url": null, "entities": {"description": {"urls": []}}, "protected": false, "followers_count": 397, "friends_count": 396, "listed_count": 21, "created_at": "Sat Aug 14 05:11:07 +0000 2010", "favourites_count": 589, "utc_offset": null, "time_zone": null, "geo_enabled": false, "verified": false, "statuses_count": 36319, "lang": null, "contributors_enabled": false, "is_translator": false, "is_translation_enabled": false, "profile_background_color": "C0DEED", "profile_background_image_url": "http://abs.twimg.com/images/themes/theme1/bg.png", "profile_background_image_url_https": "https://abs.twimg.com/images/themes/theme1/bg.png", "profile_background_tile": false, "profile_image_url": "http://pbs.twimg.com/profile_images/2331552522/rkpf22hgooe0ewlvoqpd_normal.jpeg", "profile_image_url_https": "https://pbs.twimg.com/profile_images/2331552522/rkpf22hgooe0ewlvoqpd_normal.jpeg", "profile_link_color": "1DA1F2", "profile_sidebar_border_color": "C0DEED", "profile_sidebar_fill_color": "DDEEF6", "profile_text_color": "333333", "profile_use_background_image": true, "has_extended_profile": false, "default_profile": true, "default_profile_image": false, "following": false, "follow_request_sent": false, "notifications": false, "translator_type": "none"}, "geo": null, "coordinates": null, "place": null, "contributors": null, "is_quote_status": false, "retweet_count": 1, "favorite_count": 1, "favorited": false, "retweeted": false, "lang": "en", "reply_count": 0}