{"created_at": "Mon Oct 06 18:13:24 +0000 2014", "id": 519188689432625152, "id_str": "519188689432625152", "full_text": "@THESOURCE WTF??!!", "truncated": false, "display_text_range": [0, 18], "entities": {"hashtags": [], "symbols": [], "user_mentions": [{"screen_name": "TheSource", "name": "The Source Magazine", "id": 16630362, "id_str": "16630362", "indices": [0, 10]}], "urls": []}, "source": "<a href=\"http://twitter.com/download/iphone\" rel=\"nofollow\">Twitter for iPhone</a>", "in_reply_to_status_id": 519188269821853696, "in_reply_to_status_id_str": "519188269821853696", "in_reply_to_user_id": 16630362, "in_reply_to_user_id_str": "16630362", "in_reply_to_screen_name": "TheSource", "user": {"id": 484959279, "id_str": "484959279", "name": "SweetT16", "screen_name": "piz816", "location": "Rhody ", "description": "Would you look at that?!", "url": null, "entities": {"description": {"urls": []}}, "protected": false, "followers_count": 199, "friends_count": 364, "listed_count": 3, "created_at": "Mon Feb 06 17:43:33 +0000 2012", "favourites_count": 20437, "utc_offset": null, "time_zone": null, "geo_enabled": false, "verified": false, "statuses_count": 2664, "lang": null, "contributors_enabled": false, "is_translator": false, "is_translation_enabled": false, "profile_background_color": "C0DEED", "profile_background_image_url": "http://abs.twimg.com/images/themes/theme1/bg.png", "profile_background_image_url_https": "https://abs.twimg.com/images/themes/theme1/bg.png", "profile_background_tile": false, "profile_image_url": "http://pbs.twimg.com/profile_images/567363674990718976/eAr9gnFG_normal.jpeg", "profile_image_url_https": "https://pbs.twimg.com/profile_images/567363674990718976/eAr9gnFG_normal.jpeg", "profile_banner_url": "https://pbs.twimg.com/profile_banners/484959279/1410568043", "profile_link_color": "1DA1F2", "profile_sidebar_border_color": "C0DEED", "profile_sidebar_fill_color": "DDEEF6", "profile_text_color": "333333", "profile_use_background_image": true, "has_extended_profile": false, "default_profile": true, "default_profile_image": false, "following": false, "follow_request_sent": false, "notifications": false, "translator_type": "none"}, "geo": null, "coordinates": null, "place": null, "contributors": null, "is_quote_status": false, "retweet_count": 0, "favorite_count": 1, "favorited": false, "retweeted": false, "lang": "und", "reply_count": 0}