{"created_at": "Mon Oct 06 19:03:32 +0000 2014", "id": 519201305605439488, "id_str": "519201305605439488", "full_text": "@THESOURCE how has the source fallen this low? Soon you'll be telling me about the 1 weird trick dieticians don't want me to know", "truncated": false, "display_text_range": [0, 129], "entities": {"hashtags": [], "symbols": [], "user_mentions": [{"screen_name": "TheSource", "name": "The Source Magazine", "id": 16630362, "id_str": "16630362", "indices": [0, 10]}], "urls": []}, "source": "<a href=\"http://twitter.com/download/android\" rel=\"nofollow\">Twitter for Android</a>", "in_reply_to_status_id": 519188269821853696, "in_reply_to_status_id_str": "519188269821853696", "in_reply_to_user_id": 16630362, "in_reply_to_user_id_str": "16630362", "in_reply_to_screen_name": "TheSource", "user": {"id": 2149878613, "id_str": "2149878613", "name": "Unorthodocks", "screen_name": "UnorthodocksMC", "location": "Phoenix, AZ", "description": "just here cuz I rap", "url": "https://t.co/hlSc7xBjUD", "entities": {"url": {"urls": [{"url": "https://t.co/hlSc7xBjUD", "expanded_url": "http://docks.bandcamp.com", "display_url": "docks.bandcamp.com", "indices": [0, 23]}]}, "description": {"urls": []}}, "protected": false, "followers_count": 464, "friends_count": 311, "listed_count": 7, "created_at": "Tue Oct 22 23:22:29 +0000 2013", "favourites_count": 3098, "utc_offset": null, "time_zone": null, "geo_enabled": true, "verified": false, "statuses_count": 9226, "lang": null, "contributors_enabled": false, "is_translator": false, "is_translation_enabled": false, "profile_background_color": "C0DEED", "profile_background_image_url": "http://abs.twimg.com/images/themes/theme1/bg.png", "profile_background_image_url_https": "https://abs.twimg.com/images/themes/theme1/bg.png", "profile_background_tile": true, "profile_image_url": "http://pbs.twimg.com/profile_images/657037584976121856/8Hv5q1f-_normal.png", "profile_image_url_https": "https://pbs.twimg.com/profile_images/657037584976121856/8Hv5q1f-_normal.png", "profile_banner_url": "https://pbs.twimg.com/profile_banners/2149878613/1439259797", "profile_link_color": "981CEB", "profile_sidebar_border_color": "FFFFFF", "profile_sidebar_fill_color": "DDEEF6", "profile_text_color": "333333", "profile_use_background_image": true, "has_extended_profile": false, "default_profile": false, "default_profile_image": false, "following": false, "follow_request_sent": false, "notifications": false, "translator_type": "none"}, "geo": null, "coordinates": null, "place": null, "contributors": null, "is_quote_status": false, "retweet_count": 0, "favorite_count": 0, "favorited": false, "retweeted": false, "lang": "en", "reply_count": 0}