{"created_at": "Mon Oct 06 19:23:36 +0000 2014", "id": 519206355530690561, "id_str": "519206355530690561", "full_text": "@THESOURCE this better not be real.", "truncated": false, "display_text_range": [0, 35], "entities": {"hashtags": [], "symbols": [], "user_mentions": [{"screen_name": "TheSource", "name": "The Source Magazine", "id": 16630362, "id_str": "16630362", "indices": [0, 10]}], "urls": []}, "source": "<a href=\"http://twitter.com/download/iphone\" rel=\"nofollow\">Twitter for iPhone</a>", "in_reply_to_status_id": 519188269821853696, "in_reply_to_status_id_str": "519188269821853696", "in_reply_to_user_id": 16630362, "in_reply_to_user_id_str": "16630362", "in_reply_to_screen_name": "TheSource", "user": {"id": 208902084, "id_str": "208902084", "name": "Vanta Black", "screen_name": "blackfacethree", "location": "Providence, RI", "description": "Email: pttpthree@gmail.com for BOOKING | FEATURES | BEATS | Roc-A-Baby Official Video Link Below!!!", "url": "https://t.co/8ThG3SLBuB", "entities": {"url": {"urls": [{"url": "https://t.co/8ThG3SLBuB", "expanded_url": "https://m.youtube.com/watch?v=fk0bNUyn7ZE", "display_url": "m.youtube.com/watch?v=fk0bNU\u2026", "indices": [0, 23]}]}, "description": {"urls": []}}, "protected": false, "followers_count": 506, "friends_count": 650, "listed_count": 10, "created_at": "Thu Oct 28 04:28:05 +0000 2010", "favourites_count": 841, "utc_offset": null, "time_zone": null, "geo_enabled": true, "verified": false, "statuses_count": 11782, "lang": null, "contributors_enabled": false, "is_translator": false, "is_translation_enabled": false, "profile_background_color": "000000", "profile_background_image_url": "http://abs.twimg.com/images/themes/theme14/bg.gif", "profile_background_image_url_https": "https://abs.twimg.com/images/themes/theme14/bg.gif", "profile_background_tile": false, "profile_image_url": "http://pbs.twimg.com/profile_images/754673827708362752/UE3kieGH_normal.jpg", "profile_image_url_https": "https://pbs.twimg.com/profile_images/754673827708362752/UE3kieGH_normal.jpg", "profile_banner_url": "https://pbs.twimg.com/profile_banners/208902084/1468763239", "profile_link_color": "BF1111", "profile_sidebar_border_color": "000000", "profile_sidebar_fill_color": "DDEEF6", "profile_text_color": "333333", "profile_use_background_image": true, "has_extended_profile": true, "default_profile": false, "default_profile_image": false, "following": false, "follow_request_sent": false, "notifications": false, "translator_type": "none"}, "geo": null, "coordinates": null, "place": null, "contributors": null, "is_quote_status": false, "retweet_count": 0, "favorite_count": 0, "favorited": false, "retweeted": false, "lang": "en", "reply_count": 0}