{"created_at": "Mon Oct 06 21:25:03 +0000 2014", "id": 519236918806974464, "id_str": "519236918806974464", "full_text": "@_TaylorMade210 it's a rumor lol smh they still weak for even thinking about it", "truncated": false, "display_text_range": [0, 79], "entities": {"hashtags": [], "symbols": [], "user_mentions": [{"screen_name": "_TaylorMade210", "name": "Smokey Ellison", "id": 2165232552, "id_str": "2165232552", "indices": [0, 15]}], "urls": []}, "source": "<a href=\"http://twitter.com/download/iphone\" rel=\"nofollow\">Twitter for iPhone</a>", "in_reply_to_status_id": 519235285117566979, "in_reply_to_status_id_str": "519235285117566979", "in_reply_to_user_id": 2165232552, "in_reply_to_user_id_str": "2165232552", "in_reply_to_screen_name": "_TaylorMade210", "user": {"id": 31330708, "id_str": "31330708", "name": "$mokey Ellison", "screen_name": "1B3nt", "location": "San Antonio, TX", "description": "", "url": null, "entities": {"description": {"urls": []}}, "protected": false, "followers_count": 645, "friends_count": 318, "listed_count": 13, "created_at": "Wed Apr 15 03:47:12 +0000 2009", "favourites_count": 3867, "utc_offset": null, "time_zone": null, "geo_enabled": true, "verified": false, "statuses_count": 42895, "lang": null, "contributors_enabled": false, "is_translator": false, "is_translation_enabled": false, "profile_background_color": "9AE4E8", "profile_background_image_url": "http://abs.twimg.com/images/themes/theme1/bg.png", "profile_background_image_url_https": "https://abs.twimg.com/images/themes/theme1/bg.png", "profile_background_tile": true, "profile_image_url": "http://pbs.twimg.com/profile_images/681866808920375296/oyuXCU9G_normal.jpg", "profile_image_url_https": "https://pbs.twimg.com/profile_images/681866808920375296/oyuXCU9G_normal.jpg", "profile_banner_url": "https://pbs.twimg.com/profile_banners/31330708/1438044941", "profile_link_color": "DD2E44", "profile_sidebar_border_color": "BDDCAD", "profile_sidebar_fill_color": "DDFFCC", "profile_text_color": "333333", "profile_use_background_image": true, "has_extended_profile": false, "default_profile": false, "default_profile_image": false, "following": false, "follow_request_sent": false, "notifications": false, "translator_type": "none"}, "geo": null, "coordinates": null, "place": null, "contributors": null, "is_quote_status": false, "retweet_count": 0, "favorite_count": 0, "favorited": false, "retweeted": false, "lang": "en", "reply_count": 1}