{"created_at": "Mon Oct 06 19:21:42 +0000 2014", "id": 519205880219189248, "id_str": "519205880219189248", "full_text": "\u201c@THESOURCE: Brad Pitt to play Bob Marley in upcoming biopic? http://t.co/mz7uIdzDeZ http://t.co/yW13m3NgQE\u201d STOP !", "truncated": false, "display_text_range": [0, 115], "entities": {"hashtags": [], "symbols": [], "user_mentions": [{"screen_name": "TheSource", "name": "The Source Magazine", "id": 16630362, "id_str": "16630362", "indices": [1, 11]}], "urls": [{"url": "http://t.co/mz7uIdzDeZ", "expanded_url": "http://goo.gl/7jfFMt", "display_url": "goo.gl/7jfFMt", "indices": [62, 84]}], "media": [{"id": 519188259726180352, "id_str": "519188259726180352", "indices": [85, 107], "media_url": "http://pbs.twimg.com/media/BzSG-LCIQAA7mcJ.jpg", "media_url_https": "https://pbs.twimg.com/media/BzSG-LCIQAA7mcJ.jpg", "url": "http://t.co/yW13m3NgQE", "display_url": "pic.twitter.com/yW13m3NgQE", "expanded_url": "https://twitter.com/THESOURCE/status/519188269821853696/photo/1", "type": "photo", "sizes": {"small": {"w": 296, "h": 394, "resize": "fit"}, "thumb": {"w": 150, "h": 150, "resize": "crop"}, "large": {"w": 296, "h": 394, "resize": "fit"}, "medium": {"w": 296, "h": 394, "resize": "fit"}}, "source_status_id": 519188269821853696, "source_status_id_str": "519188269821853696", "source_user_id": 16630362, "source_user_id_str": "16630362"}]}, "extended_entities": {"media": [{"id": 519188259726180352, "id_str": "519188259726180352", "indices": [85, 107], "media_url": "http://pbs.twimg.com/media/BzSG-LCIQAA7mcJ.jpg", "media_url_https": "https://pbs.twimg.com/media/BzSG-LCIQAA7mcJ.jpg", "url": "http://t.co/yW13m3NgQE", "display_url": "pic.twitter.com/yW13m3NgQE", "expanded_url": "https://twitter.com/THESOURCE/status/519188269821853696/photo/1", "type": "photo", "sizes": {"small": {"w": 296, "h": 394, "resize": "fit"}, "thumb": {"w": 150, "h": 150, "resize": "crop"}, "large": {"w": 296, "h": 394, "resize": "fit"}, "medium": {"w": 296, "h": 394, "resize": "fit"}}, "source_status_id": 519188269821853696, "source_status_id_str": "519188269821853696", "source_user_id": 16630362, "source_user_id_str": "16630362"}]}, "source": "<a href=\"http://twitter.com/download/iphone\" rel=\"nofollow\">Twitter for iPhone</a>", "in_reply_to_status_id": 519188269821853696, "in_reply_to_status_id_str": "519188269821853696", "in_reply_to_user_id": 16630362, "in_reply_to_user_id_str": "16630362", "in_reply_to_screen_name": "TheSource", "user": {"id": 51548393, "id_str": "51548393", "name": "\ud83c\uddf1\ud83c\uddf7EddieBrownRadio / 187.3FM", "screen_name": "ThankEddieBrown", "location": "\ud83d\udccd AUS\ud83d\udee9LAX\ud83d\udee9ATL \ud83d\udd01", "description": "Got both my phones with me...hit me if you about some cake\ud83d\udcf1\ud83d\udcf1| (323.286.5767) | Drone Bandit | A&R | FBMA | \ud83c\udfc1TMC HOME TEAM | KOTA |", "url": null, "entities": {"description": {"urls": []}}, "protected": false, "followers_count": 2665, "friends_count": 657, "listed_count": 19, "created_at": "Sat Jun 27 20:36:09 +0000 2009", "favourites_count": 6693, "utc_offset": null, "time_zone": null, "geo_enabled": true, "verified": false, "statuses_count": 8145, "lang": null, "contributors_enabled": false, "is_translator": false, "is_translation_enabled": false, "profile_background_color": "FFFFFF", "profile_background_image_url": "http://abs.twimg.com/images/themes/theme1/bg.png", "profile_background_image_url_https": "https://abs.twimg.com/images/themes/theme1/bg.png", "profile_background_tile": true, "profile_image_url": "http://pbs.twimg.com/profile_images/1274562135847288832/-q_wDsPE_normal.jpg", "profile_image_url_https": "https://pbs.twimg.com/profile_images/1274562135847288832/-q_wDsPE_normal.jpg", "profile_banner_url": "https://pbs.twimg.com/profile_banners/51548393/1572887096", "profile_link_color": "C7C7C7", "profile_sidebar_border_color": "FFFFFF", "profile_sidebar_fill_color": "EADEAA", "profile_text_color": "333333", "profile_use_background_image": false, "has_extended_profile": true, "default_profile": false, "default_profile_image": false, "following": false, "follow_request_sent": false, "notifications": false, "translator_type": "regular"}, "geo": null, "coordinates": null, "place": null, "contributors": null, "is_quote_status": false, "retweet_count": 0, "favorite_count": 0, "favorited": false, "retweeted": false, "possibly_sensitive": false, "possibly_sensitive_appealable": false, "lang": "en", "reply_count": 0}