{"created_at": "Tue Sep 17 02:12:08 +0000 2019", "id": 1173781652885123072, "id_str": "1173781652885123072", "full_text": "@prayingmedic #QAnon17 #Q17", "truncated": false, "display_text_range": [14, 27], "entities": {"hashtags": [{"text": "QAnon17", "indices": [14, 22]}, {"text": "Q17", "indices": [23, 27]}], "symbols": [], "user_mentions": [{"screen_name": "prayingmedic", "name": "Praying Medic", "id": 83932539, "id_str": "83932539", "indices": [0, 13]}], "urls": []}, "source": "<a href=\"http://twitter.com/download/iphone\" rel=\"nofollow\">Twitter for iPhone</a>", "in_reply_to_status_id": 983907992843276288, "in_reply_to_status_id_str": "983907992843276288", "in_reply_to_user_id": 49023129, "in_reply_to_user_id_str": "49023129", "in_reply_to_screen_name": "cjtruth", "user": {"id": 49023129, "id_str": "49023129", "name": "CJTRUTH\u2b50\ufe0f\u2b50\ufe0f\u2b50\ufe0f", "screen_name": "cjtruth", "location": "", "description": "Patriot/Digital Soldier Fighting 4 Faith, Justice & Freedom. Waking up people & digging deeper. WE ARE THE NEWS NOW #WWG1WGA #GodWins Instagram: cjtruth17", "url": "https://t.co/wDZeL7BvIo", "entities": {"url": {"urls": [{"url": "https://t.co/wDZeL7BvIo", "expanded_url": "http://qmap.pub", "display_url": "qmap.pub", "indices": [0, 23]}]}, "description": {"urls": []}}, "protected": false, "followers_count": 157687, "friends_count": 21176, "listed_count": 743, "created_at": "Sat Jun 20 14:51:37 +0000 2009", "favourites_count": 238626, "utc_offset": null, "time_zone": null, "geo_enabled": false, "verified": false, "statuses_count": 121529, "lang": null, "contributors_enabled": false, "is_translator": false, "is_translation_enabled": false, "profile_background_color": "C0DEED", "profile_background_image_url": "http://abs.twimg.com/images/themes/theme1/bg.png", "profile_background_image_url_https": "https://abs.twimg.com/images/themes/theme1/bg.png", "profile_background_tile": true, "profile_image_url": "http://pbs.twimg.com/profile_images/1201282946310819846/0BnPoWOg_normal.jpg", "profile_image_url_https": "https://pbs.twimg.com/profile_images/1201282946310819846/0BnPoWOg_normal.jpg", "profile_banner_url": "https://pbs.twimg.com/profile_banners/49023129/1591073957", "profile_link_color": "0084B4", "profile_sidebar_border_color": "C0DEED", "profile_sidebar_fill_color": "DDEEF6", "profile_text_color": "333333", "profile_use_background_image": true, "has_extended_profile": false, "default_profile": false, "default_profile_image": false, "following": false, "follow_request_sent": false, "notifications": false, "translator_type": "none"}, "geo": null, "coordinates": null, "place": null, "contributors": null, "is_quote_status": false, "retweet_count": 3, "favorite_count": 2, "favorited": false, "retweeted": false, "lang": "und", "reply_count": 0}