{"created_at": "Sun Oct 06 20:44:33 +0000 2019", "id": 1180946969591795713, "id_str": "1180946969591795713", "full_text": "@prayingmedic Hey Praying, your thread is ready and compiled. Be sure to mention us from the last tweet to compile older threads. You can read it here: https://t.co/VnFMMZtok1 #Qanon #QAnon #Qanaon #FakeNewsCNN #Qann", "truncated": false, "display_text_range": [14, 216], "entities": {"hashtags": [{"text": "Qanon", "indices": [176, 182]}, {"text": "QAnon", "indices": [183, 189]}, {"text": "Qanaon", "indices": [190, 197]}, {"text": "FakeNewsCNN", "indices": [198, 210]}, {"text": "Qann", "indices": [211, 216]}], "symbols": [], "user_mentions": [{"screen_name": "prayingmedic", "name": "Praying Medic", "id": 83932539, "id_str": "83932539", "indices": [0, 13]}], "urls": [{"url": "https://t.co/VnFMMZtok1", "expanded_url": "https://threader.app/thread/982259681400778754", "display_url": "threader.app/thread/9822596\u2026", "indices": [152, 175]}]}, "source": "<a href=\"https://www.thrdr.com\" rel=\"nofollow\">Threader_client</a>", "in_reply_to_status_id": 1180946746853052416, "in_reply_to_status_id_str": "1180946746853052416", "in_reply_to_user_id": 83932539, "in_reply_to_user_id_str": "83932539", "in_reply_to_screen_name": "prayingmedic", "user": {"id": 900271822465380352, "id_str": "900271822465380352", "name": "Threader", "screen_name": "threader_app", "location": "Author? You can opt-out with the keyword \u201cpause\u201d", "description": "Get good Twitter threads, every day \u2022 Apple\u2019s App of the Day \u2022 Mention us with the keyword \u201ccompile\u201d on a thread to turn it into an ad-free, single page.", "url": "https://t.co/uyOEoOTsn3", "entities": {"url": {"urls": [{"url": "https://t.co/uyOEoOTsn3", "expanded_url": "https://threader.app", "display_url": "threader.app", "indices": [0, 23]}]}, "description": {"urls": []}}, "protected": false, "followers_count": 44471, "friends_count": 1151, "listed_count": 189, "created_at": "Wed Aug 23 08:21:43 +0000 2017", "favourites_count": 3526, "utc_offset": null, "time_zone": null, "geo_enabled": false, "verified": false, "statuses_count": 116099, "lang": null, "contributors_enabled": false, "is_translator": false, "is_translation_enabled": false, "profile_background_color": "000000", "profile_background_image_url": "http://abs.twimg.com/images/themes/theme1/bg.png", "profile_background_image_url_https": "https://abs.twimg.com/images/themes/theme1/bg.png", "profile_background_tile": false, "profile_image_url": "http://pbs.twimg.com/profile_images/926857336924397568/AB4-K0OD_normal.jpg", "profile_image_url_https": "https://pbs.twimg.com/profile_images/926857336924397568/AB4-K0OD_normal.jpg", "profile_banner_url": "https://pbs.twimg.com/profile_banners/900271822465380352/1509815649", "profile_link_color": "1B95E0", "profile_sidebar_border_color": "000000", "profile_sidebar_fill_color": "000000", "profile_text_color": "000000", "profile_use_background_image": false, "has_extended_profile": false, "default_profile": false, "default_profile_image": false, "following": false, "follow_request_sent": false, "notifications": false, "translator_type": "none"}, "geo": null, "coordinates": null, "place": null, "contributors": null, "is_quote_status": false, "retweet_count": 1, "favorite_count": 2, "favorited": false, "retweeted": false, "possibly_sensitive": false, "possibly_sensitive_appealable": false, "lang": "en", "reply_count": 0}