{"created_at": "Tue Apr 10 12:32:55 +0000 2018", "id": 983684248354910208, "id_str": "983684248354910208", "full_text": "199) #Qanon gave more details about  Chongquing. https://t.co/vyLueJEZXX", "truncated": false, "display_text_range": [0, 48], "entities": {"hashtags": [{"text": "Qanon", "indices": [5, 11]}], "symbols": [], "user_mentions": [], "urls": [], "media": [{"id": 983684231141429248, "id_str": "983684231141429248", "indices": [49, 72], "media_url": "http://pbs.twimg.com/media/Daa_mLBWkAAt6Ib.jpg", "media_url_https": "https://pbs.twimg.com/media/Daa_mLBWkAAt6Ib.jpg", "url": "https://t.co/vyLueJEZXX", "display_url": "pic.twitter.com/vyLueJEZXX", "expanded_url": "https://twitter.com/prayingmedic/status/983684248354910208/photo/1", "type": "photo", "sizes": {"small": {"w": 569, "h": 680, "resize": "fit"}, "thumb": {"w": 150, "h": 150, "resize": "crop"}, "medium": {"w": 1005, "h": 1200, "resize": "fit"}, "large": {"w": 1040, "h": 1242, "resize": "fit"}}}]}, "extended_entities": {"media": [{"id": 983684231141429248, "id_str": "983684231141429248", "indices": [49, 72], "media_url": "http://pbs.twimg.com/media/Daa_mLBWkAAt6Ib.jpg", "media_url_https": "https://pbs.twimg.com/media/Daa_mLBWkAAt6Ib.jpg", "url": "https://t.co/vyLueJEZXX", "display_url": "pic.twitter.com/vyLueJEZXX", "expanded_url": "https://twitter.com/prayingmedic/status/983684248354910208/photo/1", "type": "photo", "sizes": {"small": {"w": 569, "h": 680, "resize": "fit"}, "thumb": {"w": 150, "h": 150, "resize": "crop"}, "medium": {"w": 1005, "h": 1200, "resize": "fit"}, "large": {"w": 1040, "h": 1242, "resize": "fit"}}}]}, "source": "<a href=\"http://twitter.com/download/android\" rel=\"nofollow\">Twitter for Android</a>", "in_reply_to_status_id": 983684227022704641, "in_reply_to_status_id_str": "983684227022704641", "in_reply_to_user_id": 83932539, "in_reply_to_user_id_str": "83932539", "in_reply_to_screen_name": "prayingmedic", "user": {"id": 83932539, "id_str": "83932539", "name": "Praying Medic", "screen_name": "prayingmedic", "location": "Phoenix, AZ", "description": "Paramedic \u2605 Author \u2605 Researcher \u2605 Patreon: https://t.co/BWJEDGYiU2 \u2605 PayPal: https://t.co/20R3ZnAAdf \u2605 Calm Before the Storm \ud83d\udcd5https://t.co/7xstrR6eRB", "url": "https://t.co/LGN4UpsYk0", "entities": {"url": {"urls": [{"url": "https://t.co/LGN4UpsYk0", "expanded_url": "http://prayingmedic.com/", "display_url": "prayingmedic.com", "indices": [0, 23]}]}, "description": {"urls": [{"url": "https://t.co/BWJEDGYiU2", "expanded_url": "http://bit.ly/PatreonPM", "display_url": "bit.ly/PatreonPM", "indices": [43, 66]}, {"url": "https://t.co/20R3ZnAAdf", "expanded_url": "http://bit.ly/Paypal_PM", "display_url": "bit.ly/Paypal_PM", "indices": [77, 100]}, {"url": "https://t.co/7xstrR6eRB", "expanded_url": "http://bit.ly/Q_CBTS", "display_url": "bit.ly/Q_CBTS", "indices": [126, 149]}]}}, "protected": false, "followers_count": 361980, "friends_count": 107795, "listed_count": 1747, "created_at": "Tue Oct 20 21:44:51 +0000 2009", "favourites_count": 100477, "utc_offset": null, "time_zone": null, "geo_enabled": false, "verified": false, "statuses_count": 68368, "lang": null, "contributors_enabled": false, "is_translator": false, "is_translation_enabled": false, "profile_background_color": "B2DFDA", "profile_background_image_url": "http://abs.twimg.com/images/themes/theme1/bg.png", "profile_background_image_url_https": "https://abs.twimg.com/images/themes/theme1/bg.png", "profile_background_tile": false, "profile_image_url": "http://pbs.twimg.com/profile_images/1214676867464089602/dUiFJLPY_normal.png", "profile_image_url_https": "https://pbs.twimg.com/profile_images/1214676867464089602/dUiFJLPY_normal.png", "profile_banner_url": "https://pbs.twimg.com/profile_banners/83932539/1582151268", "profile_link_color": "FF8000", "profile_sidebar_border_color": "FFFFFF", "profile_sidebar_fill_color": "FFFFFF", "profile_text_color": "333333", "profile_use_background_image": true, "has_extended_profile": false, "default_profile": false, "default_profile_image": false, "following": false, "follow_request_sent": false, "notifications": false, "translator_type": "none"}, "geo": null, "coordinates": null, "place": null, "contributors": null, "is_quote_status": false, "retweet_count": 36, "favorite_count": 114, "favorited": false, "retweeted": false, "possibly_sensitive": false, "possibly_sensitive_appealable": false, "lang": "en", "reply_count": 2}