{"created_at": "Wed Apr 11 03:50:47 +0000 2018", "id": 983915238885068801, "id_str": "983915238885068801", "full_text": "@prayingmedic @VP When you posted \"you elected us\" that is who I thought of.", "truncated": false, "display_text_range": [18, 76], "entities": {"hashtags": [], "symbols": [], "user_mentions": [{"screen_name": "prayingmedic", "name": "Praying Medic", "id": 83932539, "id_str": "83932539", "indices": [0, 13]}, {"screen_name": "VP", "name": "Vice President Mike Pence", "id": 818910970567344128, "id_str": "818910970567344128", "indices": [14, 17]}], "urls": []}, "source": "<a href=\"http://twitter.com\" rel=\"nofollow\">Twitter Web Client</a>", "in_reply_to_status_id": 983906734166061056, "in_reply_to_status_id_str": "983906734166061056", "in_reply_to_user_id": 83932539, "in_reply_to_user_id_str": "83932539", "in_reply_to_screen_name": "prayingmedic", "user": {"id": 796648039091961856, "id_str": "796648039091961856", "name": "\ud83c\uddfa\ud83c\uddf8 Henfield Cranbury \ud83c\uddfa\ud83c\uddf8", "screen_name": "w9jvitsl", "location": "", "description": "\ud83c\uddfa\ud83c\uddf8 #MAGA \u2764\ufe0f Covfefe Rules \ud83c\uddfa\ud83c\uddf8 #TravelBan \u2764\ufe0f #DrainTheSwamp \ud83c\uddfa\ud83c\uddf8\u00a0#BestPresidentEver \u2764\ufe0f", "url": "https://t.co/uSzP6LsgEe", "entities": {"url": {"urls": [{"url": "https://t.co/uSzP6LsgEe", "expanded_url": "https://higginswar.blogspot.com/", "display_url": "higginswar.blogspot.com", "indices": [0, 23]}]}, "description": {"urls": []}}, "protected": false, "followers_count": 389, "friends_count": 390, "listed_count": 0, "created_at": "Thu Nov 10 09:37:48 +0000 2016", "favourites_count": 10518, "utc_offset": null, "time_zone": null, "geo_enabled": false, "verified": false, "statuses_count": 2266, "lang": null, "contributors_enabled": false, "is_translator": false, "is_translation_enabled": false, "profile_background_color": "F5F8FA", "profile_background_image_url": null, "profile_background_image_url_https": null, "profile_background_tile": false, "profile_image_url": "http://pbs.twimg.com/profile_images/1015357553604112386/s8yDiQ8W_normal.jpg", "profile_image_url_https": "https://pbs.twimg.com/profile_images/1015357553604112386/s8yDiQ8W_normal.jpg", "profile_banner_url": "https://pbs.twimg.com/profile_banners/796648039091961856/1531066664", "profile_link_color": "1DA1F2", "profile_sidebar_border_color": "C0DEED", "profile_sidebar_fill_color": "DDEEF6", "profile_text_color": "333333", "profile_use_background_image": true, "has_extended_profile": false, "default_profile": true, "default_profile_image": false, "following": false, "follow_request_sent": false, "notifications": false, "translator_type": "none"}, "geo": null, "coordinates": null, "place": null, "contributors": null, "is_quote_status": false, "retweet_count": 0, "favorite_count": 2, "favorited": false, "retweeted": false, "lang": "en", "reply_count": 0}