{"created_at": "Wed Apr 11 03:56:06 +0000 2018", "id": 983916576406720512, "id_str": "983916576406720512", "full_text": "@prayingmedic Freaking phenomenal. Thank you. \ud83d\udc4d\ud83c\udffb\ud83d\udc4d\ud83c\udffb\ud83d\udc4d\ud83c\udffb", "truncated": false, "display_text_range": [14, 52], "entities": {"hashtags": [], "symbols": [], "user_mentions": [{"screen_name": "prayingmedic", "name": "Praying Medic", "id": 83932539, "id_str": "83932539", "indices": [0, 13]}], "urls": []}, "source": "<a href=\"http://twitter.com/download/android\" rel=\"nofollow\">Twitter for Android</a>", "in_reply_to_status_id": 983906732337332225, "in_reply_to_status_id_str": "983906732337332225", "in_reply_to_user_id": 83932539, "in_reply_to_user_id_str": "83932539", "in_reply_to_screen_name": "prayingmedic", "user": {"id": 832680461851693058, "id_str": "832680461851693058", "name": "\u2b50\ud835\udc09\ud835\udc2e\ud835\udc1d\ud835\udc1a\ud835\udc2c\u2b50\ud835\udc06\ud835\udc28\ud835\udc1a\ud835\udc2d\u2b50\ud83c\uddfa\ud83c\uddf8", "screen_name": "RealJudasGoat", "location": "Field of Pain", "description": "Shitposting Savant. That's it.", "url": null, "entities": {"description": {"urls": []}}, "protected": false, "followers_count": 6273, "friends_count": 5012, "listed_count": 20, "created_at": "Fri Feb 17 19:57:47 +0000 2017", "favourites_count": 80225, "utc_offset": null, "time_zone": null, "geo_enabled": false, "verified": false, "statuses_count": 29682, "lang": null, "contributors_enabled": false, "is_translator": false, "is_translation_enabled": false, "profile_background_color": "000000", "profile_background_image_url": "http://abs.twimg.com/images/themes/theme1/bg.png", "profile_background_image_url_https": "https://abs.twimg.com/images/themes/theme1/bg.png", "profile_background_tile": false, "profile_image_url": "http://pbs.twimg.com/profile_images/1273111004377989123/PH1tTTYm_normal.jpg", "profile_image_url_https": "https://pbs.twimg.com/profile_images/1273111004377989123/PH1tTTYm_normal.jpg", "profile_banner_url": "https://pbs.twimg.com/profile_banners/832680461851693058/1591064354", "profile_link_color": "1B95E0", "profile_sidebar_border_color": "000000", "profile_sidebar_fill_color": "000000", "profile_text_color": "000000", "profile_use_background_image": false, "has_extended_profile": true, "default_profile": false, "default_profile_image": false, "following": false, "follow_request_sent": false, "notifications": false, "translator_type": "none"}, "geo": null, "coordinates": null, "place": null, "contributors": null, "is_quote_status": false, "retweet_count": 1, "favorite_count": 8, "favorited": false, "retweeted": false, "lang": "en", "reply_count": 1}