{"created_at": "Wed Apr 11 03:20:40 +0000 2018", "id": 983907659668688896, "id_str": "983907659668688896", "full_text": "@prayingmedic Wow, you think???", "truncated": false, "display_text_range": [14, 31], "entities": {"hashtags": [], "symbols": [], "user_mentions": [{"screen_name": "prayingmedic", "name": "Praying Medic", "id": 83932539, "id_str": "83932539", "indices": [0, 13]}], "urls": []}, "source": "<a href=\"http://twitter.com/download/iphone\" rel=\"nofollow\">Twitter for iPhone</a>", "in_reply_to_status_id": 983906735805968384, "in_reply_to_status_id_str": "983906735805968384", "in_reply_to_user_id": 83932539, "in_reply_to_user_id_str": "83932539", "in_reply_to_screen_name": "prayingmedic", "user": {"id": 962702520329129985, "id_str": "962702520329129985", "name": "Joe Rizzo", "screen_name": "joerizzo1234", "location": "USA", "description": "Truth seeker. Patriot. I believe in the Constitution. Traditional American values. Integrity matters to me.", "url": null, "entities": {"description": {"urls": []}}, "protected": false, "followers_count": 724, "friends_count": 1171, "listed_count": 0, "created_at": "Sun Feb 11 14:59:01 +0000 2018", "favourites_count": 99367, "utc_offset": null, "time_zone": null, "geo_enabled": false, "verified": false, "statuses_count": 3049, "lang": null, "contributors_enabled": false, "is_translator": false, "is_translation_enabled": false, "profile_background_color": "F5F8FA", "profile_background_image_url": null, "profile_background_image_url_https": null, "profile_background_tile": false, "profile_image_url": "http://pbs.twimg.com/profile_images/962705699703844864/3gU5FMPN_normal.jpg", "profile_image_url_https": "https://pbs.twimg.com/profile_images/962705699703844864/3gU5FMPN_normal.jpg", "profile_link_color": "1DA1F2", "profile_sidebar_border_color": "C0DEED", "profile_sidebar_fill_color": "DDEEF6", "profile_text_color": "333333", "profile_use_background_image": true, "has_extended_profile": false, "default_profile": true, "default_profile_image": false, "following": false, "follow_request_sent": false, "notifications": false, "translator_type": "none"}, "geo": null, "coordinates": null, "place": null, "contributors": null, "is_quote_status": false, "retweet_count": 0, "favorite_count": 3, "favorited": false, "retweeted": false, "lang": "en", "reply_count": 0}