{"created_at": "Wed Apr 11 03:22:00 +0000 2018", "id": 983907992843276288, "id_str": "983907992843276288", "full_text": "@prayingmedic Another \u201cno coincidence.\u201d Just so everyone knows \u201cQ\u201d is the 17th letter of the alphabet. When the Houston Astros (3/13/18) and Alabama (today) came to the White House.  #Qanon https://t.co/fzhs1sSddO", "truncated": false, "display_text_range": [14, 189], "entities": {"hashtags": [{"text": "Qanon", "indices": [183, 189]}], "symbols": [], "user_mentions": [{"screen_name": "prayingmedic", "name": "Praying Medic", "id": 83932539, "id_str": "83932539", "indices": [0, 13]}], "urls": [], "media": [{"id": 983907984806850561, "id_str": "983907984806850561", "indices": [190, 213], "media_url": "http://pbs.twimg.com/media/DaeLGWYVMAE2Kid.jpg", "media_url_https": "https://pbs.twimg.com/media/DaeLGWYVMAE2Kid.jpg", "url": "https://t.co/fzhs1sSddO", "display_url": "pic.twitter.com/fzhs1sSddO", "expanded_url": "https://twitter.com/cjtruth/status/983907992843276288/photo/1", "type": "photo", "sizes": {"thumb": {"w": 150, "h": 150, "resize": "crop"}, "small": {"w": 680, "h": 680, "resize": "fit"}, "large": {"w": 1936, "h": 1936, "resize": "fit"}, "medium": {"w": 1200, "h": 1200, "resize": "fit"}}}]}, "extended_entities": {"media": [{"id": 983907984806850561, "id_str": "983907984806850561", "indices": [190, 213], "media_url": "http://pbs.twimg.com/media/DaeLGWYVMAE2Kid.jpg", "media_url_https": "https://pbs.twimg.com/media/DaeLGWYVMAE2Kid.jpg", "url": "https://t.co/fzhs1sSddO", "display_url": "pic.twitter.com/fzhs1sSddO", "expanded_url": "https://twitter.com/cjtruth/status/983907992843276288/photo/1", "type": "photo", "sizes": {"thumb": {"w": 150, "h": 150, "resize": "crop"}, "small": {"w": 680, "h": 680, "resize": "fit"}, "large": {"w": 1936, "h": 1936, "resize": "fit"}, "medium": {"w": 1200, "h": 1200, "resize": "fit"}}}]}, "source": "<a href=\"http://twitter.com/download/iphone\" rel=\"nofollow\">Twitter for iPhone</a>", "in_reply_to_status_id": 983906735805968384, "in_reply_to_status_id_str": "983906735805968384", "in_reply_to_user_id": 83932539, "in_reply_to_user_id_str": "83932539", "in_reply_to_screen_name": "prayingmedic", "user": {"id": 49023129, "id_str": "49023129", "name": "CJTRUTH\u2b50\ufe0f\u2b50\ufe0f\u2b50\ufe0f", "screen_name": "cjtruth", "location": "", "description": "Patriot/Digital Soldier Fighting 4 Faith, Justice & Freedom. Waking up people & digging deeper. WE ARE THE NEWS NOW #WWG1WGA #GodWins Instagram: cjtruth17", "url": "https://t.co/wDZeL7BvIo", "entities": {"url": {"urls": [{"url": "https://t.co/wDZeL7BvIo", "expanded_url": "http://qmap.pub", "display_url": "qmap.pub", "indices": [0, 23]}]}, "description": {"urls": []}}, "protected": false, "followers_count": 157684, "friends_count": 21176, "listed_count": 746, "created_at": "Sat Jun 20 14:51:37 +0000 2009", "favourites_count": 238625, "utc_offset": null, "time_zone": null, "geo_enabled": false, "verified": false, "statuses_count": 121527, "lang": null, "contributors_enabled": false, "is_translator": false, "is_translation_enabled": false, "profile_background_color": "C0DEED", "profile_background_image_url": "http://abs.twimg.com/images/themes/theme1/bg.png", "profile_background_image_url_https": "https://abs.twimg.com/images/themes/theme1/bg.png", "profile_background_tile": true, "profile_image_url": "http://pbs.twimg.com/profile_images/1201282946310819846/0BnPoWOg_normal.jpg", "profile_image_url_https": "https://pbs.twimg.com/profile_images/1201282946310819846/0BnPoWOg_normal.jpg", "profile_banner_url": "https://pbs.twimg.com/profile_banners/49023129/1591073957", "profile_link_color": "0084B4", "profile_sidebar_border_color": "C0DEED", "profile_sidebar_fill_color": "DDEEF6", "profile_text_color": "333333", "profile_use_background_image": true, "has_extended_profile": false, "default_profile": false, "default_profile_image": false, "following": false, "follow_request_sent": false, "notifications": false, "translator_type": "none"}, "geo": null, "coordinates": null, "place": null, "contributors": null, "is_quote_status": false, "retweet_count": 22, "favorite_count": 65, "favorited": false, "retweeted": false, "possibly_sensitive": false, "possibly_sensitive_appealable": false, "lang": "en", "reply_count": 4}