{"created_at": "Wed Apr 11 07:08:05 +0000 2018", "id": 983964889399152640, "id_str": "983964889399152640", "full_text": "@prayingmedic Is that the first Q post or post with that tag in there? Interesting post from #pence. #PromisesMadePromisesKept", "truncated": false, "display_text_range": [14, 126], "entities": {"hashtags": [{"text": "pence", "indices": [93, 99]}, {"text": "PromisesMadePromisesKept", "indices": [101, 126]}], "symbols": [], "user_mentions": [{"screen_name": "prayingmedic", "name": "Praying Medic", "id": 83932539, "id_str": "83932539", "indices": [0, 13]}], "urls": []}, "source": "<a href=\"http://twitter.com/download/iphone\" rel=\"nofollow\">Twitter for iPhone</a>", "in_reply_to_status_id": 983906732337332225, "in_reply_to_status_id_str": "983906732337332225", "in_reply_to_user_id": 83932539, "in_reply_to_user_id_str": "83932539", "in_reply_to_screen_name": "prayingmedic", "user": {"id": 253894775, "id_str": "253894775", "name": "Film Indy Anon\u2b50\ufe0f\u2b50\ufe0f\u2b50\ufe0f", "screen_name": "FilmIndyAnon", "location": "Atlanta, GA", "description": "I despise every \u201cpolitician\u201d known to man. Trying to stay informed without getting blacklisted. on Parler @ FilmIndyAnon", "url": null, "entities": {"description": {"urls": []}}, "protected": false, "followers_count": 278, "friends_count": 496, "listed_count": 3, "created_at": "Fri Feb 18 05:27:22 +0000 2011", "favourites_count": 2970, "utc_offset": null, "time_zone": null, "geo_enabled": true, "verified": false, "statuses_count": 21722, "lang": null, "contributors_enabled": false, "is_translator": false, "is_translation_enabled": false, "profile_background_color": "131516", "profile_background_image_url": "http://abs.twimg.com/images/themes/theme14/bg.gif", "profile_background_image_url_https": "https://abs.twimg.com/images/themes/theme14/bg.gif", "profile_background_tile": true, "profile_image_url": "http://pbs.twimg.com/profile_images/1012234951486566400/bSBE3Oup_normal.jpg", "profile_image_url_https": "https://pbs.twimg.com/profile_images/1012234951486566400/bSBE3Oup_normal.jpg", "profile_banner_url": "https://pbs.twimg.com/profile_banners/253894775/1591169599", "profile_link_color": "009999", "profile_sidebar_border_color": "EEEEEE", "profile_sidebar_fill_color": "EFEFEF", "profile_text_color": "333333", "profile_use_background_image": true, "has_extended_profile": false, "default_profile": false, "default_profile_image": false, "following": false, "follow_request_sent": false, "notifications": false, "translator_type": "none"}, "geo": null, "coordinates": null, "place": null, "contributors": null, "is_quote_status": false, "retweet_count": 0, "favorite_count": 2, "favorited": false, "retweeted": false, "lang": "en", "reply_count": 0}