{"created_at": "Wed Apr 11 09:10:26 +0000 2018", "id": 983995680606818305, "id_str": "983995680606818305", "full_text": "@prayingmedic @threadreaderapp unroll", "truncated": false, "display_text_range": [14, 37], "entities": {"hashtags": [], "symbols": [], "user_mentions": [{"screen_name": "prayingmedic", "name": "Praying Medic", "id": 83932539, "id_str": "83932539", "indices": [0, 13]}, {"screen_name": "threadreaderapp", "name": "Thread Reader App", "id": 895814938995957760, "id_str": "895814938995957760", "indices": [14, 30]}], "urls": []}, "source": "<a href=\"http://twitter.com\" rel=\"nofollow\">Twitter Web Client</a>", "in_reply_to_status_id": 983906735805968384, "in_reply_to_status_id_str": "983906735805968384", "in_reply_to_user_id": 83932539, "in_reply_to_user_id_str": "83932539", "in_reply_to_screen_name": "prayingmedic", "user": {"id": 735925470609309697, "id_str": "735925470609309697", "name": "Mary Johnson", "screen_name": "mjohnsontw", "location": "", "description": "Rhetoric and dialectics can't change what I have learned from observation and experience. (J. Paul Getty)", "url": null, "entities": {"description": {"urls": []}}, "protected": false, "followers_count": 26, "friends_count": 179, "listed_count": 0, "created_at": "Thu May 26 20:07:59 +0000 2016", "favourites_count": 503, "utc_offset": null, "time_zone": null, "geo_enabled": false, "verified": false, "statuses_count": 613, "lang": null, "contributors_enabled": false, "is_translator": false, "is_translation_enabled": false, "profile_background_color": "000000", "profile_background_image_url": "http://abs.twimg.com/images/themes/theme1/bg.png", "profile_background_image_url_https": "https://abs.twimg.com/images/themes/theme1/bg.png", "profile_background_tile": false, "profile_image_url": "http://pbs.twimg.com/profile_images/752976894140690433/MHH5e0GT_normal.jpg", "profile_image_url_https": "https://pbs.twimg.com/profile_images/752976894140690433/MHH5e0GT_normal.jpg", "profile_banner_url": "https://pbs.twimg.com/profile_banners/735925470609309697/1468358582", "profile_link_color": "91D2FA", "profile_sidebar_border_color": "000000", "profile_sidebar_fill_color": "000000", "profile_text_color": "000000", "profile_use_background_image": false, "has_extended_profile": false, "default_profile": false, "default_profile_image": false, "following": false, "follow_request_sent": false, "notifications": false, "translator_type": "none"}, "geo": null, "coordinates": null, "place": null, "contributors": null, "is_quote_status": false, "retweet_count": 0, "favorite_count": 0, "favorited": false, "retweeted": false, "lang": "en", "reply_count": 1}