{"created_at": "Wed Apr 11 15:21:33 +0000 2018", "id": 984089074637172737, "id_str": "984089074637172737", "full_text": "@TXTruthChaser Hallo please find the unroll here:  https://t.co/uhYruQaIxc\nSee you soon. \ud83e\udd16", "truncated": false, "display_text_range": [15, 90], "entities": {"hashtags": [], "symbols": [], "user_mentions": [{"screen_name": "TXTruthChaser", "name": "Kathy \u2b50\ufe0f\u2b50\ufe0f\u2b50\ufe0f", "id": 449307109, "id_str": "449307109", "indices": [0, 14]}], "urls": [{"url": "https://t.co/uhYruQaIxc", "expanded_url": "https://threadreaderapp.com/thread/983906735805968384.html", "display_url": "threadreaderapp.com/thread/9839067\u2026", "indices": [51, 74]}]}, "source": "<a href=\"https://ThreadReaderApp.com\" rel=\"nofollow\">Thread Reader Unroll</a>", "in_reply_to_status_id": 984088238729105408, "in_reply_to_status_id_str": "984088238729105408", "in_reply_to_user_id": 449307109, "in_reply_to_user_id_str": "449307109", "in_reply_to_screen_name": "TXTruthChaser", "user": {"id": 895814938995957760, "id_str": "895814938995957760", "name": "Thread Reader App", "screen_name": "threadreaderapp", "location": "Wherever threads are written..", "description": "I'm a \ud83e\udd16 to help you read threads more easily. Reply to any tweet of a thread and mention me with the \"unroll\" keyword and I'll give you a link back \ud83d\ude00", "url": "https://t.co/7Ct2VXMx64", "entities": {"url": {"urls": [{"url": "https://t.co/7Ct2VXMx64", "expanded_url": "https://ThreadReaderApp.com", "display_url": "ThreadReaderApp.com", "indices": [0, 23]}]}, "description": {"urls": []}}, "protected": false, "followers_count": 359403, "friends_count": 1295, "listed_count": 1152, "created_at": "Fri Aug 11 01:11:39 +0000 2017", "favourites_count": 2200, "utc_offset": null, "time_zone": null, "geo_enabled": false, "verified": false, "statuses_count": 1132763, "lang": null, "contributors_enabled": false, "is_translator": false, "is_translation_enabled": false, "profile_background_color": "F5F8FA", "profile_background_image_url": null, "profile_background_image_url_https": null, "profile_background_tile": false, "profile_image_url": "http://pbs.twimg.com/profile_images/936421015067824134/g_PfzHXA_normal.jpg", "profile_image_url_https": "https://pbs.twimg.com/profile_images/936421015067824134/g_PfzHXA_normal.jpg", "profile_banner_url": "https://pbs.twimg.com/profile_banners/895814938995957760/1512095123", "profile_link_color": "1DA1F2", "profile_sidebar_border_color": "C0DEED", "profile_sidebar_fill_color": "DDEEF6", "profile_text_color": "333333", "profile_use_background_image": true, "has_extended_profile": false, "default_profile": true, "default_profile_image": false, "following": false, "follow_request_sent": false, "notifications": false, "translator_type": "none"}, "geo": null, "coordinates": null, "place": null, "contributors": null, "is_quote_status": false, "retweet_count": 4, "favorite_count": 4, "favorited": false, "retweeted": false, "possibly_sensitive": false, "possibly_sensitive_appealable": false, "lang": "en", "reply_count": 0}