{"created_at": "Wed Apr 11 15:04:49 +0000 2018", "id": 984084863019085825, "id_str": "984084863019085825", "full_text": "@prayingmedic @VP @DevynRanae", "truncated": false, "display_text_range": [18, 29], "entities": {"hashtags": [], "symbols": [], "user_mentions": [{"screen_name": "prayingmedic", "name": "Praying Medic", "id": 83932539, "id_str": "83932539", "indices": [0, 13]}, {"screen_name": "VP", "name": "Vice President Mike Pence", "id": 818910970567344128, "id_str": "818910970567344128", "indices": [14, 17]}, {"screen_name": "DevynRanae", "name": "Dev \ud83c\udf84", "id": 485100456, "id_str": "485100456", "indices": [18, 29]}], "urls": []}, "source": "<a href=\"http://twitter.com/download/android\" rel=\"nofollow\">Twitter for Android</a>", "in_reply_to_status_id": 983906734166061056, "in_reply_to_status_id_str": "983906734166061056", "in_reply_to_user_id": 83932539, "in_reply_to_user_id_str": "83932539", "in_reply_to_screen_name": "prayingmedic", "user": {"id": 141950326, "id_str": "141950326", "name": "MAGA CHEF", "screen_name": "The_MAGA_CHEF", "location": "", "description": "All praise to God. Love sports - Hurricanes, Cubs, ECU, UNC, Bears. Father, Husband, Brother, patriot. FB Gen Flynn, Sgt Slaughter,", "url": null, "entities": {"description": {"urls": []}}, "protected": false, "followers_count": 32871, "friends_count": 36018, "listed_count": 10, "created_at": "Sun May 09 14:02:46 +0000 2010", "favourites_count": 126962, "utc_offset": null, "time_zone": null, "geo_enabled": true, "verified": false, "statuses_count": 107794, "lang": null, "contributors_enabled": false, "is_translator": false, "is_translation_enabled": false, "profile_background_color": "000000", "profile_background_image_url": "http://abs.twimg.com/images/themes/theme1/bg.png", "profile_background_image_url_https": "https://abs.twimg.com/images/themes/theme1/bg.png", "profile_background_tile": false, "profile_image_url": "http://pbs.twimg.com/profile_images/1074085122511659009/x9LQXTIY_normal.jpg", "profile_image_url_https": "https://pbs.twimg.com/profile_images/1074085122511659009/x9LQXTIY_normal.jpg", "profile_banner_url": "https://pbs.twimg.com/profile_banners/141950326/1586531268", "profile_link_color": "1B95E0", "profile_sidebar_border_color": "000000", "profile_sidebar_fill_color": "000000", "profile_text_color": "000000", "profile_use_background_image": false, "has_extended_profile": true, "default_profile": false, "default_profile_image": false, "following": false, "follow_request_sent": false, "notifications": false, "translator_type": "none"}, "geo": null, "coordinates": null, "place": null, "contributors": null, "is_quote_status": false, "retweet_count": 0, "favorite_count": 1, "favorited": false, "retweeted": false, "lang": "und", "reply_count": 0}