{"created_at": "Wed Apr 11 10:34:12 +0000 2018", "id": 984016760415424514, "id_str": "984016760415424514", "full_text": "@prayingmedic Epic thread!", "truncated": false, "display_text_range": [14, 26], "entities": {"hashtags": [], "symbols": [], "user_mentions": [{"screen_name": "prayingmedic", "name": "Praying Medic", "id": 83932539, "id_str": "83932539", "indices": [0, 13]}], "urls": []}, "source": "<a href=\"http://twitter.com/download/iphone\" rel=\"nofollow\">Twitter for iPhone</a>", "in_reply_to_status_id": 983906732337332225, "in_reply_to_status_id_str": "983906732337332225", "in_reply_to_user_id": 83932539, "in_reply_to_user_id_str": "83932539", "in_reply_to_screen_name": "prayingmedic", "user": {"id": 37837989, "id_str": "37837989", "name": "Susan", "screen_name": "PurrcysMom", "location": "", "description": "knitter,spinner, gardener, happiest with my husband https://t.co/GnM2hGGZPB", "url": null, "entities": {"description": {"urls": [{"url": "https://t.co/GnM2hGGZPB", "expanded_url": "https://gab.ai/Purrcysmom", "display_url": "gab.ai/Purrcysmom", "indices": [52, 75]}]}}, "protected": false, "followers_count": 2268, "friends_count": 2155, "listed_count": 0, "created_at": "Tue May 05 02:47:06 +0000 2009", "favourites_count": 294358, "utc_offset": null, "time_zone": null, "geo_enabled": true, "verified": false, "statuses_count": 100039, "lang": null, "contributors_enabled": false, "is_translator": false, "is_translation_enabled": false, "profile_background_color": "EDECE9", "profile_background_image_url": "http://abs.twimg.com/images/themes/theme3/bg.gif", "profile_background_image_url_https": "https://abs.twimg.com/images/themes/theme3/bg.gif", "profile_background_tile": true, "profile_image_url": "http://pbs.twimg.com/profile_images/891843356610965504/dNTfW3pr_normal.jpg", "profile_image_url_https": "https://pbs.twimg.com/profile_images/891843356610965504/dNTfW3pr_normal.jpg", "profile_banner_url": "https://pbs.twimg.com/profile_banners/37837989/1483668013", "profile_link_color": "088253", "profile_sidebar_border_color": "D3D2CF", "profile_sidebar_fill_color": "E3E2DE", "profile_text_color": "634047", "profile_use_background_image": true, "has_extended_profile": false, "default_profile": false, "default_profile_image": false, "following": false, "follow_request_sent": false, "notifications": false, "translator_type": "none"}, "geo": null, "coordinates": null, "place": null, "contributors": null, "is_quote_status": false, "retweet_count": 0, "favorite_count": 1, "favorited": false, "retweeted": false, "lang": "en", "reply_count": 0}