{"created_at": "Wed Apr 11 11:01:08 +0000 2018", "id": 984023538754641922, "id_str": "984023538754641922", "full_text": "@prayingmedic @VP thanks, I do trust the Plan, trust in @realDonaldTrump , trust in God, and know millions of Americans pray every single day. Thanks for your work, @prayingmedic", "truncated": false, "display_text_range": [18, 178], "entities": {"hashtags": [], "symbols": [], "user_mentions": [{"screen_name": "prayingmedic", "name": "Praying Medic", "id": 83932539, "id_str": "83932539", "indices": [0, 13]}, {"screen_name": "VP", "name": "Vice President Mike Pence", "id": 818910970567344128, "id_str": "818910970567344128", "indices": [14, 17]}, {"screen_name": "realDonaldTrump", "name": "Donald J. Trump", "id": 25073877, "id_str": "25073877", "indices": [56, 72]}, {"screen_name": "prayingmedic", "name": "Praying Medic", "id": 83932539, "id_str": "83932539", "indices": [165, 178]}], "urls": []}, "source": "<a href=\"http://twitter.com\" rel=\"nofollow\">Twitter Web Client</a>", "in_reply_to_status_id": 983906734166061056, "in_reply_to_status_id_str": "983906734166061056", "in_reply_to_user_id": 83932539, "in_reply_to_user_id_str": "83932539", "in_reply_to_screen_name": "prayingmedic", "user": {"id": 528823333, "id_str": "528823333", "name": "maureen crowley", "screen_name": "maureeninct", "location": "", "description": "Invited guest on late Bob Grant WABC radio show. Exposing Sandy Hook.   Send Wolfgang Halbig a check: 22526 Hawks Run Lane Sorrento FL 32776.      #Trump2Q2Q", "url": null, "entities": {"description": {"urls": []}}, "protected": false, "followers_count": 1383, "friends_count": 2814, "listed_count": 9, "created_at": "Sun Mar 18 20:30:01 +0000 2012", "favourites_count": 35962, "utc_offset": null, "time_zone": null, "geo_enabled": true, "verified": false, "statuses_count": 52460, "lang": null, "contributors_enabled": false, "is_translator": false, "is_translation_enabled": false, "profile_background_color": "352726", "profile_background_image_url": "http://abs.twimg.com/images/themes/theme1/bg.png", "profile_background_image_url_https": "https://abs.twimg.com/images/themes/theme1/bg.png", "profile_background_tile": false, "profile_image_url": "http://pbs.twimg.com/profile_images/1023306196797730816/rWSiSFbT_normal.jpg", "profile_image_url_https": "https://pbs.twimg.com/profile_images/1023306196797730816/rWSiSFbT_normal.jpg", "profile_banner_url": "https://pbs.twimg.com/profile_banners/528823333/1544586186", "profile_link_color": "1B95E0", "profile_sidebar_border_color": "000000", "profile_sidebar_fill_color": "000000", "profile_text_color": "000000", "profile_use_background_image": true, "has_extended_profile": false, "default_profile": false, "default_profile_image": false, "following": false, "follow_request_sent": false, "notifications": false, "translator_type": "none"}, "geo": null, "coordinates": null, "place": null, "contributors": null, "is_quote_status": false, "retweet_count": 1, "favorite_count": 6, "favorited": false, "retweeted": false, "lang": "en", "reply_count": 0}