{"created_at": "Wed Apr 11 13:20:43 +0000 2018", "id": 984058667191304192, "id_str": "984058667191304192", "full_text": "@prayingmedic @VP @ThreadReaderApp unroll", "truncated": false, "display_text_range": [18, 41], "entities": {"hashtags": [], "symbols": [], "user_mentions": [{"screen_name": "prayingmedic", "name": "Praying Medic", "id": 83932539, "id_str": "83932539", "indices": [0, 13]}, {"screen_name": "VP", "name": "Vice President Mike Pence", "id": 818910970567344128, "id_str": "818910970567344128", "indices": [14, 17]}, {"screen_name": "threadreaderapp", "name": "Thread Reader App", "id": 895814938995957760, "id_str": "895814938995957760", "indices": [18, 34]}], "urls": []}, "source": "<a href=\"http://twitter.com/download/android\" rel=\"nofollow\">Twitter for Android</a>", "in_reply_to_status_id": 983906734166061056, "in_reply_to_status_id_str": "983906734166061056", "in_reply_to_user_id": 83932539, "in_reply_to_user_id_str": "83932539", "in_reply_to_screen_name": "prayingmedic", "user": {"id": 1069749984, "id_str": "1069749984", "name": "The Plan to Save the World", "screen_name": "SpringsRaff", "location": "38\u00b0 50' 2\" N\u00a0/\u00a0104\u00b0 49' 14\" W\n", "description": "It's only a Constitutional Republic if we can keep it.\nFB @RealDrGina, @LisaMei62, @GenFlynn // Parler/Springsraff / /gab.com/@nra4life B/U @buckengland3", "url": null, "entities": {"description": {"urls": []}}, "protected": false, "followers_count": 8996, "friends_count": 9859, "listed_count": 62, "created_at": "Tue Jan 08 02:19:31 +0000 2013", "favourites_count": 13939, "utc_offset": null, "time_zone": null, "geo_enabled": true, "verified": false, "statuses_count": 173557, "lang": null, "contributors_enabled": false, "is_translator": false, "is_translation_enabled": false, "profile_background_color": "000000", "profile_background_image_url": "http://abs.twimg.com/images/themes/theme1/bg.png", "profile_background_image_url_https": "https://abs.twimg.com/images/themes/theme1/bg.png", "profile_background_tile": false, "profile_image_url": "http://pbs.twimg.com/profile_images/1277036755217088513/dj9K5dXL_normal.jpg", "profile_image_url_https": "https://pbs.twimg.com/profile_images/1277036755217088513/dj9K5dXL_normal.jpg", "profile_banner_url": "https://pbs.twimg.com/profile_banners/1069749984/1589828026", "profile_link_color": "3B94D9", "profile_sidebar_border_color": "000000", "profile_sidebar_fill_color": "000000", "profile_text_color": "000000", "profile_use_background_image": false, "has_extended_profile": true, "default_profile": false, "default_profile_image": false, "following": false, "follow_request_sent": false, "notifications": false, "translator_type": "none"}, "geo": null, "coordinates": null, "place": null, "contributors": null, "is_quote_status": false, "retweet_count": 0, "favorite_count": 0, "favorited": false, "retweeted": false, "lang": "en", "reply_count": 2}