{"created_at": "Wed Apr 11 14:07:48 +0000 2018", "id": 984070513046802437, "id_str": "984070513046802437", "full_text": "@prayingmedic @VP 2/2 If this is their slogan, it wouldn\u2019t be unusual (I would think) for different people in the cabinet/or on the \u201cQ team\u201d to use the phrase. ?????", "truncated": false, "display_text_range": [18, 165], "entities": {"hashtags": [], "symbols": [], "user_mentions": [{"screen_name": "prayingmedic", "name": "Praying Medic", "id": 83932539, "id_str": "83932539", "indices": [0, 13]}, {"screen_name": "VP", "name": "Vice President Mike Pence", "id": 818910970567344128, "id_str": "818910970567344128", "indices": [14, 17]}], "urls": []}, "source": "<a href=\"http://twitter.com/download/iphone\" rel=\"nofollow\">Twitter for iPhone</a>", "in_reply_to_status_id": 984070186327269376, "in_reply_to_status_id_str": "984070186327269376", "in_reply_to_user_id": 273745821, "in_reply_to_user_id_str": "273745821", "in_reply_to_screen_name": "ivytasha", "user": {"id": 273745821, "id_str": "273745821", "name": "Ivy", "screen_name": "ivytasha", "location": "New Jersey, USA", "description": "North Jersey Girl \ud83c\uddfa\ud83c\uddf8 Wife, Mom, Christian \u2764\ufe0f My President \ud83c\uddfa\ud83c\uddf8WWG1WGA\ud83c\uddfa\ud83c\uddf8 5:5 \ud83d\udc99 \ud83d\udc99Patriots Unite \ud83c\uddfa\ud83c\uddf8God Bless America \u2764\ufe0f", "url": null, "entities": {"description": {"urls": []}}, "protected": false, "followers_count": 1688, "friends_count": 1875, "listed_count": 0, "created_at": "Tue Mar 29 02:39:26 +0000 2011", "favourites_count": 21730, "utc_offset": null, "time_zone": null, "geo_enabled": false, "verified": false, "statuses_count": 2787, "lang": null, "contributors_enabled": false, "is_translator": false, "is_translation_enabled": false, "profile_background_color": "C9FF66", "profile_background_image_url": "http://abs.twimg.com/images/themes/theme14/bg.gif", "profile_background_image_url_https": "https://abs.twimg.com/images/themes/theme14/bg.gif", "profile_background_tile": true, "profile_image_url": "http://pbs.twimg.com/profile_images/1198021353670107136/j-6bSf9a_normal.jpg", "profile_image_url_https": "https://pbs.twimg.com/profile_images/1198021353670107136/j-6bSf9a_normal.jpg", "profile_banner_url": "https://pbs.twimg.com/profile_banners/273745821/1574466133", "profile_link_color": "339900", "profile_sidebar_border_color": "000000", "profile_sidebar_fill_color": "A3E34F", "profile_text_color": "362720", "profile_use_background_image": true, "has_extended_profile": false, "default_profile": false, "default_profile_image": false, "following": false, "follow_request_sent": false, "notifications": false, "translator_type": "none"}, "geo": null, "coordinates": null, "place": null, "contributors": null, "is_quote_status": false, "retweet_count": 0, "favorite_count": 1, "favorited": false, "retweeted": false, "lang": "en", "reply_count": 0}