{"created_at": "Wed Apr 11 15:18:14 +0000 2018", "id": 984088238729105408, "id_str": "984088238729105408", "full_text": "@prayingmedic @threadreaderapp please unroll \ud83d\udc95", "truncated": false, "display_text_range": [14, 46], "entities": {"hashtags": [], "symbols": [], "user_mentions": [{"screen_name": "prayingmedic", "name": "Praying Medic", "id": 83932539, "id_str": "83932539", "indices": [0, 13]}, {"screen_name": "threadreaderapp", "name": "Thread Reader App", "id": 895814938995957760, "id_str": "895814938995957760", "indices": [14, 30]}], "urls": []}, "source": "<a href=\"http://twitter.com/download/android\" rel=\"nofollow\">Twitter for Android</a>", "in_reply_to_status_id": 983906735805968384, "in_reply_to_status_id_str": "983906735805968384", "in_reply_to_user_id": 83932539, "in_reply_to_user_id_str": "83932539", "in_reply_to_screen_name": "prayingmedic", "user": {"id": 449307109, "id_str": "449307109", "name": "Kathy \u2b50\ufe0f\u2b50\ufe0f\u2b50\ufe0f", "screen_name": "TXTruthChaser", "location": "Texas, USA", "description": "Political junkie. Animal lover. Happily Married! \ud83d\udeab DMs. Music lvr Proud Christian & Texan. CowboysNation Prolife Constitutionalist #2A #Trump2020 #KAG Parler", "url": null, "entities": {"description": {"urls": []}}, "protected": false, "followers_count": 12278, "friends_count": 12884, "listed_count": 41, "created_at": "Thu Dec 29 00:09:29 +0000 2011", "favourites_count": 105314, "utc_offset": null, "time_zone": null, "geo_enabled": true, "verified": false, "statuses_count": 47141, "lang": null, "contributors_enabled": false, "is_translator": false, "is_translation_enabled": false, "profile_background_color": "000000", "profile_background_image_url": "http://abs.twimg.com/images/themes/theme19/bg.gif", "profile_background_image_url_https": "https://abs.twimg.com/images/themes/theme19/bg.gif", "profile_background_tile": false, "profile_image_url": "http://pbs.twimg.com/profile_images/1277370704174989312/JIjw4WB7_normal.jpg", "profile_image_url_https": "https://pbs.twimg.com/profile_images/1277370704174989312/JIjw4WB7_normal.jpg", "profile_banner_url": "https://pbs.twimg.com/profile_banners/449307109/1593380701", "profile_link_color": "FF691F", "profile_sidebar_border_color": "000000", "profile_sidebar_fill_color": "000000", "profile_text_color": "000000", "profile_use_background_image": false, "has_extended_profile": false, "default_profile": false, "default_profile_image": false, "following": false, "follow_request_sent": false, "notifications": false, "translator_type": "none"}, "geo": null, "coordinates": null, "place": null, "contributors": null, "is_quote_status": false, "retweet_count": 0, "favorite_count": 0, "favorited": false, "retweeted": false, "lang": "en", "reply_count": 1}