{"created_at": "Wed Apr 11 17:45:49 +0000 2018", "id": 984125379148484608, "id_str": "984125379148484608", "full_text": "@prayingmedic @kevin9359  https://t.co/L0ZOJd6Fnw", "truncated": false, "display_text_range": [25, 25], "entities": {"hashtags": [], "symbols": [], "user_mentions": [{"screen_name": "prayingmedic", "name": "Praying Medic", "id": 83932539, "id_str": "83932539", "indices": [0, 13]}, {"screen_name": "kevin9359", "name": "Kevin Andrews", "id": 913225194, "id_str": "913225194", "indices": [14, 24]}], "urls": [], "media": [{"id": 984125349532323840, "id_str": "984125349532323840", "indices": [26, 49], "media_url": "http://pbs.twimg.com/media/DahQypFU0AAC2J2.jpg", "media_url_https": "https://pbs.twimg.com/media/DahQypFU0AAC2J2.jpg", "url": "https://t.co/L0ZOJd6Fnw", "display_url": "pic.twitter.com/L0ZOJd6Fnw", "expanded_url": "https://twitter.com/PriestandBard/status/984125379148484608/photo/1", "type": "photo", "sizes": {"large": {"w": 1440, "h": 1949, "resize": "fit"}, "thumb": {"w": 150, "h": 150, "resize": "crop"}, "small": {"w": 502, "h": 680, "resize": "fit"}, "medium": {"w": 887, "h": 1200, "resize": "fit"}}}]}, "extended_entities": {"media": [{"id": 984125349532323840, "id_str": "984125349532323840", "indices": [26, 49], "media_url": "http://pbs.twimg.com/media/DahQypFU0AAC2J2.jpg", "media_url_https": "https://pbs.twimg.com/media/DahQypFU0AAC2J2.jpg", "url": "https://t.co/L0ZOJd6Fnw", "display_url": "pic.twitter.com/L0ZOJd6Fnw", "expanded_url": "https://twitter.com/PriestandBard/status/984125379148484608/photo/1", "type": "photo", "sizes": {"large": {"w": 1440, "h": 1949, "resize": "fit"}, "thumb": {"w": 150, "h": 150, "resize": "crop"}, "small": {"w": 502, "h": 680, "resize": "fit"}, "medium": {"w": 887, "h": 1200, "resize": "fit"}}}]}, "source": "<a href=\"http://twitter.com/download/android\" rel=\"nofollow\">Twitter for Android</a>", "in_reply_to_status_id": 983906732337332225, "in_reply_to_status_id_str": "983906732337332225", "in_reply_to_user_id": 83932539, "in_reply_to_user_id_str": "83932539", "in_reply_to_screen_name": "prayingmedic", "user": {"id": 825603427698872320, "id_str": "825603427698872320", "name": "Priest and Bard", "screen_name": "PriestandBard", "location": "This version of Earth, USA", "description": "The profound originality of a divine-human pact in which both parties complain endlessly about each other has too rarely been acknowledged as such.", "url": null, "entities": {"description": {"urls": []}}, "protected": false, "followers_count": 453, "friends_count": 1356, "listed_count": 1, "created_at": "Sun Jan 29 07:16:10 +0000 2017", "favourites_count": 3745, "utc_offset": null, "time_zone": null, "geo_enabled": false, "verified": false, "statuses_count": 3069, "lang": null, "contributors_enabled": false, "is_translator": false, "is_translation_enabled": false, "profile_background_color": "F5F8FA", "profile_background_image_url": null, "profile_background_image_url_https": null, "profile_background_tile": false, "profile_image_url": "http://pbs.twimg.com/profile_images/825609151602651137/zMFLnIjF_normal.jpg", "profile_image_url_https": "https://pbs.twimg.com/profile_images/825609151602651137/zMFLnIjF_normal.jpg", "profile_banner_url": "https://pbs.twimg.com/profile_banners/825603427698872320/1485675534", "profile_link_color": "1DA1F2", "profile_sidebar_border_color": "C0DEED", "profile_sidebar_fill_color": "DDEEF6", "profile_text_color": "333333", "profile_use_background_image": true, "has_extended_profile": true, "default_profile": true, "default_profile_image": false, "following": false, "follow_request_sent": false, "notifications": false, "translator_type": "none"}, "geo": null, "coordinates": null, "place": null, "contributors": null, "is_quote_status": false, "retweet_count": 2, "favorite_count": 1, "favorited": false, "retweeted": false, "possibly_sensitive": false, "possibly_sensitive_appealable": false, "lang": "und", "reply_count": 0}