{"created_at": "Wed Apr 11 16:22:47 +0000 2018", "id": 984104483079770112, "id_str": "984104483079770112", "full_text": "@prayingmedic @VP Too little, too late.", "truncated": false, "display_text_range": [18, 39], "entities": {"hashtags": [], "symbols": [], "user_mentions": [{"screen_name": "prayingmedic", "name": "Praying Medic", "id": 83932539, "id_str": "83932539", "indices": [0, 13]}, {"screen_name": "VP", "name": "Vice President Mike Pence", "id": 818910970567344128, "id_str": "818910970567344128", "indices": [14, 17]}], "urls": []}, "source": "<a href=\"http://twitter.com\" rel=\"nofollow\">Twitter Web Client</a>", "in_reply_to_status_id": 983906734166061056, "in_reply_to_status_id_str": "983906734166061056", "in_reply_to_user_id": 83932539, "in_reply_to_user_id_str": "83932539", "in_reply_to_screen_name": "prayingmedic", "user": {"id": 2826874189, "id_str": "2826874189", "name": "Mike Nemesi", "screen_name": "realmikenemesi", "location": "Somewhere in the Ozarks.", "description": "Father. Husband. Freedom lover.  Spartan fan. All things Detroit. Chilling in Northwest Arkansas.", "url": null, "entities": {"description": {"urls": []}}, "protected": false, "followers_count": 440, "friends_count": 1084, "listed_count": 1, "created_at": "Mon Sep 22 19:05:52 +0000 2014", "favourites_count": 917, "utc_offset": null, "time_zone": null, "geo_enabled": false, "verified": false, "statuses_count": 18557, "lang": null, "contributors_enabled": false, "is_translator": false, "is_translation_enabled": false, "profile_background_color": "C0DEED", "profile_background_image_url": "http://abs.twimg.com/images/themes/theme1/bg.png", "profile_background_image_url_https": "https://abs.twimg.com/images/themes/theme1/bg.png", "profile_background_tile": false, "profile_image_url": "http://pbs.twimg.com/profile_images/514131512032129024/i3g6FcdY_normal.jpeg", "profile_image_url_https": "https://pbs.twimg.com/profile_images/514131512032129024/i3g6FcdY_normal.jpeg", "profile_banner_url": "https://pbs.twimg.com/profile_banners/2826874189/1411414478", "profile_link_color": "1DA1F2", "profile_sidebar_border_color": "C0DEED", "profile_sidebar_fill_color": "DDEEF6", "profile_text_color": "333333", "profile_use_background_image": true, "has_extended_profile": false, "default_profile": true, "default_profile_image": false, "following": false, "follow_request_sent": false, "notifications": false, "translator_type": "none"}, "geo": null, "coordinates": null, "place": null, "contributors": null, "is_quote_status": false, "retweet_count": 0, "favorite_count": 0, "favorited": false, "retweeted": false, "lang": "en", "reply_count": 0}