{"created_at": "Wed Apr 11 23:11:32 +0000 2018", "id": 984207351711453184, "id_str": "984207351711453184", "full_text": "@prayingmedic Great Catch. For those skeptical...once you read Q you see. It's a vast explanation of the lay of things that has borne out out to be true. Too many 'coincidences' not to be. The military and a handful of the White Hats are with POTUS. Passes the 'BLINK' test so to speak.", "truncated": false, "display_text_range": [14, 286], "entities": {"hashtags": [], "symbols": [], "user_mentions": [{"screen_name": "prayingmedic", "name": "Praying Medic", "id": 83932539, "id_str": "83932539", "indices": [0, 13]}], "urls": []}, "source": "<a href=\"http://twitter.com\" rel=\"nofollow\">Twitter Web Client</a>", "in_reply_to_status_id": 983906732337332225, "in_reply_to_status_id_str": "983906732337332225", "in_reply_to_user_id": 83932539, "in_reply_to_user_id_str": "83932539", "in_reply_to_screen_name": "prayingmedic", "user": {"id": 969200189771780096, "id_str": "969200189771780096", "name": "Wendy", "screen_name": "MaireeWendy", "location": "At the Beach ", "description": "\ud83d\udc68\u200d\ud83d\udc69\u200d\ud83d\udc67\u200d\ud83d\udc66  Rescue \ud83d\udc3a\ud83d\udc36\ud83d\udc3a ... \ud83c\udf0e      \n\n@JAck why are so many Pro-Trump tweets shadow banned?    \n\n    #WalkedAway        \n\n \ud83c\uddfa\ud83c\uddf8   #TRUMP2020", "url": null, "entities": {"description": {"urls": []}}, "protected": false, "followers_count": 6997, "friends_count": 7222, "listed_count": 2, "created_at": "Thu Mar 01 13:18:26 +0000 2018", "favourites_count": 125902, "utc_offset": null, "time_zone": null, "geo_enabled": false, "verified": false, "statuses_count": 43726, "lang": null, "contributors_enabled": false, "is_translator": false, "is_translation_enabled": false, "profile_background_color": "000000", "profile_background_image_url": "http://abs.twimg.com/images/themes/theme1/bg.png", "profile_background_image_url_https": "https://abs.twimg.com/images/themes/theme1/bg.png", "profile_background_tile": false, "profile_image_url": "http://pbs.twimg.com/profile_images/970301892583567361/3m020qgh_normal.jpg", "profile_image_url_https": "https://pbs.twimg.com/profile_images/970301892583567361/3m020qgh_normal.jpg", "profile_banner_url": "https://pbs.twimg.com/profile_banners/969200189771780096/1544565154", "profile_link_color": "981CEB", "profile_sidebar_border_color": "000000", "profile_sidebar_fill_color": "000000", "profile_text_color": "000000", "profile_use_background_image": false, "has_extended_profile": false, "default_profile": false, "default_profile_image": false, "following": false, "follow_request_sent": false, "notifications": false, "translator_type": "none"}, "geo": null, "coordinates": null, "place": null, "contributors": null, "is_quote_status": false, "retweet_count": 2, "favorite_count": 3, "favorited": false, "retweeted": false, "lang": "en", "reply_count": 1}