{"created_at": "Thu Apr 12 02:17:38 +0000 2018", "id": 984254184877768704, "id_str": "984254184877768704", "full_text": "@prayingmedic @threadreaderapp unroll", "truncated": false, "display_text_range": [14, 37], "entities": {"hashtags": [], "symbols": [], "user_mentions": [{"screen_name": "prayingmedic", "name": "Praying Medic", "id": 83932539, "id_str": "83932539", "indices": [0, 13]}, {"screen_name": "threadreaderapp", "name": "Thread Reader App", "id": 895814938995957760, "id_str": "895814938995957760", "indices": [14, 30]}], "urls": []}, "source": "<a href=\"http://twitter.com/download/iphone\" rel=\"nofollow\">Twitter for iPhone</a>", "in_reply_to_status_id": 983906735805968384, "in_reply_to_status_id_str": "983906735805968384", "in_reply_to_user_id": 83932539, "in_reply_to_user_id_str": "83932539", "in_reply_to_screen_name": "prayingmedic", "user": {"id": 1307220464, "id_str": "1307220464", "name": "Blu \ud83d\udc99's Trump", "screen_name": "Sallybrown107", "location": "", "description": "I'm bi-racial (black and white), female police officer (19 yrs) and I un-apologetically LOVE PRESIDENT DONALD TRUMP! #MAGA \ud83c\uddfa\ud83c\uddf8\ud83d\udc6e\ud83c\udffd\u200d\u2640\ufe0f", "url": null, "entities": {"description": {"urls": []}}, "protected": false, "followers_count": 3089, "friends_count": 4497, "listed_count": 20, "created_at": "Wed Mar 27 11:13:44 +0000 2013", "favourites_count": 58698, "utc_offset": null, "time_zone": null, "geo_enabled": true, "verified": false, "statuses_count": 19514, "lang": null, "contributors_enabled": false, "is_translator": false, "is_translation_enabled": false, "profile_background_color": "000000", "profile_background_image_url": "http://abs.twimg.com/images/themes/theme1/bg.png", "profile_background_image_url_https": "https://abs.twimg.com/images/themes/theme1/bg.png", "profile_background_tile": false, "profile_image_url": "http://pbs.twimg.com/profile_images/824837132954935296/oKm6E4rB_normal.jpg", "profile_image_url_https": "https://pbs.twimg.com/profile_images/824837132954935296/oKm6E4rB_normal.jpg", "profile_banner_url": "https://pbs.twimg.com/profile_banners/1307220464/1588400218", "profile_link_color": "3B94D9", "profile_sidebar_border_color": "000000", "profile_sidebar_fill_color": "000000", "profile_text_color": "000000", "profile_use_background_image": false, "has_extended_profile": false, "default_profile": false, "default_profile_image": false, "following": false, "follow_request_sent": false, "notifications": false, "translator_type": "none"}, "geo": null, "coordinates": null, "place": null, "contributors": null, "is_quote_status": false, "retweet_count": 0, "favorite_count": 0, "favorited": false, "retweeted": false, "lang": "en", "reply_count": 0}