{"created_at": "Fri Mar 11 12:41:22 +0000 2016", "id": 708271597669453824, "id_str": "708271597669453824", "full_text": "@itvnews there's a kitchen in my rat what am I gonna do....", "truncated": false, "display_text_range": [0, 59], "entities": {"hashtags": [], "symbols": [], "user_mentions": [{"screen_name": "itvnews", "name": "ITV News", "id": 21866939, "id_str": "21866939", "indices": [0, 8]}], "urls": []}, "source": "<a href=\"http://twitter.com/download/iphone\" rel=\"nofollow\">Twitter for iPhone</a>", "in_reply_to_status_id": 708270131336650753, "in_reply_to_status_id_str": "708270131336650753", "in_reply_to_user_id": 21866939, "in_reply_to_user_id_str": "21866939", "in_reply_to_screen_name": "itvnews", "user": {"id": 188625326, "id_str": "188625326", "name": "Mac", "screen_name": "1884Rams", "location": "England, United Kingdom", "description": "Average bloke. Nothing special. Likes some humans. Can\u2019t be bothered with lots. Puts the dustbins out on Wednesday night.", "url": null, "entities": {"description": {"urls": []}}, "protected": false, "followers_count": 598, "friends_count": 1729, "listed_count": 7, "created_at": "Thu Sep 09 05:09:26 +0000 2010", "favourites_count": 13663, "utc_offset": null, "time_zone": null, "geo_enabled": true, "verified": false, "statuses_count": 38766, "lang": null, "contributors_enabled": false, "is_translator": false, "is_translation_enabled": false, "profile_background_color": "C0DEED", "profile_background_image_url": "http://abs.twimg.com/images/themes/theme1/bg.png", "profile_background_image_url_https": "https://abs.twimg.com/images/themes/theme1/bg.png", "profile_background_tile": false, "profile_image_url": "http://pbs.twimg.com/profile_images/726462439999586304/i_qbO6uf_normal.jpg", "profile_image_url_https": "https://pbs.twimg.com/profile_images/726462439999586304/i_qbO6uf_normal.jpg", "profile_banner_url": "https://pbs.twimg.com/profile_banners/188625326/1361627459", "profile_link_color": "1DA1F2", "profile_sidebar_border_color": "C0DEED", "profile_sidebar_fill_color": "DDEEF6", "profile_text_color": "333333", "profile_use_background_image": true, "has_extended_profile": false, "default_profile": true, "default_profile_image": false, "following": false, "follow_request_sent": false, "notifications": false, "translator_type": "none"}, "geo": null, "coordinates": null, "place": null, "contributors": null, "is_quote_status": false, "retweet_count": 0, "favorite_count": 6, "favorited": false, "retweeted": false, "lang": "en", "reply_count": 0}