{"created_at": "Fri Mar 11 13:38:22 +0000 2016", "id": 708285943808172032, "id_str": "708285943808172032", "full_text": "@shivfromthebloc @itvnews hahaahhaha", "truncated": false, "display_text_range": [0, 36], "entities": {"hashtags": [], "symbols": [], "user_mentions": [{"screen_name": "shivfromthebloc", "name": "Shiv", "id": 20364978, "id_str": "20364978", "indices": [0, 16]}, {"screen_name": "itvnews", "name": "ITV News", "id": 21866939, "id_str": "21866939", "indices": [17, 25]}], "urls": []}, "source": "<a href=\"http://www.echofon.com/\" rel=\"nofollow\">Echofon</a>", "in_reply_to_status_id": 708283817551904768, "in_reply_to_status_id_str": "708283817551904768", "in_reply_to_user_id": 20364978, "in_reply_to_user_id_str": "20364978", "in_reply_to_screen_name": "shivfromthebloc", "user": {"id": 23185973, "id_str": "23185973", "name": "Nadia Shireen", "screen_name": "NadiaShireen", "location": "London", "description": "Author/illustrator. Agent: @jounwin.\nThe ocean machine is set to nine, I\u2019ll squeeze into heaven and Valentine...", "url": "https://t.co/mcegC8rr0P", "entities": {"url": {"urls": [{"url": "https://t.co/mcegC8rr0P", "expanded_url": "http://etsy.me/2E8Fo5h", "display_url": "etsy.me/2E8Fo5h", "indices": [0, 23]}]}, "description": {"urls": []}}, "protected": false, "followers_count": 9251, "friends_count": 947, "listed_count": 162, "created_at": "Sat Mar 07 11:39:53 +0000 2009", "favourites_count": 15293, "utc_offset": null, "time_zone": null, "geo_enabled": false, "verified": false, "statuses_count": 39924, "lang": null, "contributors_enabled": false, "is_translator": false, "is_translation_enabled": false, "profile_background_color": "FAC2EE", "profile_background_image_url": "http://abs.twimg.com/images/themes/theme1/bg.png", "profile_background_image_url_https": "https://abs.twimg.com/images/themes/theme1/bg.png", "profile_background_tile": false, "profile_image_url": "http://pbs.twimg.com/profile_images/1255537345824251907/JkNUfTwi_normal.jpg", "profile_image_url_https": "https://pbs.twimg.com/profile_images/1255537345824251907/JkNUfTwi_normal.jpg", "profile_banner_url": "https://pbs.twimg.com/profile_banners/23185973/1588178405", "profile_link_color": "1F98C7", "profile_sidebar_border_color": "C6E2EE", "profile_sidebar_fill_color": "DAECF4", "profile_text_color": "3A8D70", "profile_use_background_image": true, "has_extended_profile": false, "default_profile": false, "default_profile_image": false, "following": false, "follow_request_sent": false, "notifications": false, "translator_type": "none"}, "geo": null, "coordinates": null, "place": null, "contributors": null, "is_quote_status": false, "retweet_count": 0, "favorite_count": 0, "favorited": false, "retweeted": false, "lang": "it", "reply_count": 0}