{"created_at": "Fri Mar 11 12:43:33 +0000 2016", "id": 708272147903463425, "id_str": "708272147903463425", "full_text": "@itvnews @redsaintuk Found.... in my neighbourhood. Thanks for Sharing : (", "truncated": false, "display_text_range": [0, 74], "entities": {"hashtags": [], "symbols": [], "user_mentions": [{"screen_name": "itvnews", "name": "ITV News", "id": 21866939, "id_str": "21866939", "indices": [0, 8]}, {"screen_name": "redsaintuk", "name": "Graham \ud83e\udd18", "id": 19908035, "id_str": "19908035", "indices": [9, 20]}], "urls": []}, "source": "<a href=\"http://twitter.com\" rel=\"nofollow\">Twitter Web Client</a>", "in_reply_to_status_id": 708270131336650753, "in_reply_to_status_id_str": "708270131336650753", "in_reply_to_user_id": 21866939, "in_reply_to_user_id_str": "21866939", "in_reply_to_screen_name": "itvnews", "user": {"id": 280906910, "id_str": "280906910", "name": "Neil Churcher", "screen_name": "neilchurcher", "location": "London", "description": "Head of Global Digital Standards @HSBC ex-Head of Design @Orange, ex Academic Director at #IDII Italy. Visiting tutor at The Royal College of Art @RCA", "url": "https://t.co/1kS05kzC3B", "entities": {"url": {"urls": [{"url": "https://t.co/1kS05kzC3B", "expanded_url": "http://uk.linkedin.com/in/neilchurcher", "display_url": "uk.linkedin.com/in/neilchurcher", "indices": [0, 23]}]}, "description": {"urls": []}}, "protected": false, "followers_count": 713, "friends_count": 723, "listed_count": 70, "created_at": "Tue Apr 12 07:49:38 +0000 2011", "favourites_count": 1100, "utc_offset": null, "time_zone": null, "geo_enabled": true, "verified": false, "statuses_count": 6970, "lang": null, "contributors_enabled": false, "is_translator": false, "is_translation_enabled": false, "profile_background_color": "C0DEED", "profile_background_image_url": "http://abs.twimg.com/images/themes/theme1/bg.png", "profile_background_image_url_https": "https://abs.twimg.com/images/themes/theme1/bg.png", "profile_background_tile": false, "profile_image_url": "http://pbs.twimg.com/profile_images/378800000544956651/d0535f5419fe7d127ee97994fe0e47bc_normal.jpeg", "profile_image_url_https": "https://pbs.twimg.com/profile_images/378800000544956651/d0535f5419fe7d127ee97994fe0e47bc_normal.jpeg", "profile_banner_url": "https://pbs.twimg.com/profile_banners/280906910/1533061140", "profile_link_color": "1DA1F2", "profile_sidebar_border_color": "C0DEED", "profile_sidebar_fill_color": "DDEEF6", "profile_text_color": "333333", "profile_use_background_image": true, "has_extended_profile": false, "default_profile": true, "default_profile_image": false, "following": false, "follow_request_sent": false, "notifications": false, "translator_type": "none"}, "geo": null, "coordinates": null, "place": {"id": "2a3f152d1ac5044a", "url": "https://api.twitter.com/1.1/geo/id/2a3f152d1ac5044a.json", "place_type": "city", "name": "Hackney", "full_name": "Hackney, London", "country_code": "GB", "country": "United Kingdom", "contained_within": [], "bounding_box": {"type": "Polygon", "coordinates": [[[-0.104501, 51.518605], [-0.015834, 51.518605], [-0.015834, 51.5766844], [-0.104501, 51.5766844]]]}, "attributes": {}}, "contributors": null, "is_quote_status": false, "retweet_count": 0, "favorite_count": 0, "favorited": false, "retweeted": false, "lang": "en", "reply_count": 1}