{"created_at": "Fri Mar 11 12:40:47 +0000 2016", "id": 708271449161801728, "id_str": "708271449161801728", "full_text": "@itvnews didn't know they grew that big! Wtf has it been eating?", "truncated": false, "display_text_range": [0, 64], "entities": {"hashtags": [], "symbols": [], "user_mentions": [{"screen_name": "itvnews", "name": "ITV News", "id": 21866939, "id_str": "21866939", "indices": [0, 8]}], "urls": []}, "source": "<a href=\"http://twitter.com/download/android\" rel=\"nofollow\">Twitter for Android</a>", "in_reply_to_status_id": 708270131336650753, "in_reply_to_status_id_str": "708270131336650753", "in_reply_to_user_id": 21866939, "in_reply_to_user_id_str": "21866939", "in_reply_to_screen_name": "itvnews", "user": {"id": 2972872659, "id_str": "2972872659", "name": "Smiley girl\u2764\ufe0f\ud83c\uddec\ud83c\udde7#WhiteAndProud", "screen_name": "Smileygirl19683", "location": "", "description": "10,000 Refugees To Be Housed In The UK EVERY SINGLE YEAR. Let That Sink In. RIP UK \ud83c\uddec\ud83c\udde7", "url": null, "entities": {"description": {"urls": []}}, "protected": false, "followers_count": 9764, "friends_count": 4669, "listed_count": 33, "created_at": "Sun Jan 11 11:33:51 +0000 2015", "favourites_count": 177480, "utc_offset": null, "time_zone": null, "geo_enabled": false, "verified": false, "statuses_count": 100245, "lang": null, "contributors_enabled": false, "is_translator": false, "is_translation_enabled": false, "profile_background_color": "C0DEED", "profile_background_image_url": "http://abs.twimg.com/images/themes/theme1/bg.png", "profile_background_image_url_https": "https://abs.twimg.com/images/themes/theme1/bg.png", "profile_background_tile": false, "profile_image_url": "http://pbs.twimg.com/profile_images/1272091169695170560/3FHbb_1g_normal.jpg", "profile_image_url_https": "https://pbs.twimg.com/profile_images/1272091169695170560/3FHbb_1g_normal.jpg", "profile_banner_url": "https://pbs.twimg.com/profile_banners/2972872659/1589746095", "profile_link_color": "1DA1F2", "profile_sidebar_border_color": "C0DEED", "profile_sidebar_fill_color": "DDEEF6", "profile_text_color": "333333", "profile_use_background_image": true, "has_extended_profile": false, "default_profile": true, "default_profile_image": false, "following": false, "follow_request_sent": false, "notifications": false, "translator_type": "none"}, "geo": null, "coordinates": null, "place": null, "contributors": null, "is_quote_status": false, "retweet_count": 0, "favorite_count": 0, "favorited": false, "retweeted": false, "lang": "en", "reply_count": 0}