{"created_at": "Fri Mar 11 13:50:25 +0000 2016", "id": 708288975623036929, "id_str": "708288975623036929", "full_text": "@itvnews YEEKS \ud83d\ude16", "truncated": false, "display_text_range": [0, 16], "entities": {"hashtags": [], "symbols": [], "user_mentions": [{"screen_name": "itvnews", "name": "ITV News", "id": 21866939, "id_str": "21866939", "indices": [0, 8]}], "urls": []}, "source": "<a href=\"http://twitter.com/download/iphone\" rel=\"nofollow\">Twitter for iPhone</a>", "in_reply_to_status_id": 708270131336650753, "in_reply_to_status_id_str": "708270131336650753", "in_reply_to_user_id": 21866939, "in_reply_to_user_id_str": "21866939", "in_reply_to_screen_name": "itvnews", "user": {"id": 26042906, "id_str": "26042906", "name": "jo", "screen_name": "joseyrobins", "location": "london / essex", "description": "", "url": null, "entities": {"description": {"urls": []}}, "protected": false, "followers_count": 724, "friends_count": 883, "listed_count": 4, "created_at": "Mon Mar 23 17:13:25 +0000 2009", "favourites_count": 32858, "utc_offset": null, "time_zone": null, "geo_enabled": true, "verified": false, "statuses_count": 24540, "lang": null, "contributors_enabled": false, "is_translator": false, "is_translation_enabled": false, "profile_background_color": "FF6699", "profile_background_image_url": "http://abs.twimg.com/images/themes/theme11/bg.gif", "profile_background_image_url_https": "https://abs.twimg.com/images/themes/theme11/bg.gif", "profile_background_tile": true, "profile_image_url": "http://pbs.twimg.com/profile_images/1257536394135851009/hv6EkfkN_normal.jpg", "profile_image_url_https": "https://pbs.twimg.com/profile_images/1257536394135851009/hv6EkfkN_normal.jpg", "profile_banner_url": "https://pbs.twimg.com/profile_banners/26042906/1507623913", "profile_link_color": "B40B43", "profile_sidebar_border_color": "CC3366", "profile_sidebar_fill_color": "E5507E", "profile_text_color": "362720", "profile_use_background_image": true, "has_extended_profile": false, "default_profile": false, "default_profile_image": false, "following": false, "follow_request_sent": false, "notifications": false, "translator_type": "none"}, "geo": null, "coordinates": null, "place": {"id": "6ca159c6ba6677d3", "url": "https://api.twitter.com/1.1/geo/id/6ca159c6ba6677d3.json", "place_type": "city", "name": "Grays", "full_name": "Grays, East", "country_code": "GB", "country": "United Kingdom", "contained_within": [], "bounding_box": {"type": "Polygon", "coordinates": [[[0.228239, 51.461687], [0.407315, 51.461687], [0.407315, 51.511284], [0.228239, 51.511284]]]}, "attributes": {}}, "contributors": null, "is_quote_status": false, "retweet_count": 0, "favorite_count": 0, "favorited": false, "retweeted": false, "lang": "en", "reply_count": 0}