{"created_at": "Fri Mar 11 13:12:09 +0000 2016", "id": 708279342820958208, "id_str": "708279342820958208", "full_text": "@itvnews it's time for me to move", "truncated": false, "display_text_range": [0, 33], "entities": {"hashtags": [], "symbols": [], "user_mentions": [{"screen_name": "itvnews", "name": "ITV News", "id": 21866939, "id_str": "21866939", "indices": [0, 8]}], "urls": []}, "source": "<a href=\"http://twitter.com\" rel=\"nofollow\">Twitter Web Client</a>", "in_reply_to_status_id": 708270131336650753, "in_reply_to_status_id_str": "708270131336650753", "in_reply_to_user_id": 21866939, "in_reply_to_user_id_str": "21866939", "in_reply_to_screen_name": "itvnews", "user": {"id": 347732485, "id_str": "347732485", "name": "Sharei", "screen_name": "ShareisCorner", "location": "London", "description": "", "url": null, "entities": {"description": {"urls": []}}, "protected": false, "followers_count": 163, "friends_count": 296, "listed_count": 5, "created_at": "Wed Aug 03 08:05:03 +0000 2011", "favourites_count": 6256, "utc_offset": null, "time_zone": null, "geo_enabled": false, "verified": false, "statuses_count": 5489, "lang": null, "contributors_enabled": false, "is_translator": false, "is_translation_enabled": false, "profile_background_color": "000000", "profile_background_image_url": "http://abs.twimg.com/images/themes/theme1/bg.png", "profile_background_image_url_https": "https://abs.twimg.com/images/themes/theme1/bg.png", "profile_background_tile": false, "profile_image_url": "http://pbs.twimg.com/profile_images/1120122181776760832/AQIpK_-9_normal.jpg", "profile_image_url_https": "https://pbs.twimg.com/profile_images/1120122181776760832/AQIpK_-9_normal.jpg", "profile_link_color": "00008B", "profile_sidebar_border_color": "000000", "profile_sidebar_fill_color": "000000", "profile_text_color": "000000", "profile_use_background_image": false, "has_extended_profile": false, "default_profile": false, "default_profile_image": false, "following": false, "follow_request_sent": false, "notifications": false, "translator_type": "none"}, "geo": null, "coordinates": null, "place": null, "contributors": null, "is_quote_status": false, "retweet_count": 0, "favorite_count": 0, "favorited": false, "retweeted": false, "lang": "en", "reply_count": 0}