{"created_at": "Fri Mar 11 12:44:29 +0000 2016", "id": 708272382662803456, "id_str": "708272382662803456", "full_text": "@neilchurcher aww but it was so cute and cuddly \ud83d\ude09", "truncated": false, "display_text_range": [0, 49], "entities": {"hashtags": [], "symbols": [], "user_mentions": [{"screen_name": "neilchurcher", "name": "Neil Churcher", "id": 280906910, "id_str": "280906910", "indices": [0, 13]}], "urls": []}, "source": "<a href=\"http://klinkerapps.com\" rel=\"nofollow\">Talon (Classic)</a>", "in_reply_to_status_id": 708272147903463425, "in_reply_to_status_id_str": "708272147903463425", "in_reply_to_user_id": 280906910, "in_reply_to_user_id_str": "280906910", "in_reply_to_screen_name": "neilchurcher", "user": {"id": 19908035, "id_str": "19908035", "name": "Graham \ud83e\udd18", "screen_name": "redsaintuk", "location": "Isle of Wight (UK)", "description": "MTG / BOARD & VIDEO GAMES\nMETAL / ROCK / ELECTRONIC\nSOUTHAMPTON FC / ACF FIORENTINA\nDALLAS COWBOYS\n\n#BlackLivesMatter", "url": null, "entities": {"description": {"urls": []}}, "protected": false, "followers_count": 468, "friends_count": 912, "listed_count": 35, "created_at": "Mon Feb 02 14:11:51 +0000 2009", "favourites_count": 5187, "utc_offset": null, "time_zone": null, "geo_enabled": true, "verified": false, "statuses_count": 48855, "lang": null, "contributors_enabled": false, "is_translator": false, "is_translation_enabled": false, "profile_background_color": "181C1F", "profile_background_image_url": "http://abs.twimg.com/images/themes/theme1/bg.png", "profile_background_image_url_https": "https://abs.twimg.com/images/themes/theme1/bg.png", "profile_background_tile": false, "profile_image_url": "http://pbs.twimg.com/profile_images/1257452681360289794/J1zp7u-u_normal.jpg", "profile_image_url_https": "https://pbs.twimg.com/profile_images/1257452681360289794/J1zp7u-u_normal.jpg", "profile_banner_url": "https://pbs.twimg.com/profile_banners/19908035/1551564072", "profile_link_color": "ABB8C2", "profile_sidebar_border_color": "FFFFFF", "profile_sidebar_fill_color": "0E1621", "profile_text_color": "CB9934", "profile_use_background_image": true, "has_extended_profile": false, "default_profile": false, "default_profile_image": false, "following": false, "follow_request_sent": false, "notifications": false, "translator_type": "none"}, "geo": null, "coordinates": null, "place": null, "contributors": null, "is_quote_status": false, "retweet_count": 0, "favorite_count": 0, "favorited": false, "retweeted": false, "lang": "en", "reply_count": 1}