{"created_at": "Fri Mar 11 12:42:06 +0000 2016", "id": 708271783712038914, "id_str": "708271783712038914", "full_text": "@itvnews The stuff of nightmares!", "truncated": false, "display_text_range": [0, 33], "entities": {"hashtags": [], "symbols": [], "user_mentions": [{"screen_name": "itvnews", "name": "ITV News", "id": 21866939, "id_str": "21866939", "indices": [0, 8]}], "urls": []}, "source": "<a href=\"http://twitter.com\" rel=\"nofollow\">Twitter Web Client</a>", "in_reply_to_status_id": 708270131336650753, "in_reply_to_status_id_str": "708270131336650753", "in_reply_to_user_id": 21866939, "in_reply_to_user_id_str": "21866939", "in_reply_to_screen_name": "itvnews", "user": {"id": 192563270, "id_str": "192563270", "name": "katie", "screen_name": "katemates", "location": "", "description": "", "url": null, "entities": {"description": {"urls": []}}, "protected": false, "followers_count": 77, "friends_count": 125, "listed_count": 2, "created_at": "Sun Sep 19 14:29:21 +0000 2010", "favourites_count": 2267, "utc_offset": null, "time_zone": null, "geo_enabled": false, "verified": false, "statuses_count": 949, "lang": null, "contributors_enabled": false, "is_translator": false, "is_translation_enabled": false, "profile_background_color": "000000", "profile_background_image_url": "http://abs.twimg.com/images/themes/theme16/bg.gif", "profile_background_image_url_https": "https://abs.twimg.com/images/themes/theme16/bg.gif", "profile_background_tile": false, "profile_image_url": "http://pbs.twimg.com/profile_images/1273743058899816449/4-I7Dkzl_normal.jpg", "profile_image_url_https": "https://pbs.twimg.com/profile_images/1273743058899816449/4-I7Dkzl_normal.jpg", "profile_banner_url": "https://pbs.twimg.com/profile_banners/192563270/1591491802", "profile_link_color": "1B95E0", "profile_sidebar_border_color": "000000", "profile_sidebar_fill_color": "000000", "profile_text_color": "000000", "profile_use_background_image": false, "has_extended_profile": false, "default_profile": false, "default_profile_image": false, "following": false, "follow_request_sent": false, "notifications": false, "translator_type": "none"}, "geo": null, "coordinates": null, "place": null, "contributors": null, "is_quote_status": false, "retweet_count": 0, "favorite_count": 1, "favorited": false, "retweeted": false, "lang": "en", "reply_count": 0}