{"created_at": "Fri Mar 11 12:47:44 +0000 2016", "id": 708273199373541376, "id_str": "708273199373541376", "full_text": "@itvnews @MariaBartiromo \ud83c\udfb5\ud83c\udfb5\"Iiiii'm alright. Don't nobody worry 'bout me... \"\ud83c\udfb5\ud83c\udfb5", "truncated": false, "display_text_range": [0, 79], "entities": {"hashtags": [], "symbols": [], "user_mentions": [{"screen_name": "itvnews", "name": "ITV News", "id": 21866939, "id_str": "21866939", "indices": [0, 8]}, {"screen_name": "MariaBartiromo", "name": "Maria Bartiromo", "id": 208155240, "id_str": "208155240", "indices": [9, 24]}], "urls": []}, "source": "<a href=\"http://twitter.com/download/android\" rel=\"nofollow\">Twitter for Android</a>", "in_reply_to_status_id": 708270131336650753, "in_reply_to_status_id_str": "708270131336650753", "in_reply_to_user_id": 21866939, "in_reply_to_user_id_str": "21866939", "in_reply_to_screen_name": "itvnews", "user": {"id": 581020028, "id_str": "581020028", "name": "Michael C. Kingsley", "screen_name": "DonKingsleone", "location": "New City, NY", "description": "PR media specialist. Fmr TV producer.\rSean Connery insulted me to my face when I was 9 yrs old. Go Dolphins #FinsUp Go Jazz #TakeNote Retweets\u2260agreement", "url": null, "entities": {"description": {"urls": []}}, "protected": false, "followers_count": 398, "friends_count": 2661, "listed_count": 13, "created_at": "Tue May 15 16:09:36 +0000 2012", "favourites_count": 5995, "utc_offset": null, "time_zone": null, "geo_enabled": true, "verified": false, "statuses_count": 5540, "lang": null, "contributors_enabled": false, "is_translator": false, "is_translation_enabled": false, "profile_background_color": "C0DEED", "profile_background_image_url": "http://abs.twimg.com/images/themes/theme1/bg.png", "profile_background_image_url_https": "https://abs.twimg.com/images/themes/theme1/bg.png", "profile_background_tile": true, "profile_image_url": "http://pbs.twimg.com/profile_images/3250914880/0a5dce0bd29bd3b1addd33b22c7afa84_normal.jpeg", "profile_image_url_https": "https://pbs.twimg.com/profile_images/3250914880/0a5dce0bd29bd3b1addd33b22c7afa84_normal.jpeg", "profile_banner_url": "https://pbs.twimg.com/profile_banners/581020028/1417028680", "profile_link_color": "0084B4", "profile_sidebar_border_color": "C0DEED", "profile_sidebar_fill_color": "DDEEF6", "profile_text_color": "333333", "profile_use_background_image": true, "has_extended_profile": false, "default_profile": false, "default_profile_image": false, "following": false, "follow_request_sent": false, "notifications": false, "translator_type": "none"}, "geo": null, "coordinates": null, "place": null, "contributors": null, "is_quote_status": false, "retweet_count": 0, "favorite_count": 0, "favorited": false, "retweeted": false, "lang": "en", "reply_count": 0}