{"created_at": "Fri Mar 11 13:15:04 +0000 2016", "id": 708280076580814848, "id_str": "708280076580814848", "full_text": ".@itvnews That really makes me want to buy a gun.", "truncated": false, "display_text_range": [0, 49], "entities": {"hashtags": [], "symbols": [], "user_mentions": [{"screen_name": "itvnews", "name": "ITV News", "id": 21866939, "id_str": "21866939", "indices": [1, 9]}], "urls": []}, "source": "<a href=\"http://twitter.com\" rel=\"nofollow\">Twitter Web Client</a>", "in_reply_to_status_id": 708270131336650753, "in_reply_to_status_id_str": "708270131336650753", "in_reply_to_user_id": 21866939, "in_reply_to_user_id_str": "21866939", "in_reply_to_screen_name": "itvnews", "user": {"id": 458768756, "id_str": "458768756", "name": "Saka", "screen_name": "Sovereignaka", "location": "", "description": "Worth A Million Tweets.", "url": "https://t.co/bdfybt7P1q", "entities": {"url": {"urls": [{"url": "https://t.co/bdfybt7P1q", "expanded_url": "http://www.watchitdie.blogspot.com", "display_url": "watchitdie.blogspot.com", "indices": [0, 23]}]}, "description": {"urls": []}}, "protected": false, "followers_count": 89, "friends_count": 55, "listed_count": 20, "created_at": "Sun Jan 08 22:51:26 +0000 2012", "favourites_count": 120, "utc_offset": null, "time_zone": null, "geo_enabled": false, "verified": false, "statuses_count": 53578, "lang": null, "contributors_enabled": false, "is_translator": false, "is_translation_enabled": false, "profile_background_color": "C0DEED", "profile_background_image_url": "http://abs.twimg.com/images/themes/theme1/bg.png", "profile_background_image_url_https": "https://abs.twimg.com/images/themes/theme1/bg.png", "profile_background_tile": false, "profile_image_url": "http://pbs.twimg.com/profile_images/554409499549638656/uIiLKfMq_normal.jpeg", "profile_image_url_https": "https://pbs.twimg.com/profile_images/554409499549638656/uIiLKfMq_normal.jpeg", "profile_link_color": "1DA1F2", "profile_sidebar_border_color": "C0DEED", "profile_sidebar_fill_color": "DDEEF6", "profile_text_color": "333333", "profile_use_background_image": true, "has_extended_profile": false, "default_profile": true, "default_profile_image": false, "following": false, "follow_request_sent": false, "notifications": false, "translator_type": "none"}, "geo": null, "coordinates": null, "place": null, "contributors": null, "is_quote_status": false, "retweet_count": 0, "favorite_count": 0, "favorited": false, "retweeted": false, "lang": "en", "reply_count": 0}