{"created_at": "Fri Mar 11 12:46:31 +0000 2016", "id": 708272894426619907, "id_str": "708272894426619907", "full_text": "@itvnews fit in with rest of the rat's in London", "truncated": false, "display_text_range": [0, 48], "entities": {"hashtags": [], "symbols": [], "user_mentions": [{"screen_name": "itvnews", "name": "ITV News", "id": 21866939, "id_str": "21866939", "indices": [0, 8]}], "urls": []}, "source": "<a href=\"https://mobile.twitter.com\" rel=\"nofollow\">Twitter Web App</a>", "in_reply_to_status_id": 708270131336650753, "in_reply_to_status_id_str": "708270131336650753", "in_reply_to_user_id": 21866939, "in_reply_to_user_id_str": "21866939", "in_reply_to_screen_name": "itvnews", "user": {"id": 2532388268, "id_str": "2532388268", "name": "Joe Tyrrell (Ex Sergeant Major British Army)", "screen_name": "offthecrosssbar", "location": "Uk", "description": "Dislikes the EU & The Sun Newspaper  suffers from deyslexia but can take on faceless corwads", "url": null, "entities": {"description": {"urls": []}}, "protected": false, "followers_count": 103, "friends_count": 169, "listed_count": 6, "created_at": "Thu May 29 10:39:05 +0000 2014", "favourites_count": 4001, "utc_offset": null, "time_zone": null, "geo_enabled": false, "verified": false, "statuses_count": 13512, "lang": null, "contributors_enabled": false, "is_translator": false, "is_translation_enabled": false, "profile_background_color": "C0DEED", "profile_background_image_url": "http://abs.twimg.com/images/themes/theme1/bg.png", "profile_background_image_url_https": "https://abs.twimg.com/images/themes/theme1/bg.png", "profile_background_tile": false, "profile_image_url": "http://pbs.twimg.com/profile_images/1254693544817721344/_bmmnegZ_normal.jpg", "profile_image_url_https": "https://pbs.twimg.com/profile_images/1254693544817721344/_bmmnegZ_normal.jpg", "profile_banner_url": "https://pbs.twimg.com/profile_banners/2532388268/1592557545", "profile_link_color": "1DA1F2", "profile_sidebar_border_color": "C0DEED", "profile_sidebar_fill_color": "DDEEF6", "profile_text_color": "333333", "profile_use_background_image": true, "has_extended_profile": false, "default_profile": true, "default_profile_image": false, "following": false, "follow_request_sent": false, "notifications": false, "translator_type": "none"}, "geo": null, "coordinates": null, "place": null, "contributors": null, "is_quote_status": false, "retweet_count": 0, "favorite_count": 0, "favorited": false, "retweeted": false, "lang": "en", "reply_count": 0}