{"created_at": "Fri Mar 11 12:51:21 +0000 2016", "id": 708274111508848640, "id_str": "708274111508848640", "full_text": "@itvnews Not the first and not the last @L4zick https://t.co/oWe64igaG0", "truncated": false, "display_text_range": [0, 71], "entities": {"hashtags": [], "symbols": [], "user_mentions": [{"screen_name": "itvnews", "name": "ITV News", "id": 21866939, "id_str": "21866939", "indices": [0, 8]}, {"screen_name": "L4zick", "name": "l4zick", "id": 72588786, "id_str": "72588786", "indices": [40, 47]}], "urls": [], "media": [{"id": 708274109533261824, "id_str": "708274109533261824", "indices": [48, 71], "media_url": "http://pbs.twimg.com/media/CdRLjM5WEAA18Uf.jpg", "media_url_https": "https://pbs.twimg.com/media/CdRLjM5WEAA18Uf.jpg", "url": "https://t.co/oWe64igaG0", "display_url": "pic.twitter.com/oWe64igaG0", "expanded_url": "https://twitter.com/AdamGalecki/status/708274111508848640/photo/1", "type": "photo", "sizes": {"thumb": {"w": 150, "h": 150, "resize": "crop"}, "small": {"w": 640, "h": 359, "resize": "fit"}, "large": {"w": 640, "h": 359, "resize": "fit"}, "medium": {"w": 640, "h": 359, "resize": "fit"}}}]}, "extended_entities": {"media": [{"id": 708274109533261824, "id_str": "708274109533261824", "indices": [48, 71], "media_url": "http://pbs.twimg.com/media/CdRLjM5WEAA18Uf.jpg", "media_url_https": "https://pbs.twimg.com/media/CdRLjM5WEAA18Uf.jpg", "url": "https://t.co/oWe64igaG0", "display_url": "pic.twitter.com/oWe64igaG0", "expanded_url": "https://twitter.com/AdamGalecki/status/708274111508848640/photo/1", "type": "photo", "sizes": {"thumb": {"w": 150, "h": 150, "resize": "crop"}, "small": {"w": 640, "h": 359, "resize": "fit"}, "large": {"w": 640, "h": 359, "resize": "fit"}, "medium": {"w": 640, "h": 359, "resize": "fit"}}}]}, "source": "<a href=\"http://twitter.com/download/android\" rel=\"nofollow\">Twitter for Android</a>", "in_reply_to_status_id": 708270131336650753, "in_reply_to_status_id_str": "708270131336650753", "in_reply_to_user_id": 21866939, "in_reply_to_user_id_str": "21866939", "in_reply_to_screen_name": "itvnews", "user": {"id": 2386432739, "id_str": "2386432739", "name": "Adam", "screen_name": "AdamGalecki", "location": "Marki/Warszawa", "description": "Nie wchod\u017a \u0142agodnie do tej dobrej nocy. Buntuj si\u0119, buntuj, gdy \u015bwiat\u0142o si\u0119 mroczy.", "url": null, "entities": {"description": {"urls": []}}, "protected": false, "followers_count": 133, "friends_count": 409, "listed_count": 0, "created_at": "Wed Mar 05 20:50:55 +0000 2014", "favourites_count": 4223, "utc_offset": null, "time_zone": null, "geo_enabled": true, "verified": false, "statuses_count": 3703, "lang": null, "contributors_enabled": false, "is_translator": false, "is_translation_enabled": false, "profile_background_color": "131516", "profile_background_image_url": "http://abs.twimg.com/images/themes/theme14/bg.gif", "profile_background_image_url_https": "https://abs.twimg.com/images/themes/theme14/bg.gif", "profile_background_tile": true, "profile_image_url": "http://pbs.twimg.com/profile_images/666281098108928000/UyvhrVhM_normal.jpg", "profile_image_url_https": "https://pbs.twimg.com/profile_images/666281098108928000/UyvhrVhM_normal.jpg", "profile_banner_url": "https://pbs.twimg.com/profile_banners/2386432739/1410729218", "profile_link_color": "136AD4", "profile_sidebar_border_color": "FFFFFF", "profile_sidebar_fill_color": "EFEFEF", "profile_text_color": "333333", "profile_use_background_image": true, "has_extended_profile": true, "default_profile": false, "default_profile_image": false, "following": false, "follow_request_sent": false, "notifications": false, "translator_type": "none"}, "geo": null, "coordinates": null, "place": null, "contributors": null, "is_quote_status": false, "retweet_count": 0, "favorite_count": 0, "favorited": false, "retweeted": false, "possibly_sensitive": false, "possibly_sensitive_appealable": false, "lang": "en", "reply_count": 0}