{"created_at": "Fri Mar 11 13:49:09 +0000 2016", "id": 708288654570078208, "id_str": "708288654570078208", "full_text": "@RyanAtS2 Indeed. And that must be an industrial size litter-picker-upper, for when you really need that litter picking up.", "truncated": false, "display_text_range": [0, 123], "entities": {"hashtags": [], "symbols": [], "user_mentions": [{"screen_name": "RyanAtS2", "name": "Ryan Heath", "id": 3236580171, "id_str": "3236580171", "indices": [0, 9]}], "urls": []}, "source": "<a href=\"http://twitter.com\" rel=\"nofollow\">Twitter Web Client</a>", "in_reply_to_status_id": 708288292119310336, "in_reply_to_status_id_str": "708288292119310336", "in_reply_to_user_id": 3236580171, "in_reply_to_user_id_str": "3236580171", "in_reply_to_screen_name": "RyanAtS2", "user": {"id": 15878107, "id_str": "15878107", "name": "Lewis Howles", "screen_name": "lewishowles", "location": "Littleborough, Lancashire, UK", "description": "UI Lead @Software2inc. Seeker of all things nerd.", "url": "https://t.co/DOxRQOuJkK", "entities": {"url": {"urls": [{"url": "https://t.co/DOxRQOuJkK", "expanded_url": "http://www.lewishowles.co.uk", "display_url": "lewishowles.co.uk", "indices": [0, 23]}]}, "description": {"urls": []}}, "protected": false, "followers_count": 66, "friends_count": 71, "listed_count": 10, "created_at": "Sun Aug 17 00:36:48 +0000 2008", "favourites_count": 58, "utc_offset": null, "time_zone": null, "geo_enabled": true, "verified": false, "statuses_count": 669, "lang": null, "contributors_enabled": false, "is_translator": false, "is_translation_enabled": false, "profile_background_color": "191C28", "profile_background_image_url": "http://abs.twimg.com/images/themes/theme1/bg.png", "profile_background_image_url_https": "https://abs.twimg.com/images/themes/theme1/bg.png", "profile_background_tile": false, "profile_image_url": "http://pbs.twimg.com/profile_images/1070650778979844096/Xepxblyv_normal.jpg", "profile_image_url_https": "https://pbs.twimg.com/profile_images/1070650778979844096/Xepxblyv_normal.jpg", "profile_banner_url": "https://pbs.twimg.com/profile_banners/15878107/1547474123", "profile_link_color": "67BABD", "profile_sidebar_border_color": "C0DEED", "profile_sidebar_fill_color": "DDEEF6", "profile_text_color": "333333", "profile_use_background_image": true, "has_extended_profile": false, "default_profile": false, "default_profile_image": false, "following": false, "follow_request_sent": false, "notifications": false, "translator_type": "none"}, "geo": null, "coordinates": null, "place": null, "contributors": null, "is_quote_status": false, "retweet_count": 0, "favorite_count": 0, "favorited": false, "retweeted": false, "lang": "en", "reply_count": 0}