{"created_at": "Fri Mar 11 13:01:22 +0000 2016", "id": 708276631169843200, "id_str": "708276631169843200", "full_text": "@itvnews Go on mate shove it at the camera. https://t.co/oEgX7AcZ3b", "truncated": false, "display_text_range": [0, 67], "entities": {"hashtags": [], "symbols": [], "user_mentions": [{"screen_name": "itvnews", "name": "ITV News", "id": 21866939, "id_str": "21866939", "indices": [0, 8]}], "urls": [], "media": [{"id": 708276630272270336, "id_str": "708276630272270336", "indices": [44, 67], "media_url": "http://pbs.twimg.com/media/CdRN17YW4AA0wcV.jpg", "media_url_https": "https://pbs.twimg.com/media/CdRN17YW4AA0wcV.jpg", "url": "https://t.co/oEgX7AcZ3b", "display_url": "pic.twitter.com/oEgX7AcZ3b", "expanded_url": "https://twitter.com/paddysbooks/status/708276631169843200/photo/1", "type": "photo", "sizes": {"thumb": {"w": 150, "h": 150, "resize": "crop"}, "large": {"w": 600, "h": 360, "resize": "fit"}, "medium": {"w": 600, "h": 360, "resize": "fit"}, "small": {"w": 600, "h": 360, "resize": "fit"}}}]}, "extended_entities": {"media": [{"id": 708276630272270336, "id_str": "708276630272270336", "indices": [44, 67], "media_url": "http://pbs.twimg.com/media/CdRN17YW4AA0wcV.jpg", "media_url_https": "https://pbs.twimg.com/media/CdRN17YW4AA0wcV.jpg", "url": "https://t.co/oEgX7AcZ3b", "display_url": "pic.twitter.com/oEgX7AcZ3b", "expanded_url": "https://twitter.com/paddysbooks/status/708276631169843200/photo/1", "type": "photo", "sizes": {"thumb": {"w": 150, "h": 150, "resize": "crop"}, "large": {"w": 600, "h": 360, "resize": "fit"}, "medium": {"w": 600, "h": 360, "resize": "fit"}, "small": {"w": 600, "h": 360, "resize": "fit"}}}]}, "source": "<a href=\"http://twitter.com\" rel=\"nofollow\">Twitter Web Client</a>", "in_reply_to_status_id": 708270131336650753, "in_reply_to_status_id_str": "708270131336650753", "in_reply_to_user_id": 21866939, "in_reply_to_user_id_str": "21866939", "in_reply_to_screen_name": "itvnews", "user": {"id": 321542039, "id_str": "321542039", "name": "paddysbooks", "screen_name": "paddysbooks", "location": "", "description": "Art books, what more could you need. https://t.co/rWewVwfgiV\nhttps://t.co/h2jRGjoceF\nhttps://t.co/8km3RZ14bn", "url": "http://t.co/8lodhOjtYA", "entities": {"url": {"urls": [{"url": "http://t.co/8lodhOjtYA", "expanded_url": "http://www.paddysbooks.bigcartel.com", "display_url": "paddysbooks.bigcartel.com", "indices": [0, 22]}]}, "description": {"urls": [{"url": "https://t.co/rWewVwfgiV", "expanded_url": "http://www.paddysbooks.bigcartel.com", "display_url": "paddysbooks.bigcartel.com", "indices": [37, 60]}, {"url": "https://t.co/h2jRGjoceF", "expanded_url": "http://www.paddysbookstoo.bigcartel.com", "display_url": "paddysbookstoo.bigcartel.com", "indices": [61, 84]}, {"url": "https://t.co/8km3RZ14bn", "expanded_url": "http://paddysbooks.tumblr.com/", "display_url": "paddysbooks.tumblr.com", "indices": [85, 108]}]}}, "protected": false, "followers_count": 1935, "friends_count": 3831, "listed_count": 93, "created_at": "Tue Jun 21 18:54:22 +0000 2011", "favourites_count": 5690, "utc_offset": null, "time_zone": null, "geo_enabled": true, "verified": false, "statuses_count": 18838, "lang": null, "contributors_enabled": false, "is_translator": false, "is_translation_enabled": false, "profile_background_color": "000000", "profile_background_image_url": "http://abs.twimg.com/images/themes/theme1/bg.png", "profile_background_image_url_https": "https://abs.twimg.com/images/themes/theme1/bg.png", "profile_background_tile": true, "profile_image_url": "http://pbs.twimg.com/profile_images/875396664495931392/RTJBTOx0_normal.jpg", "profile_image_url_https": "https://pbs.twimg.com/profile_images/875396664495931392/RTJBTOx0_normal.jpg", "profile_banner_url": "https://pbs.twimg.com/profile_banners/321542039/1401632623", "profile_link_color": "FF9900", "profile_sidebar_border_color": "000000", "profile_sidebar_fill_color": "000000", "profile_text_color": "ABABAB", "profile_use_background_image": true, "has_extended_profile": false, "default_profile": false, "default_profile_image": false, "following": false, "follow_request_sent": false, "notifications": false, "translator_type": "none"}, "geo": null, "coordinates": null, "place": null, "contributors": null, "is_quote_status": false, "retweet_count": 2, "favorite_count": 0, "favorited": false, "retweeted": false, "possibly_sensitive": false, "possibly_sensitive_appealable": false, "lang": "en", "reply_count": 1}