{"created_at": "Fri Mar 11 13:29:56 +0000 2016", "id": 708283817551904768, "id_str": "708283817551904768", "full_text": "@itvnews @NadiaShireen HE'S JUST BIG BONED... ALRIGHT?!", "truncated": false, "display_text_range": [0, 55], "entities": {"hashtags": [], "symbols": [], "user_mentions": [{"screen_name": "itvnews", "name": "ITV News", "id": 21866939, "id_str": "21866939", "indices": [0, 8]}, {"screen_name": "NadiaShireen", "name": "Nadia Shireen", "id": 23185973, "id_str": "23185973", "indices": [9, 22]}], "urls": []}, "source": "<a href=\"http://twitter.com\" rel=\"nofollow\">Twitter Web Client</a>", "in_reply_to_status_id": 708283153631338496, "in_reply_to_status_id_str": "708283153631338496", "in_reply_to_user_id": 20364978, "in_reply_to_user_id_str": "20364978", "in_reply_to_screen_name": "shivfromthebloc", "user": {"id": 20364978, "id_str": "20364978", "name": "Shiv", "screen_name": "shivfromthebloc", "location": "South West", "description": "Breaking down barriers for sweary women one expletive at a time.", "url": "https://t.co/ggxWrCD5qZ", "entities": {"url": {"urls": [{"url": "https://t.co/ggxWrCD5qZ", "expanded_url": "http://idotalkalotofrubbish.tumblr.com/archive", "display_url": "idotalkalotofrubbish.tumblr.com/archive", "indices": [0, 23]}]}, "description": {"urls": []}}, "protected": false, "followers_count": 1059, "friends_count": 759, "listed_count": 19, "created_at": "Sun Feb 08 12:59:03 +0000 2009", "favourites_count": 17498, "utc_offset": null, "time_zone": null, "geo_enabled": true, "verified": false, "statuses_count": 36770, "lang": null, "contributors_enabled": false, "is_translator": false, "is_translation_enabled": false, "profile_background_color": "1A1B1F", "profile_background_image_url": "http://abs.twimg.com/images/themes/theme9/bg.gif", "profile_background_image_url_https": "https://abs.twimg.com/images/themes/theme9/bg.gif", "profile_background_tile": false, "profile_image_url": "http://pbs.twimg.com/profile_images/1048488464239546368/LvIEd5AW_normal.jpg", "profile_image_url_https": "https://pbs.twimg.com/profile_images/1048488464239546368/LvIEd5AW_normal.jpg", "profile_banner_url": "https://pbs.twimg.com/profile_banners/20364978/1499292601", "profile_link_color": "2FC2EF", "profile_sidebar_border_color": "181A1E", "profile_sidebar_fill_color": "252429", "profile_text_color": "666666", "profile_use_background_image": true, "has_extended_profile": true, "default_profile": false, "default_profile_image": false, "following": false, "follow_request_sent": false, "notifications": false, "translator_type": "none"}, "geo": null, "coordinates": null, "place": null, "contributors": null, "is_quote_status": false, "retweet_count": 0, "favorite_count": 1, "favorited": false, "retweeted": false, "lang": "en", "reply_count": 1}