{"created_at": "Fri Mar 11 12:49:28 +0000 2016", "id": 708273634406768640, "id_str": "708273634406768640", "full_text": "@itvnews we're gonna need a bigger boat", "truncated": false, "display_text_range": [0, 39], "entities": {"hashtags": [], "symbols": [], "user_mentions": [{"screen_name": "itvnews", "name": "ITV News", "id": 21866939, "id_str": "21866939", "indices": [0, 8]}], "urls": []}, "source": "<a href=\"http://twitter.com/#!/download/ipad\" rel=\"nofollow\">Twitter for iPad</a>", "in_reply_to_status_id": 708270131336650753, "in_reply_to_status_id_str": "708270131336650753", "in_reply_to_user_id": 21866939, "in_reply_to_user_id_str": "21866939", "in_reply_to_screen_name": "itvnews", "user": {"id": 197788244, "id_str": "197788244", "name": "Anthony Ward", "screen_name": "shnozzmoana", "location": "London", "description": "\"Golf is deceptively simple and endlessly complicated; it satisfies the soul and frustrates the intellect. It is at the same time rewarding and maddening\u201dPalmer", "url": null, "entities": {"description": {"urls": []}}, "protected": false, "followers_count": 518, "friends_count": 2817, "listed_count": 10, "created_at": "Sat Oct 02 13:22:13 +0000 2010", "favourites_count": 33668, "utc_offset": null, "time_zone": null, "geo_enabled": false, "verified": false, "statuses_count": 18071, "lang": null, "contributors_enabled": false, "is_translator": false, "is_translation_enabled": false, "profile_background_color": "C0DEED", "profile_background_image_url": "http://abs.twimg.com/images/themes/theme1/bg.png", "profile_background_image_url_https": "https://abs.twimg.com/images/themes/theme1/bg.png", "profile_background_tile": false, "profile_image_url": "http://pbs.twimg.com/profile_images/1113019168725655552/Cc8NeqOg_normal.jpg", "profile_image_url_https": "https://pbs.twimg.com/profile_images/1113019168725655552/Cc8NeqOg_normal.jpg", "profile_link_color": "1DA1F2", "profile_sidebar_border_color": "C0DEED", "profile_sidebar_fill_color": "DDEEF6", "profile_text_color": "333333", "profile_use_background_image": true, "has_extended_profile": false, "default_profile": true, "default_profile_image": false, "following": false, "follow_request_sent": false, "notifications": false, "translator_type": "none"}, "geo": null, "coordinates": null, "place": null, "contributors": null, "is_quote_status": false, "retweet_count": 0, "favorite_count": 0, "favorited": false, "retweeted": false, "lang": "en", "reply_count": 0}