{"created_at": "Fri Mar 11 15:33:54 +0000 2016", "id": 708315015443402753, "id_str": "708315015443402753", "full_text": "@itvnews could have been as big as a dog, but 4 year old boy makes sense \ud83e\udd14", "truncated": false, "display_text_range": [0, 74], "entities": {"hashtags": [], "symbols": [], "user_mentions": [{"screen_name": "itvnews", "name": "ITV News", "id": 21866939, "id_str": "21866939", "indices": [0, 8]}], "urls": []}, "source": "<a href=\"http://twitter.com/download/iphone\" rel=\"nofollow\">Twitter for iPhone</a>", "in_reply_to_status_id": 708270131336650753, "in_reply_to_status_id_str": "708270131336650753", "in_reply_to_user_id": 21866939, "in_reply_to_user_id_str": "21866939", "in_reply_to_screen_name": "itvnews", "user": {"id": 700830461665353728, "id_str": "700830461665353728", "name": "Jamie", "screen_name": "jamiearchibald7", "location": "Scotland, United Kingdom", "description": "trying to get there, wherever that is", "url": null, "entities": {"description": {"urls": []}}, "protected": false, "followers_count": 268, "friends_count": 473, "listed_count": 3, "created_at": "Fri Feb 19 23:52:57 +0000 2016", "favourites_count": 6497, "utc_offset": null, "time_zone": null, "geo_enabled": false, "verified": false, "statuses_count": 1837, "lang": null, "contributors_enabled": false, "is_translator": false, "is_translation_enabled": false, "profile_background_color": "F5F8FA", "profile_background_image_url": null, "profile_background_image_url_https": null, "profile_background_tile": false, "profile_image_url": "http://pbs.twimg.com/profile_images/1234549376904724480/j5lQhNF9_normal.jpg", "profile_image_url_https": "https://pbs.twimg.com/profile_images/1234549376904724480/j5lQhNF9_normal.jpg", "profile_banner_url": "https://pbs.twimg.com/profile_banners/700830461665353728/1476391868", "profile_link_color": "1DA1F2", "profile_sidebar_border_color": "C0DEED", "profile_sidebar_fill_color": "DDEEF6", "profile_text_color": "333333", "profile_use_background_image": true, "has_extended_profile": true, "default_profile": true, "default_profile_image": false, "following": false, "follow_request_sent": false, "notifications": false, "translator_type": "none"}, "geo": null, "coordinates": null, "place": null, "contributors": null, "is_quote_status": false, "retweet_count": 0, "favorite_count": 0, "favorited": false, "retweeted": false, "lang": "en", "reply_count": 0}