{"created_at": "Fri Mar 11 18:01:49 +0000 2016", "id": 708352240092893184, "id_str": "708352240092893184", "full_text": "@itvnews That's nothing. Look what I found near Camden Lock https://t.co/B9JD37JZnK", "truncated": false, "display_text_range": [0, 83], "entities": {"hashtags": [], "symbols": [], "user_mentions": [{"screen_name": "itvnews", "name": "ITV News", "id": 21866939, "id_str": "21866939", "indices": [0, 8]}], "urls": [], "media": [{"id": 708352232580894720, "id_str": "708352232580894720", "indices": [60, 83], "media_url": "http://pbs.twimg.com/media/CdSSmj7W0AAv8Ku.jpg", "media_url_https": "https://pbs.twimg.com/media/CdSSmj7W0AAv8Ku.jpg", "url": "https://t.co/B9JD37JZnK", "display_url": "pic.twitter.com/B9JD37JZnK", "expanded_url": "https://twitter.com/Roborovski1/status/708352240092893184/photo/1", "type": "photo", "sizes": {"thumb": {"w": 150, "h": 150, "resize": "crop"}, "medium": {"w": 640, "h": 427, "resize": "fit"}, "large": {"w": 640, "h": 427, "resize": "fit"}, "small": {"w": 640, "h": 427, "resize": "fit"}}}]}, "extended_entities": {"media": [{"id": 708352232580894720, "id_str": "708352232580894720", "indices": [60, 83], "media_url": "http://pbs.twimg.com/media/CdSSmj7W0AAv8Ku.jpg", "media_url_https": "https://pbs.twimg.com/media/CdSSmj7W0AAv8Ku.jpg", "url": "https://t.co/B9JD37JZnK", "display_url": "pic.twitter.com/B9JD37JZnK", "expanded_url": "https://twitter.com/Roborovski1/status/708352240092893184/photo/1", "type": "photo", "sizes": {"thumb": {"w": 150, "h": 150, "resize": "crop"}, "medium": {"w": 640, "h": 427, "resize": "fit"}, "large": {"w": 640, "h": 427, "resize": "fit"}, "small": {"w": 640, "h": 427, "resize": "fit"}}}]}, "source": "<a href=\"http://twitter.com/download/iphone\" rel=\"nofollow\">Twitter for iPhone</a>", "in_reply_to_status_id": 708270131336650753, "in_reply_to_status_id_str": "708270131336650753", "in_reply_to_user_id": 21866939, "in_reply_to_user_id_str": "21866939", "in_reply_to_screen_name": "itvnews", "user": {"id": 83404067, "id_str": "83404067", "name": "Penfold", "screen_name": "Roborovski1", "location": "", "description": "Oh crumbs!", "url": null, "entities": {"description": {"urls": []}}, "protected": false, "followers_count": 119, "friends_count": 160, "listed_count": 0, "created_at": "Sun Oct 18 17:33:37 +0000 2009", "favourites_count": 30, "utc_offset": null, "time_zone": null, "geo_enabled": false, "verified": false, "statuses_count": 9879, "lang": null, "contributors_enabled": false, "is_translator": false, "is_translation_enabled": false, "profile_background_color": "C0DEED", "profile_background_image_url": "http://abs.twimg.com/images/themes/theme1/bg.png", "profile_background_image_url_https": "https://abs.twimg.com/images/themes/theme1/bg.png", "profile_background_tile": false, "profile_image_url": "http://pbs.twimg.com/profile_images/418666964622774272/kM9j2d7c_normal.jpeg", "profile_image_url_https": "https://pbs.twimg.com/profile_images/418666964622774272/kM9j2d7c_normal.jpeg", "profile_banner_url": "https://pbs.twimg.com/profile_banners/83404067/1388652958", "profile_link_color": "1DA1F2", "profile_sidebar_border_color": "C0DEED", "profile_sidebar_fill_color": "DDEEF6", "profile_text_color": "333333", "profile_use_background_image": true, "has_extended_profile": false, "default_profile": true, "default_profile_image": false, "following": false, "follow_request_sent": false, "notifications": false, "translator_type": "none"}, "geo": null, "coordinates": null, "place": null, "contributors": null, "is_quote_status": false, "retweet_count": 0, "favorite_count": 0, "favorited": false, "retweeted": false, "possibly_sensitive": false, "possibly_sensitive_appealable": false, "lang": "en", "reply_count": 0}