{"created_at": "Fri Mar 11 18:10:20 +0000 2016", "id": 708354385663938560, "id_str": "708354385663938560", "full_text": "@itvnews your picture editor needs to Google 'forced perspective' before airing this sort of tabloid BS.", "truncated": false, "display_text_range": [0, 104], "entities": {"hashtags": [], "symbols": [], "user_mentions": [{"screen_name": "itvnews", "name": "ITV News", "id": 21866939, "id_str": "21866939", "indices": [0, 8]}], "urls": []}, "source": "<a href=\"http://twitter.com/download/android\" rel=\"nofollow\">Twitter for Android</a>", "in_reply_to_status_id": 708270131336650753, "in_reply_to_status_id_str": "708270131336650753", "in_reply_to_user_id": 21866939, "in_reply_to_user_id_str": "21866939", "in_reply_to_screen_name": "itvnews", "user": {"id": 4703814077, "id_str": "4703814077", "name": "TV Bits", "screen_name": "TV_Bits", "location": "England, United Kingdom", "description": "Old UK TV pres. Also SaintsFC fan, railways and I'm quite political.", "url": null, "entities": {"description": {"urls": []}}, "protected": false, "followers_count": 1485, "friends_count": 290, "listed_count": 8, "created_at": "Mon Jan 04 10:11:03 +0000 2016", "favourites_count": 2167, "utc_offset": null, "time_zone": null, "geo_enabled": false, "verified": false, "statuses_count": 1805, "lang": null, "contributors_enabled": false, "is_translator": false, "is_translation_enabled": false, "profile_background_color": "000000", "profile_background_image_url": "http://abs.twimg.com/images/themes/theme1/bg.png", "profile_background_image_url_https": "https://abs.twimg.com/images/themes/theme1/bg.png", "profile_background_tile": false, "profile_image_url": "http://pbs.twimg.com/profile_images/1265321258985631746/2ThYaXuv_normal.jpg", "profile_image_url_https": "https://pbs.twimg.com/profile_images/1265321258985631746/2ThYaXuv_normal.jpg", "profile_banner_url": "https://pbs.twimg.com/profile_banners/4703814077/1540305707", "profile_link_color": "003366", "profile_sidebar_border_color": "000000", "profile_sidebar_fill_color": "000000", "profile_text_color": "000000", "profile_use_background_image": false, "has_extended_profile": false, "default_profile": false, "default_profile_image": false, "following": false, "follow_request_sent": false, "notifications": false, "translator_type": "none"}, "geo": null, "coordinates": null, "place": null, "contributors": null, "is_quote_status": false, "retweet_count": 0, "favorite_count": 0, "favorited": false, "retweeted": false, "lang": "en", "reply_count": 0}