{"created_at": "Fri Mar 11 15:48:09 +0000 2016", "id": 708318601812512768, "id_str": "708318601812512768", "full_text": "@itvnews @azzid10", "truncated": false, "display_text_range": [0, 17], "entities": {"hashtags": [], "symbols": [], "user_mentions": [{"screen_name": "itvnews", "name": "ITV News", "id": 21866939, "id_str": "21866939", "indices": [0, 8]}, {"screen_name": "azzid10", "name": "azzid", "id": 1236485911115784192, "id_str": "1236485911115784192", "indices": [9, 17]}], "urls": []}, "source": "<a href=\"http://twitter.com/download/iphone\" rel=\"nofollow\">Twitter for iPhone</a>", "in_reply_to_status_id": 708270131336650753, "in_reply_to_status_id_str": "708270131336650753", "in_reply_to_user_id": 21866939, "in_reply_to_user_id_str": "21866939", "in_reply_to_screen_name": "itvnews", "user": {"id": 552323262, "id_str": "552323262", "name": "billy", "screen_name": "billyogley", "location": "Barnsley, England", "description": "", "url": null, "entities": {"description": {"urls": []}}, "protected": false, "followers_count": 436, "friends_count": 573, "listed_count": 4, "created_at": "Thu Apr 12 23:01:13 +0000 2012", "favourites_count": 8845, "utc_offset": null, "time_zone": null, "geo_enabled": false, "verified": false, "statuses_count": 4836, "lang": null, "contributors_enabled": false, "is_translator": false, "is_translation_enabled": false, "profile_background_color": "DBE9ED", "profile_background_image_url": "http://abs.twimg.com/images/themes/theme17/bg.gif", "profile_background_image_url_https": "https://abs.twimg.com/images/themes/theme17/bg.gif", "profile_background_tile": false, "profile_image_url": "http://pbs.twimg.com/profile_images/1223346928395653120/9lvymByt_normal.jpg", "profile_image_url_https": "https://pbs.twimg.com/profile_images/1223346928395653120/9lvymByt_normal.jpg", "profile_banner_url": "https://pbs.twimg.com/profile_banners/552323262/1586903747", "profile_link_color": "CC3366", "profile_sidebar_border_color": "DBE9ED", "profile_sidebar_fill_color": "E6F6F9", "profile_text_color": "333333", "profile_use_background_image": true, "has_extended_profile": true, "default_profile": false, "default_profile_image": false, "following": false, "follow_request_sent": false, "notifications": false, "translator_type": "none"}, "geo": null, "coordinates": null, "place": null, "contributors": null, "is_quote_status": false, "retweet_count": 0, "favorite_count": 0, "favorited": false, "retweeted": false, "lang": "und", "reply_count": 0}