{"created_at": "Fri Mar 11 16:14:07 +0000 2016", "id": 708325138446602242, "id_str": "708325138446602242", "full_text": "@paddysbooks @itvnews great perspective picture. Rats get a bad press.", "truncated": false, "display_text_range": [0, 70], "entities": {"hashtags": [], "symbols": [], "user_mentions": [{"screen_name": "paddysbooks", "name": "paddysbooks", "id": 321542039, "id_str": "321542039", "indices": [0, 12]}, {"screen_name": "itvnews", "name": "ITV News", "id": 21866939, "id_str": "21866939", "indices": [13, 21]}], "urls": []}, "source": "<a href=\"http://tapbots.com/tweetbot\" rel=\"nofollow\">Tweetbot for i\u039fS</a>", "in_reply_to_status_id": 708276631169843200, "in_reply_to_status_id_str": "708276631169843200", "in_reply_to_user_id": 321542039, "in_reply_to_user_id_str": "321542039", "in_reply_to_screen_name": "paddysbooks", "user": {"id": 20275420, "id_str": "20275420", "name": "MintyMat", "screen_name": "MintyMat", "location": "Dubai, United Arab Emirates", "description": "Mr @superelection. Dad in Dubai. SEN Teacher & Social Worker. Bike, run, swim. Lifelong vegetarian, birding. \ud83c\udde6\ud83c\uddea, \ud83c\uddf0\ud83c\uddf5, Isle of Wight and Ambridge\ud83c\uddf3\ud83c\uddf5", "url": null, "entities": {"description": {"urls": []}}, "protected": false, "followers_count": 1736, "friends_count": 385, "listed_count": 83, "created_at": "Fri Feb 06 21:48:38 +0000 2009", "favourites_count": 16253, "utc_offset": null, "time_zone": null, "geo_enabled": true, "verified": false, "statuses_count": 51212, "lang": null, "contributors_enabled": false, "is_translator": false, "is_translation_enabled": false, "profile_background_color": "C0DEED", "profile_background_image_url": "http://abs.twimg.com/images/themes/theme1/bg.png", "profile_background_image_url_https": "https://abs.twimg.com/images/themes/theme1/bg.png", "profile_background_tile": true, "profile_image_url": "http://pbs.twimg.com/profile_images/660793764181602304/Xm04D1du_normal.png", "profile_image_url_https": "https://pbs.twimg.com/profile_images/660793764181602304/Xm04D1du_normal.png", "profile_banner_url": "https://pbs.twimg.com/profile_banners/20275420/1475952088", "profile_link_color": "0084B4", "profile_sidebar_border_color": "C0DEED", "profile_sidebar_fill_color": "DDEEF6", "profile_text_color": "333333", "profile_use_background_image": true, "has_extended_profile": true, "default_profile": false, "default_profile_image": false, "following": false, "follow_request_sent": false, "notifications": false, "translator_type": "none"}, "geo": null, "coordinates": null, "place": {"id": "001907e868d06e24", "url": "https://api.twitter.com/1.1/geo/id/001907e868d06e24.json", "place_type": "admin", "name": "Dubai", "full_name": "Dubai, United Arab Emirates", "country_code": "AE", "country": "United Arab Emirates", "contained_within": [], "bounding_box": {"type": "Polygon", "coordinates": [[[54.8939725, 24.6182526], [56.2083722, 24.6182526], [56.2083722, 25.3686719], [54.8939725, 25.3686719]]]}, "attributes": {}}, "contributors": null, "is_quote_status": false, "retweet_count": 0, "favorite_count": 0, "favorited": false, "retweeted": false, "lang": "en", "reply_count": 0}