{"created_at": "Fri Mar 11 15:37:34 +0000 2016", "id": 708315939507453952, "id_str": "708315939507453952", "full_text": "@itvnews its not though is it? Ita a normal rat held next to the camera", "truncated": false, "display_text_range": [0, 71], "entities": {"hashtags": [], "symbols": [], "user_mentions": [{"screen_name": "itvnews", "name": "ITV News", "id": 21866939, "id_str": "21866939", "indices": [0, 8]}], "urls": []}, "source": "<a href=\"http://twitter.com/download/android\" rel=\"nofollow\">Twitter for Android</a>", "in_reply_to_status_id": 708270131336650753, "in_reply_to_status_id_str": "708270131336650753", "in_reply_to_user_id": 21866939, "in_reply_to_user_id_str": "21866939", "in_reply_to_screen_name": "itvnews", "user": {"id": 224808536, "id_str": "224808536", "name": "Neil", "screen_name": "NeilA1878", "location": "Gav\u00e0, Catalunya", "description": "Santo Domingo. Viva Everton.", "url": null, "entities": {"description": {"urls": []}}, "protected": false, "followers_count": 1010, "friends_count": 962, "listed_count": 25, "created_at": "Thu Dec 09 22:42:38 +0000 2010", "favourites_count": 40322, "utc_offset": null, "time_zone": null, "geo_enabled": true, "verified": false, "statuses_count": 48773, "lang": null, "contributors_enabled": false, "is_translator": false, "is_translation_enabled": false, "profile_background_color": "C0DEED", "profile_background_image_url": "http://abs.twimg.com/images/themes/theme1/bg.png", "profile_background_image_url_https": "https://abs.twimg.com/images/themes/theme1/bg.png", "profile_background_tile": true, "profile_image_url": "http://pbs.twimg.com/profile_images/1267403680908808192/uqz2g-Pr_normal.jpg", "profile_image_url_https": "https://pbs.twimg.com/profile_images/1267403680908808192/uqz2g-Pr_normal.jpg", "profile_banner_url": "https://pbs.twimg.com/profile_banners/224808536/1574626049", "profile_link_color": "981CEB", "profile_sidebar_border_color": "C0DEED", "profile_sidebar_fill_color": "DDEEF6", "profile_text_color": "333333", "profile_use_background_image": true, "has_extended_profile": false, "default_profile": false, "default_profile_image": false, "following": false, "follow_request_sent": false, "notifications": false, "translator_type": "none"}, "geo": null, "coordinates": null, "place": null, "contributors": null, "is_quote_status": false, "retweet_count": 0, "favorite_count": 0, "favorited": false, "retweeted": false, "lang": "en", "reply_count": 0}