{"created_at": "Fri Mar 11 15:23:08 +0000 2016", "id": 708312305222688769, "id_str": "708312305222688769", "full_text": "@MariaBartiromo @itvnews turn it loose on the walking dead", "truncated": false, "display_text_range": [0, 58], "entities": {"hashtags": [], "symbols": [], "user_mentions": [{"screen_name": "MariaBartiromo", "name": "Maria Bartiromo", "id": 208155240, "id_str": "208155240", "indices": [0, 15]}, {"screen_name": "itvnews", "name": "ITV News", "id": 21866939, "id_str": "21866939", "indices": [16, 24]}], "urls": []}, "source": "<a href=\"http://www.tweetcaster.com\" rel=\"nofollow\">TweetCaster for Android</a>", "in_reply_to_status_id": 708270131336650753, "in_reply_to_status_id_str": "708270131336650753", "in_reply_to_user_id": 21866939, "in_reply_to_user_id_str": "21866939", "in_reply_to_screen_name": "itvnews", "user": {"id": 229179552, "id_str": "229179552", "name": "Kenneth. Collymore", "screen_name": "KennethC10", "location": "", "description": "", "url": null, "entities": {"description": {"urls": []}}, "protected": false, "followers_count": 58, "friends_count": 113, "listed_count": 14, "created_at": "Tue Dec 21 18:50:57 +0000 2010", "favourites_count": 1071, "utc_offset": null, "time_zone": null, "geo_enabled": false, "verified": false, "statuses_count": 16929, "lang": null, "contributors_enabled": false, "is_translator": false, "is_translation_enabled": false, "profile_background_color": "C0DEED", "profile_background_image_url": "http://abs.twimg.com/images/themes/theme1/bg.png", "profile_background_image_url_https": "https://abs.twimg.com/images/themes/theme1/bg.png", "profile_background_tile": false, "profile_image_url": "http://pbs.twimg.com/profile_images/1240555249/profilepic2_normal.jpg", "profile_image_url_https": "https://pbs.twimg.com/profile_images/1240555249/profilepic2_normal.jpg", "profile_link_color": "1DA1F2", "profile_sidebar_border_color": "C0DEED", "profile_sidebar_fill_color": "DDEEF6", "profile_text_color": "333333", "profile_use_background_image": true, "has_extended_profile": false, "default_profile": true, "default_profile_image": false, "following": false, "follow_request_sent": false, "notifications": false, "translator_type": "none"}, "geo": null, "coordinates": null, "place": null, "contributors": null, "is_quote_status": false, "retweet_count": 0, "favorite_count": 0, "favorited": false, "retweeted": false, "lang": "en", "reply_count": 0}