{"created_at": "Fri Mar 11 15:22:35 +0000 2016", "id": 708312168211550208, "id_str": "708312168211550208", "full_text": "@itvnews Oh great, so who's going to train the ninja turtles now.", "truncated": false, "display_text_range": [0, 65], "entities": {"hashtags": [], "symbols": [], "user_mentions": [{"screen_name": "itvnews", "name": "ITV News", "id": 21866939, "id_str": "21866939", "indices": [0, 8]}], "urls": []}, "source": "<a href=\"http://twitter.com\" rel=\"nofollow\">Twitter Web Client</a>", "in_reply_to_status_id": 708270131336650753, "in_reply_to_status_id_str": "708270131336650753", "in_reply_to_user_id": 21866939, "in_reply_to_user_id_str": "21866939", "in_reply_to_screen_name": "itvnews", "user": {"id": 19485820, "id_str": "19485820", "name": "Jonny Sharples", "screen_name": "JonnyGabriel", "location": "Salford, England", "description": "Jonny Sharples (English pronunciation: /\u02c8d\u0292\u0252ni \u02c8\u0283\u0251\u02d0p\u0259lz/) is an 'online joker'[1] and ambassador for @theCALMzone.[2] He is a great tweeter.[citation needed]", "url": "https://t.co/Hpi8mEVaPP", "entities": {"url": {"urls": [{"url": "https://t.co/Hpi8mEVaPP", "expanded_url": "https://twitter.com/yourfestpodcast", "display_url": "twitter.com/yourfestpodcast", "indices": [0, 23]}]}, "description": {"urls": []}}, "protected": false, "followers_count": 56870, "friends_count": 429, "listed_count": 196, "created_at": "Sun Jan 25 11:59:04 +0000 2009", "favourites_count": 12, "utc_offset": null, "time_zone": null, "geo_enabled": false, "verified": true, "statuses_count": 77760, "lang": null, "contributors_enabled": false, "is_translator": false, "is_translation_enabled": false, "profile_background_color": "131516", "profile_background_image_url": "http://abs.twimg.com/images/themes/theme14/bg.gif", "profile_background_image_url_https": "https://abs.twimg.com/images/themes/theme14/bg.gif", "profile_background_tile": true, "profile_image_url": "http://pbs.twimg.com/profile_images/1267750033241276416/fBKAiKSJ_normal.png", "profile_image_url_https": "https://pbs.twimg.com/profile_images/1267750033241276416/fBKAiKSJ_normal.png", "profile_banner_url": "https://pbs.twimg.com/profile_banners/19485820/1562592153", "profile_link_color": "000000", "profile_sidebar_border_color": "EEEEEE", "profile_sidebar_fill_color": "EFEFEF", "profile_text_color": "333333", "profile_use_background_image": true, "has_extended_profile": true, "default_profile": false, "default_profile_image": false, "following": false, "follow_request_sent": false, "notifications": false, "translator_type": "none"}, "geo": null, "coordinates": null, "place": null, "contributors": null, "is_quote_status": false, "retweet_count": 1, "favorite_count": 1, "favorited": false, "retweeted": false, "lang": "en", "reply_count": 0}