{"created_at": "Fri Mar 11 16:12:23 +0000 2016", "id": 708324703316750336, "id_str": "708324703316750336", "full_text": "@itvnews @scootertooter7 it's the giant rat of Sumatra. Bloody immigrants.", "truncated": false, "display_text_range": [0, 74], "entities": {"hashtags": [], "symbols": [], "user_mentions": [{"screen_name": "itvnews", "name": "ITV News", "id": 21866939, "id_str": "21866939", "indices": [0, 8]}, {"screen_name": "scootertooter7", "name": "Scoots", "id": 3061599185, "id_str": "3061599185", "indices": [9, 24]}], "urls": []}, "source": "<a href=\"https://onloft.com/tweetlogix\" rel=\"nofollow\">Tweetlogix</a>", "in_reply_to_status_id": 708270131336650753, "in_reply_to_status_id_str": "708270131336650753", "in_reply_to_user_id": 21866939, "in_reply_to_user_id_str": "21866939", "in_reply_to_screen_name": "itvnews", "user": {"id": 138575616, "id_str": "138575616", "name": "Antifa Mike \u2615\ufe0f\ud83e\uddc1", "screen_name": "muddy_cat", "location": "Oregon ", "description": "Veteran, ex law, cat dad.", "url": null, "entities": {"description": {"urls": []}}, "protected": false, "followers_count": 396, "friends_count": 441, "listed_count": 12, "created_at": "Thu Apr 29 23:19:07 +0000 2010", "favourites_count": 44412, "utc_offset": null, "time_zone": null, "geo_enabled": true, "verified": false, "statuses_count": 68650, "lang": null, "contributors_enabled": false, "is_translator": false, "is_translation_enabled": false, "profile_background_color": "C6E2EE", "profile_background_image_url": "http://abs.twimg.com/images/themes/theme2/bg.gif", "profile_background_image_url_https": "https://abs.twimg.com/images/themes/theme2/bg.gif", "profile_background_tile": false, "profile_image_url": "http://pbs.twimg.com/profile_images/1273960816325189633/cU2sYOgd_normal.jpg", "profile_image_url_https": "https://pbs.twimg.com/profile_images/1273960816325189633/cU2sYOgd_normal.jpg", "profile_banner_url": "https://pbs.twimg.com/profile_banners/138575616/1541964336", "profile_link_color": "1F98C7", "profile_sidebar_border_color": "C6E2EE", "profile_sidebar_fill_color": "DAECF4", "profile_text_color": "663B12", "profile_use_background_image": true, "has_extended_profile": false, "default_profile": false, "default_profile_image": false, "following": false, "follow_request_sent": false, "notifications": false, "translator_type": "none"}, "geo": null, "coordinates": null, "place": null, "contributors": null, "is_quote_status": false, "retweet_count": 0, "favorite_count": 1, "favorited": false, "retweeted": false, "lang": "en", "reply_count": 1}