{"created_at": "Fri Mar 11 16:15:45 +0000 2016", "id": 708325550083989504, "id_str": "708325550083989504", "full_text": "@muddy_cat the Daily Mail will be going with that angle.", "truncated": false, "display_text_range": [0, 56], "entities": {"hashtags": [], "symbols": [], "user_mentions": [{"screen_name": "muddy_cat", "name": "Antifa Mike \u2615\ufe0f\ud83e\uddc1", "id": 138575616, "id_str": "138575616", "indices": [0, 10]}], "urls": []}, "source": "<a href=\"http://twitter.com/download/iphone\" rel=\"nofollow\">Twitter for iPhone</a>", "in_reply_to_status_id": 708324703316750336, "in_reply_to_status_id_str": "708324703316750336", "in_reply_to_user_id": 138575616, "in_reply_to_user_id_str": "138575616", "in_reply_to_screen_name": "muddy_cat", "user": {"id": 3061599185, "id_str": "3061599185", "name": "Scoots", "screen_name": "scootertooter7", "location": "Wiltshire ", "description": "TBI survivor. Cyclist, artist, musician, dog and cat servant. SLE, fibro, APS. Retired RMN. Reluctant runner, enthusiastic sleeper.", "url": null, "entities": {"description": {"urls": []}}, "protected": false, "followers_count": 2025, "friends_count": 2721, "listed_count": 39, "created_at": "Wed Feb 25 10:42:14 +0000 2015", "favourites_count": 84404, "utc_offset": null, "time_zone": null, "geo_enabled": false, "verified": false, "statuses_count": 50869, "lang": null, "contributors_enabled": false, "is_translator": false, "is_translation_enabled": false, "profile_background_color": "C0DEED", "profile_background_image_url": "http://abs.twimg.com/images/themes/theme1/bg.png", "profile_background_image_url_https": "https://abs.twimg.com/images/themes/theme1/bg.png", "profile_background_tile": false, "profile_image_url": "http://pbs.twimg.com/profile_images/765920133994909696/T70h-yAK_normal.jpg", "profile_image_url_https": "https://pbs.twimg.com/profile_images/765920133994909696/T70h-yAK_normal.jpg", "profile_banner_url": "https://pbs.twimg.com/profile_banners/3061599185/1473793784", "profile_link_color": "1DA1F2", "profile_sidebar_border_color": "C0DEED", "profile_sidebar_fill_color": "DDEEF6", "profile_text_color": "333333", "profile_use_background_image": true, "has_extended_profile": false, "default_profile": true, "default_profile_image": false, "following": false, "follow_request_sent": false, "notifications": false, "translator_type": "none"}, "geo": null, "coordinates": null, "place": null, "contributors": null, "is_quote_status": false, "retweet_count": 0, "favorite_count": 0, "favorited": false, "retweeted": false, "lang": "en", "reply_count": 1}