{"created_at": "Sat Mar 12 03:36:33 +0000 2016", "id": 708496876329304065, "id_str": "708496876329304065", "full_text": "@FooBartn ha!!!", "truncated": false, "display_text_range": [0, 15], "entities": {"hashtags": [], "symbols": [], "user_mentions": [{"screen_name": "FooBartn", "name": "Joshua Barton", "id": 44169195, "id_str": "44169195", "indices": [0, 9]}], "urls": []}, "source": "<a href=\"http://tapbots.com/tweetbot\" rel=\"nofollow\">Tweetbot for i\u039fS</a>", "in_reply_to_status_id": 708486052952997888, "in_reply_to_status_id_str": "708486052952997888", "in_reply_to_user_id": 44169195, "in_reply_to_user_id_str": "44169195", "in_reply_to_screen_name": "FooBartn", "user": {"id": 14800144, "id_str": "14800144", "name": "Amy Renee", "screen_name": "amyengineer", "location": "\u00dcT: 33.126492,-96.80349", "description": "Senior network engineer generally amused by life.", "url": "https://t.co/AFLfVqudaL", "entities": {"url": {"urls": [{"url": "https://t.co/AFLfVqudaL", "expanded_url": "http://amyengineer.wordpress.com", "display_url": "amyengineer.wordpress.com", "indices": [0, 23]}]}, "description": {"urls": []}}, "protected": false, "followers_count": 19246, "friends_count": 5270, "listed_count": 602, "created_at": "Fri May 16 15:39:39 +0000 2008", "favourites_count": 78087, "utc_offset": null, "time_zone": null, "geo_enabled": false, "verified": false, "statuses_count": 79297, "lang": null, "contributors_enabled": false, "is_translator": false, "is_translation_enabled": false, "profile_background_color": "0D0404", "profile_background_image_url": "http://abs.twimg.com/images/themes/theme5/bg.gif", "profile_background_image_url_https": "https://abs.twimg.com/images/themes/theme5/bg.gif", "profile_background_tile": true, "profile_image_url": "http://pbs.twimg.com/profile_images/1125213016767827970/_f--pglV_normal.png", "profile_image_url_https": "https://pbs.twimg.com/profile_images/1125213016767827970/_f--pglV_normal.png", "profile_banner_url": "https://pbs.twimg.com/profile_banners/14800144/1468975758", "profile_link_color": "A60A0F", "profile_sidebar_border_color": "8F2E2E", "profile_sidebar_fill_color": "90A0BD", "profile_text_color": "000000", "profile_use_background_image": true, "has_extended_profile": true, "default_profile": false, "default_profile_image": false, "following": false, "follow_request_sent": false, "notifications": false, "translator_type": "none"}, "geo": null, "coordinates": null, "place": null, "contributors": null, "is_quote_status": false, "retweet_count": 0, "favorite_count": 1, "favorited": false, "retweeted": false, "lang": "und", "reply_count": 0}