{"created_at": "Sat Mar 12 02:18:52 +0000 2016", "id": 708477326917443584, "id_str": "708477326917443584", "full_text": "RT @itvnews: Rat \u2018as big as a four-year-old boy\u2019 found in London https://t.co/5Ozkeg49Jn https://t.co/enuk5koQDu &lt;&lt;nope, nope, nope\u2026", "truncated": false, "display_text_range": [0, 138], "entities": {"hashtags": [], "symbols": [], "user_mentions": [{"screen_name": "itvnews", "name": "ITV News", "id": 21866939, "id_str": "21866939", "indices": [3, 11]}], "urls": [{"url": "https://t.co/5Ozkeg49Jn", "expanded_url": "http://www.itv.com/news/2016-03-11/rat-as-big-as-a-four-year-old-boy-found-in-london/", "display_url": "itv.com/news/2016-03-1\u2026", "indices": [65, 88]}], "media": [{"id": 708269997420847104, "id_str": "708269997420847104", "indices": [89, 112], "media_url": "http://pbs.twimg.com/media/CdRHz2FWIAABuE6.jpg", "media_url_https": "https://pbs.twimg.com/media/CdRHz2FWIAABuE6.jpg", "url": "https://t.co/enuk5koQDu", "display_url": "pic.twitter.com/enuk5koQDu", "expanded_url": "https://twitter.com/itvnews/status/708270131336650753/photo/1", "type": "photo", "sizes": {"small": {"w": 680, "h": 382, "resize": "fit"}, "thumb": {"w": 150, "h": 150, "resize": "crop"}, "large": {"w": 1264, "h": 710, "resize": "fit"}, "medium": {"w": 1200, "h": 674, "resize": "fit"}}, "source_status_id": 708270131336650753, "source_status_id_str": "708270131336650753", "source_user_id": 21866939, "source_user_id_str": "21866939"}]}, "extended_entities": {"media": [{"id": 708269997420847104, "id_str": "708269997420847104", "indices": [89, 112], "media_url": "http://pbs.twimg.com/media/CdRHz2FWIAABuE6.jpg", "media_url_https": "https://pbs.twimg.com/media/CdRHz2FWIAABuE6.jpg", "url": "https://t.co/enuk5koQDu", "display_url": "pic.twitter.com/enuk5koQDu", "expanded_url": "https://twitter.com/itvnews/status/708270131336650753/photo/1", "type": "photo", "sizes": {"small": {"w": 680, "h": 382, "resize": "fit"}, "thumb": {"w": 150, "h": 150, "resize": "crop"}, "large": {"w": 1264, "h": 710, "resize": "fit"}, "medium": {"w": 1200, "h": 674, "resize": "fit"}}, "source_status_id": 708270131336650753, "source_status_id_str": "708270131336650753", "source_user_id": 21866939, "source_user_id_str": "21866939"}]}, "source": "<a href=\"http://tapbots.com/tweetbot\" rel=\"nofollow\">Tweetbot for i\u039fS</a>", "in_reply_to_status_id": 708270131336650753, "in_reply_to_status_id_str": "708270131336650753", "in_reply_to_user_id": 21866939, "in_reply_to_user_id_str": "21866939", "in_reply_to_screen_name": "itvnews", "user": {"id": 14800144, "id_str": "14800144", "name": "Amy Renee", "screen_name": "amyengineer", "location": "\u00dcT: 33.126492,-96.80349", "description": "Senior network engineer generally amused by life.", "url": "https://t.co/AFLfVqudaL", "entities": {"url": {"urls": [{"url": "https://t.co/AFLfVqudaL", "expanded_url": "http://amyengineer.wordpress.com", "display_url": "amyengineer.wordpress.com", "indices": [0, 23]}]}, "description": {"urls": []}}, "protected": false, "followers_count": 19246, "friends_count": 5270, "listed_count": 602, "created_at": "Fri May 16 15:39:39 +0000 2008", "favourites_count": 78087, "utc_offset": null, "time_zone": null, "geo_enabled": false, "verified": false, "statuses_count": 79297, "lang": null, "contributors_enabled": false, "is_translator": false, "is_translation_enabled": false, "profile_background_color": "0D0404", "profile_background_image_url": "http://abs.twimg.com/images/themes/theme5/bg.gif", "profile_background_image_url_https": "https://abs.twimg.com/images/themes/theme5/bg.gif", "profile_background_tile": true, "profile_image_url": "http://pbs.twimg.com/profile_images/1125213016767827970/_f--pglV_normal.png", "profile_image_url_https": "https://pbs.twimg.com/profile_images/1125213016767827970/_f--pglV_normal.png", "profile_banner_url": "https://pbs.twimg.com/profile_banners/14800144/1468975758", "profile_link_color": "A60A0F", "profile_sidebar_border_color": "8F2E2E", "profile_sidebar_fill_color": "90A0BD", "profile_text_color": "000000", "profile_use_background_image": true, "has_extended_profile": true, "default_profile": false, "default_profile_image": false, "following": false, "follow_request_sent": false, "notifications": false, "translator_type": "none"}, "geo": null, "coordinates": null, "place": null, "contributors": null, "is_quote_status": false, "retweet_count": 1, "favorite_count": 5, "favorited": false, "retweeted": false, "possibly_sensitive": false, "possibly_sensitive_appealable": false, "lang": "en", "reply_count": 1}