{"created_at": "Sat Mar 12 02:53:32 +0000 2016", "id": 708486052952997888, "id_str": "708486052952997888", "full_text": "@amyengineer @itvnews OMG you killed Splinter!! #TMNT", "truncated": false, "display_text_range": [0, 53], "entities": {"hashtags": [{"text": "TMNT", "indices": [48, 53]}], "symbols": [], "user_mentions": [{"screen_name": "amyengineer", "name": "Amy Renee", "id": 14800144, "id_str": "14800144", "indices": [0, 12]}, {"screen_name": "itvnews", "name": "ITV News", "id": 21866939, "id_str": "21866939", "indices": [13, 21]}], "urls": []}, "source": "<a href=\"http://twitter.com/download/iphone\" rel=\"nofollow\">Twitter for iPhone</a>", "in_reply_to_status_id": 708477326917443584, "in_reply_to_status_id_str": "708477326917443584", "in_reply_to_user_id": 14800144, "in_reply_to_user_id_str": "14800144", "in_reply_to_screen_name": "amyengineer", "user": {"id": 44169195, "id_str": "44169195", "name": "Joshua Barton", "screen_name": "FooBartn", "location": "Waco, Tx", "description": "Systems Developer at Netsync. Geek Dad of 5, Adventurer, Life Lover. Smile! Have fun!   -- My tweets are mine", "url": null, "entities": {"description": {"urls": []}}, "protected": false, "followers_count": 185, "friends_count": 218, "listed_count": 46, "created_at": "Tue Jun 02 18:03:20 +0000 2009", "favourites_count": 3365, "utc_offset": null, "time_zone": null, "geo_enabled": false, "verified": false, "statuses_count": 2004, "lang": null, "contributors_enabled": false, "is_translator": false, "is_translation_enabled": false, "profile_background_color": "1A1B1F", "profile_background_image_url": "http://abs.twimg.com/images/themes/theme9/bg.gif", "profile_background_image_url_https": "https://abs.twimg.com/images/themes/theme9/bg.gif", "profile_background_tile": false, "profile_image_url": "http://pbs.twimg.com/profile_images/785842688633413632/nfwQTK1Q_normal.jpg", "profile_image_url_https": "https://pbs.twimg.com/profile_images/785842688633413632/nfwQTK1Q_normal.jpg", "profile_banner_url": "https://pbs.twimg.com/profile_banners/44169195/1455463909", "profile_link_color": "2FC2EF", "profile_sidebar_border_color": "181A1E", "profile_sidebar_fill_color": "252429", "profile_text_color": "666666", "profile_use_background_image": true, "has_extended_profile": true, "default_profile": false, "default_profile_image": false, "following": false, "follow_request_sent": false, "notifications": false, "translator_type": "none"}, "geo": null, "coordinates": null, "place": null, "contributors": null, "is_quote_status": false, "retweet_count": 0, "favorite_count": 1, "favorited": false, "retweeted": false, "lang": "en", "reply_count": 1}