{"created_at": "Sun Mar 13 22:00:40 +0000 2016", "id": 709137124092731394, "id_str": "709137124092731394", "full_text": "@5saucelarries I think you're confused... That looks like you.", "truncated": false, "display_text_range": [0, 62], "entities": {"hashtags": [], "symbols": [], "user_mentions": [], "urls": []}, "source": "<a href=\"http://twitter.com/download/iphone\" rel=\"nofollow\">Twitter for iPhone</a>", "in_reply_to_status_id": 709136980030914562, "in_reply_to_status_id_str": "709136980030914562", "in_reply_to_user_id": 108125761, "in_reply_to_user_id_str": "108125761", "in_reply_to_screen_name": "sunflowerhes28", "user": {"id": 2839347036, "id_str": "2839347036", "name": "nat \u200e", "screen_name": "LEOBlTCH", "location": "SoFlo", "description": "(she/her) \u2022 \u26a2 \u2022 Leo", "url": "https://t.co/pIVmPgA4Z1", "entities": {"url": {"urls": [{"url": "https://t.co/pIVmPgA4Z1", "expanded_url": "https://instagram.com/natalie_balaguer", "display_url": "instagram.com/natalie_balagu\u2026", "indices": [0, 23]}]}, "description": {"urls": []}}, "protected": false, "followers_count": 3552, "friends_count": 224, "listed_count": 19, "created_at": "Fri Oct 03 21:33:31 +0000 2014", "favourites_count": 19868, "utc_offset": null, "time_zone": null, "geo_enabled": false, "verified": false, "statuses_count": 51251, "lang": null, "contributors_enabled": false, "is_translator": false, "is_translation_enabled": false, "profile_background_color": "C0DEED", "profile_background_image_url": "http://abs.twimg.com/images/themes/theme1/bg.png", "profile_background_image_url_https": "https://abs.twimg.com/images/themes/theme1/bg.png", "profile_background_tile": false, "profile_image_url": "http://pbs.twimg.com/profile_images/1226259388945575947/uTBKSEXV_normal.jpg", "profile_image_url_https": "https://pbs.twimg.com/profile_images/1226259388945575947/uTBKSEXV_normal.jpg", "profile_banner_url": "https://pbs.twimg.com/profile_banners/2839347036/1585346680", "profile_link_color": "1DA1F2", "profile_sidebar_border_color": "C0DEED", "profile_sidebar_fill_color": "DDEEF6", "profile_text_color": "333333", "profile_use_background_image": true, "has_extended_profile": true, "default_profile": true, "default_profile_image": false, "following": false, "follow_request_sent": false, "notifications": false, "translator_type": "regular"}, "geo": null, "coordinates": null, "place": null, "contributors": null, "is_quote_status": false, "retweet_count": 0, "favorite_count": 0, "favorited": false, "retweeted": false, "lang": "en", "reply_count": 1}