{"created_at": "Thu Apr 26 02:15:14 +0000 2018", "id": 989327010852990976, "id_str": "989327010852990976", "full_text": "@itvnews @houley1 they found your rat \ud83d\udc00", "truncated": false, "display_text_range": [9, 39], "entities": {"hashtags": [], "symbols": [], "user_mentions": [{"screen_name": "itvnews", "name": "ITV News", "id": 21866939, "id_str": "21866939", "indices": [0, 8]}, {"screen_name": "houley1", "name": "Houley\ud83c\uddec\ud83c\uddf3", "id": 388375835, "id_str": "388375835", "indices": [9, 17]}], "urls": []}, "source": "<a href=\"http://twitter.com/download/iphone\" rel=\"nofollow\">Twitter for iPhone</a>", "in_reply_to_status_id": 708270131336650753, "in_reply_to_status_id_str": "708270131336650753", "in_reply_to_user_id": 21866939, "in_reply_to_user_id_str": "21866939", "in_reply_to_screen_name": "itvnews", "user": {"id": 307526067, "id_str": "307526067", "name": "\ud83c\uddec\ud83c\uddf3Peque\u00f1o\ud83c\uddec\ud83c\uddf3", "screen_name": "IamJalloh", "location": "New York", "description": "Guinea \u27b8 USA #Team224", "url": null, "entities": {"description": {"urls": []}}, "protected": false, "followers_count": 577, "friends_count": 233, "listed_count": 8, "created_at": "Sun May 29 20:04:56 +0000 2011", "favourites_count": 1404, "utc_offset": null, "time_zone": null, "geo_enabled": true, "verified": false, "statuses_count": 18709, "lang": null, "contributors_enabled": false, "is_translator": false, "is_translation_enabled": false, "profile_background_color": "131516", "profile_background_image_url": "http://abs.twimg.com/images/themes/theme9/bg.gif", "profile_background_image_url_https": "https://abs.twimg.com/images/themes/theme9/bg.gif", "profile_background_tile": true, "profile_image_url": "http://pbs.twimg.com/profile_images/1049742865277100034/FfMI4nXL_normal.jpg", "profile_image_url_https": "https://pbs.twimg.com/profile_images/1049742865277100034/FfMI4nXL_normal.jpg", "profile_banner_url": "https://pbs.twimg.com/profile_banners/307526067/1538242896", "profile_link_color": "009999", "profile_sidebar_border_color": "000000", "profile_sidebar_fill_color": "252429", "profile_text_color": "666666", "profile_use_background_image": true, "has_extended_profile": true, "default_profile": false, "default_profile_image": false, "following": false, "follow_request_sent": false, "notifications": false, "translator_type": "none"}, "geo": null, "coordinates": null, "place": null, "contributors": null, "is_quote_status": false, "retweet_count": 0, "favorite_count": 1, "favorited": false, "retweeted": false, "lang": "en", "reply_count": 1}