{"created_at": "Fri Oct 12 20:41:54 +0000 2018", "id": 1050849061924995072, "id_str": "1050849061924995072", "full_text": "@LuluLemew @DrGJackBrown Nobody will ever deprive the American people of the right to vote except the American people themselves and the only way they could do this is by not voting. Franklin D. Roosevelt", "truncated": false, "display_text_range": [25, 204], "entities": {"hashtags": [], "symbols": [], "user_mentions": [{"screen_name": "LuluLemew", "name": "\u029f\u1d1c\u029f\u1d1c \u029f\u1d07 \u1d0d\u1d07\u1d21\u00af\\_(\u30c4)_/\u00af", "id": 1675563421, "id_str": "1675563421", "indices": [0, 10]}, {"screen_name": "DrGJackBrown", "name": "Dr. Jack Brown", "id": 212445456, "id_str": "212445456", "indices": [11, 24]}], "urls": []}, "source": "<a href=\"http://twitter.com\" rel=\"nofollow\">Twitter Web Client</a>", "in_reply_to_status_id": 1050848285009809409, "in_reply_to_status_id_str": "1050848285009809409", "in_reply_to_user_id": 1675563421, "in_reply_to_user_id_str": "1675563421", "in_reply_to_screen_name": "LuluLemew", "user": {"id": 3257116345, "id_str": "3257116345", "name": "Bernard Leclair", "screen_name": "LeclairBernard", "location": "L'Assomption, Qu\u00e9bec", "description": "Yesterday belong's to history, tomorrow is in the futur but today is a gift! That is why it is called the present.", "url": null, "entities": {"description": {"urls": []}}, "protected": false, "followers_count": 4283, "friends_count": 4796, "listed_count": 1, "created_at": "Fri Jun 26 21:55:57 +0000 2015", "favourites_count": 197754, "utc_offset": null, "time_zone": null, "geo_enabled": false, "verified": false, "statuses_count": 11686, "lang": null, "contributors_enabled": false, "is_translator": false, "is_translation_enabled": false, "profile_background_color": "C0DEED", "profile_background_image_url": "http://abs.twimg.com/images/themes/theme1/bg.png", "profile_background_image_url_https": "https://abs.twimg.com/images/themes/theme1/bg.png", "profile_background_tile": false, "profile_image_url": "http://pbs.twimg.com/profile_images/641697188871999488/ytkIKc62_normal.jpg", "profile_image_url_https": "https://pbs.twimg.com/profile_images/641697188871999488/ytkIKc62_normal.jpg", "profile_banner_url": "https://pbs.twimg.com/profile_banners/3257116345/1540326099", "profile_link_color": "1DA1F2", "profile_sidebar_border_color": "C0DEED", "profile_sidebar_fill_color": "DDEEF6", "profile_text_color": "333333", "profile_use_background_image": true, "has_extended_profile": true, "default_profile": true, "default_profile_image": false, "following": false, "follow_request_sent": false, "notifications": false, "translator_type": "none"}, "geo": null, "coordinates": null, "place": null, "contributors": null, "is_quote_status": false, "retweet_count": 2, "favorite_count": 6, "favorited": false, "retweeted": false, "lang": "en", "reply_count": 2}