{"created_at": "Fri Oct 12 21:52:31 +0000 2018", "id": 1050866830150123522, "id_str": "1050866830150123522", "full_text": "@DrGJackBrown So sick", "truncated": false, "display_text_range": [14, 21], "entities": {"hashtags": [], "symbols": [], "user_mentions": [{"screen_name": "DrGJackBrown", "name": "Dr. Jack Brown", "id": 212445456, "id_str": "212445456", "indices": [0, 13]}], "urls": []}, "source": "<a href=\"http://twitter.com/download/iphone\" rel=\"nofollow\">Twitter for iPhone</a>", "in_reply_to_status_id": 1050833008276586496, "in_reply_to_status_id_str": "1050833008276586496", "in_reply_to_user_id": 212445456, "in_reply_to_user_id_str": "212445456", "in_reply_to_screen_name": "DrGJackBrown", "user": {"id": 1668916238, "id_str": "1668916238", "name": "Selena Lake", "screen_name": "Llake1927Lake", "location": "Delaware, USA", "description": "", "url": null, "entities": {"description": {"urls": []}}, "protected": false, "followers_count": 90, "friends_count": 284, "listed_count": 0, "created_at": "Tue Aug 13 22:41:32 +0000 2013", "favourites_count": 1681, "utc_offset": null, "time_zone": null, "geo_enabled": false, "verified": false, "statuses_count": 3182, "lang": null, "contributors_enabled": false, "is_translator": false, "is_translation_enabled": false, "profile_background_color": "C0DEED", "profile_background_image_url": "http://abs.twimg.com/images/themes/theme1/bg.png", "profile_background_image_url_https": "https://abs.twimg.com/images/themes/theme1/bg.png", "profile_background_tile": false, "profile_image_url": "http://pbs.twimg.com/profile_images/826979849260654592/qCMGj7YH_normal.jpg", "profile_image_url_https": "https://pbs.twimg.com/profile_images/826979849260654592/qCMGj7YH_normal.jpg", "profile_link_color": "1DA1F2", "profile_sidebar_border_color": "C0DEED", "profile_sidebar_fill_color": "DDEEF6", "profile_text_color": "333333", "profile_use_background_image": true, "has_extended_profile": false, "default_profile": true, "default_profile_image": false, "following": false, "follow_request_sent": false, "notifications": false, "translator_type": "none"}, "geo": null, "coordinates": null, "place": null, "contributors": null, "is_quote_status": false, "retweet_count": 0, "favorite_count": 1, "favorited": false, "retweeted": false, "lang": "en", "reply_count": 0}