{"created_at": "Fri Oct 12 21:30:08 +0000 2018", "id": 1050861197799636992, "id_str": "1050861197799636992", "full_text": "@DrGJackBrown @realHeatherD Yeah I cannot understand how women and POC don't vote.  People actually died for this right.", "truncated": false, "display_text_range": [28, 120], "entities": {"hashtags": [], "symbols": [], "user_mentions": [{"screen_name": "DrGJackBrown", "name": "Dr. Jack Brown", "id": 212445456, "id_str": "212445456", "indices": [0, 13]}, {"screen_name": "realHeatherD", "name": "Heather \ud83d\udc1d", "id": 796015982762463232, "id_str": "796015982762463232", "indices": [14, 27]}], "urls": []}, "source": "<a href=\"http://twitter.com/download/android\" rel=\"nofollow\">Twitter for Android</a>", "in_reply_to_status_id": 1050833008276586496, "in_reply_to_status_id_str": "1050833008276586496", "in_reply_to_user_id": 212445456, "in_reply_to_user_id_str": "212445456", "in_reply_to_screen_name": "DrGJackBrown", "user": {"id": 906912907, "id_str": "906912907", "name": "Snayte", "screen_name": "realSnayte", "location": "", "description": "I have decided to abandon this account seems like there is something wrong with it.  I will be @snayte3 going forward.  Thanks everyone for following", "url": null, "entities": {"description": {"urls": []}}, "protected": false, "followers_count": 159, "friends_count": 393, "listed_count": 0, "created_at": "Fri Oct 26 22:36:10 +0000 2012", "favourites_count": 3562, "utc_offset": null, "time_zone": null, "geo_enabled": true, "verified": false, "statuses_count": 5143, "lang": null, "contributors_enabled": false, "is_translator": false, "is_translation_enabled": false, "profile_background_color": "C0DEED", "profile_background_image_url": "http://abs.twimg.com/images/themes/theme1/bg.png", "profile_background_image_url_https": "https://abs.twimg.com/images/themes/theme1/bg.png", "profile_background_tile": false, "profile_image_url": "http://pbs.twimg.com/profile_images/992378392602390533/hNzBYNLs_normal.jpg", "profile_image_url_https": "https://pbs.twimg.com/profile_images/992378392602390533/hNzBYNLs_normal.jpg", "profile_banner_url": "https://pbs.twimg.com/profile_banners/906912907/1485706173", "profile_link_color": "1DA1F2", "profile_sidebar_border_color": "C0DEED", "profile_sidebar_fill_color": "DDEEF6", "profile_text_color": "333333", "profile_use_background_image": true, "has_extended_profile": true, "default_profile": true, "default_profile_image": false, "following": false, "follow_request_sent": false, "notifications": false, "translator_type": "none"}, "geo": null, "coordinates": null, "place": null, "contributors": null, "is_quote_status": false, "retweet_count": 1, "favorite_count": 1, "favorited": false, "retweeted": false, "lang": "en", "reply_count": 0}