{"created_at": "Sat Oct 13 01:37:26 +0000 2018", "id": 1050923433851113472, "id_str": "1050923433851113472", "full_text": "@KungFunny @DrGJackBrown Hoping it doesn\u2019t take that long. I come from the generation of Stepford wives and it upsets me to see this happening in my own family.", "truncated": false, "display_text_range": [25, 160], "entities": {"hashtags": [], "symbols": [], "user_mentions": [{"screen_name": "KungFunny", "name": "funnyfu70", "id": 2450874772, "id_str": "2450874772", "indices": [0, 10]}, {"screen_name": "DrGJackBrown", "name": "Dr. Jack Brown", "id": 212445456, "id_str": "212445456", "indices": [11, 24]}], "urls": []}, "source": "<a href=\"http://twitter.com/download/iphone\" rel=\"nofollow\">Twitter for iPhone</a>", "in_reply_to_status_id": 1050922841854668800, "in_reply_to_status_id_str": "1050922841854668800", "in_reply_to_user_id": 2450874772, "in_reply_to_user_id_str": "2450874772", "in_reply_to_screen_name": "KungFunny", "user": {"id": 203765012, "id_str": "203765012", "name": "ConnieL", "screen_name": "conniejimjoe", "location": "United States", "description": "progressive democrat,bull dog lover, Buckeye, one of the 99%, Nurse,Autism,Epilepsy Advocate", "url": null, "entities": {"description": {"urls": []}}, "protected": false, "followers_count": 13050, "friends_count": 12436, "listed_count": 202, "created_at": "Sun Oct 17 02:32:51 +0000 2010", "favourites_count": 517757, "utc_offset": null, "time_zone": null, "geo_enabled": true, "verified": false, "statuses_count": 247275, "lang": null, "contributors_enabled": false, "is_translator": false, "is_translation_enabled": false, "profile_background_color": "642D8B", "profile_background_image_url": "http://abs.twimg.com/images/themes/theme10/bg.gif", "profile_background_image_url_https": "https://abs.twimg.com/images/themes/theme10/bg.gif", "profile_background_tile": true, "profile_image_url": "http://pbs.twimg.com/profile_images/1186033731842101248/jhWmPUBk_normal.jpg", "profile_image_url_https": "https://pbs.twimg.com/profile_images/1186033731842101248/jhWmPUBk_normal.jpg", "profile_banner_url": "https://pbs.twimg.com/profile_banners/203765012/1571606923", "profile_link_color": "FF0000", "profile_sidebar_border_color": "65B0DA", "profile_sidebar_fill_color": "7AC3EE", "profile_text_color": "3D1957", "profile_use_background_image": true, "has_extended_profile": false, "default_profile": false, "default_profile_image": false, "following": false, "follow_request_sent": false, "notifications": false, "translator_type": "none"}, "geo": null, "coordinates": null, "place": null, "contributors": null, "is_quote_status": false, "retweet_count": 0, "favorite_count": 1, "favorited": false, "retweeted": false, "lang": "en", "reply_count": 0}