{"created_at": "Fri Oct 12 23:54:26 +0000 2018", "id": 1050897514746920960, "id_str": "1050897514746920960", "full_text": "@DrGJackBrown Has anything really changed for women? Not really from what I see. Luckily though there\u2019s men like you so there is still hope.", "truncated": false, "display_text_range": [14, 140], "entities": {"hashtags": [], "symbols": [], "user_mentions": [{"screen_name": "DrGJackBrown", "name": "Dr. Jack Brown", "id": 212445456, "id_str": "212445456", "indices": [0, 13]}], "urls": []}, "source": "<a href=\"http://twitter.com/download/iphone\" rel=\"nofollow\">Twitter for iPhone</a>", "in_reply_to_status_id": 1050833008276586496, "in_reply_to_status_id_str": "1050833008276586496", "in_reply_to_user_id": 212445456, "in_reply_to_user_id_str": "212445456", "in_reply_to_screen_name": "DrGJackBrown", "user": {"id": 869352537593217024, "id_str": "869352537593217024", "name": "Chakotay's Wife \ud83d\udc8f", "screen_name": "JanewayPi", "location": "Voyager; Delta Quadrant", "description": "AKA Captain Janeway:coming back to Earth at warp 10 for the battle: the Dominion war is on Earth now.#resist\ud83d\ude45\ud83d\ude45\ud83c\udffb\ud83d\ude45\ud83c\udffb\u200d\u2642\ufe0f\ud83d\ude45\ud83c\udffe\ud83d\ude45\ud83c\udffe\u200d\u2642\ufe0f\ud83c\udf86\ud83d\udc68\ud83c\udffe\u200d\ud83d\ude80\ud83d\udc69\ud83c\udffc\u200d\ud83d\ude80\ud83e\udd81\ud83e\udd8a\ud83c\uddfa\ud83c\uddf8\u2694\ufe0f\ud83c\udd98", "url": null, "entities": {"description": {"urls": []}}, "protected": false, "followers_count": 881, "friends_count": 2738, "listed_count": 6, "created_at": "Tue May 30 00:39:31 +0000 2017", "favourites_count": 467, "utc_offset": null, "time_zone": null, "geo_enabled": false, "verified": false, "statuses_count": 10266, "lang": null, "contributors_enabled": false, "is_translator": false, "is_translation_enabled": false, "profile_background_color": "F5F8FA", "profile_background_image_url": null, "profile_background_image_url_https": null, "profile_background_tile": false, "profile_image_url": "http://pbs.twimg.com/profile_images/1069466088713347072/Wl-hKph__normal.jpg", "profile_image_url_https": "https://pbs.twimg.com/profile_images/1069466088713347072/Wl-hKph__normal.jpg", "profile_banner_url": "https://pbs.twimg.com/profile_banners/869352537593217024/1509698182", "profile_link_color": "1DA1F2", "profile_sidebar_border_color": "C0DEED", "profile_sidebar_fill_color": "DDEEF6", "profile_text_color": "333333", "profile_use_background_image": true, "has_extended_profile": false, "default_profile": true, "default_profile_image": false, "following": false, "follow_request_sent": false, "notifications": false, "translator_type": "none"}, "geo": null, "coordinates": null, "place": null, "contributors": null, "is_quote_status": false, "retweet_count": 0, "favorite_count": 1, "favorited": false, "retweeted": false, "lang": "en", "reply_count": 0}