{"created_at": "Fri Oct 12 21:58:23 +0000 2018", "id": 1050868309313380352, "id_str": "1050868309313380352", "full_text": "@DrGJackBrown @AWorldOutOfMind It would be a deep disrespect to their efforts to disregard this sacred duty.", "truncated": false, "display_text_range": [31, 108], "entities": {"hashtags": [], "symbols": [], "user_mentions": [{"screen_name": "DrGJackBrown", "name": "Dr. Jack Brown", "id": 212445456, "id_str": "212445456", "indices": [0, 13]}, {"screen_name": "AWorldOutOfMind", "name": "Saint Brian The Godless", "id": 2258357868, "id_str": "2258357868", "indices": [14, 30]}], "urls": []}, "source": "<a href=\"http://twitter.com/download/android\" rel=\"nofollow\">Twitter for Android</a>", "in_reply_to_status_id": 1050833008276586496, "in_reply_to_status_id_str": "1050833008276586496", "in_reply_to_user_id": 212445456, "in_reply_to_user_id_str": "212445456", "in_reply_to_screen_name": "DrGJackBrown", "user": {"id": 466679767, "id_str": "466679767", "name": "Debra Strege", "screen_name": "EdinaDebbie", "location": "Planet Earth", "description": "https://t.co/WuBz7AFate #PublicSpeaker #Writer #Trainer Daughter. Friend. FDR Dem. Sick memory 4 film/TV lines, what you said. #VoteBlue Opinions are my own.", "url": null, "entities": {"description": {"urls": [{"url": "https://t.co/WuBz7AFate", "expanded_url": "http://debrastrege.com", "display_url": "debrastrege.com", "indices": [0, 23]}]}}, "protected": false, "followers_count": 13915, "friends_count": 15024, "listed_count": 51, "created_at": "Tue Jan 17 17:34:43 +0000 2012", "favourites_count": 92600, "utc_offset": null, "time_zone": null, "geo_enabled": true, "verified": false, "statuses_count": 40372, "lang": null, "contributors_enabled": false, "is_translator": false, "is_translation_enabled": false, "profile_background_color": "0CCCB6", "profile_background_image_url": "http://abs.twimg.com/images/themes/theme16/bg.gif", "profile_background_image_url_https": "https://abs.twimg.com/images/themes/theme16/bg.gif", "profile_background_tile": false, "profile_image_url": "http://pbs.twimg.com/profile_images/1241022915447046147/GYdaUFUT_normal.jpg", "profile_image_url_https": "https://pbs.twimg.com/profile_images/1241022915447046147/GYdaUFUT_normal.jpg", "profile_banner_url": "https://pbs.twimg.com/profile_banners/466679767/1586701086", "profile_link_color": "0C9484", "profile_sidebar_border_color": "FFFFFF", "profile_sidebar_fill_color": "F9FF3A", "profile_text_color": "AF5405", "profile_use_background_image": false, "has_extended_profile": false, "default_profile": false, "default_profile_image": false, "following": false, "follow_request_sent": false, "notifications": false, "translator_type": "none"}, "geo": null, "coordinates": null, "place": {"id": "464221381fb3f7c1", "url": "https://api.twitter.com/1.1/geo/id/464221381fb3f7c1.json", "place_type": "city", "name": "St Louis Park", "full_name": "St Louis Park, MN", "country_code": "US", "country": "United States", "contained_within": [], "bounding_box": {"type": "Polygon", "coordinates": [[[-93.410573, 44.919577], [-93.328414, 44.919577], [-93.328414, 44.978557], [-93.410573, 44.978557]]]}, "attributes": {}}, "contributors": null, "is_quote_status": false, "retweet_count": 0, "favorite_count": 2, "favorited": false, "retweeted": false, "lang": "en", "reply_count": 0}