{"created_at": "Fri Oct 12 20:31:41 +0000 2018", "id": 1050846489193246720, "id_str": "1050846489193246720", "full_text": "@DrGJackBrown I have seen that photo, it makes SAD &amp; sick", "truncated": false, "display_text_range": [14, 61], "entities": {"hashtags": [], "symbols": [], "user_mentions": [{"screen_name": "DrGJackBrown", "name": "Dr. Jack Brown", "id": 212445456, "id_str": "212445456", "indices": [0, 13]}], "urls": []}, "source": "<a href=\"http://twitter.com/download/iphone\" rel=\"nofollow\">Twitter for iPhone</a>", "in_reply_to_status_id": 1050833008276586496, "in_reply_to_status_id_str": "1050833008276586496", "in_reply_to_user_id": 212445456, "in_reply_to_user_id_str": "212445456", "in_reply_to_screen_name": "DrGJackBrown", "user": {"id": 953795684, "id_str": "953795684", "name": "Lynn Payne", "screen_name": "LynnArtistdrwg", "location": "Colorado", "description": "Artist, Mom, Wife, now Grandma Yay. At peace when I am painting, drawing. Love things that leave me in awe", "url": null, "entities": {"description": {"urls": []}}, "protected": false, "followers_count": 21, "friends_count": 314, "listed_count": 0, "created_at": "Sat Nov 17 15:32:00 +0000 2012", "favourites_count": 255, "utc_offset": null, "time_zone": null, "geo_enabled": true, "verified": false, "statuses_count": 668, "lang": null, "contributors_enabled": false, "is_translator": false, "is_translation_enabled": false, "profile_background_color": "C0DEED", "profile_background_image_url": "http://abs.twimg.com/images/themes/theme1/bg.png", "profile_background_image_url_https": "https://abs.twimg.com/images/themes/theme1/bg.png", "profile_background_tile": false, "profile_image_url": "http://pbs.twimg.com/profile_images/936563050869436416/KL2fUm2s_normal.jpg", "profile_image_url_https": "https://pbs.twimg.com/profile_images/936563050869436416/KL2fUm2s_normal.jpg", "profile_link_color": "1DA1F2", "profile_sidebar_border_color": "C0DEED", "profile_sidebar_fill_color": "DDEEF6", "profile_text_color": "333333", "profile_use_background_image": true, "has_extended_profile": false, "default_profile": true, "default_profile_image": false, "following": false, "follow_request_sent": false, "notifications": false, "translator_type": "none"}, "geo": null, "coordinates": null, "place": null, "contributors": null, "is_quote_status": false, "retweet_count": 0, "favorite_count": 0, "favorited": false, "retweeted": false, "lang": "en", "reply_count": 0}