{"created_at": "Fri Oct 12 20:45:28 +0000 2018", "id": 1050849957056368640, "id_str": "1050849957056368640", "full_text": "@DrGJackBrown \"...you have trampled under foot every vital principle of our government. My natural rights, my civil rights, my political rights, my judicial rights, are all alike ignored.\"  - Susan B Anthony", "truncated": false, "display_text_range": [14, 207], "entities": {"hashtags": [], "symbols": [], "user_mentions": [{"screen_name": "DrGJackBrown", "name": "Dr. Jack Brown", "id": 212445456, "id_str": "212445456", "indices": [0, 13]}], "urls": []}, "source": "<a href=\"http://twitter.com/download/iphone\" rel=\"nofollow\">Twitter for iPhone</a>", "in_reply_to_status_id": 1050833008276586496, "in_reply_to_status_id_str": "1050833008276586496", "in_reply_to_user_id": 212445456, "in_reply_to_user_id_str": "212445456", "in_reply_to_screen_name": "DrGJackBrown", "user": {"id": 473350910, "id_str": "473350910", "name": "shit just got real", "screen_name": "jailingtrump", "location": "United States", "description": "This guy: \"I did try and fuck her... I moved on her like a bitch. She was married.\"", "url": null, "entities": {"description": {"urls": []}}, "protected": false, "followers_count": 649, "friends_count": 2362, "listed_count": 2, "created_at": "Tue Jan 24 21:57:39 +0000 2012", "favourites_count": 15814, "utc_offset": null, "time_zone": null, "geo_enabled": false, "verified": false, "statuses_count": 371035, "lang": null, "contributors_enabled": false, "is_translator": false, "is_translation_enabled": false, "profile_background_color": "131516", "profile_background_image_url": "http://abs.twimg.com/images/themes/theme14/bg.gif", "profile_background_image_url_https": "https://abs.twimg.com/images/themes/theme14/bg.gif", "profile_background_tile": true, "profile_image_url": "http://pbs.twimg.com/profile_images/943188579718717445/S53HxV8q_normal.jpg", "profile_image_url_https": "https://pbs.twimg.com/profile_images/943188579718717445/S53HxV8q_normal.jpg", "profile_banner_url": "https://pbs.twimg.com/profile_banners/473350910/1593049203", "profile_link_color": "999999", "profile_sidebar_border_color": "EEEEEE", "profile_sidebar_fill_color": "EFEFEF", "profile_text_color": "333333", "profile_use_background_image": true, "has_extended_profile": false, "default_profile": false, "default_profile_image": false, "following": false, "follow_request_sent": false, "notifications": false, "translator_type": "none"}, "geo": null, "coordinates": null, "place": null, "contributors": null, "is_quote_status": false, "retweet_count": 1, "favorite_count": 3, "favorited": false, "retweeted": false, "lang": "en", "reply_count": 0}