{"created_at": "Fri Oct 12 20:51:05 +0000 2018", "id": 1050851373225570304, "id_str": "1050851373225570304", "full_text": "@LeclairBernard @LuluLemew @DrGJackBrown ~ #VoteBlueToSaveAmericanDemocracy ~  Come \ud83c\udf26\ufe0f\u2614\ufe0f\u00a0or \ud83c\udf1e\ud83d\udd76\ufe0f", "truncated": false, "display_text_range": [41, 95], "entities": {"hashtags": [{"text": "VoteBlueToSaveAmericanDemocracy", "indices": [43, 75]}], "symbols": [], "user_mentions": [{"screen_name": "LeclairBernard", "name": "Bernard Leclair", "id": 3257116345, "id_str": "3257116345", "indices": [0, 15]}, {"screen_name": "LuluLemew", "name": "\u029f\u1d1c\u029f\u1d1c \u029f\u1d07 \u1d0d\u1d07\u1d21\u00af\\_(\u30c4)_/\u00af", "id": 1675563421, "id_str": "1675563421", "indices": [16, 26]}, {"screen_name": "DrGJackBrown", "name": "Dr. Jack Brown", "id": 212445456, "id_str": "212445456", "indices": [27, 40]}], "urls": []}, "source": "<a href=\"http://twitter.com\" rel=\"nofollow\">Twitter Web Client</a>", "in_reply_to_status_id": 1050849061924995072, "in_reply_to_status_id_str": "1050849061924995072", "in_reply_to_user_id": 3257116345, "in_reply_to_user_id_str": "3257116345", "in_reply_to_screen_name": "LeclairBernard", "user": {"id": 18671275, "id_str": "18671275", "name": "Dyann LeRoy #DemCast", "screen_name": "dyannleroy", "location": "Earth 2020 (*Mid-Apocalypse)", "description": "Dissent is a necessary disadvantage of purpose. \"We're Better Than This\" Elijah Cummings #Truth #Right #SocialDistancing #Masks #Resist  #BlackLivesMatter \ud83d\udda4", "url": null, "entities": {"description": {"urls": []}}, "protected": false, "followers_count": 11201, "friends_count": 12193, "listed_count": 19, "created_at": "Tue Jan 06 11:55:42 +0000 2009", "favourites_count": 264750, "utc_offset": null, "time_zone": null, "geo_enabled": false, "verified": false, "statuses_count": 180234, "lang": null, "contributors_enabled": false, "is_translator": false, "is_translation_enabled": false, "profile_background_color": "030103", "profile_background_image_url": "http://abs.twimg.com/images/themes/theme15/bg.png", "profile_background_image_url_https": "https://abs.twimg.com/images/themes/theme15/bg.png", "profile_background_tile": true, "profile_image_url": "http://pbs.twimg.com/profile_images/883076360717160453/WGIwZ7T__normal.jpg", "profile_image_url_https": "https://pbs.twimg.com/profile_images/883076360717160453/WGIwZ7T__normal.jpg", "profile_banner_url": "https://pbs.twimg.com/profile_banners/18671275/1506893620", "profile_link_color": "123A7A", "profile_sidebar_border_color": "ADF1FC", "profile_sidebar_fill_color": "000000", "profile_text_color": "FA8459", "profile_use_background_image": true, "has_extended_profile": false, "default_profile": false, "default_profile_image": false, "following": false, "follow_request_sent": false, "notifications": false, "translator_type": "none"}, "geo": null, "coordinates": null, "place": null, "contributors": null, "is_quote_status": false, "retweet_count": 0, "favorite_count": 1, "favorited": false, "retweeted": false, "lang": "en", "reply_count": 0}