{"created_at": "Fri Oct 12 21:33:27 +0000 2018", "id": 1050862034999332864, "id_str": "1050862034999332864", "full_text": "@DrGJackBrown Conservative Women.... women are not repressed. Your grandmother was! Your great grandmother was!!.......", "truncated": false, "display_text_range": [14, 119], "entities": {"hashtags": [], "symbols": [], "user_mentions": [{"screen_name": "DrGJackBrown", "name": "Dr. Jack Brown", "id": 212445456, "id_str": "212445456", "indices": [0, 13]}], "urls": []}, "source": "<a href=\"http://twitter.com/download/iphone\" rel=\"nofollow\">Twitter for iPhone</a>", "in_reply_to_status_id": 1050833008276586496, "in_reply_to_status_id_str": "1050833008276586496", "in_reply_to_user_id": 212445456, "in_reply_to_user_id_str": "212445456", "in_reply_to_screen_name": "DrGJackBrown", "user": {"id": 826635493253140481, "id_str": "826635493253140481", "name": "Donovan", "screen_name": "Donovanerupp", "location": "Napa, CA", "description": "Lineman", "url": null, "entities": {"description": {"urls": []}}, "protected": false, "followers_count": 498, "friends_count": 4999, "listed_count": 1, "created_at": "Wed Feb 01 03:37:14 +0000 2017", "favourites_count": 291414, "utc_offset": null, "time_zone": null, "geo_enabled": true, "verified": false, "statuses_count": 140056, "lang": null, "contributors_enabled": false, "is_translator": false, "is_translation_enabled": false, "profile_background_color": "F5F8FA", "profile_background_image_url": null, "profile_background_image_url_https": null, "profile_background_tile": false, "profile_image_url": "http://pbs.twimg.com/profile_images/1267733591787634689/STChKSQg_normal.jpg", "profile_image_url_https": "https://pbs.twimg.com/profile_images/1267733591787634689/STChKSQg_normal.jpg", "profile_banner_url": "https://pbs.twimg.com/profile_banners/826635493253140481/1485927156", "profile_link_color": "1DA1F2", "profile_sidebar_border_color": "C0DEED", "profile_sidebar_fill_color": "DDEEF6", "profile_text_color": "333333", "profile_use_background_image": true, "has_extended_profile": false, "default_profile": true, "default_profile_image": false, "following": false, "follow_request_sent": false, "notifications": false, "translator_type": "none"}, "geo": null, "coordinates": null, "place": null, "contributors": null, "is_quote_status": false, "retweet_count": 0, "favorite_count": 0, "favorited": false, "retweeted": false, "lang": "en", "reply_count": 1}