{"created_at": "Fri Oct 12 22:56:53 +0000 2018", "id": 1050883030653513728, "id_str": "1050883030653513728", "full_text": "@BaumanKym @DrGJackBrown Instant follow!", "truncated": false, "display_text_range": [25, 40], "entities": {"hashtags": [], "symbols": [], "user_mentions": [{"screen_name": "BaumanKym", "name": "Kymmi B", "id": 790826940412211201, "id_str": "790826940412211201", "indices": [0, 10]}, {"screen_name": "DrGJackBrown", "name": "Dr. Jack Brown", "id": 212445456, "id_str": "212445456", "indices": [11, 24]}], "urls": []}, "source": "<a href=\"http://twitter.com/download/iphone\" rel=\"nofollow\">Twitter for iPhone</a>", "in_reply_to_status_id": 1050882609302003712, "in_reply_to_status_id_str": "1050882609302003712", "in_reply_to_user_id": 790826940412211201, "in_reply_to_user_id_str": "790826940412211201", "in_reply_to_screen_name": "BaumanKym", "user": {"id": 917738048988876801, "id_str": "917738048988876801", "name": "Lisbeth Farnum", "screen_name": "LisbethFarnum1", "location": "Massachusetts, USA", "description": "We must ban assault weapons, end Citizens United & sweep out DJT and his #CorruptCabinetCretins. We\u2019re better than this, America.", "url": null, "entities": {"description": {"urls": []}}, "protected": false, "followers_count": 2674, "friends_count": 2868, "listed_count": 5, "created_at": "Tue Oct 10 13:06:16 +0000 2017", "favourites_count": 119662, "utc_offset": null, "time_zone": null, "geo_enabled": false, "verified": false, "statuses_count": 107842, "lang": null, "contributors_enabled": false, "is_translator": false, "is_translation_enabled": false, "profile_background_color": "F5F8FA", "profile_background_image_url": null, "profile_background_image_url_https": null, "profile_background_tile": false, "profile_image_url": "http://pbs.twimg.com/profile_images/1229186817943121925/RsTHIY7B_normal.jpg", "profile_image_url_https": "https://pbs.twimg.com/profile_images/1229186817943121925/RsTHIY7B_normal.jpg", "profile_banner_url": "https://pbs.twimg.com/profile_banners/917738048988876801/1571305295", "profile_link_color": "1DA1F2", "profile_sidebar_border_color": "C0DEED", "profile_sidebar_fill_color": "DDEEF6", "profile_text_color": "333333", "profile_use_background_image": true, "has_extended_profile": false, "default_profile": true, "default_profile_image": false, "following": false, "follow_request_sent": false, "notifications": false, "translator_type": "none"}, "geo": null, "coordinates": null, "place": null, "contributors": null, "is_quote_status": false, "retweet_count": 0, "favorite_count": 2, "favorited": false, "retweeted": false, "lang": "en", "reply_count": 1}