{"created_at": "Fri Oct 12 20:46:15 +0000 2018", "id": 1050850154113327104, "id_str": "1050850154113327104", "full_text": "@DrGJackBrown ~ #VoteBlueToSaveAmericanDemocracy ~", "truncated": false, "display_text_range": [14, 50], "entities": {"hashtags": [{"text": "VoteBlueToSaveAmericanDemocracy", "indices": [16, 48]}], "symbols": [], "user_mentions": [{"screen_name": "DrGJackBrown", "name": "Dr. Jack Brown", "id": 212445456, "id_str": "212445456", "indices": [0, 13]}], "urls": []}, "source": "<a href=\"http://twitter.com\" rel=\"nofollow\">Twitter Web Client</a>", "in_reply_to_status_id": 1050833008276586496, "in_reply_to_status_id_str": "1050833008276586496", "in_reply_to_user_id": 212445456, "in_reply_to_user_id_str": "212445456", "in_reply_to_screen_name": "DrGJackBrown", "user": {"id": 18671275, "id_str": "18671275", "name": "Dyann LeRoy #DemCast", "screen_name": "dyannleroy", "location": "Earth 2020 (*Mid-Apocalypse)", "description": "Dissent is a necessary disadvantage of purpose. \"We're Better Than This\" Elijah Cummings #Truth #Right #SocialDistancing #Masks #Resist  #BlackLivesMatter \ud83d\udda4", "url": null, "entities": {"description": {"urls": []}}, "protected": false, "followers_count": 11201, "friends_count": 12193, "listed_count": 19, "created_at": "Tue Jan 06 11:55:42 +0000 2009", "favourites_count": 264750, "utc_offset": null, "time_zone": null, "geo_enabled": false, "verified": false, "statuses_count": 180234, "lang": null, "contributors_enabled": false, "is_translator": false, "is_translation_enabled": false, "profile_background_color": "030103", "profile_background_image_url": "http://abs.twimg.com/images/themes/theme15/bg.png", "profile_background_image_url_https": "https://abs.twimg.com/images/themes/theme15/bg.png", "profile_background_tile": true, "profile_image_url": "http://pbs.twimg.com/profile_images/883076360717160453/WGIwZ7T__normal.jpg", "profile_image_url_https": "https://pbs.twimg.com/profile_images/883076360717160453/WGIwZ7T__normal.jpg", "profile_banner_url": "https://pbs.twimg.com/profile_banners/18671275/1506893620", "profile_link_color": "123A7A", "profile_sidebar_border_color": "ADF1FC", "profile_sidebar_fill_color": "000000", "profile_text_color": "FA8459", "profile_use_background_image": true, "has_extended_profile": false, "default_profile": false, "default_profile_image": false, "following": false, "follow_request_sent": false, "notifications": false, "translator_type": "none"}, "geo": null, "coordinates": null, "place": null, "contributors": null, "is_quote_status": false, "retweet_count": 0, "favorite_count": 0, "favorited": false, "retweeted": false, "lang": "und", "reply_count": 0}