{"created_at": "Fri Oct 12 20:38:49 +0000 2018", "id": 1050848285009809409, "id_str": "1050848285009809409", "full_text": "@DrGJackBrown I was raised by a grandmotherly woman. She was born in 1911.\n\nAs a kid, I could never understand why she cared so much about voting. She'd walk miles to do so.\n\nI asked her.\n\nShe said,\n\"Women weren't always allowed to vote. Now they can. My vote matters. I vote bc I can.\"", "truncated": false, "display_text_range": [14, 286], "entities": {"hashtags": [], "symbols": [], "user_mentions": [{"screen_name": "DrGJackBrown", "name": "Dr. Jack Brown", "id": 212445456, "id_str": "212445456", "indices": [0, 13]}], "urls": []}, "source": "<a href=\"http://twitter.com/download/android\" rel=\"nofollow\">Twitter for Android</a>", "in_reply_to_status_id": 1050833008276586496, "in_reply_to_status_id_str": "1050833008276586496", "in_reply_to_user_id": 212445456, "in_reply_to_user_id_str": "212445456", "in_reply_to_screen_name": "DrGJackBrown", "user": {"id": 1675563421, "id_str": "1675563421", "name": "\u029f\u1d1c\u029f\u1d1c \u029f\u1d07 \u1d0d\u1d07\u1d21\u00af\\_(\u30c4)_/\u00af", "screen_name": "LuluLemew", "location": "This Planet We SHARE \u30c3", "description": "I Stand For Truth \u25aa\ufe0e Justice \u25aa\ufe0e Equality \u25aa\ufe0e Humanity. DON\u2019T YOU? \u25aa\ufe0e VisualNinja \u25aa\ufe0e HateNeutralizer \u25aa\ufe0e KnowledgeHunter \u25aa\ufe0e PragmaticEmpath \u25aa\ufe0e OpWombat \ud83d\udc40", "url": null, "entities": {"description": {"urls": []}}, "protected": false, "followers_count": 24042, "friends_count": 4332, "listed_count": 152, "created_at": "Fri Aug 16 11:45:27 +0000 2013", "favourites_count": 131115, "utc_offset": null, "time_zone": null, "geo_enabled": false, "verified": false, "statuses_count": 269308, "lang": null, "contributors_enabled": false, "is_translator": false, "is_translation_enabled": false, "profile_background_color": "C0DEED", "profile_background_image_url": "http://abs.twimg.com/images/themes/theme1/bg.png", "profile_background_image_url_https": "https://abs.twimg.com/images/themes/theme1/bg.png", "profile_background_tile": false, "profile_image_url": "http://pbs.twimg.com/profile_images/1268033199818620928/83aUMhTJ_normal.jpg", "profile_image_url_https": "https://pbs.twimg.com/profile_images/1268033199818620928/83aUMhTJ_normal.jpg", "profile_banner_url": "https://pbs.twimg.com/profile_banners/1675563421/1576509749", "profile_link_color": "1233F7", "profile_sidebar_border_color": "C0DEED", "profile_sidebar_fill_color": "DDEEF6", "profile_text_color": "333333", "profile_use_background_image": true, "has_extended_profile": true, "default_profile": false, "default_profile_image": false, "following": false, "follow_request_sent": false, "notifications": false, "translator_type": "none"}, "geo": null, "coordinates": null, "place": null, "contributors": null, "is_quote_status": false, "retweet_count": 14, "favorite_count": 45, "favorited": false, "retweeted": false, "lang": "en", "reply_count": 3}