{"created_at": "Fri Oct 12 21:27:24 +0000 2018", "id": 1050860509740892164, "id_str": "1050860509740892164", "full_text": "@LuluLemew @DrGJackBrown https://t.co/DKMmBa15FY", "truncated": false, "display_text_range": [24, 24], "entities": {"hashtags": [], "symbols": [], "user_mentions": [{"screen_name": "LuluLemew", "name": "\u029f\u1d1c\u029f\u1d1c \u029f\u1d07 \u1d0d\u1d07\u1d21\u00af\\_(\u30c4)_/\u00af", "id": 1675563421, "id_str": "1675563421", "indices": [0, 10]}, {"screen_name": "DrGJackBrown", "name": "Dr. Jack Brown", "id": 212445456, "id_str": "212445456", "indices": [11, 24]}], "urls": [], "media": [{"id": 1050860500878163968, "id_str": "1050860500878163968", "indices": [25, 48], "media_url": "http://pbs.twimg.com/media/DpVoDs9VAAAFphs.jpg", "media_url_https": "https://pbs.twimg.com/media/DpVoDs9VAAAFphs.jpg", "url": "https://t.co/DKMmBa15FY", "display_url": "pic.twitter.com/DKMmBa15FY", "expanded_url": "https://twitter.com/jnris4real/status/1050860509740892164/photo/1", "type": "photo", "sizes": {"thumb": {"w": 150, "h": 150, "resize": "crop"}, "large": {"w": 830, "h": 1136, "resize": "fit"}, "medium": {"w": 830, "h": 1136, "resize": "fit"}, "small": {"w": 497, "h": 680, "resize": "fit"}}}]}, "extended_entities": {"media": [{"id": 1050860500878163968, "id_str": "1050860500878163968", "indices": [25, 48], "media_url": "http://pbs.twimg.com/media/DpVoDs9VAAAFphs.jpg", "media_url_https": "https://pbs.twimg.com/media/DpVoDs9VAAAFphs.jpg", "url": "https://t.co/DKMmBa15FY", "display_url": "pic.twitter.com/DKMmBa15FY", "expanded_url": "https://twitter.com/jnris4real/status/1050860509740892164/photo/1", "type": "photo", "sizes": {"thumb": {"w": 150, "h": 150, "resize": "crop"}, "large": {"w": 830, "h": 1136, "resize": "fit"}, "medium": {"w": 830, "h": 1136, "resize": "fit"}, "small": {"w": 497, "h": 680, "resize": "fit"}}}]}, "source": "<a href=\"http://twitter.com/download/android\" rel=\"nofollow\">Twitter for Android</a>", "in_reply_to_status_id": 1050848285009809409, "in_reply_to_status_id_str": "1050848285009809409", "in_reply_to_user_id": 1675563421, "in_reply_to_user_id_str": "1675563421", "in_reply_to_screen_name": "LuluLemew", "user": {"id": 920828517360832512, "id_str": "920828517360832512", "name": "Jess", "screen_name": "jnris4real", "location": "another time another place", "description": "Karma -\ndo good\nand good will be done towards you\n#factsmatter \n#voteblue\n#waterislife", "url": null, "entities": {"description": {"urls": []}}, "protected": false, "followers_count": 878, "friends_count": 710, "listed_count": 1, "created_at": "Thu Oct 19 01:46:41 +0000 2017", "favourites_count": 164049, "utc_offset": null, "time_zone": null, "geo_enabled": false, "verified": false, "statuses_count": 32863, "lang": null, "contributors_enabled": false, "is_translator": false, "is_translation_enabled": false, "profile_background_color": "F5F8FA", "profile_background_image_url": null, "profile_background_image_url_https": null, "profile_background_tile": false, "profile_image_url": "http://pbs.twimg.com/profile_images/1268212685017055235/T6jXopKm_normal.jpg", "profile_image_url_https": "https://pbs.twimg.com/profile_images/1268212685017055235/T6jXopKm_normal.jpg", "profile_banner_url": "https://pbs.twimg.com/profile_banners/920828517360832512/1542224626", "profile_link_color": "1DA1F2", "profile_sidebar_border_color": "C0DEED", "profile_sidebar_fill_color": "DDEEF6", "profile_text_color": "333333", "profile_use_background_image": true, "has_extended_profile": false, "default_profile": true, "default_profile_image": false, "following": false, "follow_request_sent": false, "notifications": false, "translator_type": "none"}, "geo": null, "coordinates": null, "place": null, "contributors": null, "is_quote_status": false, "retweet_count": 4, "favorite_count": 4, "favorited": false, "retweeted": false, "possibly_sensitive": false, "possibly_sensitive_appealable": false, "lang": "und", "reply_count": 0}