{"created_at": "Sat Oct 13 04:48:48 +0000 2018", "id": 1050971594624065537, "id_str": "1050971594624065537", "full_text": "@DrGJackBrown please tell that to some of the princesses I used to be friends with. They sit and do nothing, since voting is \"for puppets.\" I can't begin to describe the ignorance. All of them have been downgraded to acquaintances.", "truncated": false, "display_text_range": [14, 231], "entities": {"hashtags": [], "symbols": [], "user_mentions": [{"screen_name": "DrGJackBrown", "name": "Dr. Jack Brown", "id": 212445456, "id_str": "212445456", "indices": [0, 13]}], "urls": []}, "source": "<a href=\"http://twitter.com\" rel=\"nofollow\">Twitter Web Client</a>", "in_reply_to_status_id": 1050833008276586496, "in_reply_to_status_id_str": "1050833008276586496", "in_reply_to_user_id": 212445456, "in_reply_to_user_id_str": "212445456", "in_reply_to_screen_name": "DrGJackBrown", "user": {"id": 2862703102, "id_str": "2862703102", "name": "Skarlet Karson", "screen_name": "IdesKat315", "location": "Idiotville, USA", "description": "NYC. Trump = Idiocy. I eat 3 things: food, music, books. Skater, dancer, fibromyalgia survivor, hellraiser. Practical mystic. Cat lover. INTJ. No lists.", "url": null, "entities": {"description": {"urls": []}}, "protected": false, "followers_count": 1087, "friends_count": 2451, "listed_count": 33, "created_at": "Wed Nov 05 15:30:36 +0000 2014", "favourites_count": 16082, "utc_offset": null, "time_zone": null, "geo_enabled": false, "verified": false, "statuses_count": 43909, "lang": null, "contributors_enabled": false, "is_translator": false, "is_translation_enabled": false, "profile_background_color": "4A913C", "profile_background_image_url": "http://abs.twimg.com/images/themes/theme10/bg.gif", "profile_background_image_url_https": "https://abs.twimg.com/images/themes/theme10/bg.gif", "profile_background_tile": true, "profile_image_url": "http://pbs.twimg.com/profile_images/1023458565137358848/myUGuo9K_normal.jpg", "profile_image_url_https": "https://pbs.twimg.com/profile_images/1023458565137358848/myUGuo9K_normal.jpg", "profile_banner_url": "https://pbs.twimg.com/profile_banners/2862703102/1517457487", "profile_link_color": "8A084B", "profile_sidebar_border_color": "000000", "profile_sidebar_fill_color": "000000", "profile_text_color": "000000", "profile_use_background_image": true, "has_extended_profile": true, "default_profile": false, "default_profile_image": false, "following": false, "follow_request_sent": false, "notifications": false, "translator_type": "none"}, "geo": null, "coordinates": null, "place": null, "contributors": null, "is_quote_status": false, "retweet_count": 0, "favorite_count": 1, "favorited": false, "retweeted": false, "lang": "en", "reply_count": 0}