{"created_at": "Fri Oct 12 19:45:06 +0000 2018", "id": 1050834766826754048, "id_str": "1050834766826754048", "full_text": "@DrGJackBrown Now they have bribes, gerry-mandering, and making people who've been to jail in a for-profit prison system ineligible to vote.  Same corrupt racist, sexist shit, different year.", "truncated": false, "display_text_range": [14, 191], "entities": {"hashtags": [], "symbols": [], "user_mentions": [{"screen_name": "DrGJackBrown", "name": "Dr. Jack Brown", "id": 212445456, "id_str": "212445456", "indices": [0, 13]}], "urls": []}, "source": "<a href=\"http://twitter.com\" rel=\"nofollow\">Twitter Web Client</a>", "in_reply_to_status_id": 1050833008276586496, "in_reply_to_status_id_str": "1050833008276586496", "in_reply_to_user_id": 212445456, "in_reply_to_user_id_str": "212445456", "in_reply_to_screen_name": "DrGJackBrown", "user": {"id": 1887559158, "id_str": "1887559158", "name": "Andy Lee Parker (He, She, Not It)", "screen_name": "AndyLeeParker1", "location": "Portland, Oregon", "description": "Sovereignty is a trick word created by arms manufacturers. Like freedom, it's declared, not granted. Let's all lead ourselves to peace together \ud83d\udcaa\u270d\ufe0f\ud83d\udcaf", "url": "https://t.co/ap2S2VQRzY", "entities": {"url": {"urls": [{"url": "https://t.co/ap2S2VQRzY", "expanded_url": "http://www.andyleeparker1.com", "display_url": "andyleeparker1.com", "indices": [0, 23]}]}, "description": {"urls": []}}, "protected": false, "followers_count": 4503, "friends_count": 4250, "listed_count": 137, "created_at": "Fri Sep 20 19:37:03 +0000 2013", "favourites_count": 23320, "utc_offset": null, "time_zone": null, "geo_enabled": false, "verified": false, "statuses_count": 115137, "lang": null, "contributors_enabled": false, "is_translator": false, "is_translation_enabled": false, "profile_background_color": "3B94D9", "profile_background_image_url": "http://abs.twimg.com/images/themes/theme18/bg.gif", "profile_background_image_url_https": "https://abs.twimg.com/images/themes/theme18/bg.gif", "profile_background_tile": false, "profile_image_url": "http://pbs.twimg.com/profile_images/524030721434734592/hJSmvs4q_normal.jpeg", "profile_image_url_https": "https://pbs.twimg.com/profile_images/524030721434734592/hJSmvs4q_normal.jpeg", "profile_link_color": "3B94D9", "profile_sidebar_border_color": "EEEEEE", "profile_sidebar_fill_color": "F6F6F6", "profile_text_color": "333333", "profile_use_background_image": true, "has_extended_profile": false, "default_profile": false, "default_profile_image": false, "following": false, "follow_request_sent": false, "notifications": false, "translator_type": "none"}, "geo": null, "coordinates": null, "place": null, "contributors": null, "is_quote_status": false, "retweet_count": 0, "favorite_count": 1, "favorited": false, "retweeted": false, "lang": "en", "reply_count": 0}