{"created_at": "Fri Oct 12 19:53:15 +0000 2018", "id": 1050836818537717760, "id_str": "1050836818537717760", "full_text": "@DrGJackBrown @ejd922again And it Might Happen Again?!", "truncated": false, "display_text_range": [27, 54], "entities": {"hashtags": [], "symbols": [], "user_mentions": [{"screen_name": "DrGJackBrown", "name": "Dr. Jack Brown", "id": 212445456, "id_str": "212445456", "indices": [0, 13]}, {"screen_name": "ejd922again", "name": "LizD", "id": 763537721684070402, "id_str": "763537721684070402", "indices": [14, 26]}], "urls": []}, "source": "<a href=\"http://twitter.com\" rel=\"nofollow\">Twitter Web Client</a>", "in_reply_to_status_id": 1050833008276586496, "in_reply_to_status_id_str": "1050833008276586496", "in_reply_to_user_id": 212445456, "in_reply_to_user_id_str": "212445456", "in_reply_to_screen_name": "DrGJackBrown", "user": {"id": 832338388833427456, "id_str": "832338388833427456", "name": "David R. Fisher", "screen_name": "DavidRFisher17", "location": " MD", "description": "Old white guy with a worn out body puttin in my 2 Cents, don't care if you like me or not.", "url": null, "entities": {"description": {"urls": []}}, "protected": false, "followers_count": 508, "friends_count": 1349, "listed_count": 3, "created_at": "Thu Feb 16 21:18:30 +0000 2017", "favourites_count": 28817, "utc_offset": null, "time_zone": null, "geo_enabled": true, "verified": false, "statuses_count": 19694, "lang": null, "contributors_enabled": false, "is_translator": false, "is_translation_enabled": false, "profile_background_color": "000000", "profile_background_image_url": "http://abs.twimg.com/images/themes/theme1/bg.png", "profile_background_image_url_https": "https://abs.twimg.com/images/themes/theme1/bg.png", "profile_background_tile": false, "profile_image_url": "http://pbs.twimg.com/profile_images/1017995265108738048/UypxzndE_normal.jpg", "profile_image_url_https": "https://pbs.twimg.com/profile_images/1017995265108738048/UypxzndE_normal.jpg", "profile_banner_url": "https://pbs.twimg.com/profile_banners/832338388833427456/1525561465", "profile_link_color": "19CF86", "profile_sidebar_border_color": "000000", "profile_sidebar_fill_color": "000000", "profile_text_color": "000000", "profile_use_background_image": false, "has_extended_profile": false, "default_profile": false, "default_profile_image": false, "following": false, "follow_request_sent": false, "notifications": false, "translator_type": "none"}, "geo": null, "coordinates": null, "place": null, "contributors": null, "is_quote_status": false, "retweet_count": 0, "favorite_count": 2, "favorited": false, "retweeted": false, "lang": "en", "reply_count": 0}