{"created_at": "Fri Oct 12 22:45:11 +0000 2018", "id": 1050880087632109569, "id_str": "1050880087632109569", "full_text": "@DrGJackBrown \u26a0\ufe0f Without wishing to diminish the sentiment, this is in fact suffragette Ada Wright, pictured on 18th Nov 1910, along side British Police, here in England.  Image appeared on front page of The Daily Mirror following day \u26a0\ufe0f  https://t.co/AsQfiC49X5", "truncated": false, "display_text_range": [14, 262], "entities": {"hashtags": [], "symbols": [], "user_mentions": [{"screen_name": "DrGJackBrown", "name": "Dr. Jack Brown", "id": 212445456, "id_str": "212445456", "indices": [0, 13]}], "urls": [{"url": "https://t.co/AsQfiC49X5", "expanded_url": "https://en.wikipedia.org/wiki/Black_Friday_(1910)", "display_url": "en.wikipedia.org/wiki/Black_Fri\u2026", "indices": [239, 262]}]}, "source": "<a href=\"http://twitter.com\" rel=\"nofollow\">Twitter Web Client</a>", "in_reply_to_status_id": 1050833008276586496, "in_reply_to_status_id_str": "1050833008276586496", "in_reply_to_user_id": 212445456, "in_reply_to_user_id_str": "212445456", "in_reply_to_screen_name": "DrGJackBrown", "user": {"id": 619480247, "id_str": "619480247", "name": "Harry Brownrigg", "screen_name": "harrybrownrigg", "location": "Citizen of Planet Earth", "description": "Psychotherapist in training.", "url": "http://t.co/txqg2uBUR3", "entities": {"url": {"urls": [{"url": "http://t.co/txqg2uBUR3", "expanded_url": "http://facebook.com/harry.brownrigg.7", "display_url": "facebook.com/harry.brownrig\u2026", "indices": [0, 22]}]}, "description": {"urls": []}}, "protected": false, "followers_count": 664, "friends_count": 756, "listed_count": 19, "created_at": "Tue Jun 26 22:43:34 +0000 2012", "favourites_count": 4665, "utc_offset": null, "time_zone": null, "geo_enabled": false, "verified": false, "statuses_count": 1975, "lang": null, "contributors_enabled": false, "is_translator": false, "is_translation_enabled": false, "profile_background_color": "C0DEED", "profile_background_image_url": "http://abs.twimg.com/images/themes/theme1/bg.png", "profile_background_image_url_https": "https://abs.twimg.com/images/themes/theme1/bg.png", "profile_background_tile": false, "profile_image_url": "http://pbs.twimg.com/profile_images/2344138687/wi8lbv6lnw1ac6uzys5b_normal.gif", "profile_image_url_https": "https://pbs.twimg.com/profile_images/2344138687/wi8lbv6lnw1ac6uzys5b_normal.gif", "profile_banner_url": "https://pbs.twimg.com/profile_banners/619480247/1479599771", "profile_link_color": "0084B4", "profile_sidebar_border_color": "C0DEED", "profile_sidebar_fill_color": "DDEEF6", "profile_text_color": "333333", "profile_use_background_image": true, "has_extended_profile": false, "default_profile": false, "default_profile_image": false, "following": false, "follow_request_sent": false, "notifications": false, "translator_type": "none"}, "geo": null, "coordinates": null, "place": null, "contributors": null, "is_quote_status": false, "retweet_count": 2, "favorite_count": 8, "favorited": false, "retweeted": false, "possibly_sensitive": false, "possibly_sensitive_appealable": false, "lang": "en", "reply_count": 0}