{"created_at": "Sat Oct 13 02:17:08 +0000 2018", "id": 1050933426231156737, "id_str": "1050933426231156737", "full_text": "@DrGJackBrown Careful posting that. You might give @RealDonaldTrump and his goons some ideas.", "truncated": false, "display_text_range": [14, 93], "entities": {"hashtags": [], "symbols": [], "user_mentions": [{"screen_name": "DrGJackBrown", "name": "Dr. Jack Brown", "id": 212445456, "id_str": "212445456", "indices": [0, 13]}, {"screen_name": "realDonaldTrump", "name": "Donald J. Trump", "id": 25073877, "id_str": "25073877", "indices": [51, 67]}], "urls": []}, "source": "<a href=\"http://twitter.com\" rel=\"nofollow\">Twitter Web Client</a>", "in_reply_to_status_id": 1050833008276586496, "in_reply_to_status_id_str": "1050833008276586496", "in_reply_to_user_id": 212445456, "in_reply_to_user_id_str": "212445456", "in_reply_to_screen_name": "DrGJackBrown", "user": {"id": 216330416, "id_str": "216330416", "name": "Pieter Linden", "screen_name": "MadPiet", "location": "Nashville, TN", "description": "", "url": null, "entities": {"description": {"urls": []}}, "protected": false, "followers_count": 127, "friends_count": 244, "listed_count": 1, "created_at": "Tue Nov 16 12:14:37 +0000 2010", "favourites_count": 8444, "utc_offset": null, "time_zone": null, "geo_enabled": false, "verified": false, "statuses_count": 14891, "lang": null, "contributors_enabled": false, "is_translator": false, "is_translation_enabled": false, "profile_background_color": "C0DEED", "profile_background_image_url": "http://abs.twimg.com/images/themes/theme1/bg.png", "profile_background_image_url_https": "https://abs.twimg.com/images/themes/theme1/bg.png", "profile_background_tile": false, "profile_image_url": "http://pbs.twimg.com/profile_images/776467041247043584/AbhRSk3X_normal.jpg", "profile_image_url_https": "https://pbs.twimg.com/profile_images/776467041247043584/AbhRSk3X_normal.jpg", "profile_link_color": "1DA1F2", "profile_sidebar_border_color": "C0DEED", "profile_sidebar_fill_color": "DDEEF6", "profile_text_color": "333333", "profile_use_background_image": true, "has_extended_profile": true, "default_profile": true, "default_profile_image": false, "following": false, "follow_request_sent": false, "notifications": false, "translator_type": "none"}, "geo": null, "coordinates": null, "place": null, "contributors": null, "is_quote_status": false, "retweet_count": 0, "favorite_count": 0, "favorited": false, "retweeted": false, "lang": "en", "reply_count": 0}