{"created_at": "Fri Oct 12 22:55:13 +0000 2018", "id": 1050882609302003712, "id_str": "1050882609302003712", "full_text": "@LisbethFarnum1 @DrGJackBrown Awww. Thank you so much, that made me tear up. I hope Im making her proud!!! I know that we can do this together!!!", "truncated": false, "display_text_range": [30, 145], "entities": {"hashtags": [], "symbols": [], "user_mentions": [{"screen_name": "LisbethFarnum1", "name": "Lisbeth Farnum", "id": 917738048988876801, "id_str": "917738048988876801", "indices": [0, 15]}, {"screen_name": "DrGJackBrown", "name": "Dr. Jack Brown", "id": 212445456, "id_str": "212445456", "indices": [16, 29]}], "urls": []}, "source": "<a href=\"http://twitter.com/download/android\" rel=\"nofollow\">Twitter for Android</a>", "in_reply_to_status_id": 1050865266031251456, "in_reply_to_status_id_str": "1050865266031251456", "in_reply_to_user_id": 917738048988876801, "in_reply_to_user_id_str": "917738048988876801", "in_reply_to_screen_name": "LisbethFarnum1", "user": {"id": 790826940412211201, "id_str": "790826940412211201", "name": "Kymmi B", "screen_name": "BaumanKym", "location": "California, USA", "description": "Mixologist, Proud Mommy, sometimes bagpiper, Proud #TheResistance supporter. Autism Advocate. Sorry MAGAs, I tried, but  you're  not welcome here.", "url": null, "entities": {"description": {"urls": []}}, "protected": false, "followers_count": 1421, "friends_count": 2162, "listed_count": 0, "created_at": "Tue Oct 25 08:06:50 +0000 2016", "favourites_count": 233959, "utc_offset": null, "time_zone": null, "geo_enabled": true, "verified": false, "statuses_count": 104965, "lang": null, "contributors_enabled": false, "is_translator": false, "is_translation_enabled": false, "profile_background_color": "F5F8FA", "profile_background_image_url": null, "profile_background_image_url_https": null, "profile_background_tile": false, "profile_image_url": "http://pbs.twimg.com/profile_images/877288582506962944/TI7TPgzM_normal.jpg", "profile_image_url_https": "https://pbs.twimg.com/profile_images/877288582506962944/TI7TPgzM_normal.jpg", "profile_banner_url": "https://pbs.twimg.com/profile_banners/790826940412211201/1497996848", "profile_link_color": "1DA1F2", "profile_sidebar_border_color": "C0DEED", "profile_sidebar_fill_color": "DDEEF6", "profile_text_color": "333333", "profile_use_background_image": true, "has_extended_profile": true, "default_profile": true, "default_profile_image": false, "following": false, "follow_request_sent": false, "notifications": false, "translator_type": "none"}, "geo": null, "coordinates": null, "place": null, "contributors": null, "is_quote_status": false, "retweet_count": 0, "favorite_count": 1, "favorited": false, "retweeted": false, "lang": "en", "reply_count": 2}