{"created_at": "Sat Oct 13 19:24:04 +0000 2018", "id": 1051191860302147585, "id_str": "1051191860302147585", "full_text": "@DrGJackBrown Vote, you have say, too!", "truncated": false, "display_text_range": [14, 38], "entities": {"hashtags": [], "symbols": [], "user_mentions": [{"screen_name": "DrGJackBrown", "name": "Dr. Jack Brown", "id": 212445456, "id_str": "212445456", "indices": [0, 13]}], "urls": []}, "source": "<a href=\"http://twitter.com/download/android\" rel=\"nofollow\">Twitter for Android</a>", "in_reply_to_status_id": 1050833008276586496, "in_reply_to_status_id_str": "1050833008276586496", "in_reply_to_user_id": 212445456, "in_reply_to_user_id_str": "212445456", "in_reply_to_screen_name": "DrGJackBrown", "user": {"id": 30725407, "id_str": "30725407", "name": "Gloria Rivers", "screen_name": "GlowR", "location": "Brooklyn, NY", "description": "I am a writer: screenplays, novels, short stories, poems, songs, and blogs.", "url": "http://t.co/BibGLnZv0t", "entities": {"url": {"urls": [{"url": "http://t.co/BibGLnZv0t", "expanded_url": "http://www.gloria-hello.blogspot.com/", "display_url": "gloria-hello.blogspot.com", "indices": [0, 22]}]}, "description": {"urls": []}}, "protected": false, "followers_count": 10, "friends_count": 23, "listed_count": 0, "created_at": "Sun Apr 12 21:28:41 +0000 2009", "favourites_count": 18, "utc_offset": null, "time_zone": null, "geo_enabled": false, "verified": false, "statuses_count": 1396, "lang": null, "contributors_enabled": false, "is_translator": false, "is_translation_enabled": false, "profile_background_color": "8B542B", "profile_background_image_url": "http://abs.twimg.com/images/themes/theme8/bg.gif", "profile_background_image_url_https": "https://abs.twimg.com/images/themes/theme8/bg.gif", "profile_background_tile": true, "profile_image_url": "http://pbs.twimg.com/profile_images/135272561/red_flowers_drawing_in_blue_vase_normal.jpg", "profile_image_url_https": "https://pbs.twimg.com/profile_images/135272561/red_flowers_drawing_in_blue_vase_normal.jpg", "profile_link_color": "9D582E", "profile_sidebar_border_color": "D9B17E", "profile_sidebar_fill_color": "EADEAA", "profile_text_color": "333333", "profile_use_background_image": true, "has_extended_profile": false, "default_profile": false, "default_profile_image": false, "following": false, "follow_request_sent": false, "notifications": false, "translator_type": "none"}, "geo": null, "coordinates": null, "place": null, "contributors": null, "is_quote_status": false, "retweet_count": 0, "favorite_count": 0, "favorited": false, "retweeted": false, "lang": "en", "reply_count": 0}