{"created_at": "Sat Oct 13 07:33:35 +0000 2018", "id": 1051013061086244864, "id_str": "1051013061086244864", "full_text": "@DrGJackBrown @canadian_cousin British suffragette Emily Wilding Davison was killed at Ascot protesting. Women finally got the vote afterwards. https://t.co/3K7E10yWZo", "truncated": false, "display_text_range": [31, 143], "entities": {"hashtags": [], "symbols": [], "user_mentions": [{"screen_name": "DrGJackBrown", "name": "Dr. Jack Brown", "id": 212445456, "id_str": "212445456", "indices": [0, 13]}, {"screen_name": "canadian_cousin", "name": "\ud83c\udde8\ud83c\udde6Canadian Cousin\ud83c\udfb6\ud83d\udc3e \ud83c\udf51\ud83d\udd6f", "id": 1002001718677131264, "id_str": "1002001718677131264", "indices": [14, 30]}], "urls": [], "media": [{"id": 1051013058850672640, "id_str": "1051013058850672640", "indices": [144, 167], "media_url": "http://pbs.twimg.com/media/DpXyzvsXUAAniT_.jpg", "media_url_https": "https://pbs.twimg.com/media/DpXyzvsXUAAniT_.jpg", "url": "https://t.co/3K7E10yWZo", "display_url": "pic.twitter.com/3K7E10yWZo", "expanded_url": "https://twitter.com/BettyBoogaloo/status/1051013061086244864/photo/1", "type": "photo", "sizes": {"small": {"w": 460, "h": 276, "resize": "fit"}, "thumb": {"w": 150, "h": 150, "resize": "crop"}, "large": {"w": 460, "h": 276, "resize": "fit"}, "medium": {"w": 460, "h": 276, "resize": "fit"}}}]}, "extended_entities": {"media": [{"id": 1051013058850672640, "id_str": "1051013058850672640", "indices": [144, 167], "media_url": "http://pbs.twimg.com/media/DpXyzvsXUAAniT_.jpg", "media_url_https": "https://pbs.twimg.com/media/DpXyzvsXUAAniT_.jpg", "url": "https://t.co/3K7E10yWZo", "display_url": "pic.twitter.com/3K7E10yWZo", "expanded_url": "https://twitter.com/BettyBoogaloo/status/1051013061086244864/photo/1", "type": "photo", "sizes": {"small": {"w": 460, "h": 276, "resize": "fit"}, "thumb": {"w": 150, "h": 150, "resize": "crop"}, "large": {"w": 460, "h": 276, "resize": "fit"}, "medium": {"w": 460, "h": 276, "resize": "fit"}}}]}, "source": "<a href=\"http://twitter.com/download/android\" rel=\"nofollow\">Twitter for Android</a>", "in_reply_to_status_id": 1050833008276586496, "in_reply_to_status_id_str": "1050833008276586496", "in_reply_to_user_id": 212445456, "in_reply_to_user_id_str": "212445456", "in_reply_to_screen_name": "DrGJackBrown", "user": {"id": 1351039428, "id_str": "1351039428", "name": "Betty Boogaloo", "screen_name": "BettyBoogaloo", "location": "Detroit AKA Motown ", "description": "Tallulah's Momma & Danny's Woman. QUOTE: Nobody gets out of here without singing the Blues. (I block any company who puts annoying ads on my timeline.)", "url": null, "entities": {"description": {"urls": []}}, "protected": false, "followers_count": 436, "friends_count": 182, "listed_count": 4, "created_at": "Sun Apr 14 05:23:29 +0000 2013", "favourites_count": 39249, "utc_offset": null, "time_zone": null, "geo_enabled": true, "verified": false, "statuses_count": 25174, "lang": null, "contributors_enabled": false, "is_translator": false, "is_translation_enabled": false, "profile_background_color": "C0DEED", "profile_background_image_url": "http://abs.twimg.com/images/themes/theme1/bg.png", "profile_background_image_url_https": "https://abs.twimg.com/images/themes/theme1/bg.png", "profile_background_tile": false, "profile_image_url": "http://pbs.twimg.com/profile_images/3528802100/7ccc20d31d887fd7d956a6e7c1f7f9e2_normal.jpeg", "profile_image_url_https": "https://pbs.twimg.com/profile_images/3528802100/7ccc20d31d887fd7d956a6e7c1f7f9e2_normal.jpeg", "profile_banner_url": "https://pbs.twimg.com/profile_banners/1351039428/1454712865", "profile_link_color": "1DA1F2", "profile_sidebar_border_color": "C0DEED", "profile_sidebar_fill_color": "DDEEF6", "profile_text_color": "333333", "profile_use_background_image": true, "has_extended_profile": false, "default_profile": true, "default_profile_image": false, "following": false, "follow_request_sent": false, "notifications": false, "translator_type": "none"}, "geo": null, "coordinates": null, "place": null, "contributors": null, "is_quote_status": false, "retweet_count": 4, "favorite_count": 9, "favorited": false, "retweeted": false, "possibly_sensitive": false, "possibly_sensitive_appealable": false, "lang": "en", "reply_count": 0}