{"created_at": "Sun Oct 14 02:52:05 +0000 2018", "id": 1051304608696393730, "id_str": "1051304608696393730", "full_text": "@DrGJackBrown @njm1568 AND STILL SHE PREVAILED! VOTE BLUE! NOVEMBER 6'TH 2018! https://t.co/ZqMr4GjqfD", "truncated": false, "display_text_range": [23, 78], "entities": {"hashtags": [], "symbols": [], "user_mentions": [{"screen_name": "DrGJackBrown", "name": "Dr. Jack Brown", "id": 212445456, "id_str": "212445456", "indices": [0, 13]}, {"screen_name": "njm1568", "name": "Natalie", "id": 2538086825, "id_str": "2538086825", "indices": [14, 22]}], "urls": [], "media": [{"id": 1051304560067629056, "id_str": "1051304560067629056", "indices": [79, 102], "media_url": "http://pbs.twimg.com/media/Dpb77WWUUAAbocv.jpg", "media_url_https": "https://pbs.twimg.com/media/Dpb77WWUUAAbocv.jpg", "url": "https://t.co/ZqMr4GjqfD", "display_url": "pic.twitter.com/ZqMr4GjqfD", "expanded_url": "https://twitter.com/forgive_luv/status/1051304608696393730/photo/1", "type": "photo", "sizes": {"thumb": {"w": 150, "h": 150, "resize": "crop"}, "large": {"w": 680, "h": 510, "resize": "fit"}, "medium": {"w": 680, "h": 510, "resize": "fit"}, "small": {"w": 680, "h": 510, "resize": "fit"}}}]}, "extended_entities": {"media": [{"id": 1051304560067629056, "id_str": "1051304560067629056", "indices": [79, 102], "media_url": "http://pbs.twimg.com/media/Dpb77WWUUAAbocv.jpg", "media_url_https": "https://pbs.twimg.com/media/Dpb77WWUUAAbocv.jpg", "url": "https://t.co/ZqMr4GjqfD", "display_url": "pic.twitter.com/ZqMr4GjqfD", "expanded_url": "https://twitter.com/forgive_luv/status/1051304608696393730/photo/1", "type": "photo", "sizes": {"thumb": {"w": 150, "h": 150, "resize": "crop"}, "large": {"w": 680, "h": 510, "resize": "fit"}, "medium": {"w": 680, "h": 510, "resize": "fit"}, "small": {"w": 680, "h": 510, "resize": "fit"}}}, {"id": 1051304566216519681, "id_str": "1051304566216519681", "indices": [79, 102], "media_url": "http://pbs.twimg.com/media/Dpb77tQU8AE7VGd.jpg", "media_url_https": "https://pbs.twimg.com/media/Dpb77tQU8AE7VGd.jpg", "url": "https://t.co/ZqMr4GjqfD", "display_url": "pic.twitter.com/ZqMr4GjqfD", "expanded_url": "https://twitter.com/forgive_luv/status/1051304608696393730/photo/1", "type": "photo", "sizes": {"thumb": {"w": 150, "h": 150, "resize": "crop"}, "small": {"w": 481, "h": 680, "resize": "fit"}, "medium": {"w": 800, "h": 1131, "resize": "fit"}, "large": {"w": 800, "h": 1131, "resize": "fit"}}}, {"id": 1051304576970719233, "id_str": "1051304576970719233", "indices": [79, 102], "media_url": "http://pbs.twimg.com/media/Dpb78VUVAAE6MHH.jpg", "media_url_https": "https://pbs.twimg.com/media/Dpb78VUVAAE6MHH.jpg", "url": "https://t.co/ZqMr4GjqfD", "display_url": "pic.twitter.com/ZqMr4GjqfD", "expanded_url": "https://twitter.com/forgive_luv/status/1051304608696393730/photo/1", "type": "photo", "sizes": {"thumb": {"w": 150, "h": 150, "resize": "crop"}, "small": {"w": 419, "h": 680, "resize": "fit"}, "large": {"w": 736, "h": 1195, "resize": "fit"}, "medium": {"w": 736, "h": 1195, "resize": "fit"}}}, {"id": 1051304593487843328, "id_str": "1051304593487843328", "indices": [79, 102], "media_url": "http://pbs.twimg.com/media/Dpb79S2UUAAKpm_.jpg", "media_url_https": "https://pbs.twimg.com/media/Dpb79S2UUAAKpm_.jpg", "url": "https://t.co/ZqMr4GjqfD", "display_url": "pic.twitter.com/ZqMr4GjqfD", "expanded_url": "https://twitter.com/forgive_luv/status/1051304608696393730/photo/1", "type": "photo", "sizes": {"thumb": {"w": 150, "h": 150, "resize": "crop"}, "large": {"w": 800, "h": 1131, "resize": "fit"}, "small": {"w": 481, "h": 680, "resize": "fit"}, "medium": {"w": 800, "h": 1131, "resize": "fit"}}}]}, "source": "<a href=\"http://twitter.com/download/android\" rel=\"nofollow\">Twitter for Android</a>", "in_reply_to_status_id": 1050833008276586496, "in_reply_to_status_id_str": "1050833008276586496", "in_reply_to_user_id": 212445456, "in_reply_to_user_id_str": "212445456", "in_reply_to_screen_name": "DrGJackBrown", "user": {"id": 749217316953468928, "id_str": "749217316953468928", "name": "Forgive_luv", "screen_name": "forgive_luv", "location": "United States", "description": "Building a just, sane world. NO VOTING MACHINES, BAR CODES\ud83d\udc96\ufe0f Remove trump*barr*republican senators*\ud83d\ude2a\ud83d\ude2a\ud83d\ude2a No concentration camps for children! FOR ANYONE!", "url": null, "entities": {"description": {"urls": []}}, "protected": false, "followers_count": 4647, "friends_count": 4996, "listed_count": 12, "created_at": "Sat Jul 02 12:25:02 +0000 2016", "favourites_count": 161364, "utc_offset": null, "time_zone": null, "geo_enabled": false, "verified": false, "statuses_count": 204748, "lang": null, "contributors_enabled": false, "is_translator": false, "is_translation_enabled": false, "profile_background_color": "F5F8FA", "profile_background_image_url": null, "profile_background_image_url_https": null, "profile_background_tile": false, "profile_image_url": "http://pbs.twimg.com/profile_images/1134166882200633344/oJtYMPQf_normal.jpg", "profile_image_url_https": "https://pbs.twimg.com/profile_images/1134166882200633344/oJtYMPQf_normal.jpg", "profile_banner_url": "https://pbs.twimg.com/profile_banners/749217316953468928/1586331781", "profile_link_color": "1DA1F2", "profile_sidebar_border_color": "C0DEED", "profile_sidebar_fill_color": "DDEEF6", "profile_text_color": "333333", "profile_use_background_image": true, "has_extended_profile": false, "default_profile": true, "default_profile_image": false, "following": false, "follow_request_sent": false, "notifications": false, "translator_type": "none"}, "geo": null, "coordinates": null, "place": null, "contributors": null, "is_quote_status": false, "retweet_count": 1, "favorite_count": 1, "favorited": false, "retweeted": false, "possibly_sensitive": false, "possibly_sensitive_appealable": false, "lang": "en", "reply_count": 0}