{"created_at": "Sat Oct 13 22:55:16 +0000 2018", "id": 1051245013068382209, "id_str": "1051245013068382209", "full_text": "@BMbsf @DrGJackBrown @KSibla Oops you're right it was a dollar I stand corrected. It's just that it looked so much like a quarter I think it's stuck in my head as being a quarter, it was a useless piece currency which I think speaks volumes on the respect courageous women are given. \ud83e\udd10", "truncated": false, "display_text_range": [29, 285], "entities": {"hashtags": [], "symbols": [], "user_mentions": [{"screen_name": "BMbsf", "name": "Trying to finish Mueller Report by July 17, 2019", "id": 1014177629040140288, "id_str": "1014177629040140288", "indices": [0, 6]}, {"screen_name": "DrGJackBrown", "name": "Dr. Jack Brown", "id": 212445456, "id_str": "212445456", "indices": [7, 20]}, {"screen_name": "KSibla", "name": "Waiting for Sanity", "id": 3387586653, "id_str": "3387586653", "indices": [21, 28]}], "urls": []}, "source": "<a href=\"https://mobile.twitter.com\" rel=\"nofollow\">Twitter Web App</a>", "in_reply_to_status_id": 1051162275870998528, "in_reply_to_status_id_str": "1051162275870998528", "in_reply_to_user_id": 1014177629040140288, "in_reply_to_user_id_str": "1014177629040140288", "in_reply_to_screen_name": "BMbsf", "user": {"id": 895971572393156608, "id_str": "895971572393156608", "name": "Crone with Crohns", "screen_name": "adivawoman", "location": "North Carolina, USA", "description": "#TheResistance\n\nHobbies: Buying toilet paper in bulk, Checking poo/pee for blood, Racing to nearest Bathroom Likes: Food. Dislikes: Food triggers (all food).", "url": null, "entities": {"description": {"urls": []}}, "protected": false, "followers_count": 1689, "friends_count": 1942, "listed_count": 0, "created_at": "Fri Aug 11 11:34:04 +0000 2017", "favourites_count": 150496, "utc_offset": null, "time_zone": null, "geo_enabled": false, "verified": false, "statuses_count": 64180, "lang": null, "contributors_enabled": false, "is_translator": false, "is_translation_enabled": false, "profile_background_color": "F5F8FA", "profile_background_image_url": null, "profile_background_image_url_https": null, "profile_background_tile": false, "profile_image_url": "http://pbs.twimg.com/profile_images/1206231843189772289/oQ9Qv_8g_normal.png", "profile_image_url_https": "https://pbs.twimg.com/profile_images/1206231843189772289/oQ9Qv_8g_normal.png", "profile_banner_url": "https://pbs.twimg.com/profile_banners/895971572393156608/1519071248", "profile_link_color": "1DA1F2", "profile_sidebar_border_color": "C0DEED", "profile_sidebar_fill_color": "DDEEF6", "profile_text_color": "333333", "profile_use_background_image": true, "has_extended_profile": false, "default_profile": true, "default_profile_image": false, "following": false, "follow_request_sent": false, "notifications": false, "translator_type": "none"}, "geo": null, "coordinates": null, "place": null, "contributors": null, "is_quote_status": false, "retweet_count": 0, "favorite_count": 1, "favorited": false, "retweeted": false, "lang": "en", "reply_count": 1}