{"created_at": "Sat Oct 13 17:26:30 +0000 2018", "id": 1051162275870998528, "id_str": "1051162275870998528", "full_text": "@adivawoman @DrGJackBrown @KSibla It was a dollar coin. Our buses had a slogan on the fare box to get ppl to use the coins, \"Susan B. agrees with me. Dollar bills make me ill.\" It didn't work...\ud83d\ude44\ud83d\ude44\ud83d\ude44\ud83d\ude44", "truncated": false, "display_text_range": [34, 198], "entities": {"hashtags": [], "symbols": [], "user_mentions": [{"screen_name": "adivawoman", "name": "Crone with Crohns", "id": 895971572393156608, "id_str": "895971572393156608", "indices": [0, 11]}, {"screen_name": "DrGJackBrown", "name": "Dr. Jack Brown", "id": 212445456, "id_str": "212445456", "indices": [12, 25]}, {"screen_name": "KSibla", "name": "Waiting for Sanity", "id": 3387586653, "id_str": "3387586653", "indices": [26, 33]}], "urls": []}, "source": "<a href=\"http://twitter.com\" rel=\"nofollow\">Twitter Web Client</a>", "in_reply_to_status_id": 1050860893838462979, "in_reply_to_status_id_str": "1050860893838462979", "in_reply_to_user_id": 895971572393156608, "in_reply_to_user_id_str": "895971572393156608", "in_reply_to_screen_name": "adivawoman", "user": {"id": 1014177629040140288, "id_str": "1014177629040140288", "name": "Trying to finish Mueller Report by July 17, 2019", "screen_name": "BMbsf", "location": "", "description": "Well, there's always baseball...", "url": null, "entities": {"description": {"urls": []}}, "protected": false, "followers_count": 773, "friends_count": 3005, "listed_count": 1, "created_at": "Tue Jul 03 16:02:44 +0000 2018", "favourites_count": 163139, "utc_offset": null, "time_zone": null, "geo_enabled": false, "verified": false, "statuses_count": 22999, "lang": null, "contributors_enabled": false, "is_translator": false, "is_translation_enabled": false, "profile_background_color": "000000", "profile_background_image_url": "http://abs.twimg.com/images/themes/theme1/bg.png", "profile_background_image_url_https": "https://abs.twimg.com/images/themes/theme1/bg.png", "profile_background_tile": false, "profile_image_url": "http://pbs.twimg.com/profile_images/1014181875454115841/35JYYgNC_normal.jpg", "profile_image_url_https": "https://pbs.twimg.com/profile_images/1014181875454115841/35JYYgNC_normal.jpg", "profile_banner_url": "https://pbs.twimg.com/profile_banners/1014177629040140288/1530634809", "profile_link_color": "FA4616", "profile_sidebar_border_color": "000000", "profile_sidebar_fill_color": "000000", "profile_text_color": "000000", "profile_use_background_image": false, "has_extended_profile": true, "default_profile": false, "default_profile_image": false, "following": false, "follow_request_sent": false, "notifications": false, "translator_type": "none"}, "geo": null, "coordinates": null, "place": null, "contributors": null, "is_quote_status": false, "retweet_count": 0, "favorite_count": 2, "favorited": false, "retweeted": false, "lang": "en", "reply_count": 1}