{"created_at": "Sun Oct 14 01:18:00 +0000 2018", "id": 1051280930634158080, "id_str": "1051280930634158080", "full_text": "@profc71 @DrGJackBrown I agree - enough people are claiming 'fake news' already, without giving them free ammunition.", "truncated": false, "display_text_range": [23, 117], "entities": {"hashtags": [], "symbols": [], "user_mentions": [{"screen_name": "profc71", "name": "Research and Resist. And wash your hands, please.", "id": 800444236663373824, "id_str": "800444236663373824", "indices": [0, 8]}, {"screen_name": "DrGJackBrown", "name": "Dr. Jack Brown", "id": 212445456, "id_str": "212445456", "indices": [9, 22]}], "urls": []}, "source": "<a href=\"http://twitter.com\" rel=\"nofollow\">Twitter Web Client</a>", "in_reply_to_status_id": 1051225434640326656, "in_reply_to_status_id_str": "1051225434640326656", "in_reply_to_user_id": 800444236663373824, "in_reply_to_user_id_str": "800444236663373824", "in_reply_to_screen_name": "profc71", "user": {"id": 619480247, "id_str": "619480247", "name": "Harry Brownrigg", "screen_name": "harrybrownrigg", "location": "Citizen of Planet Earth", "description": "Psychotherapist in training.", "url": "http://t.co/txqg2uBUR3", "entities": {"url": {"urls": [{"url": "http://t.co/txqg2uBUR3", "expanded_url": "http://facebook.com/harry.brownrigg.7", "display_url": "facebook.com/harry.brownrig\u2026", "indices": [0, 22]}]}, "description": {"urls": []}}, "protected": false, "followers_count": 664, "friends_count": 756, "listed_count": 19, "created_at": "Tue Jun 26 22:43:34 +0000 2012", "favourites_count": 4665, "utc_offset": null, "time_zone": null, "geo_enabled": false, "verified": false, "statuses_count": 1975, "lang": null, "contributors_enabled": false, "is_translator": false, "is_translation_enabled": false, "profile_background_color": "C0DEED", "profile_background_image_url": "http://abs.twimg.com/images/themes/theme1/bg.png", "profile_background_image_url_https": "https://abs.twimg.com/images/themes/theme1/bg.png", "profile_background_tile": false, "profile_image_url": "http://pbs.twimg.com/profile_images/2344138687/wi8lbv6lnw1ac6uzys5b_normal.gif", "profile_image_url_https": "https://pbs.twimg.com/profile_images/2344138687/wi8lbv6lnw1ac6uzys5b_normal.gif", "profile_banner_url": "https://pbs.twimg.com/profile_banners/619480247/1479599771", "profile_link_color": "0084B4", "profile_sidebar_border_color": "C0DEED", "profile_sidebar_fill_color": "DDEEF6", "profile_text_color": "333333", "profile_use_background_image": true, "has_extended_profile": false, "default_profile": false, "default_profile_image": false, "following": false, "follow_request_sent": false, "notifications": false, "translator_type": "none"}, "geo": null, "coordinates": null, "place": null, "contributors": null, "is_quote_status": false, "retweet_count": 0, "favorite_count": 1, "favorited": false, "retweeted": false, "lang": "en", "reply_count": 0}