{"created_at": "Sun Jun 14 23:27:07 +0000 2020", "id": 1272309623568072705, "id_str": "1272309623568072705", "full_text": "@paulinacuriel_ @CindyCordeiro7 @Pr1ncessLily @AOC Funny how you label trump all these things yet can\u2019t prove any of it.. opinions are like assholes and everyone had one. Unfortunately for you it\u2019s just your opinion and happens to be wrong", "truncated": false, "display_text_range": [51, 239], "entities": {"hashtags": [], "symbols": [], "user_mentions": [{"screen_name": "paulinacuriel_", "name": "pau \ud83c\udf31", "id": 942900142612529152, "id_str": "942900142612529152", "indices": [0, 15]}, {"screen_name": "Pr1ncessLily", "name": "\ud83e\udd84Lily\ud83c\udf08\ud83d\ude37\ud83d\udce2BLM", "id": 1270535344795107328, "id_str": "1270535344795107328", "indices": [32, 45]}, {"screen_name": "AOC", "name": "Alexandria Ocasio-Cortez", "id": 138203134, "id_str": "138203134", "indices": [46, 50]}], "urls": []}, "source": "<a href=\"http://twitter.com/download/iphone\" rel=\"nofollow\">Twitter for iPhone</a>", "in_reply_to_status_id": 1272226331028144128, "in_reply_to_status_id_str": "1272226331028144128", "in_reply_to_user_id": 942900142612529152, "in_reply_to_user_id_str": "942900142612529152", "in_reply_to_screen_name": "paulinacuriel_", "user": {"id": 26543377, "id_str": "26543377", "name": "brandon brown", "screen_name": "bbrown1120", "location": "Charlotte, NC", "description": "Panthers, Hornets, Tarheels. Nuff Said", "url": null, "entities": {"description": {"urls": []}}, "protected": false, "followers_count": 10, "friends_count": 68, "listed_count": 0, "created_at": "Wed Mar 25 17:27:41 +0000 2009", "favourites_count": 64, "utc_offset": null, "time_zone": null, "geo_enabled": true, "verified": false, "statuses_count": 849, "lang": null, "contributors_enabled": false, "is_translator": false, "is_translation_enabled": false, "profile_background_color": "C0DEED", "profile_background_image_url": "http://abs.twimg.com/images/themes/theme1/bg.png", "profile_background_image_url_https": "https://abs.twimg.com/images/themes/theme1/bg.png", "profile_background_tile": false, "profile_image_url": "http://pbs.twimg.com/profile_images/1606371395/chillinatthegame-1_normal.jpg", "profile_image_url_https": "https://pbs.twimg.com/profile_images/1606371395/chillinatthegame-1_normal.jpg", "profile_link_color": "1DA1F2", "profile_sidebar_border_color": "C0DEED", "profile_sidebar_fill_color": "DDEEF6", "profile_text_color": "333333", "profile_use_background_image": true, "has_extended_profile": false, "default_profile": true, "default_profile_image": false, "following": false, "follow_request_sent": false, "notifications": false, "translator_type": "none"}, "geo": null, "coordinates": null, "place": null, "contributors": null, "is_quote_status": false, "retweet_count": 2, "favorite_count": 60, "favorited": false, "retweeted": false, "lang": "en", "reply_count": 15}