{"created_at": "Mon Jun 15 01:24:19 +0000 2020", "id": 1272339120036237312, "id_str": "1272339120036237312", "full_text": "@Ryan_mpls @bbrown1120 @paulinacuriel_ @CindyCordeiro7 @Pr1ncessLily @AOC You have him confused with joe Biden...and none,of the things you listed is rape.", "truncated": false, "display_text_range": [74, 155], "entities": {"hashtags": [], "symbols": [], "user_mentions": [{"screen_name": "Ryan_mpls", "name": "Ryan", "id": 1202725344, "id_str": "1202725344", "indices": [0, 10]}, {"screen_name": "bbrown1120", "name": "brandon brown", "id": 26543377, "id_str": "26543377", "indices": [11, 22]}, {"screen_name": "paulinacuriel_", "name": "pau \ud83c\udf31", "id": 942900142612529152, "id_str": "942900142612529152", "indices": [23, 38]}, {"screen_name": "Pr1ncessLily", "name": "\ud83e\udd84Lily\ud83c\udf08\ud83d\ude37\ud83d\udce2BLM", "id": 1270535344795107328, "id_str": "1270535344795107328", "indices": [55, 68]}, {"screen_name": "AOC", "name": "Alexandria Ocasio-Cortez", "id": 138203134, "id_str": "138203134", "indices": [69, 73]}], "urls": []}, "source": "<a href=\"http://twitter.com/#!/download/ipad\" rel=\"nofollow\">Twitter for iPad</a>", "in_reply_to_status_id": 1272330366364180481, "in_reply_to_status_id_str": "1272330366364180481", "in_reply_to_user_id": 1202725344, "in_reply_to_user_id_str": "1202725344", "in_reply_to_screen_name": "Ryan_mpls", "user": {"id": 3950218941, "id_str": "3950218941", "name": "Cynthia McGrath", "screen_name": "CynthiaMcGrath6", "location": "", "description": "\ud83c\uddfa\ud83c\uddf8\ud83c\uddfa\ud83c\uddf8Conservative, Insurance Broker/Consultant by day, Entertainer by night. #MAGA \ud83c\uddfa\ud83c\uddf8\ud83c\uddfa\ud83c\uddf8always up for a lively debate/conversation. Love our POTUS", "url": null, "entities": {"description": {"urls": []}}, "protected": false, "followers_count": 4471, "friends_count": 4969, "listed_count": 4, "created_at": "Tue Oct 13 22:17:48 +0000 2015", "favourites_count": 122679, "utc_offset": null, "time_zone": null, "geo_enabled": false, "verified": false, "statuses_count": 28855, "lang": null, "contributors_enabled": false, "is_translator": false, "is_translation_enabled": false, "profile_background_color": "C0DEED", "profile_background_image_url": "http://abs.twimg.com/images/themes/theme1/bg.png", "profile_background_image_url_https": "https://abs.twimg.com/images/themes/theme1/bg.png", "profile_background_tile": false, "profile_image_url": "http://pbs.twimg.com/profile_images/654071834900467712/FErHbxmY_normal.jpg", "profile_image_url_https": "https://pbs.twimg.com/profile_images/654071834900467712/FErHbxmY_normal.jpg", "profile_banner_url": "https://pbs.twimg.com/profile_banners/3950218941/1488152786", "profile_link_color": "1DA1F2", "profile_sidebar_border_color": "C0DEED", "profile_sidebar_fill_color": "DDEEF6", "profile_text_color": "333333", "profile_use_background_image": true, "has_extended_profile": false, "default_profile": true, "default_profile_image": false, "following": false, "follow_request_sent": false, "notifications": false, "translator_type": "none"}, "geo": null, "coordinates": null, "place": null, "contributors": null, "is_quote_status": false, "retweet_count": 0, "favorite_count": 27, "favorited": false, "retweeted": false, "lang": "en", "reply_count": 6}