{"created_at": "Tue Jun 16 18:03:05 +0000 2020", "id": 1272952854471340037, "id_str": "1272952854471340037", "full_text": "@paulinacuriel_ @CindyCordeiro7 @Pr1ncessLily @AOC Educated, assertive, opinionated, &amp; successful women scare/piss off the weak. Misogyny and internalized misogyny. Racism too. Instead of figuring out why THEY are hung up on her, they share old pics &amp; sling insults. They feel justified in their lizard brain adolescent bullying.", "truncated": false, "display_text_range": [51, 337], "entities": {"hashtags": [], "symbols": [], "user_mentions": [{"screen_name": "paulinacuriel_", "name": "pau \ud83c\udf31", "id": 942900142612529152, "id_str": "942900142612529152", "indices": [0, 15]}, {"screen_name": "CindyCordeiro7", "name": "\ud83c\uddfa\ud83c\uddf2\ud83c\uddfa\ud83c\uddf2 Cindy Claire \ud83c\uddfa\ud83c\uddf2\ud83c\uddfa\ud83c\uddf2", "id": 1153257400138379264, "id_str": "1153257400138379264", "indices": [16, 31]}, {"screen_name": "Pr1ncessLily", "name": "\ud83e\udd84Black Lives Matter\ud83c\udf08", "id": 1270535344795107328, "id_str": "1270535344795107328", "indices": [32, 45]}, {"screen_name": "AOC", "name": "Alexandria Ocasio-Cortez", "id": 138203134, "id_str": "138203134", "indices": [46, 50]}], "urls": []}, "source": "<a href=\"http://twitter.com/download/iphone\" rel=\"nofollow\">Twitter for iPhone</a>", "in_reply_to_status_id": 1272226331028144128, "in_reply_to_status_id_str": "1272226331028144128", "in_reply_to_user_id": 942900142612529152, "in_reply_to_user_id_str": "942900142612529152", "in_reply_to_screen_name": "paulinacuriel_", "user": {"id": 25023897, "id_str": "25023897", "name": "Gina Ritter", "screen_name": "GinaRitter", "location": "Sacramento & Bay Area, CA", "description": "30yr New Yorker turned 14yr Californian. Comedian. Writer. Laugher. Slacker. Single mommer. Co-creator of 4 boys.", "url": "https://t.co/dlcHZFmzil", "entities": {"url": {"urls": [{"url": "https://t.co/dlcHZFmzil", "expanded_url": "http://www.ginaritter.com", "display_url": "ginaritter.com", "indices": [0, 23]}]}, "description": {"urls": []}}, "protected": false, "followers_count": 1652, "friends_count": 660, "listed_count": 166, "created_at": "Wed Mar 18 03:56:03 +0000 2009", "favourites_count": 32553, "utc_offset": null, "time_zone": null, "geo_enabled": true, "verified": false, "statuses_count": 39280, "lang": null, "contributors_enabled": false, "is_translator": false, "is_translation_enabled": false, "profile_background_color": "BADFCD", "profile_background_image_url": "http://abs.twimg.com/images/themes/theme12/bg.gif", "profile_background_image_url_https": "https://abs.twimg.com/images/themes/theme12/bg.gif", "profile_background_tile": true, "profile_image_url": "http://pbs.twimg.com/profile_images/1806630832/gina-201202a_normal.jpg", "profile_image_url_https": "https://pbs.twimg.com/profile_images/1806630832/gina-201202a_normal.jpg", "profile_link_color": "FF0000", "profile_sidebar_border_color": "F2E195", "profile_sidebar_fill_color": "FFF7CC", "profile_text_color": "0C3E53", "profile_use_background_image": true, "has_extended_profile": true, "default_profile": false, "default_profile_image": false, "following": false, "follow_request_sent": false, "notifications": false, "translator_type": "none"}, "geo": null, "coordinates": null, "place": null, "contributors": null, "is_quote_status": false, "retweet_count": 0, "favorite_count": 4, "favorited": false, "retweeted": false, "lang": "en", "reply_count": 0}