{"created_at": "Mon Jun 15 16:22:04 +0000 2020", "id": 1272565044216238083, "id_str": "1272565044216238083", "full_text": "@BigNikKulbaba @theycallmefoxy7 @CynthiaMcGrath6 @Ryan_mpls @bbrown1120 @paulinacuriel_ @CindyCordeiro7 @Pr1ncessLily @AOC He was bff with that who committed suicide", "truncated": false, "display_text_range": [123, 165], "entities": {"hashtags": [], "symbols": [], "user_mentions": [{"screen_name": "BigNikKulbaba", "name": "Nick Kulbaba", "id": 221944402, "id_str": "221944402", "indices": [0, 14]}, {"screen_name": "theycallmefoxy7", "name": "girl code", "id": 1159734375564447746, "id_str": "1159734375564447746", "indices": [15, 31]}, {"screen_name": "CynthiaMcGrath6", "name": "Cynthia McGrath", "id": 3950218941, "id_str": "3950218941", "indices": [32, 48]}, {"screen_name": "Ryan_mpls", "name": "Ryan", "id": 1202725344, "id_str": "1202725344", "indices": [49, 59]}, {"screen_name": "bbrown1120", "name": "brandon brown", "id": 26543377, "id_str": "26543377", "indices": [60, 71]}, {"screen_name": "paulinacuriel_", "name": "pau \ud83c\udf31", "id": 942900142612529152, "id_str": "942900142612529152", "indices": [72, 87]}, {"screen_name": "Pr1ncessLily", "name": "\ud83e\udd84Lily\ud83c\udf08 \ud83d\udce2BLM", "id": 1270535344795107328, "id_str": "1270535344795107328", "indices": [104, 117]}, {"screen_name": "AOC", "name": "Alexandria Ocasio-Cortez", "id": 138203134, "id_str": "138203134", "indices": [118, 122]}], "urls": []}, "source": "<a href=\"http://twitter.com/download/iphone\" rel=\"nofollow\">Twitter for iPhone</a>", "in_reply_to_status_id": 1272520238832156672, "in_reply_to_status_id_str": "1272520238832156672", "in_reply_to_user_id": 221944402, "in_reply_to_user_id_str": "221944402", "in_reply_to_screen_name": "BigNikKulbaba", "user": {"id": 990075359424065536, "id_str": "990075359424065536", "name": "sicko.flow", "screen_name": "de_1a_cru7", "location": "", "description": "somewhat creative guy, the art follows in meee.", "url": "https://t.co/w1hsNbr2zD", "entities": {"url": {"urls": [{"url": "https://t.co/w1hsNbr2zD", "expanded_url": "https://instagram.com/a_kid_name_art?r=nametag", "display_url": "instagram.com/a_kid_name_art\u2026", "indices": [0, 23]}]}, "description": {"urls": []}}, "protected": false, "followers_count": 12, "friends_count": 119, "listed_count": 0, "created_at": "Sat Apr 28 03:48:55 +0000 2018", "favourites_count": 2610, "utc_offset": null, "time_zone": null, "geo_enabled": false, "verified": false, "statuses_count": 1139, "lang": null, "contributors_enabled": false, "is_translator": false, "is_translation_enabled": false, "profile_background_color": "000000", "profile_background_image_url": "http://abs.twimg.com/images/themes/theme1/bg.png", "profile_background_image_url_https": "https://abs.twimg.com/images/themes/theme1/bg.png", "profile_background_tile": false, "profile_image_url": "http://pbs.twimg.com/profile_images/1235899663875739648/tJ3aZxWN_normal.jpg", "profile_image_url_https": "https://pbs.twimg.com/profile_images/1235899663875739648/tJ3aZxWN_normal.jpg", "profile_banner_url": "https://pbs.twimg.com/profile_banners/990075359424065536/1583496498", "profile_link_color": "91D2FA", "profile_sidebar_border_color": "000000", "profile_sidebar_fill_color": "000000", "profile_text_color": "000000", "profile_use_background_image": false, "has_extended_profile": false, "default_profile": false, "default_profile_image": false, "following": false, "follow_request_sent": false, "notifications": false, "translator_type": "none"}, "geo": null, "coordinates": null, "place": null, "contributors": null, "is_quote_status": false, "retweet_count": 0, "favorite_count": 5, "favorited": false, "retweeted": false, "lang": "en", "reply_count": 1}