{"created_at": "Tue Jun 16 09:05:22 +0000 2020", "id": 1272817532735574017, "id_str": "1272817532735574017", "full_text": "@CindyCordeiro7 @Pr1ncessLily @AOC IT\u2019S GOOD TO SEE SOME PLACES ARE BACK OPEN FOR BUSINESS, SINCE THE WUHAN CORONAVIRUS HIT!!!", "truncated": false, "display_text_range": [35, 126], "entities": {"hashtags": [], "symbols": [], "user_mentions": [{"screen_name": "CindyCordeiro7", "name": "\ud83c\uddfa\ud83c\uddf2\ud83c\uddfa\ud83c\uddf2 Cindy Claire \ud83c\uddfa\ud83c\uddf2\ud83c\uddfa\ud83c\uddf2", "id": 1153257400138379264, "id_str": "1153257400138379264", "indices": [0, 15]}, {"screen_name": "Pr1ncessLily", "name": "\ud83e\udd84Black Lives Matter\ud83c\udf08", "id": 1270535344795107328, "id_str": "1270535344795107328", "indices": [16, 29]}, {"screen_name": "AOC", "name": "Alexandria Ocasio-Cortez", "id": 138203134, "id_str": "138203134", "indices": [30, 34]}], "urls": []}, "source": "<a href=\"http://twitter.com/download/iphone\" rel=\"nofollow\">Twitter for iPhone</a>", "in_reply_to_status_id": 1272222678510952450, "in_reply_to_status_id_str": "1272222678510952450", "in_reply_to_user_id": 1153257400138379264, "in_reply_to_user_id_str": "1153257400138379264", "in_reply_to_screen_name": "CindyCordeiro7", "user": {"id": 813115479376142340, "id_str": "813115479376142340", "name": "\u274cBonzer56 Q\u274c", "screen_name": "Bonzer56", "location": "United States", "description": "Trump supporter!I follow back!\u201d#MAGA, #PATRIOT UNITED,#CONSERVATIVE, #BUILD THE WALL, # DRAIN SWAMP#WALK AWAY#KAG READ MY TWEETS & \u201cREPLIES\u201d", "url": null, "entities": {"description": {"urls": []}}, "protected": false, "followers_count": 7250, "friends_count": 7709, "listed_count": 4, "created_at": "Sun Dec 25 20:13:32 +0000 2016", "favourites_count": 42217, "utc_offset": null, "time_zone": null, "geo_enabled": true, "verified": false, "statuses_count": 102876, "lang": null, "contributors_enabled": false, "is_translator": false, "is_translation_enabled": false, "profile_background_color": "F5F8FA", "profile_background_image_url": null, "profile_background_image_url_https": null, "profile_background_tile": false, "profile_image_url": "http://abs.twimg.com/sticky/default_profile_images/default_profile_normal.png", "profile_image_url_https": "https://abs.twimg.com/sticky/default_profile_images/default_profile_normal.png", "profile_link_color": "1DA1F2", "profile_sidebar_border_color": "C0DEED", "profile_sidebar_fill_color": "DDEEF6", "profile_text_color": "333333", "profile_use_background_image": true, "has_extended_profile": false, "default_profile": true, "default_profile_image": true, "following": false, "follow_request_sent": false, "notifications": false, "translator_type": "none"}, "geo": null, "coordinates": null, "place": null, "contributors": null, "is_quote_status": false, "retweet_count": 0, "favorite_count": 0, "favorited": false, "retweeted": false, "lang": "en", "reply_count": 0}