{"created_at": "Tue Jun 16 01:50:06 +0000 2020", "id": 1272707995428741122, "id_str": "1272707995428741122", "full_text": "@CindyCordeiro7 @Pr1ncessLily @AOC Yeap. Move on. Isn\u2019t there enough destruction and violence to keep you entertained so you don\u2019t revert to middle school humor?", "truncated": false, "display_text_range": [35, 161], "entities": {"hashtags": [], "symbols": [], "user_mentions": [{"screen_name": "Pr1ncessLily", "name": "\ud83e\udd84Lily\ud83c\udf08\ud83d\ude37\ud83d\udce2BLM", "id": 1270535344795107328, "id_str": "1270535344795107328", "indices": [16, 29]}, {"screen_name": "AOC", "name": "Alexandria Ocasio-Cortez", "id": 138203134, "id_str": "138203134", "indices": [30, 34]}], "urls": []}, "source": "<a href=\"http://twitter.com/download/iphone\" rel=\"nofollow\">Twitter for iPhone</a>", "in_reply_to_status_id": 1272222678510952450, "in_reply_to_status_id_str": "1272222678510952450", "in_reply_to_user_id": 1153257400138379264, "in_reply_to_user_id_str": "1153257400138379264", "in_reply_to_screen_name": "Cindyclaire77", "user": {"id": 1086908323, "id_str": "1086908323", "name": "Veronica Flores", "screen_name": "TripleNotion", "location": "Los Angeles", "description": "CEO of a social justice organization #CHC. activist committed to racial equity", "url": "https://t.co/8l9sPiCl48", "entities": {"url": {"urls": [{"url": "https://t.co/8l9sPiCl48", "expanded_url": "http://www.chc-inc.org", "display_url": "chc-inc.org", "indices": [0, 23]}]}, "description": {"urls": []}}, "protected": false, "followers_count": 87, "friends_count": 817, "listed_count": 1, "created_at": "Sun Jan 13 18:45:14 +0000 2013", "favourites_count": 6590, "utc_offset": null, "time_zone": null, "geo_enabled": false, "verified": false, "statuses_count": 2135, "lang": null, "contributors_enabled": false, "is_translator": false, "is_translation_enabled": false, "profile_background_color": "352726", "profile_background_image_url": "http://abs.twimg.com/images/themes/theme5/bg.gif", "profile_background_image_url_https": "https://abs.twimg.com/images/themes/theme5/bg.gif", "profile_background_tile": false, "profile_image_url": "http://pbs.twimg.com/profile_images/926877596247212033/vas_fl51_normal.jpg", "profile_image_url_https": "https://pbs.twimg.com/profile_images/926877596247212033/vas_fl51_normal.jpg", "profile_link_color": "D02B55", "profile_sidebar_border_color": "829D5E", "profile_sidebar_fill_color": "99CC33", "profile_text_color": "3E4415", "profile_use_background_image": true, "has_extended_profile": false, "default_profile": false, "default_profile_image": false, "following": false, "follow_request_sent": false, "notifications": false, "translator_type": "none"}, "geo": null, "coordinates": null, "place": null, "contributors": null, "is_quote_status": false, "retweet_count": 0, "favorite_count": 1, "favorited": false, "retweeted": false, "lang": "en", "reply_count": 0}