{"created_at": "Mon Jun 15 00:49:32 +0000 2020", "id": 1272330366364180481, "id_str": "1272330366364180481", "full_text": "@bbrown1120 @paulinacuriel_ @CindyCordeiro7 @Pr1ncessLily @AOC Prove it?! He admitted that he just grabs women by the pussy? Have you not seen the videos of him trying to kiss teens? There\u2019s more than one", "truncated": false, "display_text_range": [63, 204], "entities": {"hashtags": [], "symbols": [], "user_mentions": [{"screen_name": "bbrown1120", "name": "brandon brown", "id": 26543377, "id_str": "26543377", "indices": [0, 11]}, {"screen_name": "paulinacuriel_", "name": "pau \ud83c\udf31", "id": 942900142612529152, "id_str": "942900142612529152", "indices": [12, 27]}, {"screen_name": "Pr1ncessLily", "name": "\ud83e\udd84Lily\ud83c\udf08 \ud83d\udce2BLM", "id": 1270535344795107328, "id_str": "1270535344795107328", "indices": [44, 57]}, {"screen_name": "AOC", "name": "Alexandria Ocasio-Cortez", "id": 138203134, "id_str": "138203134", "indices": [58, 62]}], "urls": []}, "source": "<a href=\"http://twitter.com/download/iphone\" rel=\"nofollow\">Twitter for iPhone</a>", "in_reply_to_status_id": 1272309623568072705, "in_reply_to_status_id_str": "1272309623568072705", "in_reply_to_user_id": 26543377, "in_reply_to_user_id_str": "26543377", "in_reply_to_screen_name": "bbrown1120", "user": {"id": 1202725344, "id_str": "1202725344", "name": "Ryan", "screen_name": "Ryan_mpls", "location": "Mn", "description": "Baseball and super tasting. I follow back", "url": null, "entities": {"description": {"urls": []}}, "protected": false, "followers_count": 21, "friends_count": 120, "listed_count": 0, "created_at": "Thu Feb 21 02:24:37 +0000 2013", "favourites_count": 1033, "utc_offset": null, "time_zone": null, "geo_enabled": false, "verified": false, "statuses_count": 320, "lang": null, "contributors_enabled": false, "is_translator": false, "is_translation_enabled": false, "profile_background_color": "C0DEED", "profile_background_image_url": "http://abs.twimg.com/images/themes/theme1/bg.png", "profile_background_image_url_https": "https://abs.twimg.com/images/themes/theme1/bg.png", "profile_background_tile": false, "profile_image_url": "http://pbs.twimg.com/profile_images/1055302286694469633/Qh0eBQJZ_normal.jpg", "profile_image_url_https": "https://pbs.twimg.com/profile_images/1055302286694469633/Qh0eBQJZ_normal.jpg", "profile_link_color": "1DA1F2", "profile_sidebar_border_color": "C0DEED", "profile_sidebar_fill_color": "DDEEF6", "profile_text_color": "333333", "profile_use_background_image": true, "has_extended_profile": false, "default_profile": true, "default_profile_image": false, "following": false, "follow_request_sent": false, "notifications": false, "translator_type": "none"}, "geo": null, "coordinates": null, "place": null, "contributors": null, "is_quote_status": false, "retweet_count": 2, "favorite_count": 107, "favorited": false, "retweeted": false, "lang": "en", "reply_count": 3}