{"created_at": "Sun Jun 14 17:56:08 +0000 2020", "id": 1272226331028144128, "id_str": "1272226331028144128", "full_text": "@CindyCordeiro7 @Pr1ncessLily @AOC It must be humiliating to have, who knows how many, pictures of AOC from her early 20s maybe even as a teenager, and try to use it against her. Your president is a rapist, a racist, a homophobe, xenophobic, and more.. but you\u2019re mad at her because she\u2019s successful and smart... ok", "truncated": false, "display_text_range": [35, 315], "entities": {"hashtags": [], "symbols": [], "user_mentions": [{"screen_name": "CindyCordeiro7", "name": "\ud83c\uddfa\ud83c\uddf2\ud83c\uddfa\ud83c\uddf2 Cindy Claire \ud83c\uddfa\ud83c\uddf2\ud83c\uddfa\ud83c\uddf2", "id": 1153257400138379264, "id_str": "1153257400138379264", "indices": [0, 15]}, {"screen_name": "Pr1ncessLily", "name": "Lily\ud83e\udd84Black Lives Matter\ud83c\udf08", "id": 1270535344795107328, "id_str": "1270535344795107328", "indices": [16, 29]}, {"screen_name": "AOC", "name": "Alexandria Ocasio-Cortez", "id": 138203134, "id_str": "138203134", "indices": [30, 34]}], "urls": []}, "source": "<a href=\"http://twitter.com/download/iphone\" rel=\"nofollow\">Twitter for iPhone</a>", "in_reply_to_status_id": 1272222678510952450, "in_reply_to_status_id_str": "1272222678510952450", "in_reply_to_user_id": 1153257400138379264, "in_reply_to_user_id_str": "1153257400138379264", "in_reply_to_screen_name": "CindyCordeiro7", "user": {"id": 942900142612529152, "id_str": "942900142612529152", "name": "pau \ud83c\udf31", "screen_name": "paulinacuriel_", "location": "Portland, OR", "description": "portland, or - taurus - live & love passionately", "url": "https://t.co/deqBwgpg8X", "entities": {"url": {"urls": [{"url": "https://t.co/deqBwgpg8X", "expanded_url": "http://instagram.com/paulinacuriel_", "display_url": "instagram.com/paulinacuriel_", "indices": [0, 23]}]}, "description": {"urls": []}}, "protected": false, "followers_count": 150, "friends_count": 153, "listed_count": 0, "created_at": "Mon Dec 18 23:31:27 +0000 2017", "favourites_count": 12103, "utc_offset": null, "time_zone": null, "geo_enabled": true, "verified": false, "statuses_count": 1355, "lang": null, "contributors_enabled": false, "is_translator": false, "is_translation_enabled": false, "profile_background_color": "F5F8FA", "profile_background_image_url": null, "profile_background_image_url_https": null, "profile_background_tile": false, "profile_image_url": "http://pbs.twimg.com/profile_images/1274400097975955456/UZ95UD0Z_normal.jpg", "profile_image_url_https": "https://pbs.twimg.com/profile_images/1274400097975955456/UZ95UD0Z_normal.jpg", "profile_banner_url": "https://pbs.twimg.com/profile_banners/942900142612529152/1593300894", "profile_link_color": "1DA1F2", "profile_sidebar_border_color": "C0DEED", "profile_sidebar_fill_color": "DDEEF6", "profile_text_color": "333333", "profile_use_background_image": true, "has_extended_profile": true, "default_profile": true, "default_profile_image": false, "following": false, "follow_request_sent": false, "notifications": false, "translator_type": "none"}, "geo": null, "coordinates": null, "place": null, "contributors": null, "is_quote_status": false, "retweet_count": 15, "favorite_count": 406, "favorited": false, "retweeted": false, "lang": "en", "reply_count": 18}