{"created_at": "Tue Jun 16 04:06:26 +0000 2020", "id": 1272742303220678656, "id_str": "1272742303220678656", "full_text": "@paulinacuriel_ @CindyCordeiro7 @Pr1ncessLily @AOC Weird all this conjecture with zero evidence or proof. Calling some fancy names doesnt make you smart. Your candidate touches little girls on camera and you dont bat an eye. Let's not forgot all of the racist stuff Biden is on camera doing.", "truncated": false, "display_text_range": [51, 291], "entities": {"hashtags": [], "symbols": [], "user_mentions": [{"screen_name": "paulinacuriel_", "name": "Paulina\ud83c\udf38\ud83e\udd8e\ud83c\udf1e\ud83c\udf44\ud83c\udf31", "id": 942900142612529152, "id_str": "942900142612529152", "indices": [0, 15]}, {"screen_name": "CindyCordeiro7", "name": "\ud83c\uddfa\ud83c\uddf2\ud83c\uddfa\ud83c\uddf2 Cindy Claire \ud83c\uddfa\ud83c\uddf2\ud83c\uddfa\ud83c\uddf2", "id": 1153257400138379264, "id_str": "1153257400138379264", "indices": [16, 31]}, {"screen_name": "Pr1ncessLily", "name": "\ud83e\udd84Black Lives Matter\ud83c\udf08", "id": 1270535344795107328, "id_str": "1270535344795107328", "indices": [32, 45]}, {"screen_name": "AOC", "name": "Alexandria Ocasio-Cortez", "id": 138203134, "id_str": "138203134", "indices": [46, 50]}], "urls": []}, "source": "<a href=\"https://mobile.twitter.com\" rel=\"nofollow\">Twitter Web App</a>", "in_reply_to_status_id": 1272226331028144128, "in_reply_to_status_id_str": "1272226331028144128", "in_reply_to_user_id": 942900142612529152, "in_reply_to_user_id_str": "942900142612529152", "in_reply_to_screen_name": "paulinacuriel_", "user": {"id": 908407843, "id_str": "908407843", "name": "Arizonas best", "screen_name": "cptn_taylor", "location": "", "description": "just do you and ill do me", "url": null, "entities": {"description": {"urls": []}}, "protected": false, "followers_count": 13, "friends_count": 42, "listed_count": 0, "created_at": "Sat Oct 27 16:05:31 +0000 2012", "favourites_count": 536, "utc_offset": null, "time_zone": null, "geo_enabled": false, "verified": false, "statuses_count": 457, "lang": null, "contributors_enabled": false, "is_translator": false, "is_translation_enabled": false, "profile_background_color": "C0DEED", "profile_background_image_url": "http://abs.twimg.com/images/themes/theme1/bg.png", "profile_background_image_url_https": "https://abs.twimg.com/images/themes/theme1/bg.png", "profile_background_tile": false, "profile_image_url": "http://abs.twimg.com/sticky/default_profile_images/default_profile_normal.png", "profile_image_url_https": "https://abs.twimg.com/sticky/default_profile_images/default_profile_normal.png", "profile_link_color": "1DA1F2", "profile_sidebar_border_color": "C0DEED", "profile_sidebar_fill_color": "DDEEF6", "profile_text_color": "333333", "profile_use_background_image": true, "has_extended_profile": false, "default_profile": true, "default_profile_image": true, "following": false, "follow_request_sent": false, "notifications": false, "translator_type": "none"}, "geo": null, "coordinates": null, "place": null, "contributors": null, "is_quote_status": false, "retweet_count": 0, "favorite_count": 0, "favorited": false, "retweeted": false, "lang": "en", "reply_count": 0}