{"created_at": "Mon Jun 15 04:39:41 +0000 2020", "id": 1272388285164183553, "id_str": "1272388285164183553", "full_text": "@CynthiaMcGrath6 @Ryan_mpls @bbrown1120 @paulinacuriel_ @CindyCordeiro7 @Pr1ncessLily @AOC Y\u2019all forgetting he\u2019s involved in child sex trafficking???", "truncated": false, "display_text_range": [91, 149], "entities": {"hashtags": [], "symbols": [], "user_mentions": [{"screen_name": "CynthiaMcGrath6", "name": "Cynthia McGrath", "id": 3950218941, "id_str": "3950218941", "indices": [0, 16]}, {"screen_name": "Ryan_mpls", "name": "Ryan", "id": 1202725344, "id_str": "1202725344", "indices": [17, 27]}, {"screen_name": "bbrown1120", "name": "brandon brown", "id": 26543377, "id_str": "26543377", "indices": [28, 39]}, {"screen_name": "paulinacuriel_", "name": "pau \ud83c\udf31", "id": 942900142612529152, "id_str": "942900142612529152", "indices": [40, 55]}, {"screen_name": "CindyCordeiro7", "name": "\ud83c\uddfa\ud83c\uddf2\ud83c\uddfa\ud83c\uddf2 Cindy Claire \ud83c\uddfa\ud83c\uddf2\ud83c\uddfa\ud83c\uddf2", "id": 1153257400138379264, "id_str": "1153257400138379264", "indices": [56, 71]}, {"screen_name": "Pr1ncessLily", "name": "\ud83e\udd84Black Lives Matter\ud83c\udf08", "id": 1270535344795107328, "id_str": "1270535344795107328", "indices": [72, 85]}, {"screen_name": "AOC", "name": "Alexandria Ocasio-Cortez", "id": 138203134, "id_str": "138203134", "indices": [86, 90]}], "urls": []}, "source": "<a href=\"http://twitter.com/download/iphone\" rel=\"nofollow\">Twitter for iPhone</a>", "in_reply_to_status_id": 1272339120036237312, "in_reply_to_status_id_str": "1272339120036237312", "in_reply_to_user_id": 3950218941, "in_reply_to_user_id_str": "3950218941", "in_reply_to_screen_name": "CynthiaMcGrath6", "user": {"id": 1159734375564447746, "id_str": "1159734375564447746", "name": "girl code", "screen_name": "theycallmefoxy7", "location": "", "description": "#blacklivesmatter                                      \ud83c\udf03\u2022CityOnLock\u2022 Out Now\ud83d\udc97", "url": null, "entities": {"description": {"urls": []}}, "protected": false, "followers_count": 84, "friends_count": 47, "listed_count": 0, "created_at": "Fri Aug 09 07:53:16 +0000 2019", "favourites_count": 22082, "utc_offset": null, "time_zone": null, "geo_enabled": false, "verified": false, "statuses_count": 2662, "lang": null, "contributors_enabled": false, "is_translator": false, "is_translation_enabled": false, "profile_background_color": "F5F8FA", "profile_background_image_url": null, "profile_background_image_url_https": null, "profile_background_tile": false, "profile_image_url": "http://pbs.twimg.com/profile_images/1275694777565163523/Qb4jhOL7_normal.jpg", "profile_image_url_https": "https://pbs.twimg.com/profile_images/1275694777565163523/Qb4jhOL7_normal.jpg", "profile_banner_url": "https://pbs.twimg.com/profile_banners/1159734375564447746/1592984311", "profile_link_color": "1DA1F2", "profile_sidebar_border_color": "C0DEED", "profile_sidebar_fill_color": "DDEEF6", "profile_text_color": "333333", "profile_use_background_image": true, "has_extended_profile": true, "default_profile": true, "default_profile_image": false, "following": false, "follow_request_sent": false, "notifications": false, "translator_type": "none"}, "geo": null, "coordinates": null, "place": null, "contributors": null, "is_quote_status": false, "retweet_count": 2, "favorite_count": 64, "favorited": false, "retweeted": false, "lang": "en", "reply_count": 2}