{"created_at": "Thu Jun 18 06:21:47 +0000 2020", "id": 1273501141557407744, "id_str": "1273501141557407744", "full_text": "@CindyCordeiro7 @Pr1ncessLily @AOC The fact that this is so badly photoshopped but everyone believes it...typical old people", "truncated": false, "display_text_range": [35, 124], "entities": {"hashtags": [], "symbols": [], "user_mentions": [{"screen_name": "CindyCordeiro7", "name": "\ud83c\uddfa\ud83c\uddf2\ud83c\uddfa\ud83c\uddf2 Cindy Claire \ud83c\uddfa\ud83c\uddf2\ud83c\uddfa\ud83c\uddf2", "id": 1153257400138379264, "id_str": "1153257400138379264", "indices": [0, 15]}, {"screen_name": "Pr1ncessLily", "name": "\ud83e\udd84Black Lives Matter\ud83c\udf08", "id": 1270535344795107328, "id_str": "1270535344795107328", "indices": [16, 29]}, {"screen_name": "AOC", "name": "Alexandria Ocasio-Cortez", "id": 138203134, "id_str": "138203134", "indices": [30, 34]}], "urls": []}, "source": "<a href=\"http://twitter.com/download/iphone\" rel=\"nofollow\">Twitter for iPhone</a>", "in_reply_to_status_id": 1272222678510952450, "in_reply_to_status_id_str": "1272222678510952450", "in_reply_to_user_id": 1153257400138379264, "in_reply_to_user_id_str": "1153257400138379264", "in_reply_to_screen_name": "CindyCordeiro7", "user": {"id": 1181047704345927680, "id_str": "1181047704345927680", "name": "Beans", "screen_name": "auxified", "location": "", "description": "", "url": null, "entities": {"description": {"urls": []}}, "protected": false, "followers_count": 0, "friends_count": 2, "listed_count": 0, "created_at": "Mon Oct 07 03:24:57 +0000 2019", "favourites_count": 187, "utc_offset": null, "time_zone": null, "geo_enabled": false, "verified": false, "statuses_count": 97, "lang": null, "contributors_enabled": false, "is_translator": false, "is_translation_enabled": false, "profile_background_color": "F5F8FA", "profile_background_image_url": null, "profile_background_image_url_https": null, "profile_background_tile": false, "profile_image_url": "http://pbs.twimg.com/profile_images/1207520785423712262/jKYl3fAS_normal.jpg", "profile_image_url_https": "https://pbs.twimg.com/profile_images/1207520785423712262/jKYl3fAS_normal.jpg", "profile_link_color": "1DA1F2", "profile_sidebar_border_color": "C0DEED", "profile_sidebar_fill_color": "DDEEF6", "profile_text_color": "333333", "profile_use_background_image": true, "has_extended_profile": false, "default_profile": true, "default_profile_image": false, "following": false, "follow_request_sent": false, "notifications": false, "translator_type": "none"}, "geo": null, "coordinates": null, "place": null, "contributors": null, "is_quote_status": false, "retweet_count": 0, "favorite_count": 3, "favorited": false, "retweeted": false, "lang": "en", "reply_count": 0}