{"created_at": "Wed Jun 17 20:19:02 +0000 2020", "id": 1273349457002795013, "id_str": "1273349457002795013", "full_text": "@tachiXO @CindyCordeiro7 @Pr1ncessLily @AOC \ud83c\udf44 Stormie was right! LOL! Now, someone PLEASE pass the EYE BLEACH!!!", "truncated": false, "display_text_range": [44, 112], "entities": {"hashtags": [], "symbols": [], "user_mentions": [{"screen_name": "tachiXO", "name": "Tachi", "id": 1178544809838960640, "id_str": "1178544809838960640", "indices": [0, 8]}, {"screen_name": "CindyCordeiro7", "name": "\ud83c\uddfa\ud83c\uddf2\ud83c\uddfa\ud83c\uddf2 Cindy Claire \ud83c\uddfa\ud83c\uddf2\ud83c\uddfa\ud83c\uddf2", "id": 1153257400138379264, "id_str": "1153257400138379264", "indices": [9, 24]}, {"screen_name": "Pr1ncessLily", "name": "\ud83e\udd84Black Lives Matter\ud83c\udf08", "id": 1270535344795107328, "id_str": "1270535344795107328", "indices": [25, 38]}, {"screen_name": "AOC", "name": "Alexandria Ocasio-Cortez", "id": 138203134, "id_str": "138203134", "indices": [39, 43]}], "urls": []}, "source": "<a href=\"http://twitter.com/download/android\" rel=\"nofollow\">Twitter for Android</a>", "in_reply_to_status_id": 1272620594727538690, "in_reply_to_status_id_str": "1272620594727538690", "in_reply_to_user_id": 1178544809838960640, "in_reply_to_user_id_str": "1178544809838960640", "in_reply_to_screen_name": "tachiXO", "user": {"id": 809116232700006400, "id_str": "809116232700006400", "name": "Betsy Jones", "screen_name": "BetsEJo576117", "location": "United States", "description": "I am me.There is no one else like me. Opinionated & Bold, known to say what others only dare to think. Granddaughter of Strong Southern Dem Woman for ERA.", "url": null, "entities": {"description": {"urls": []}}, "protected": false, "followers_count": 548, "friends_count": 868, "listed_count": 0, "created_at": "Wed Dec 14 19:21:57 +0000 2016", "favourites_count": 17247, "utc_offset": null, "time_zone": null, "geo_enabled": false, "verified": false, "statuses_count": 2840, "lang": null, "contributors_enabled": false, "is_translator": false, "is_translation_enabled": false, "profile_background_color": "F5F8FA", "profile_background_image_url": null, "profile_background_image_url_https": null, "profile_background_tile": false, "profile_image_url": "http://pbs.twimg.com/profile_images/1223374168416292868/wlpnkyX2_normal.jpg", "profile_image_url_https": "https://pbs.twimg.com/profile_images/1223374168416292868/wlpnkyX2_normal.jpg", "profile_banner_url": "https://pbs.twimg.com/profile_banners/809116232700006400/1557351313", "profile_link_color": "1DA1F2", "profile_sidebar_border_color": "C0DEED", "profile_sidebar_fill_color": "DDEEF6", "profile_text_color": "333333", "profile_use_background_image": true, "has_extended_profile": true, "default_profile": true, "default_profile_image": false, "following": false, "follow_request_sent": false, "notifications": false, "translator_type": "none"}, "geo": null, "coordinates": null, "place": null, "contributors": null, "is_quote_status": false, "retweet_count": 0, "favorite_count": 0, "favorited": false, "retweeted": false, "lang": "en", "reply_count": 0}