{"created_at": "Sun Jun 21 09:49:53 +0000 2020", "id": 1274640677985533952, "id_str": "1274640677985533952", "full_text": "@CindyCordeiro7 @Pr1ncessLily @AOC By the way that photo is fake... #FakeNews https://t.co/jES2BQUKKO", "truncated": false, "display_text_range": [35, 101], "entities": {"hashtags": [{"text": "FakeNews", "indices": [68, 77]}], "symbols": [], "user_mentions": [{"screen_name": "Pr1ncessLily", "name": "\ud83e\udd84Lily\ud83c\udf08\ud83d\ude37\ud83d\udce2BLM", "id": 1270535344795107328, "id_str": "1270535344795107328", "indices": [16, 29]}, {"screen_name": "AOC", "name": "Alexandria Ocasio-Cortez", "id": 138203134, "id_str": "138203134", "indices": [30, 34]}], "urls": [{"url": "https://t.co/jES2BQUKKO", "expanded_url": "https://www.snopes.com/fact-check/ocasio-cortez-fake-photo", "display_url": "snopes.com/fact-check/oca\u2026", "indices": [78, 101]}]}, "source": "<a href=\"http://twitter.com/download/iphone\" rel=\"nofollow\">Twitter for iPhone</a>", "in_reply_to_status_id": 1272222678510952450, "in_reply_to_status_id_str": "1272222678510952450", "in_reply_to_user_id": 1153257400138379264, "in_reply_to_user_id_str": "1153257400138379264", "in_reply_to_screen_name": "Cindyclaire77", "user": {"id": 863821956, "id_str": "863821956", "name": "Alexivan", "screen_name": "alexivan_bk", "location": "Brooklyn, NY", "description": "| Music | Politics | Laughs | Getting to know the neighborhood \ud83e\uddd0 IG:https://t.co/UarIN7pSgY", "url": "https://t.co/cSSirP8ttt", "entities": {"url": {"urls": [{"url": "https://t.co/cSSirP8ttt", "expanded_url": "https://soundcloud.com/alexivan_bk", "display_url": "soundcloud.com/alexivan_bk", "indices": [0, 23]}]}, "description": {"urls": [{"url": "https://t.co/UarIN7pSgY", "expanded_url": "http://instagram.com/alexivan_bk", "display_url": "instagram.com/alexivan_bk", "indices": [68, 91]}]}}, "protected": false, "followers_count": 28, "friends_count": 92, "listed_count": 0, "created_at": "Fri Oct 05 23:29:50 +0000 2012", "favourites_count": 1284, "utc_offset": null, "time_zone": null, "geo_enabled": false, "verified": false, "statuses_count": 1153, "lang": null, "contributors_enabled": false, "is_translator": false, "is_translation_enabled": false, "profile_background_color": "000000", "profile_background_image_url": "http://abs.twimg.com/images/themes/theme1/bg.png", "profile_background_image_url_https": "https://abs.twimg.com/images/themes/theme1/bg.png", "profile_background_tile": false, "profile_image_url": "http://pbs.twimg.com/profile_images/916929379028127744/mzJjaEcK_normal.jpg", "profile_image_url_https": "https://pbs.twimg.com/profile_images/916929379028127744/mzJjaEcK_normal.jpg", "profile_banner_url": "https://pbs.twimg.com/profile_banners/863821956/1554832372", "profile_link_color": "329A3E", "profile_sidebar_border_color": "000000", "profile_sidebar_fill_color": "000000", "profile_text_color": "000000", "profile_use_background_image": false, "has_extended_profile": false, "default_profile": false, "default_profile_image": false, "following": false, "follow_request_sent": false, "notifications": false, "translator_type": "none"}, "geo": null, "coordinates": null, "place": null, "contributors": null, "is_quote_status": false, "retweet_count": 0, "favorite_count": 0, "favorited": false, "retweeted": false, "possibly_sensitive": false, "possibly_sensitive_appealable": false, "lang": "en", "reply_count": 0}