{"created_at": "Sun Jun 21 06:31:47 +0000 2020", "id": 1274590823582179330, "id_str": "1274590823582179330", "full_text": "@CindyCordeiro7 @Pr1ncessLily @AOC Trump has 5 kids by 3 baby mommas and at least \u201c2\u201d pornstars under his belt and you wanna talk about skeletons... you should delete that photo before trump tries to grab it. https://t.co/5IF1isP1B4", "truncated": false, "display_text_range": [35, 208], "entities": {"hashtags": [], "symbols": [], "user_mentions": [{"screen_name": "CindyCordeiro7", "name": "\ud83c\uddfa\ud83c\uddf2\ud83c\uddfa\ud83c\uddf2 Cindy Claire \ud83c\uddfa\ud83c\uddf2\ud83c\uddfa\ud83c\uddf2", "id": 1153257400138379264, "id_str": "1153257400138379264", "indices": [0, 15]}, {"screen_name": "Pr1ncessLily", "name": "\ud83e\udd84Black Lives Matter\ud83c\udf08", "id": 1270535344795107328, "id_str": "1270535344795107328", "indices": [16, 29]}, {"screen_name": "AOC", "name": "Alexandria Ocasio-Cortez", "id": 138203134, "id_str": "138203134", "indices": [30, 34]}], "urls": [], "media": [{"id": 1274590817706016768, "id_str": "1274590817706016768", "indices": [209, 232], "media_url": "http://pbs.twimg.com/tweet_video_thumb/EbBBmHtXgAAVE3I.jpg", "media_url_https": "https://pbs.twimg.com/tweet_video_thumb/EbBBmHtXgAAVE3I.jpg", "url": "https://t.co/5IF1isP1B4", "display_url": "pic.twitter.com/5IF1isP1B4", "expanded_url": "https://twitter.com/alexivan_bk/status/1274590823582179330/photo/1", "type": "photo", "sizes": {"large": {"w": 350, "h": 396, "resize": "fit"}, "thumb": {"w": 150, "h": 150, "resize": "crop"}, "medium": {"w": 350, "h": 396, "resize": "fit"}, "small": {"w": 350, "h": 396, "resize": "fit"}}}]}, "extended_entities": {"media": [{"id": 1274590817706016768, "id_str": "1274590817706016768", "indices": [209, 232], "media_url": "http://pbs.twimg.com/tweet_video_thumb/EbBBmHtXgAAVE3I.jpg", "media_url_https": "https://pbs.twimg.com/tweet_video_thumb/EbBBmHtXgAAVE3I.jpg", "url": "https://t.co/5IF1isP1B4", "display_url": "pic.twitter.com/5IF1isP1B4", "expanded_url": "https://twitter.com/alexivan_bk/status/1274590823582179330/photo/1", "type": "animated_gif", "sizes": {"large": {"w": 350, "h": 396, "resize": "fit"}, "thumb": {"w": 150, "h": 150, "resize": "crop"}, "medium": {"w": 350, "h": 396, "resize": "fit"}, "small": {"w": 350, "h": 396, "resize": "fit"}}, "video_info": {"aspect_ratio": [175, 198], "variants": [{"bitrate": 0, "content_type": "video/mp4", "url": "https://video.twimg.com/tweet_video/EbBBmHtXgAAVE3I.mp4"}]}}]}, "source": "<a href=\"http://twitter.com/download/iphone\" rel=\"nofollow\">Twitter for iPhone</a>", "in_reply_to_status_id": 1272222678510952450, "in_reply_to_status_id_str": "1272222678510952450", "in_reply_to_user_id": 1153257400138379264, "in_reply_to_user_id_str": "1153257400138379264", "in_reply_to_screen_name": "CindyCordeiro7", "user": {"id": 863821956, "id_str": "863821956", "name": "Alexivan", "screen_name": "alexivan_bk", "location": "Brooklyn, NY", "description": "| Music | Politics | Laughs | Getting to know the neighborhood \ud83e\uddd0 IG:https://t.co/UarIN7pSgY", "url": "https://t.co/cSSirP8ttt", "entities": {"url": {"urls": [{"url": "https://t.co/cSSirP8ttt", "expanded_url": "https://soundcloud.com/alexivan_bk", "display_url": "soundcloud.com/alexivan_bk", "indices": [0, 23]}]}, "description": {"urls": [{"url": "https://t.co/UarIN7pSgY", "expanded_url": "http://instagram.com/alexivan_bk", "display_url": "instagram.com/alexivan_bk", "indices": [68, 91]}]}}, "protected": false, "followers_count": 28, "friends_count": 92, "listed_count": 0, "created_at": "Fri Oct 05 23:29:50 +0000 2012", "favourites_count": 1284, "utc_offset": null, "time_zone": null, "geo_enabled": false, "verified": false, "statuses_count": 1153, "lang": null, "contributors_enabled": false, "is_translator": false, "is_translation_enabled": false, "profile_background_color": "000000", "profile_background_image_url": "http://abs.twimg.com/images/themes/theme1/bg.png", "profile_background_image_url_https": "https://abs.twimg.com/images/themes/theme1/bg.png", "profile_background_tile": false, "profile_image_url": "http://pbs.twimg.com/profile_images/916929379028127744/mzJjaEcK_normal.jpg", "profile_image_url_https": "https://pbs.twimg.com/profile_images/916929379028127744/mzJjaEcK_normal.jpg", "profile_banner_url": "https://pbs.twimg.com/profile_banners/863821956/1554832372", "profile_link_color": "329A3E", "profile_sidebar_border_color": "000000", "profile_sidebar_fill_color": "000000", "profile_text_color": "000000", "profile_use_background_image": false, "has_extended_profile": false, "default_profile": false, "default_profile_image": false, "following": false, "follow_request_sent": false, "notifications": false, "translator_type": "none"}, "geo": null, "coordinates": null, "place": null, "contributors": null, "is_quote_status": false, "retweet_count": 0, "favorite_count": 0, "favorited": false, "retweeted": false, "possibly_sensitive": false, "possibly_sensitive_appealable": false, "lang": "en", "reply_count": 0}