{"created_at": "Sat Jun 20 09:14:15 +0000 2020", "id": 1274269320726511616, "id_str": "1274269320726511616", "full_text": "@bbrown1120 @paulinacuriel_ @CindyCordeiro7 @Pr1ncessLily @AOC He was friends with Epstein a known child trafficker and sexual abuser that had connections with many people in power, and yes he\u2019s racist because he wanted an investigation on Obama and questioned his citizenship, calls black people thugs and mexican immigrants criminals", "truncated": false, "display_text_range": [63, 335], "entities": {"hashtags": [], "symbols": [], "user_mentions": [{"screen_name": "bbrown1120", "name": "brandon brown", "id": 26543377, "id_str": "26543377", "indices": [0, 11]}, {"screen_name": "paulinacuriel_", "name": "pau \ud83c\udf31", "id": 942900142612529152, "id_str": "942900142612529152", "indices": [12, 27]}, {"screen_name": "Pr1ncessLily", "name": "\ud83e\udd84Lily\ud83c\udf08\ud83d\ude37\ud83d\udce2BLM", "id": 1270535344795107328, "id_str": "1270535344795107328", "indices": [44, 57]}, {"screen_name": "AOC", "name": "Alexandria Ocasio-Cortez", "id": 138203134, "id_str": "138203134", "indices": [58, 62]}], "urls": []}, "source": "<a href=\"http://twitter.com/download/iphone\" rel=\"nofollow\">Twitter for iPhone</a>", "in_reply_to_status_id": 1272309623568072705, "in_reply_to_status_id_str": "1272309623568072705", "in_reply_to_user_id": 26543377, "in_reply_to_user_id_str": "26543377", "in_reply_to_screen_name": "bbrown1120", "user": {"id": 936543840755789824, "id_str": "936543840755789824", "name": "sehunny", "screen_name": "se_junnie", "location": "", "description": "just another Viet", "url": null, "entities": {"description": {"urls": []}}, "protected": false, "followers_count": 3, "friends_count": 18, "listed_count": 0, "created_at": "Fri Dec 01 10:33:46 +0000 2017", "favourites_count": 699, "utc_offset": null, "time_zone": null, "geo_enabled": false, "verified": false, "statuses_count": 44, "lang": null, "contributors_enabled": false, "is_translator": false, "is_translation_enabled": false, "profile_background_color": "F5F8FA", "profile_background_image_url": null, "profile_background_image_url_https": null, "profile_background_tile": false, "profile_image_url": "http://pbs.twimg.com/profile_images/1261402938380972035/FMNrmD6k_normal.jpg", "profile_image_url_https": "https://pbs.twimg.com/profile_images/1261402938380972035/FMNrmD6k_normal.jpg", "profile_banner_url": "https://pbs.twimg.com/profile_banners/936543840755789824/1547651607", "profile_link_color": "1DA1F2", "profile_sidebar_border_color": "C0DEED", "profile_sidebar_fill_color": "DDEEF6", "profile_text_color": "333333", "profile_use_background_image": true, "has_extended_profile": false, "default_profile": true, "default_profile_image": false, "following": false, "follow_request_sent": false, "notifications": false, "translator_type": "none"}, "geo": null, "coordinates": null, "place": null, "contributors": null, "is_quote_status": false, "retweet_count": 0, "favorite_count": 0, "favorited": false, "retweeted": false, "lang": "en", "reply_count": 0}