{"created_at": "Wed Jun 24 01:05:25 +0000 2020", "id": 1275595851205947392, "id_str": "1275595851205947392", "full_text": "@CindyCordeiro7 @Pr1ncessLily @AOC https://t.co/i8iD5HFVFv", "truncated": false, "display_text_range": [34, 34], "entities": {"hashtags": [], "symbols": [], "user_mentions": [{"screen_name": "Pr1ncessLily", "name": "\ud83e\udd84Lily\ud83c\udf08\ud83d\ude37\ud83d\udce2BLM", "id": 1270535344795107328, "id_str": "1270535344795107328", "indices": [16, 29]}, {"screen_name": "AOC", "name": "Alexandria Ocasio-Cortez", "id": 138203134, "id_str": "138203134", "indices": [30, 34]}], "urls": [], "media": [{"id": 1275595843127705601, "id_str": "1275595843127705601", "indices": [35, 58], "media_url": "http://pbs.twimg.com/media/EbPTqTKXgAEYdgI.jpg", "media_url_https": "https://pbs.twimg.com/media/EbPTqTKXgAEYdgI.jpg", "url": "https://t.co/i8iD5HFVFv", "display_url": "pic.twitter.com/i8iD5HFVFv", "expanded_url": "https://twitter.com/Victor52334773/status/1275595851205947392/photo/1", "type": "photo", "sizes": {"thumb": {"w": 150, "h": 150, "resize": "crop"}, "large": {"w": 975, "h": 1024, "resize": "fit"}, "small": {"w": 647, "h": 680, "resize": "fit"}, "medium": {"w": 975, "h": 1024, "resize": "fit"}}}]}, "extended_entities": {"media": [{"id": 1275595843127705601, "id_str": "1275595843127705601", "indices": [35, 58], "media_url": "http://pbs.twimg.com/media/EbPTqTKXgAEYdgI.jpg", "media_url_https": "https://pbs.twimg.com/media/EbPTqTKXgAEYdgI.jpg", "url": "https://t.co/i8iD5HFVFv", "display_url": "pic.twitter.com/i8iD5HFVFv", "expanded_url": "https://twitter.com/Victor52334773/status/1275595851205947392/photo/1", "type": "photo", "sizes": {"thumb": {"w": 150, "h": 150, "resize": "crop"}, "large": {"w": 975, "h": 1024, "resize": "fit"}, "small": {"w": 647, "h": 680, "resize": "fit"}, "medium": {"w": 975, "h": 1024, "resize": "fit"}}}]}, "source": "<a href=\"http://twitter.com/download/iphone\" rel=\"nofollow\">Twitter for iPhone</a>", "in_reply_to_status_id": 1272222678510952450, "in_reply_to_status_id_str": "1272222678510952450", "in_reply_to_user_id": 1153257400138379264, "in_reply_to_user_id_str": "1153257400138379264", "in_reply_to_screen_name": "Cindyclaire77", "user": {"id": 761574610919911425, "id_str": "761574610919911425", "name": "Victor", "screen_name": "Victor52334773", "location": "Miami, FL", "description": "15  | \ud83c\udde8\ud83c\uddf4", "url": null, "entities": {"description": {"urls": []}}, "protected": false, "followers_count": 10, "friends_count": 58, "listed_count": 0, "created_at": "Fri Aug 05 14:48:31 +0000 2016", "favourites_count": 2746, "utc_offset": null, "time_zone": null, "geo_enabled": false, "verified": false, "statuses_count": 504, "lang": null, "contributors_enabled": false, "is_translator": false, "is_translation_enabled": false, "profile_background_color": "F5F8FA", "profile_background_image_url": null, "profile_background_image_url_https": null, "profile_background_tile": false, "profile_image_url": "http://pbs.twimg.com/profile_images/1270104591544332288/lM918DQe_normal.jpg", "profile_image_url_https": "https://pbs.twimg.com/profile_images/1270104591544332288/lM918DQe_normal.jpg", "profile_link_color": "1DA1F2", "profile_sidebar_border_color": "C0DEED", "profile_sidebar_fill_color": "DDEEF6", "profile_text_color": "333333", "profile_use_background_image": true, "has_extended_profile": true, "default_profile": true, "default_profile_image": false, "following": false, "follow_request_sent": false, "notifications": false, "translator_type": "none"}, "geo": null, "coordinates": null, "place": null, "contributors": null, "is_quote_status": false, "retweet_count": 0, "favorite_count": 0, "favorited": false, "retweeted": false, "possibly_sensitive": false, "possibly_sensitive_appealable": false, "lang": "und", "reply_count": 0}