{"created_at": "Fri May 29 01:45:21 +0000 2020", "id": 1266183819956117504, "id_str": "1266183819956117504", "full_text": "It's about time the peaceful protesters burn down the McDonald's.\n\nThose McDonald's sons of b****** have been getting away with they're shenanigans forever ... billions served my butt.\n\nBurn everything down It's the only solution... Did they get the Footlocker yet? https://t.co/yRHUOzHpTD", "truncated": false, "display_text_range": [0, 265], "entities": {"hashtags": [], "symbols": [], "user_mentions": [], "urls": [], "media": [{"id": 1266183703559933953, "id_str": "1266183703559933953", "indices": [266, 289], "media_url": "http://pbs.twimg.com/media/EZJjXq8UEAE-MNB.jpg", "media_url_https": "https://pbs.twimg.com/media/EZJjXq8UEAE-MNB.jpg", "url": "https://t.co/yRHUOzHpTD", "display_url": "pic.twitter.com/yRHUOzHpTD", "expanded_url": "https://twitter.com/RedWalrus1/status/1266183819956117504/photo/1", "type": "photo", "sizes": {"thumb": {"w": 150, "h": 150, "resize": "crop"}, "small": {"w": 680, "h": 340, "resize": "fit"}, "large": {"w": 1024, "h": 512, "resize": "fit"}, "medium": {"w": 1024, "h": 512, "resize": "fit"}}}]}, "extended_entities": {"media": [{"id": 1266183703559933953, "id_str": "1266183703559933953", "indices": [266, 289], "media_url": "http://pbs.twimg.com/media/EZJjXq8UEAE-MNB.jpg", "media_url_https": "https://pbs.twimg.com/media/EZJjXq8UEAE-MNB.jpg", "url": "https://t.co/yRHUOzHpTD", "display_url": "pic.twitter.com/yRHUOzHpTD", "expanded_url": "https://twitter.com/RedWalrus1/status/1266183819956117504/photo/1", "type": "photo", "sizes": {"thumb": {"w": 150, "h": 150, "resize": "crop"}, "small": {"w": 680, "h": 340, "resize": "fit"}, "large": {"w": 1024, "h": 512, "resize": "fit"}, "medium": {"w": 1024, "h": 512, "resize": "fit"}}}]}, "source": "<a href=\"https://mobile.twitter.com\" rel=\"nofollow\">Twitter Web App</a>", "in_reply_to_status_id": null, "in_reply_to_status_id_str": null, "in_reply_to_user_id": null, "in_reply_to_user_id_str": null, "in_reply_to_screen_name": null, "user": {"id": 1206881666, "id_str": "1206881666", "name": "Red Walrus", "screen_name": "RedWalrus1", "location": "Scottsdale, AZ", "description": "#CCOT #KAG2020 #DrainTheSwamp  #MAGA #2A #ProLife #Trump2020 #Winning #Military #Vets #ToxicMasculinity #IFBP #Options Follow My BackupAcct @RedWalrus2", "url": null, "entities": {"description": {"urls": []}}, "protected": false, "followers_count": 28434, "friends_count": 28168, "listed_count": 0, "created_at": "Fri Feb 22 05:09:51 +0000 2013", "favourites_count": 918, "utc_offset": null, "time_zone": null, "geo_enabled": false, "verified": false, "statuses_count": 62780, "lang": null, "contributors_enabled": false, "is_translator": false, "is_translation_enabled": false, "profile_background_color": "000000", "profile_background_image_url": "http://abs.twimg.com/images/themes/theme1/bg.png", "profile_background_image_url_https": "https://abs.twimg.com/images/themes/theme1/bg.png", "profile_background_tile": false, "profile_image_url": "http://pbs.twimg.com/profile_images/1270546172352946177/jzlI6B_l_normal.jpg", "profile_image_url_https": "https://pbs.twimg.com/profile_images/1270546172352946177/jzlI6B_l_normal.jpg", "profile_banner_url": "https://pbs.twimg.com/profile_banners/1206881666/1584147364", "profile_link_color": "0C1585", "profile_sidebar_border_color": "000000", "profile_sidebar_fill_color": "000000", "profile_text_color": "000000", "profile_use_background_image": false, "has_extended_profile": false, "default_profile": false, "default_profile_image": false, "following": false, "follow_request_sent": false, "notifications": false, "translator_type": "none"}, "geo": null, "coordinates": null, "place": null, "contributors": null, "is_quote_status": false, "retweet_count": 19, "favorite_count": 20, "favorited": false, "retweeted": false, "possibly_sensitive": false, "possibly_sensitive_appealable": false, "lang": "en"}