{"created_at": "Wed Apr 24 17:42:44 +0000 2019", "id": 1121107218097737728, "id_str": "1121107218097737728", "full_text": "Endangered Starry Butterfly.\ud83e\udd8b https://t.co/SRpV5tpEdL", "truncated": false, "display_text_range": [0, 29], "entities": {"hashtags": [], "symbols": [], "user_mentions": [], "urls": [], "media": [{"id": 1121107209365196800, "id_str": "1121107209365196800", "indices": [30, 53], "media_url": "http://pbs.twimg.com/media/D475ESlXkAAFAmv.jpg", "media_url_https": "https://pbs.twimg.com/media/D475ESlXkAAFAmv.jpg", "url": "https://t.co/SRpV5tpEdL", "display_url": "pic.twitter.com/SRpV5tpEdL", "expanded_url": "https://twitter.com/ebubekiryaman/status/1121107218097737728/photo/1", "type": "photo", "sizes": {"thumb": {"w": 150, "h": 150, "resize": "crop"}, "small": {"w": 544, "h": 680, "resize": "fit"}, "medium": {"w": 768, "h": 960, "resize": "fit"}, "large": {"w": 768, "h": 960, "resize": "fit"}}}]}, "extended_entities": {"media": [{"id": 1121107209365196800, "id_str": "1121107209365196800", "indices": [30, 53], "media_url": "http://pbs.twimg.com/media/D475ESlXkAAFAmv.jpg", "media_url_https": "https://pbs.twimg.com/media/D475ESlXkAAFAmv.jpg", "url": "https://t.co/SRpV5tpEdL", "display_url": "pic.twitter.com/SRpV5tpEdL", "expanded_url": "https://twitter.com/ebubekiryaman/status/1121107218097737728/photo/1", "type": "photo", "sizes": {"thumb": {"w": 150, "h": 150, "resize": "crop"}, "small": {"w": 544, "h": 680, "resize": "fit"}, "medium": {"w": 768, "h": 960, "resize": "fit"}, "large": {"w": 768, "h": 960, "resize": "fit"}}}]}, "source": "<a href=\"http://twitter.com/download/android\" rel=\"nofollow\">Twitter for Android</a>", "in_reply_to_status_id": null, "in_reply_to_status_id_str": null, "in_reply_to_user_id": null, "in_reply_to_user_id_str": null, "in_reply_to_screen_name": null, "user": {"id": 337272764, "id_str": "337272764", "name": "\u00dcsk\u00fcdarl\u0131 \ud83c\uddf9\ud83c\uddf7", "screen_name": "ebubekiryaman", "location": "", "description": "For communication and advertising: ebubekiryaman67@gmail.com", "url": null, "entities": {"description": {"urls": []}}, "protected": false, "followers_count": 86635, "friends_count": 67998, "listed_count": 518, "created_at": "Sun Jul 17 19:14:21 +0000 2011", "favourites_count": 61, "utc_offset": null, "time_zone": null, "geo_enabled": true, "verified": false, "statuses_count": 66198, "lang": null, "contributors_enabled": false, "is_translator": false, "is_translation_enabled": false, "profile_background_color": "131516", "profile_background_image_url": "http://abs.twimg.com/images/themes/theme14/bg.gif", "profile_background_image_url_https": "https://abs.twimg.com/images/themes/theme14/bg.gif", "profile_background_tile": true, "profile_image_url": "http://pbs.twimg.com/profile_images/1268158939709014016/5-J5xDwN_normal.jpg", "profile_image_url_https": "https://pbs.twimg.com/profile_images/1268158939709014016/5-J5xDwN_normal.jpg", "profile_banner_url": "https://pbs.twimg.com/profile_banners/337272764/1543743116", "profile_link_color": "009999", "profile_sidebar_border_color": "FFFFFF", "profile_sidebar_fill_color": "EFEFEF", "profile_text_color": "333333", "profile_use_background_image": true, "has_extended_profile": true, "default_profile": false, "default_profile_image": false, "following": false, "follow_request_sent": false, "notifications": false, "translator_type": "regular"}, "geo": null, "coordinates": null, "place": {"id": "0879ad7740e62762", "url": "https://api.twitter.com/1.1/geo/id/0879ad7740e62762.json", "place_type": "admin", "name": "Nil\u00fcfer", "full_name": "Nil\u00fcfer, Bursa", "country_code": "TR", "country": "Turkey", "contained_within": [], "bounding_box": {"type": "Polygon", "coordinates": [[[28.648962, 40.0828094], [29.0094428, 40.0828094], [29.0094428, 40.2850876], [28.648962, 40.2850876]]]}, "attributes": {}}, "contributors": null, "is_quote_status": false, "retweet_count": 428, "favorite_count": 1260, "favorited": false, "retweeted": false, "possibly_sensitive": false, "possibly_sensitive_appealable": false, "lang": "en"}