{"created_at": "Fri May 29 05:37:51 +0000 2020", "id": 1266242328437506051, "id_str": "1266242328437506051", "full_text": "@RedWalrus1 @zillyjunkie I heard the ice cream maker was broken.", "truncated": false, "display_text_range": [25, 64], "entities": {"hashtags": [], "symbols": [], "user_mentions": [{"screen_name": "RedWalrus1", "name": "Red Walrus", "id": 1206881666, "id_str": "1206881666", "indices": [0, 11]}, {"screen_name": "zillyjunkie", "name": "Zilly Grrly \u2b50\ufe0f\ud83c\udf3f\ud83c\udf8b\ud83c\udf43\u2b50\ufe0f", "id": 1170921719172743171, "id_str": "1170921719172743171", "indices": [12, 24]}], "urls": []}, "source": "<a href=\"http://twitter.com/download/android\" rel=\"nofollow\">Twitter for Android</a>", "in_reply_to_status_id": 1266183819956117504, "in_reply_to_status_id_str": "1266183819956117504", "in_reply_to_user_id": 1206881666, "in_reply_to_user_id_str": "1206881666", "in_reply_to_screen_name": "RedWalrus1", "user": {"id": 380703646, "id_str": "380703646", "name": "witsell beach", "screen_name": "witsellbeach", "location": "close, south carolina", "description": "Everyday is better than Yesterday", "url": null, "entities": {"description": {"urls": []}}, "protected": false, "followers_count": 1183, "friends_count": 2335, "listed_count": 0, "created_at": "Tue Sep 27 02:48:17 +0000 2011", "favourites_count": 912, "utc_offset": null, "time_zone": null, "geo_enabled": false, "verified": false, "statuses_count": 993, "lang": null, "contributors_enabled": false, "is_translator": false, "is_translation_enabled": false, "profile_background_color": "C0DEED", "profile_background_image_url": "http://abs.twimg.com/images/themes/theme1/bg.png", "profile_background_image_url_https": "https://abs.twimg.com/images/themes/theme1/bg.png", "profile_background_tile": false, "profile_image_url": "http://pbs.twimg.com/profile_images/1272034728762380288/gTNyH0vb_normal.jpg", "profile_image_url_https": "https://pbs.twimg.com/profile_images/1272034728762380288/gTNyH0vb_normal.jpg", "profile_banner_url": "https://pbs.twimg.com/profile_banners/380703646/1579252247", "profile_link_color": "1DA1F2", "profile_sidebar_border_color": "C0DEED", "profile_sidebar_fill_color": "DDEEF6", "profile_text_color": "333333", "profile_use_background_image": true, "has_extended_profile": false, "default_profile": true, "default_profile_image": false, "following": false, "follow_request_sent": false, "notifications": false, "translator_type": "none"}, "geo": null, "coordinates": null, "place": null, "contributors": null, "is_quote_status": false, "retweet_count": 0, "favorite_count": 1, "favorited": false, "retweeted": false, "lang": "en", "reply_count": 1}