{"created_at": "Fri May 29 07:54:04 +0000 2020", "id": 1266276608265949186, "id_str": "1266276608265949186", "full_text": "@RonCentrelloJr @RedWalrus1 \ud83d\ude22", "truncated": false, "display_text_range": [28, 29], "entities": {"hashtags": [], "symbols": [], "user_mentions": [{"screen_name": "RonCentrelloJr", "name": "Ron Centrello Jr\ud83c\uddfa\ud83c\uddf8\ud83c\uddee\ud83c\uddf9\ud83c\uddee\ud83c\uddea\ud83c\uddf8\ud83c\uddf0", "id": 798746237294018560, "id_str": "798746237294018560", "indices": [0, 15]}, {"screen_name": "RedWalrus1", "name": "Red Walrus", "id": 1206881666, "id_str": "1206881666", "indices": [16, 27]}], "urls": []}, "source": "<a href=\"http://twitter.com/download/iphone\" rel=\"nofollow\">Twitter for iPhone</a>", "in_reply_to_status_id": 1266275898438742017, "in_reply_to_status_id_str": "1266275898438742017", "in_reply_to_user_id": 798746237294018560, "in_reply_to_user_id_str": "798746237294018560", "in_reply_to_screen_name": "RonCentrelloJr", "user": {"id": 2798419742, "id_str": "2798419742", "name": "LeaveALegacyOfServiceAndLove", "screen_name": "Lee_mma_", "location": "", "description": "\ud83d\ude4f\ud83c\udffd\u2665\ufe0f \ud83d\udd4a Never took interest in politics until Trump was elected- Daughter of God.Wife.sister. Aunty. Mother.Nana.-#SaveTheChildren\ud83d\udd4a\ud83d\udd4a", "url": null, "entities": {"description": {"urls": []}}, "protected": false, "followers_count": 888, "friends_count": 1369, "listed_count": 0, "created_at": "Mon Sep 08 18:46:11 +0000 2014", "favourites_count": 41397, "utc_offset": null, "time_zone": null, "geo_enabled": true, "verified": false, "statuses_count": 6580, "lang": null, "contributors_enabled": false, "is_translator": false, "is_translation_enabled": false, "profile_background_color": "000000", "profile_background_image_url": "http://abs.twimg.com/images/themes/theme1/bg.png", "profile_background_image_url_https": "https://abs.twimg.com/images/themes/theme1/bg.png", "profile_background_tile": false, "profile_image_url": "http://pbs.twimg.com/profile_images/1259719610728804352/nfX_RL-L_normal.jpg", "profile_image_url_https": "https://pbs.twimg.com/profile_images/1259719610728804352/nfX_RL-L_normal.jpg", "profile_banner_url": "https://pbs.twimg.com/profile_banners/2798419742/1585537253", "profile_link_color": "9266CC", "profile_sidebar_border_color": "000000", "profile_sidebar_fill_color": "000000", "profile_text_color": "000000", "profile_use_background_image": false, "has_extended_profile": false, "default_profile": false, "default_profile_image": false, "following": false, "follow_request_sent": false, "notifications": false, "translator_type": "none"}, "geo": null, "coordinates": null, "place": null, "contributors": null, "is_quote_status": false, "retweet_count": 0, "favorite_count": 0, "favorited": false, "retweeted": false, "lang": "und", "reply_count": 0}