{"created_at": "Fri May 29 07:47:37 +0000 2020", "id": 1266274984692862979, "id_str": "1266274984692862979", "full_text": "@RedWalrus1 These morons don\u2019t get it, they are burning down their own neighborhood, when this is over, guess who\u2019s driving 2 towns over for a Big Mac ?", "truncated": false, "display_text_range": [12, 152], "entities": {"hashtags": [], "symbols": [], "user_mentions": [{"screen_name": "RedWalrus1", "name": "Red Walrus", "id": 1206881666, "id_str": "1206881666", "indices": [0, 11]}], "urls": []}, "source": "<a href=\"http://twitter.com/download/iphone\" rel=\"nofollow\">Twitter for iPhone</a>", "in_reply_to_status_id": 1266183819956117504, "in_reply_to_status_id_str": "1266183819956117504", "in_reply_to_user_id": 1206881666, "in_reply_to_user_id_str": "1206881666", "in_reply_to_screen_name": "RedWalrus1", "user": {"id": 827920727831556098, "id_str": "827920727831556098", "name": "Covid Bankrupt", "screen_name": "Franksviews", "location": "", "description": "#2a 911 survivor never forget, NYC sucks, So I Moved, Not PC & wont pretend to be, Love to find humor in everything & sometimes Sarcastic, Call it like I see it", "url": null, "entities": {"description": {"urls": []}}, "protected": false, "followers_count": 1518, "friends_count": 685, "listed_count": 2, "created_at": "Sat Feb 04 16:44:18 +0000 2017", "favourites_count": 13422, "utc_offset": null, "time_zone": null, "geo_enabled": false, "verified": false, "statuses_count": 15162, "lang": null, "contributors_enabled": false, "is_translator": false, "is_translation_enabled": false, "profile_background_color": "F5F8FA", "profile_background_image_url": null, "profile_background_image_url_https": null, "profile_background_tile": false, "profile_image_url": "http://pbs.twimg.com/profile_images/902592374211174400/20H6xKpS_normal.jpg", "profile_image_url_https": "https://pbs.twimg.com/profile_images/902592374211174400/20H6xKpS_normal.jpg", "profile_banner_url": "https://pbs.twimg.com/profile_banners/827920727831556098/1486255683", "profile_link_color": "1DA1F2", "profile_sidebar_border_color": "C0DEED", "profile_sidebar_fill_color": "DDEEF6", "profile_text_color": "333333", "profile_use_background_image": true, "has_extended_profile": false, "default_profile": true, "default_profile_image": false, "following": false, "follow_request_sent": false, "notifications": false, "translator_type": "none"}, "geo": null, "coordinates": null, "place": null, "contributors": null, "is_quote_status": false, "retweet_count": 1, "favorite_count": 1, "favorited": false, "retweeted": false, "lang": "en", "reply_count": 0}