{"created_at": "Fri May 29 07:44:25 +0000 2020", "id": 1266274179583586310, "id_str": "1266274179583586310", "full_text": "@witsellbeach @RedWalrus1 @zillyjunkie I heard it was a complicated order.", "truncated": false, "display_text_range": [39, 74], "entities": {"hashtags": [], "symbols": [], "user_mentions": [{"screen_name": "witsellbeach", "name": "witsell beach", "id": 380703646, "id_str": "380703646", "indices": [0, 13]}, {"screen_name": "RedWalrus1", "name": "Red Walrus", "id": 1206881666, "id_str": "1206881666", "indices": [14, 25]}, {"screen_name": "zillyjunkie", "name": "Zilly Grrly \u2b50\ufe0f\ud83c\udf3f\ud83c\udf8b\ud83c\udf43\u2b50\ufe0f", "id": 1170921719172743171, "id_str": "1170921719172743171", "indices": [26, 38]}], "urls": []}, "source": "<a href=\"http://twitter.com/download/android\" rel=\"nofollow\">Twitter for Android</a>", "in_reply_to_status_id": 1266242328437506051, "in_reply_to_status_id_str": "1266242328437506051", "in_reply_to_user_id": 380703646, "in_reply_to_user_id_str": "380703646", "in_reply_to_screen_name": "witsellbeach", "user": {"id": 1192248667547275264, "id_str": "1192248667547275264", "name": "Tonya Smith SAVED BY THE BLOOD OF JESUS", "screen_name": "TonyaSmith007", "location": "Texas, USA", "description": "Faithful believer and follower of Jesus Christ. Ivy Dragoon's daughter. Old 300& Pocahontas descendant. #2A #JesusIsKing ProLife ProGun Veterans First. sarcasm", "url": null, "entities": {"description": {"urls": []}}, "protected": false, "followers_count": 7876, "friends_count": 7570, "listed_count": 1, "created_at": "Thu Nov 07 01:13:41 +0000 2019", "favourites_count": 40134, "utc_offset": null, "time_zone": null, "geo_enabled": false, "verified": false, "statuses_count": 37586, "lang": null, "contributors_enabled": false, "is_translator": false, "is_translation_enabled": false, "profile_background_color": "F5F8FA", "profile_background_image_url": null, "profile_background_image_url_https": null, "profile_background_tile": false, "profile_image_url": "http://pbs.twimg.com/profile_images/1273923545421295617/TXGFO1rU_normal.jpg", "profile_image_url_https": "https://pbs.twimg.com/profile_images/1273923545421295617/TXGFO1rU_normal.jpg", "profile_banner_url": "https://pbs.twimg.com/profile_banners/1192248667547275264/1573363008", "profile_link_color": "1DA1F2", "profile_sidebar_border_color": "C0DEED", "profile_sidebar_fill_color": "DDEEF6", "profile_text_color": "333333", "profile_use_background_image": true, "has_extended_profile": true, "default_profile": true, "default_profile_image": false, "following": false, "follow_request_sent": false, "notifications": false, "translator_type": "none"}, "geo": null, "coordinates": null, "place": null, "contributors": null, "is_quote_status": false, "retweet_count": 1, "favorite_count": 0, "favorited": false, "retweeted": false, "lang": "en", "reply_count": 0}