{"created_at": "Fri May 29 07:55:34 +0000 2020", "id": 1266276984792875010, "id_str": "1266276984792875010", "full_text": "@RedWalrus1 Nah they still need that deal", "truncated": false, "display_text_range": [12, 41], "entities": {"hashtags": [], "symbols": [], "user_mentions": [{"screen_name": "RedWalrus1", "name": "Red Walrus", "id": 1206881666, "id_str": "1206881666", "indices": [0, 11]}], "urls": []}, "source": "<a href=\"https://mobile.twitter.com\" rel=\"nofollow\">Twitter Web App</a>", "in_reply_to_status_id": 1266183819956117504, "in_reply_to_status_id_str": "1266183819956117504", "in_reply_to_user_id": 1206881666, "in_reply_to_user_id_str": "1206881666", "in_reply_to_screen_name": "RedWalrus1", "user": {"id": 769875548235370496, "id_str": "769875548235370496", "name": "Scott \" \u043a\u0442\u043e \u0432\u044b\"", "screen_name": "ScottC20012", "location": "United States", "description": "U.S. Army INSCOM Vet. \nSIGINT/HUMINT/PsyOps.\nLecturer: Political Psychology \nResearcher: Strategic Messaging\nTribal Member\nOpinions my own.\nR/T not endorsements", "url": null, "entities": {"description": {"urls": []}}, "protected": false, "followers_count": 3277, "friends_count": 2049, "listed_count": 3, "created_at": "Sun Aug 28 12:33:29 +0000 2016", "favourites_count": 66321, "utc_offset": null, "time_zone": null, "geo_enabled": false, "verified": false, "statuses_count": 74550, "lang": null, "contributors_enabled": false, "is_translator": false, "is_translation_enabled": false, "profile_background_color": "000000", "profile_background_image_url": "http://abs.twimg.com/images/themes/theme1/bg.png", "profile_background_image_url_https": "https://abs.twimg.com/images/themes/theme1/bg.png", "profile_background_tile": false, "profile_image_url": "http://pbs.twimg.com/profile_images/1212494407431155712/51LdU3Kx_normal.jpg", "profile_image_url_https": "https://pbs.twimg.com/profile_images/1212494407431155712/51LdU3Kx_normal.jpg", "profile_banner_url": "https://pbs.twimg.com/profile_banners/769875548235370496/1591857606", "profile_link_color": "1B95E0", "profile_sidebar_border_color": "000000", "profile_sidebar_fill_color": "000000", "profile_text_color": "000000", "profile_use_background_image": false, "has_extended_profile": false, "default_profile": false, "default_profile_image": false, "following": false, "follow_request_sent": false, "notifications": false, "translator_type": "none"}, "geo": null, "coordinates": null, "place": null, "contributors": null, "is_quote_status": false, "retweet_count": 0, "favorite_count": 0, "favorited": false, "retweeted": false, "lang": "en", "reply_count": 1}