{"created_at": "Fri May 29 01:58:03 +0000 2020", "id": 1266187015751516160, "id_str": "1266187015751516160", "full_text": "@wagner_sammie @J65039881 By the look of your eyes, looks like the pot calling the kettle black.", "truncated": false, "display_text_range": [26, 96], "entities": {"hashtags": [], "symbols": [], "user_mentions": [{"screen_name": "wagner_sammie", "name": "Sammie Wagner", "id": 2912406075, "id_str": "2912406075", "indices": [0, 14]}, {"screen_name": "J65039881", "name": "Conservative Values", "id": 952040988314357760, "id_str": "952040988314357760", "indices": [15, 25]}], "urls": []}, "source": "<a href=\"https://mobile.twitter.com\" rel=\"nofollow\">Twitter Web App</a>", "in_reply_to_status_id": 1266186369019379712, "in_reply_to_status_id_str": "1266186369019379712", "in_reply_to_user_id": 2912406075, "in_reply_to_user_id_str": "2912406075", "in_reply_to_screen_name": "wagner_sammie", "user": {"id": 1206881666, "id_str": "1206881666", "name": "Red Walrus", "screen_name": "RedWalrus1", "location": "Scottsdale, AZ", "description": "#CCOT #KAG2020 #DrainTheSwamp  #MAGA #2A #ProLife #Trump2020 #Winning #Military #Vets #ToxicMasculinity #IFBP #Options Follow My BackupAcct @RedWalrus2", "url": null, "entities": {"description": {"urls": []}}, "protected": false, "followers_count": 28434, "friends_count": 28168, "listed_count": 0, "created_at": "Fri Feb 22 05:09:51 +0000 2013", "favourites_count": 918, "utc_offset": null, "time_zone": null, "geo_enabled": false, "verified": false, "statuses_count": 62780, "lang": null, "contributors_enabled": false, "is_translator": false, "is_translation_enabled": false, "profile_background_color": "000000", "profile_background_image_url": "http://abs.twimg.com/images/themes/theme1/bg.png", "profile_background_image_url_https": "https://abs.twimg.com/images/themes/theme1/bg.png", "profile_background_tile": false, "profile_image_url": "http://pbs.twimg.com/profile_images/1270546172352946177/jzlI6B_l_normal.jpg", "profile_image_url_https": "https://pbs.twimg.com/profile_images/1270546172352946177/jzlI6B_l_normal.jpg", "profile_banner_url": "https://pbs.twimg.com/profile_banners/1206881666/1584147364", "profile_link_color": "0C1585", "profile_sidebar_border_color": "000000", "profile_sidebar_fill_color": "000000", "profile_text_color": "000000", "profile_use_background_image": false, "has_extended_profile": false, "default_profile": false, "default_profile_image": false, "following": false, "follow_request_sent": false, "notifications": false, "translator_type": "none"}, "geo": null, "coordinates": null, "place": null, "contributors": null, "is_quote_status": false, "retweet_count": 0, "favorite_count": 0, "favorited": false, "retweeted": false, "lang": "en", "reply_count": 0}