{"created_at": "Fri May 29 02:17:51 +0000 2020", "id": 1266191997603164160, "id_str": "1266191997603164160", "full_text": "@RedWalrus1 where are they going to go to get their french fries now \ud83d\ude25", "truncated": false, "display_text_range": [12, 70], "entities": {"hashtags": [], "symbols": [], "user_mentions": [{"screen_name": "RedWalrus1", "name": "Red Walrus", "id": 1206881666, "id_str": "1206881666", "indices": [0, 11]}], "urls": []}, "source": "<a href=\"https://mobile.twitter.com\" rel=\"nofollow\">Twitter Web App</a>", "in_reply_to_status_id": 1266183819956117504, "in_reply_to_status_id_str": "1266183819956117504", "in_reply_to_user_id": 1206881666, "in_reply_to_user_id_str": "1206881666", "in_reply_to_screen_name": "RedWalrus1", "user": {"id": 768304039515738112, "id_str": "768304039515738112", "name": "Sabre MAGA forever.", "screen_name": "GailSabre", "location": "Arizona, USA", "description": "Thank you for fighting for us Mr president \u2764\ufe0f\u2764\ufe0f\ud83d\udc8b\ud83d\udc8bretired \u26a1\ufe0f\ud83d\udca5\ud83d\ude1d no dates please, followed by some really great people", "url": null, "entities": {"description": {"urls": []}}, "protected": false, "followers_count": 6791, "friends_count": 7360, "listed_count": 2, "created_at": "Wed Aug 24 04:28:52 +0000 2016", "favourites_count": 12108, "utc_offset": null, "time_zone": null, "geo_enabled": false, "verified": false, "statuses_count": 12224, "lang": null, "contributors_enabled": false, "is_translator": false, "is_translation_enabled": false, "profile_background_color": "000000", "profile_background_image_url": "http://abs.twimg.com/images/themes/theme1/bg.png", "profile_background_image_url_https": "https://abs.twimg.com/images/themes/theme1/bg.png", "profile_background_tile": false, "profile_image_url": "http://pbs.twimg.com/profile_images/1078747224933261312/kwWqSkS6_normal.jpg", "profile_image_url_https": "https://pbs.twimg.com/profile_images/1078747224933261312/kwWqSkS6_normal.jpg", "profile_link_color": "981CEB", "profile_sidebar_border_color": "000000", "profile_sidebar_fill_color": "000000", "profile_text_color": "000000", "profile_use_background_image": false, "has_extended_profile": true, "default_profile": false, "default_profile_image": false, "following": false, "follow_request_sent": false, "notifications": false, "translator_type": "none"}, "geo": null, "coordinates": null, "place": null, "contributors": null, "is_quote_status": false, "retweet_count": 1, "favorite_count": 0, "favorited": false, "retweeted": false, "lang": "en", "reply_count": 1}