{"created_at": "Tue Dec 04 03:43:32 +0000 2018", "id": 1069799337969008640, "id_str": "1069799337969008640", "full_text": "@cannaworldsite @Michael87163152 @realmedicineMI @EmeraldZoo @nuTTTz_ @mmatyree @Calrtipper @pitcow77 @Hippie_of_Love @greenthumbrn_b https://t.co/kNz0KeDOH0", "truncated": false, "display_text_range": [133, 133], "entities": {"hashtags": [], "symbols": [], "user_mentions": [{"screen_name": "cannaworldsite", "name": "CannaWorld", "id": 816290173298282496, "id_str": "816290173298282496", "indices": [0, 15]}, {"screen_name": "Michael87163152", "name": "Michael", "id": 902686761968693249, "id_str": "902686761968693249", "indices": [16, 32]}, {"screen_name": "EmeraldZoo", "name": "Emerald Zoo LLC", "id": 789642890884501504, "id_str": "789642890884501504", "indices": [49, 60]}, {"screen_name": "nuTTTz_", "name": "Al McDonald", "id": 3397631735, "id_str": "3397631735", "indices": [61, 69]}, {"screen_name": "mmatyree", "name": "happy", "id": 508674483, "id_str": "508674483", "indices": [70, 79]}, {"screen_name": "Calrtipper", "name": "Calvin", "id": 2235605119, "id_str": "2235605119", "indices": [80, 91]}, {"screen_name": "pitcow77", "name": "Cornelius vandenBerg", "id": 2377524836, "id_str": "2377524836", "indices": [92, 101]}, {"screen_name": "Hippie_of_Love", "name": "Becca\ud83d\udc78", "id": 512287398, "id_str": "512287398", "indices": [102, 117]}, {"screen_name": "greenthumbrn_b", "name": "CANANA\ud83c\udde8\ud83c\udde6\u262e\ufe0f\u2764\ufe0f\ud83d\ude4f\ud83c\udffb", "id": 2998991410, "id_str": "2998991410", "indices": [118, 133]}], "urls": [], "media": [{"id": 1069799328934330369, "id_str": "1069799328934330369", "indices": [134, 157], "media_url": "http://pbs.twimg.com/tweet_video_thumb/Dtiw0lYVAAEy6up.jpg", "media_url_https": "https://pbs.twimg.com/tweet_video_thumb/Dtiw0lYVAAEy6up.jpg", "url": "https://t.co/kNz0KeDOH0", "display_url": "pic.twitter.com/kNz0KeDOH0", "expanded_url": "https://twitter.com/RobRenniks85/status/1069799337969008640/photo/1", "type": "photo", "sizes": {"thumb": {"w": 150, "h": 150, "resize": "crop"}, "large": {"w": 498, "h": 234, "resize": "fit"}, "small": {"w": 498, "h": 234, "resize": "fit"}, "medium": {"w": 498, "h": 234, "resize": "fit"}}}]}, "extended_entities": {"media": [{"id": 1069799328934330369, "id_str": "1069799328934330369", "indices": [134, 157], "media_url": "http://pbs.twimg.com/tweet_video_thumb/Dtiw0lYVAAEy6up.jpg", "media_url_https": "https://pbs.twimg.com/tweet_video_thumb/Dtiw0lYVAAEy6up.jpg", "url": "https://t.co/kNz0KeDOH0", "display_url": "pic.twitter.com/kNz0KeDOH0", "expanded_url": "https://twitter.com/RobRenniks85/status/1069799337969008640/photo/1", "type": "animated_gif", "sizes": {"thumb": {"w": 150, "h": 150, "resize": "crop"}, "large": {"w": 498, "h": 234, "resize": "fit"}, "small": {"w": 498, "h": 234, "resize": "fit"}, "medium": {"w": 498, "h": 234, "resize": "fit"}}, "video_info": {"aspect_ratio": [83, 39], "variants": [{"bitrate": 0, "content_type": "video/mp4", "url": "https://video.twimg.com/tweet_video/Dtiw0lYVAAEy6up.mp4"}]}}]}, "source": "<a href=\"http://twitter.com/download/android\" rel=\"nofollow\">Twitter for Android</a>", "in_reply_to_status_id": 1069759449328484353, "in_reply_to_status_id_str": "1069759449328484353", "in_reply_to_user_id": 816290173298282496, "in_reply_to_user_id_str": "816290173298282496", "in_reply_to_screen_name": "cannaworldsite", "user": {"id": 909170693673283589, "id_str": "909170693673283589", "name": "Rob", "screen_name": "RobRenniks85", "location": "", "description": "father & husband/sports enthusiast/UNC die-hard/song writer/movie fanatic", "url": null, "entities": {"description": {"urls": []}}, "protected": false, "followers_count": 34, "friends_count": 393, "listed_count": 1, "created_at": "Sat Sep 16 21:42:39 +0000 2017", "favourites_count": 7912, "utc_offset": null, "time_zone": null, "geo_enabled": false, "verified": false, "statuses_count": 1779, "lang": null, "contributors_enabled": false, "is_translator": false, "is_translation_enabled": false, "profile_background_color": "F5F8FA", "profile_background_image_url": null, "profile_background_image_url_https": null, "profile_background_tile": false, "profile_image_url": "http://pbs.twimg.com/profile_images/993948650580701184/Zb8j6unU_normal.jpg", "profile_image_url_https": "https://pbs.twimg.com/profile_images/993948650580701184/Zb8j6unU_normal.jpg", "profile_banner_url": "https://pbs.twimg.com/profile_banners/909170693673283589/1506041705", "profile_link_color": "1DA1F2", "profile_sidebar_border_color": "C0DEED", "profile_sidebar_fill_color": "DDEEF6", "profile_text_color": "333333", "profile_use_background_image": true, "has_extended_profile": true, "default_profile": true, "default_profile_image": false, "following": false, "follow_request_sent": false, "notifications": false, "translator_type": "none"}, "geo": null, "coordinates": null, "place": null, "contributors": null, "is_quote_status": false, "retweet_count": 0, "favorite_count": 2, "favorited": false, "retweeted": false, "possibly_sensitive": false, "possibly_sensitive_appealable": false, "lang": "und", "reply_count": 0}