{"created_at": "Tue Dec 04 16:17:28 +0000 2018", "id": 1069989069847977984, "id_str": "1069989069847977984", "full_text": "@hikalabash @cannaworldsite @Michael87163152 @realmedicineMI @EmeraldZoo @nuTTTz_ @mmatyree @Calrtipper @pitcow77 @Hippie_of_Love @greenthumbrn_b The king", "truncated": false, "display_text_range": [146, 154], "entities": {"hashtags": [], "symbols": [], "user_mentions": [{"screen_name": "hikalabash", "name": "\u2618H.I. Kalabash\u2618", "id": 630602266, "id_str": "630602266", "indices": [0, 11]}, {"screen_name": "cannaworldsite", "name": "CannaWorld", "id": 816290173298282496, "id_str": "816290173298282496", "indices": [12, 27]}, {"screen_name": "Michael87163152", "name": "Michael", "id": 902686761968693249, "id_str": "902686761968693249", "indices": [28, 44]}, {"screen_name": "EmeraldZoo", "name": "Emerald Zoo LLC", "id": 789642890884501504, "id_str": "789642890884501504", "indices": [61, 72]}, {"screen_name": "nuTTTz_", "name": "Al McDonald", "id": 3397631735, "id_str": "3397631735", "indices": [73, 81]}, {"screen_name": "mmatyree", "name": "happy", "id": 508674483, "id_str": "508674483", "indices": [82, 91]}, {"screen_name": "Calrtipper", "name": "Calvin", "id": 2235605119, "id_str": "2235605119", "indices": [92, 103]}, {"screen_name": "pitcow77", "name": "Cornelius vandenBerg", "id": 2377524836, "id_str": "2377524836", "indices": [104, 113]}, {"screen_name": "Hippie_of_Love", "name": "Becca\ud83d\udc78", "id": 512287398, "id_str": "512287398", "indices": [114, 129]}, {"screen_name": "greenthumbrn_b", "name": "CANANA\ud83c\udde8\ud83c\udde6\u262e\ufe0f\u2764\ufe0f\ud83d\ude4f\ud83c\udffb", "id": 2998991410, "id_str": "2998991410", "indices": [130, 145]}], "urls": []}, "source": "<a href=\"http://twitter.com/download/iphone\" rel=\"nofollow\">Twitter for iPhone</a>", "in_reply_to_status_id": 1069987559172923393, "in_reply_to_status_id_str": "1069987559172923393", "in_reply_to_user_id": 630602266, "in_reply_to_user_id_str": "630602266", "in_reply_to_screen_name": "hikalabash", "user": {"id": 1075549189, "id_str": "1075549189", "name": "SarahJax808\ud83c\udf1e", "screen_name": "SarahJax808", "location": "waynes world       #LegalizeIt", "description": "MOM\ud83c\udf55I work with plants\ud83c\udf31floral design\ud83c\udf38trees\ud83c\udf32fashion addict\ud83d\udc9cGo Big Red \u2764\ufe0fJAX the German Shepherd is my doggie\u2764\ufe0f\ud83d\udc9c", "url": null, "entities": {"description": {"urls": []}}, "protected": false, "followers_count": 2287, "friends_count": 4930, "listed_count": 38, "created_at": "Thu Jan 10 03:19:16 +0000 2013", "favourites_count": 75384, "utc_offset": null, "time_zone": null, "geo_enabled": false, "verified": false, "statuses_count": 26699, "lang": null, "contributors_enabled": false, "is_translator": false, "is_translation_enabled": false, "profile_background_color": "C0DEED", "profile_background_image_url": "http://abs.twimg.com/images/themes/theme1/bg.png", "profile_background_image_url_https": "https://abs.twimg.com/images/themes/theme1/bg.png", "profile_background_tile": false, "profile_image_url": "http://pbs.twimg.com/profile_images/1257083478505553921/O_D_cvQ8_normal.jpg", "profile_image_url_https": "https://pbs.twimg.com/profile_images/1257083478505553921/O_D_cvQ8_normal.jpg", "profile_banner_url": "https://pbs.twimg.com/profile_banners/1075549189/1567915221", "profile_link_color": "1DA1F2", "profile_sidebar_border_color": "C0DEED", "profile_sidebar_fill_color": "DDEEF6", "profile_text_color": "333333", "profile_use_background_image": true, "has_extended_profile": false, "default_profile": true, "default_profile_image": false, "following": false, "follow_request_sent": false, "notifications": false, "translator_type": "none"}, "geo": null, "coordinates": null, "place": null, "contributors": null, "is_quote_status": false, "retweet_count": 0, "favorite_count": 3, "favorited": false, "retweeted": false, "lang": "en", "reply_count": 0}