{"created_at": "Tue Dec 04 05:13:01 +0000 2018", "id": 1069821854997757952, "id_str": "1069821854997757952", "full_text": "@cannaworldsite @Michael87163152 @realmedicineMI @EmeraldZoo @nuTTTz_ @mmatyree @Calrtipper @pitcow77 @Hippie_of_Love @greenthumbrn_b I wonder what Mr. T is on? https://t.co/gxsDTrinL5", "truncated": false, "display_text_range": [134, 160], "entities": {"hashtags": [], "symbols": [], "user_mentions": [{"screen_name": "cannaworldsite", "name": "CannaWorld", "id": 816290173298282496, "id_str": "816290173298282496", "indices": [0, 15]}, {"screen_name": "Michael87163152", "name": "Michael", "id": 902686761968693249, "id_str": "902686761968693249", "indices": [16, 32]}, {"screen_name": "EmeraldZoo", "name": "Emerald Zoo LLC", "id": 789642890884501504, "id_str": "789642890884501504", "indices": [49, 60]}, {"screen_name": "nuTTTz_", "name": "Al McDonald", "id": 3397631735, "id_str": "3397631735", "indices": [61, 69]}, {"screen_name": "mmatyree", "name": "happy", "id": 508674483, "id_str": "508674483", "indices": [70, 79]}, {"screen_name": "Calrtipper", "name": "Calvin", "id": 2235605119, "id_str": "2235605119", "indices": [80, 91]}, {"screen_name": "pitcow77", "name": "Cornelius vandenBerg", "id": 2377524836, "id_str": "2377524836", "indices": [92, 101]}, {"screen_name": "Hippie_of_Love", "name": "Becca\ud83d\udca8\ud83d\udca8", "id": 512287398, "id_str": "512287398", "indices": [102, 117]}, {"screen_name": "greenthumbrn_b", "name": "\ud83c\udde8\ud83c\udde6DAR\ud83c\udde8\ud83c\udde6\u270c\ud83c\udffb\ud83e\udd1f\ud83c\udffb\ud83c\udf3f\ud83e\udd1c\ud83c\udffb\ud83e\udd1b\ud83c\udffb\ud83d\udcaf", "id": 2998991410, "id_str": "2998991410", "indices": [118, 133]}], "urls": [], "media": [{"id": 1069821850396581889, "id_str": "1069821850396581889", "indices": [161, 184], "media_url": "http://pbs.twimg.com/media/DtjFTgXW4AESYiU.jpg", "media_url_https": "https://pbs.twimg.com/media/DtjFTgXW4AESYiU.jpg", "url": "https://t.co/gxsDTrinL5", "display_url": "pic.twitter.com/gxsDTrinL5", "expanded_url": "https://twitter.com/CyndiVegan/status/1069821854997757952/photo/1", "type": "photo", "sizes": {"thumb": {"w": 150, "h": 150, "resize": "crop"}, "small": {"w": 467, "h": 680, "resize": "fit"}, "medium": {"w": 626, "h": 912, "resize": "fit"}, "large": {"w": 626, "h": 912, "resize": "fit"}}}]}, "extended_entities": {"media": [{"id": 1069821850396581889, "id_str": "1069821850396581889", "indices": [161, 184], "media_url": "http://pbs.twimg.com/media/DtjFTgXW4AESYiU.jpg", "media_url_https": "https://pbs.twimg.com/media/DtjFTgXW4AESYiU.jpg", "url": "https://t.co/gxsDTrinL5", "display_url": "pic.twitter.com/gxsDTrinL5", "expanded_url": "https://twitter.com/CyndiVegan/status/1069821854997757952/photo/1", "type": "photo", "sizes": {"thumb": {"w": 150, "h": 150, "resize": "crop"}, "small": {"w": 467, "h": 680, "resize": "fit"}, "medium": {"w": 626, "h": 912, "resize": "fit"}, "large": {"w": 626, "h": 912, "resize": "fit"}}}]}, "source": "<a href=\"http://twitter.com/download/android\" rel=\"nofollow\">Twitter for Android</a>", "in_reply_to_status_id": 1069759449328484353, "in_reply_to_status_id_str": "1069759449328484353", "in_reply_to_user_id": 816290173298282496, "in_reply_to_user_id_str": "816290173298282496", "in_reply_to_screen_name": "cannaworldsite", "user": {"id": 988865379824029696, "id_str": "988865379824029696", "name": "Cyndi Peace \ud83e\udd1f\u2764\ud83d\ude4f", "screen_name": "CyndiVegan", "location": "Planet Earth \ud83c\udf0e", "description": "Vegan For Life......\ud83d\udc04\ud83d\udc23\ud83c\udf49\n    Spread The Love.\n#voteblue #trump is not my president.\n\nBalancing Mind,Body,Spirit.\ud83d\ude4f\n\n\u2708\ufe0f Traveling \n\nDemocrat", "url": null, "entities": {"description": {"urls": []}}, "protected": false, "followers_count": 5310, "friends_count": 5786, "listed_count": 9, "created_at": "Tue Apr 24 19:40:53 +0000 2018", "favourites_count": 53405, "utc_offset": null, "time_zone": null, "geo_enabled": true, "verified": false, "statuses_count": 36302, "lang": null, "contributors_enabled": false, "is_translator": false, "is_translation_enabled": false, "profile_background_color": "F5F8FA", "profile_background_image_url": null, "profile_background_image_url_https": null, "profile_background_tile": false, "profile_image_url": "http://pbs.twimg.com/profile_images/1247400180057378816/ydt5g9Ay_normal.jpg", "profile_image_url_https": "https://pbs.twimg.com/profile_images/1247400180057378816/ydt5g9Ay_normal.jpg", "profile_banner_url": "https://pbs.twimg.com/profile_banners/988865379824029696/1586238432", "profile_link_color": "1DA1F2", "profile_sidebar_border_color": "C0DEED", "profile_sidebar_fill_color": "DDEEF6", "profile_text_color": "333333", "profile_use_background_image": true, "has_extended_profile": true, "default_profile": true, "default_profile_image": false, "following": false, "follow_request_sent": false, "notifications": false, "translator_type": "none"}, "geo": null, "coordinates": null, "place": null, "contributors": null, "is_quote_status": false, "retweet_count": 0, "favorite_count": 2, "favorited": false, "retweeted": false, "possibly_sensitive": false, "possibly_sensitive_appealable": false, "lang": "en", "reply_count": 0}