{"created_at": "Tue Dec 04 01:11:07 +0000 2018", "id": 1069760980245250049, "id_str": "1069760980245250049", "full_text": "@cannaworldsite @Michael87163152 @realmedicineMI @EmeraldZoo @nuTTTz_ @mmatyree @Calrtipper @pitcow77 @Hippie_of_Love @greenthumbrn_b WTF? Damn. Talk about speedballing.", "truncated": false, "display_text_range": [134, 169], "entities": {"hashtags": [], "symbols": [], "user_mentions": [{"screen_name": "cannaworldsite", "name": "CannaWorld", "id": 816290173298282496, "id_str": "816290173298282496", "indices": [0, 15]}, {"screen_name": "Michael87163152", "name": "Michael", "id": 902686761968693249, "id_str": "902686761968693249", "indices": [16, 32]}, {"screen_name": "EmeraldZoo", "name": "Emerald Zoo LLC", "id": 789642890884501504, "id_str": "789642890884501504", "indices": [49, 60]}, {"screen_name": "nuTTTz_", "name": "Al McDonald", "id": 3397631735, "id_str": "3397631735", "indices": [61, 69]}, {"screen_name": "mmatyree", "name": "happy", "id": 508674483, "id_str": "508674483", "indices": [70, 79]}, {"screen_name": "Calrtipper", "name": "Calvin", "id": 2235605119, "id_str": "2235605119", "indices": [80, 91]}, {"screen_name": "pitcow77", "name": "Cornelius vandenBerg", "id": 2377524836, "id_str": "2377524836", "indices": [92, 101]}, {"screen_name": "Hippie_of_Love", "name": "Becca\ud83d\udca8\ud83d\udca8", "id": 512287398, "id_str": "512287398", "indices": [102, 117]}, {"screen_name": "greenthumbrn_b", "name": "\ud83c\udde8\ud83c\udde6DAR\ud83c\udde8\ud83c\udde6\u270c\ud83c\udffb\ud83e\udd1f\ud83c\udffb\ud83c\udf3f\ud83e\udd1c\ud83c\udffb\ud83e\udd1b\ud83c\udffb\ud83d\udcaf", "id": 2998991410, "id_str": "2998991410", "indices": [118, 133]}], "urls": []}, "source": "<a href=\"http://twitter.com/download/android\" rel=\"nofollow\">Twitter for Android</a>", "in_reply_to_status_id": 1069759449328484353, "in_reply_to_status_id_str": "1069759449328484353", "in_reply_to_user_id": 816290173298282496, "in_reply_to_user_id_str": "816290173298282496", "in_reply_to_screen_name": "cannaworldsite", "user": {"id": 1020074025073168384, "id_str": "1020074025073168384", "name": "David", "screen_name": "Dab5_at420", "location": "United States", "description": "I'm here to give #cannabis a voice. Join with me to liberate cannabis for all. #IAmCannabis #EndCannabisProhibition #IDWP  #NP4P", "url": "https://t.co/oNw7dKwDpJ", "entities": {"url": {"urls": [{"url": "https://t.co/oNw7dKwDpJ", "expanded_url": "https://twitter.com/search/from:@dab5_at420", "display_url": "twitter.com/search/from:@d\u2026", "indices": [0, 23]}]}, "description": {"urls": []}}, "protected": false, "followers_count": 6382, "friends_count": 5937, "listed_count": 16, "created_at": "Thu Jul 19 22:32:54 +0000 2018", "favourites_count": 142997, "utc_offset": null, "time_zone": null, "geo_enabled": false, "verified": false, "statuses_count": 77910, "lang": null, "contributors_enabled": false, "is_translator": false, "is_translation_enabled": false, "profile_background_color": "F5F8FA", "profile_background_image_url": null, "profile_background_image_url_https": null, "profile_background_tile": false, "profile_image_url": "http://pbs.twimg.com/profile_images/1274135807557844992/csqeEkM8_normal.jpg", "profile_image_url_https": "https://pbs.twimg.com/profile_images/1274135807557844992/csqeEkM8_normal.jpg", "profile_banner_url": "https://pbs.twimg.com/profile_banners/1020074025073168384/1589844489", "profile_link_color": "1DA1F2", "profile_sidebar_border_color": "C0DEED", "profile_sidebar_fill_color": "DDEEF6", "profile_text_color": "333333", "profile_use_background_image": true, "has_extended_profile": false, "default_profile": true, "default_profile_image": false, "following": false, "follow_request_sent": false, "notifications": false, "translator_type": "none"}, "geo": null, "coordinates": null, "place": null, "contributors": null, "is_quote_status": false, "retweet_count": 0, "favorite_count": 4, "favorited": false, "retweeted": false, "lang": "en", "reply_count": 0}