{"created_at": "Tue Dec 04 15:05:05 +0000 2018", "id": 1069970855936057344, "id_str": "1069970855936057344", "full_text": "@cannaworldsite @Michael87163152 @realmedicineMI @EmeraldZoo @nuTTTz_ @mmatyree @Calrtipper @pitcow77 @Hippie_of_Love @greenthumbrn_b Woah.", "truncated": false, "display_text_range": [134, 139], "entities": {"hashtags": [], "symbols": [], "user_mentions": [{"screen_name": "cannaworldsite", "name": "CannaWorld", "id": 816290173298282496, "id_str": "816290173298282496", "indices": [0, 15]}, {"screen_name": "Michael87163152", "name": "Michael", "id": 902686761968693249, "id_str": "902686761968693249", "indices": [16, 32]}, {"screen_name": "EmeraldZoo", "name": "Emerald Zoo LLC", "id": 789642890884501504, "id_str": "789642890884501504", "indices": [49, 60]}, {"screen_name": "nuTTTz_", "name": "Al McDonald", "id": 3397631735, "id_str": "3397631735", "indices": [61, 69]}, {"screen_name": "mmatyree", "name": "happy", "id": 508674483, "id_str": "508674483", "indices": [70, 79]}, {"screen_name": "Calrtipper", "name": "Calvin", "id": 2235605119, "id_str": "2235605119", "indices": [80, 91]}, {"screen_name": "pitcow77", "name": "Cornelius vandenBerg", "id": 2377524836, "id_str": "2377524836", "indices": [92, 101]}, {"screen_name": "Hippie_of_Love", "name": "Becca\ud83d\udc78", "id": 512287398, "id_str": "512287398", "indices": [102, 117]}, {"screen_name": "greenthumbrn_b", "name": "CANANA\ud83c\udde8\ud83c\udde6\u262e\ufe0f\u2764\ufe0f\ud83d\ude4f\ud83c\udffb", "id": 2998991410, "id_str": "2998991410", "indices": [118, 133]}], "urls": []}, "source": "<a href=\"http://twitter.com/download/iphone\" rel=\"nofollow\">Twitter for iPhone</a>", "in_reply_to_status_id": 1069759449328484353, "in_reply_to_status_id_str": "1069759449328484353", "in_reply_to_user_id": 816290173298282496, "in_reply_to_user_id_str": "816290173298282496", "in_reply_to_screen_name": "cannaworldsite", "user": {"id": 2894103033, "id_str": "2894103033", "name": "Artmetheus", "screen_name": "Artizzahn", "location": "Prescription Only ", "description": "Medieval sorcerer and goat herder\u2014feeding the mental livestock. I like and RT others. Fuck Bunker Bitch", "url": "https://t.co/sxOuzfPpyp", "entities": {"url": {"urls": [{"url": "https://t.co/sxOuzfPpyp", "expanded_url": "https://twitter.com/search/?q=from%3A%40Artizzahn%2Fexclude%3Areplies&src=typed_query", "display_url": "twitter.com/search/?q=from\u2026", "indices": [0, 23]}]}, "description": {"urls": []}}, "protected": false, "followers_count": 3912, "friends_count": 3587, "listed_count": 10, "created_at": "Thu Nov 27 02:50:43 +0000 2014", "favourites_count": 95087, "utc_offset": null, "time_zone": null, "geo_enabled": true, "verified": false, "statuses_count": 28708, "lang": null, "contributors_enabled": false, "is_translator": false, "is_translation_enabled": false, "profile_background_color": "000000", "profile_background_image_url": "http://abs.twimg.com/images/themes/theme1/bg.png", "profile_background_image_url_https": "https://abs.twimg.com/images/themes/theme1/bg.png", "profile_background_tile": false, "profile_image_url": "http://pbs.twimg.com/profile_images/1253214836143636481/cc5RaHbD_normal.jpg", "profile_image_url_https": "https://pbs.twimg.com/profile_images/1253214836143636481/cc5RaHbD_normal.jpg", "profile_banner_url": "https://pbs.twimg.com/profile_banners/2894103033/1589435196", "profile_link_color": "FAB81E", "profile_sidebar_border_color": "000000", "profile_sidebar_fill_color": "000000", "profile_text_color": "000000", "profile_use_background_image": false, "has_extended_profile": true, "default_profile": false, "default_profile_image": false, "following": false, "follow_request_sent": false, "notifications": false, "translator_type": "none"}, "geo": null, "coordinates": null, "place": null, "contributors": null, "is_quote_status": false, "retweet_count": 0, "favorite_count": 3, "favorited": false, "retweeted": false, "lang": "en", "reply_count": 0}