{"created_at": "Tue Dec 04 03:40:43 +0000 2018", "id": 1069798626040279040, "id_str": "1069798626040279040", "full_text": "@Hippie_of_Love @mommyisstoned @cannaworldsite @GruntleLife @Michael87163152 @realmedicineMI @EmeraldZoo @nuTTTz_ @mmatyree @pitcow77 @greenthumbrn_b I saw Sammy fronting and was completely converted. HAGAR Kicks Ass! :)", "truncated": false, "display_text_range": [150, 220], "entities": {"hashtags": [], "symbols": [], "user_mentions": [{"screen_name": "Hippie_of_Love", "name": "Becca\ud83d\udca8\ud83d\udca8", "id": 512287398, "id_str": "512287398", "indices": [0, 15]}, {"screen_name": "mommyisstoned", "name": "Momma Mel - Green Dust Woman", "id": 1047974691737153536, "id_str": "1047974691737153536", "indices": [16, 30]}, {"screen_name": "cannaworldsite", "name": "CannaWorld", "id": 816290173298282496, "id_str": "816290173298282496", "indices": [31, 46]}, {"screen_name": "GruntleLife", "name": "\u2659", "id": 2352301454, "id_str": "2352301454", "indices": [47, 59]}, {"screen_name": "Michael87163152", "name": "Michael", "id": 902686761968693249, "id_str": "902686761968693249", "indices": [60, 76]}, {"screen_name": "EmeraldZoo", "name": "Emerald Zoo LLC", "id": 789642890884501504, "id_str": "789642890884501504", "indices": [93, 104]}, {"screen_name": "nuTTTz_", "name": "Al McDonald", "id": 3397631735, "id_str": "3397631735", "indices": [105, 113]}, {"screen_name": "mmatyree", "name": "happy", "id": 508674483, "id_str": "508674483", "indices": [114, 123]}, {"screen_name": "pitcow77", "name": "Cornelius vandenBerg", "id": 2377524836, "id_str": "2377524836", "indices": [124, 133]}, {"screen_name": "greenthumbrn_b", "name": "\ud83c\udde8\ud83c\udde6DAR\ud83c\udde8\ud83c\udde6\u270c\ud83c\udffb\ud83e\udd1f\ud83c\udffb\ud83c\udf3f\ud83e\udd1c\ud83c\udffb\ud83e\udd1b\ud83c\udffb\ud83d\udcaf", "id": 2998991410, "id_str": "2998991410", "indices": [134, 149]}], "urls": []}, "source": "<a href=\"http://twitter.com/download/android\" rel=\"nofollow\">Twitter for Android</a>", "in_reply_to_status_id": 1069784961333542912, "in_reply_to_status_id_str": "1069784961333542912", "in_reply_to_user_id": 512287398, "in_reply_to_user_id_str": "512287398", "in_reply_to_screen_name": "Hippie_of_Love", "user": {"id": 2235605119, "id_str": "2235605119", "name": "Calvin", "screen_name": "Calrtipper", "location": "Denver Colorado", "description": "Promoter, Artist, and Showman. 420 education, mmj industry consulting, advocate, product reviewer. Twitter Pimp. Husband of @CannaAngel Disciple of Experience.", "url": null, "entities": {"description": {"urls": []}}, "protected": false, "followers_count": 3945, "friends_count": 1982, "listed_count": 604, "created_at": "Sun Dec 08 06:20:10 +0000 2013", "favourites_count": 130650, "utc_offset": null, "time_zone": null, "geo_enabled": true, "verified": false, "statuses_count": 410689, "lang": null, "contributors_enabled": false, "is_translator": false, "is_translation_enabled": false, "profile_background_color": "1A1B1F", "profile_background_image_url": "http://abs.twimg.com/images/themes/theme1/bg.png", "profile_background_image_url_https": "https://abs.twimg.com/images/themes/theme1/bg.png", "profile_background_tile": true, "profile_image_url": "http://pbs.twimg.com/profile_images/1139996894870949888/S5hBD5An_normal.jpg", "profile_image_url_https": "https://pbs.twimg.com/profile_images/1139996894870949888/S5hBD5An_normal.jpg", "profile_banner_url": "https://pbs.twimg.com/profile_banners/2235605119/1520812762", "profile_link_color": "127A2E", "profile_sidebar_border_color": "FFFFFF", "profile_sidebar_fill_color": "DDEEF6", "profile_text_color": "333333", "profile_use_background_image": true, "has_extended_profile": false, "default_profile": false, "default_profile_image": false, "following": false, "follow_request_sent": false, "notifications": false, "translator_type": "none"}, "geo": null, "coordinates": null, "place": null, "contributors": null, "is_quote_status": false, "retweet_count": 0, "favorite_count": 0, "favorited": false, "retweeted": false, "lang": "en", "reply_count": 0}