{"created_at": "Tue Dec 04 16:11:28 +0000 2018", "id": 1069987559172923393, "id_str": "1069987559172923393", "full_text": "@SarahJax808 @cannaworldsite @Michael87163152 @realmedicineMI @EmeraldZoo @nuTTTz_ @mmatyree @Calrtipper @pitcow77 @Hippie_of_Love @greenthumbrn_b Sup tho", "truncated": false, "display_text_range": [147, 154], "entities": {"hashtags": [], "symbols": [], "user_mentions": [{"screen_name": "SarahJax808", "name": "SarahJax808\ud83c\udf1e", "id": 1075549189, "id_str": "1075549189", "indices": [0, 12]}, {"screen_name": "cannaworldsite", "name": "CannaWorld", "id": 816290173298282496, "id_str": "816290173298282496", "indices": [13, 28]}, {"screen_name": "Michael87163152", "name": "Michael", "id": 902686761968693249, "id_str": "902686761968693249", "indices": [29, 45]}, {"screen_name": "EmeraldZoo", "name": "Emerald Zoo LLC", "id": 789642890884501504, "id_str": "789642890884501504", "indices": [62, 73]}, {"screen_name": "nuTTTz_", "name": "Al McDonald", "id": 3397631735, "id_str": "3397631735", "indices": [74, 82]}, {"screen_name": "mmatyree", "name": "happy", "id": 508674483, "id_str": "508674483", "indices": [83, 92]}, {"screen_name": "Calrtipper", "name": "Calvin", "id": 2235605119, "id_str": "2235605119", "indices": [93, 104]}, {"screen_name": "pitcow77", "name": "Cornelius vandenBerg", "id": 2377524836, "id_str": "2377524836", "indices": [105, 114]}, {"screen_name": "Hippie_of_Love", "name": "Becca\ud83d\udca8\ud83d\udca8", "id": 512287398, "id_str": "512287398", "indices": [115, 130]}, {"screen_name": "greenthumbrn_b", "name": "CANANA\ud83c\udde8\ud83c\udde6\u262e\ufe0f\u2764\ufe0f\ud83d\ude4f\ud83c\udffb", "id": 2998991410, "id_str": "2998991410", "indices": [131, 146]}], "urls": []}, "source": "<a href=\"http://twitter.com/download/android\" rel=\"nofollow\">Twitter for Android</a>", "in_reply_to_status_id": 1069986920564973569, "in_reply_to_status_id_str": "1069986920564973569", "in_reply_to_user_id": 1075549189, "in_reply_to_user_id_str": "1075549189", "in_reply_to_screen_name": "SarahJax808", "user": {"id": 630602266, "id_str": "630602266", "name": "\u2618H.I. Kalabash\u2618", "screen_name": "hikalabash", "location": "111 Archer Avenue", "description": "World's foremost authority on fuck all", "url": null, "entities": {"description": {"urls": []}}, "protected": false, "followers_count": 357, "friends_count": 1264, "listed_count": 1, "created_at": "Sun Jul 08 23:11:14 +0000 2012", "favourites_count": 14421, "utc_offset": null, "time_zone": null, "geo_enabled": true, "verified": false, "statuses_count": 6354, "lang": null, "contributors_enabled": false, "is_translator": false, "is_translation_enabled": false, "profile_background_color": "C0DEED", "profile_background_image_url": "http://abs.twimg.com/images/themes/theme1/bg.png", "profile_background_image_url_https": "https://abs.twimg.com/images/themes/theme1/bg.png", "profile_background_tile": false, "profile_image_url": "http://pbs.twimg.com/profile_images/1230490975379873792/Pxj2yfr1_normal.jpg", "profile_image_url_https": "https://pbs.twimg.com/profile_images/1230490975379873792/Pxj2yfr1_normal.jpg", "profile_banner_url": "https://pbs.twimg.com/profile_banners/630602266/1593267991", "profile_link_color": "1DA1F2", "profile_sidebar_border_color": "C0DEED", "profile_sidebar_fill_color": "DDEEF6", "profile_text_color": "333333", "profile_use_background_image": true, "has_extended_profile": false, "default_profile": true, "default_profile_image": false, "following": false, "follow_request_sent": false, "notifications": false, "translator_type": "none"}, "geo": null, "coordinates": null, "place": null, "contributors": null, "is_quote_status": false, "retweet_count": 0, "favorite_count": 2, "favorited": false, "retweeted": false, "lang": "en", "reply_count": 1}