{"created_at": "Tue Dec 04 03:29:27 +0000 2018", "id": 1069795791575760896, "id_str": "1069795791575760896", "full_text": "@Hippie_of_Love @cannaworldsite @Michael87163152 @realmedicineMI @EmeraldZoo @nuTTTz_ @mmatyree @Calrtipper @pitcow77 @greenthumbrn_b Recommend Bohemian Rhapsody.", "truncated": false, "display_text_range": [134, 162], "entities": {"hashtags": [], "symbols": [], "user_mentions": [{"screen_name": "Hippie_of_Love", "name": "Becca\ud83d\udc78", "id": 512287398, "id_str": "512287398", "indices": [0, 15]}, {"screen_name": "cannaworldsite", "name": "CannaWorld", "id": 816290173298282496, "id_str": "816290173298282496", "indices": [16, 31]}, {"screen_name": "Michael87163152", "name": "Michael", "id": 902686761968693249, "id_str": "902686761968693249", "indices": [32, 48]}, {"screen_name": "EmeraldZoo", "name": "Emerald Zoo LLC", "id": 789642890884501504, "id_str": "789642890884501504", "indices": [65, 76]}, {"screen_name": "nuTTTz_", "name": "Al McDonald", "id": 3397631735, "id_str": "3397631735", "indices": [77, 85]}, {"screen_name": "mmatyree", "name": "happy", "id": 508674483, "id_str": "508674483", "indices": [86, 95]}, {"screen_name": "Calrtipper", "name": "Calvin", "id": 2235605119, "id_str": "2235605119", "indices": [96, 107]}, {"screen_name": "pitcow77", "name": "Cornelius vandenBerg", "id": 2377524836, "id_str": "2377524836", "indices": [108, 117]}, {"screen_name": "greenthumbrn_b", "name": "CANANA\ud83c\udde8\ud83c\udde6\u262e\ufe0f\u2764\ufe0f\ud83d\ude4f\ud83c\udffb", "id": 2998991410, "id_str": "2998991410", "indices": [118, 133]}], "urls": []}, "source": "<a href=\"http://twitter.com/#!/download/ipad\" rel=\"nofollow\">Twitter for iPad</a>", "in_reply_to_status_id": 1069776145019822080, "in_reply_to_status_id_str": "1069776145019822080", "in_reply_to_user_id": 512287398, "in_reply_to_user_id_str": "512287398", "in_reply_to_screen_name": "Hippie_of_Love", "user": {"id": 191881580, "id_str": "191881580", "name": "Temujin", "screen_name": "shooteyeout", "location": "CA", "description": "Math is approximate, truth subjective. #science #space #SiliconValley #tech #writing #scifi #erotica https://t.co/suxen9eizU instagram: @shooteyeout", "url": "https://t.co/MuzxfELeOt", "entities": {"url": {"urls": [{"url": "https://t.co/MuzxfELeOt", "expanded_url": "http://www.syeopub.com/", "display_url": "syeopub.com", "indices": [0, 23]}]}, "description": {"urls": [{"url": "https://t.co/suxen9eizU", "expanded_url": "http://www.facebook.com/SYEOpublishing/", "display_url": "facebook.com/SYEOpublishing/", "indices": [101, 124]}]}}, "protected": false, "followers_count": 8724, "friends_count": 6762, "listed_count": 243, "created_at": "Fri Sep 17 16:11:30 +0000 2010", "favourites_count": 154, "utc_offset": null, "time_zone": null, "geo_enabled": false, "verified": false, "statuses_count": 12488, "lang": null, "contributors_enabled": false, "is_translator": false, "is_translation_enabled": false, "profile_background_color": "642D8B", "profile_background_image_url": "http://abs.twimg.com/images/themes/theme10/bg.gif", "profile_background_image_url_https": "https://abs.twimg.com/images/themes/theme10/bg.gif", "profile_background_tile": true, "profile_image_url": "http://pbs.twimg.com/profile_images/1023969855655960576/KFF42v8F_normal.jpg", "profile_image_url_https": "https://pbs.twimg.com/profile_images/1023969855655960576/KFF42v8F_normal.jpg", "profile_banner_url": "https://pbs.twimg.com/profile_banners/191881580/1546706845", "profile_link_color": "F20C3A", "profile_sidebar_border_color": "FFFFFF", "profile_sidebar_fill_color": "7AC3EE", "profile_text_color": "3D1957", "profile_use_background_image": true, "has_extended_profile": false, "default_profile": false, "default_profile_image": false, "following": false, "follow_request_sent": false, "notifications": false, "translator_type": "none"}, "geo": null, "coordinates": null, "place": null, "contributors": null, "is_quote_status": false, "retweet_count": 0, "favorite_count": 0, "favorited": false, "retweeted": false, "lang": "en", "reply_count": 0}