{"created_at": "Tue Dec 04 01:16:14 +0000 2018", "id": 1069762268437598209, "id_str": "1069762268437598209", "full_text": "@cannaworldsite @realmedicineMI @EmeraldZoo @nuTTTz_ @mmatyree @Calrtipper @pitcow77 @Hippie_of_Love @greenthumbrn_b Good point! Did they ever investigate the Dr.n question why he was prescribing a cocktail of meds.?", "truncated": false, "display_text_range": [117, 216], "entities": {"hashtags": [], "symbols": [], "user_mentions": [{"screen_name": "cannaworldsite", "name": "CannaWorld", "id": 816290173298282496, "id_str": "816290173298282496", "indices": [0, 15]}, {"screen_name": "EmeraldZoo", "name": "Emerald Zoo LLC", "id": 789642890884501504, "id_str": "789642890884501504", "indices": [32, 43]}, {"screen_name": "nuTTTz_", "name": "Al McDonald", "id": 3397631735, "id_str": "3397631735", "indices": [44, 52]}, {"screen_name": "mmatyree", "name": "happy", "id": 508674483, "id_str": "508674483", "indices": [53, 62]}, {"screen_name": "Calrtipper", "name": "Calvin", "id": 2235605119, "id_str": "2235605119", "indices": [63, 74]}, {"screen_name": "pitcow77", "name": "Cornelius vandenBerg", "id": 2377524836, "id_str": "2377524836", "indices": [75, 84]}, {"screen_name": "Hippie_of_Love", "name": "Becca\ud83d\udc78", "id": 512287398, "id_str": "512287398", "indices": [85, 100]}, {"screen_name": "greenthumbrn_b", "name": "CANANA\ud83c\udde8\ud83c\udde6\u262e\ufe0f\u2764\ufe0f\ud83d\ude4f\ud83c\udffb", "id": 2998991410, "id_str": "2998991410", "indices": [101, 116]}], "urls": []}, "source": "<a href=\"http://twitter.com/download/android\" rel=\"nofollow\">Twitter for Android</a>", "in_reply_to_status_id": 1069761116971114497, "in_reply_to_status_id_str": "1069761116971114497", "in_reply_to_user_id": 816290173298282496, "in_reply_to_user_id_str": "816290173298282496", "in_reply_to_screen_name": "cannaworldsite", "user": {"id": 902686761968693249, "id_str": "902686761968693249", "name": "Michael", "screen_name": "Michael87163152", "location": "Virginia, USA", "description": "Ranger Vet., Engaged; 6th Dan Blk Belt; MBA in Finance; cares for elderly Mother; Volunteer work with Disabled Vets. Member of NORML.", "url": null, "entities": {"description": {"urls": []}}, "protected": false, "followers_count": 3225, "friends_count": 2009, "listed_count": 3, "created_at": "Wed Aug 30 00:17:49 +0000 2017", "favourites_count": 26179, "utc_offset": null, "time_zone": null, "geo_enabled": true, "verified": false, "statuses_count": 16484, "lang": null, "contributors_enabled": false, "is_translator": false, "is_translation_enabled": false, "profile_background_color": "F5F8FA", "profile_background_image_url": null, "profile_background_image_url_https": null, "profile_background_tile": false, "profile_image_url": "http://pbs.twimg.com/profile_images/970428264467574784/t86YHEuO_normal.jpg", "profile_image_url_https": "https://pbs.twimg.com/profile_images/970428264467574784/t86YHEuO_normal.jpg", "profile_link_color": "1DA1F2", "profile_sidebar_border_color": "C0DEED", "profile_sidebar_fill_color": "DDEEF6", "profile_text_color": "333333", "profile_use_background_image": true, "has_extended_profile": true, "default_profile": true, "default_profile_image": false, "following": false, "follow_request_sent": false, "notifications": false, "translator_type": "none"}, "geo": null, "coordinates": null, "place": null, "contributors": null, "is_quote_status": false, "retweet_count": 0, "favorite_count": 3, "favorited": false, "retweeted": false, "lang": "en", "reply_count": 2}