{"created_at": "Tue Dec 04 02:32:35 +0000 2018", "id": 1069781482296684544, "id_str": "1069781482296684544", "full_text": "@Hippie_of_Love @mommyisstoned @cannaworldsite @Michael87163152 @realmedicineMI @EmeraldZoo @nuTTTz_ @mmatyree @Calrtipper @pitcow77 @greenthumbrn_b yea it is ok\n\nthe ones who assume all like the same are lost\n\nlike what you like\n\nalways be true to you\n\nI agree with you", "truncated": false, "display_text_range": [149, 270], "entities": {"hashtags": [], "symbols": [], "user_mentions": [{"screen_name": "Hippie_of_Love", "name": "Becca\ud83d\udc78", "id": 512287398, "id_str": "512287398", "indices": [0, 15]}, {"screen_name": "mommyisstoned", "name": "Momma Mel - Green Dust Woman", "id": 1047974691737153536, "id_str": "1047974691737153536", "indices": [16, 30]}, {"screen_name": "cannaworldsite", "name": "CannaWorld", "id": 816290173298282496, "id_str": "816290173298282496", "indices": [31, 46]}, {"screen_name": "Michael87163152", "name": "Michael", "id": 902686761968693249, "id_str": "902686761968693249", "indices": [47, 63]}, {"screen_name": "EmeraldZoo", "name": "Emerald Zoo LLC", "id": 789642890884501504, "id_str": "789642890884501504", "indices": [80, 91]}, {"screen_name": "nuTTTz_", "name": "Al McDonald", "id": 3397631735, "id_str": "3397631735", "indices": [92, 100]}, {"screen_name": "mmatyree", "name": "happy", "id": 508674483, "id_str": "508674483", "indices": [101, 110]}, {"screen_name": "Calrtipper", "name": "Calvin", "id": 2235605119, "id_str": "2235605119", "indices": [111, 122]}, {"screen_name": "pitcow77", "name": "Cornelius vandenBerg", "id": 2377524836, "id_str": "2377524836", "indices": [123, 132]}, {"screen_name": "greenthumbrn_b", "name": "CANANA\ud83c\udde8\ud83c\udde6\u262e\ufe0f\u2764\ufe0f\ud83d\ude4f\ud83c\udffb", "id": 2998991410, "id_str": "2998991410", "indices": [133, 148]}], "urls": []}, "source": "<a href=\"http://twitter.com\" rel=\"nofollow\">Twitter Web Client</a>", "in_reply_to_status_id": 1069780728274145282, "in_reply_to_status_id_str": "1069780728274145282", "in_reply_to_user_id": 512287398, "in_reply_to_user_id_str": "512287398", "in_reply_to_screen_name": "Hippie_of_Love", "user": {"id": 2352301454, "id_str": "2352301454", "name": "\u2659", "screen_name": "GruntleLife", "location": "\ud83c\udf0e", "description": "\ud835\ude91\ud835\ude8a\ud835\ude9b\ud835\ude8d \ud835\ude9d\ud835\ude98 \ud835\ude8f\ud835\ude98\ud835\ude95\ud835\ude95\ud835\ude98\ud835\udea0\n\ud835\ude97\ud835\ude8e\ud835\ude8a\ud835\ude9b \ud835\ude92\ud835\ude96\ud835\ude99\ud835\ude98\ud835\ude9c\ud835\ude9c\ud835\ude92\ud835\ude8b\ud835\ude95\ud835\ude8e\n\ud835\ude9d\ud835\ude98 \ud835\ude9c\ud835\ude9d\ud835\ude8a\ud835\udea2 \ud835\ude8f\ud835\ude98\ud835\ude95\ud835\ude95\ud835\ude98\ud835\udea0\ud835\ude8e\ud835\ude8d", "url": null, "entities": {"description": {"urls": []}}, "protected": false, "followers_count": 1, "friends_count": 4, "listed_count": 18, "created_at": "Wed Feb 19 21:58:30 +0000 2014", "favourites_count": 19104, "utc_offset": null, "time_zone": null, "geo_enabled": false, "verified": false, "statuses_count": 10308, "lang": null, "contributors_enabled": false, "is_translator": false, "is_translation_enabled": false, "profile_background_color": "131516", "profile_background_image_url": "http://abs.twimg.com/images/themes/theme14/bg.gif", "profile_background_image_url_https": "https://abs.twimg.com/images/themes/theme14/bg.gif", "profile_background_tile": false, "profile_image_url": "http://pbs.twimg.com/profile_images/1209492357441175553/wYWhRtpu_normal.jpg", "profile_image_url_https": "https://pbs.twimg.com/profile_images/1209492357441175553/wYWhRtpu_normal.jpg", "profile_banner_url": "https://pbs.twimg.com/profile_banners/2352301454/1577200358", "profile_link_color": "52664B", "profile_sidebar_border_color": "FFFFFF", "profile_sidebar_fill_color": "EFEFEF", "profile_text_color": "333333", "profile_use_background_image": true, "has_extended_profile": false, "default_profile": false, "default_profile_image": false, "following": false, "follow_request_sent": false, "notifications": false, "translator_type": "none"}, "geo": null, "coordinates": null, "place": null, "contributors": null, "is_quote_status": false, "retweet_count": 1, "favorite_count": 2, "favorited": false, "retweeted": false, "lang": "en", "reply_count": 1}