{"created_at": "Tue Dec 04 08:30:39 +0000 2018", "id": 1069871590307856384, "id_str": "1069871590307856384", "full_text": "@pitcow77 @Hippie_of_Love @GruntleLife @ButchyXOX @cannaworldsite @Michael87163152 @realmedicineMI @EmeraldZoo @nuTTTz_ @mmatyree @Calrtipper @greenthumbrn_b Love your work Becca.", "truncated": false, "display_text_range": [158, 179], "entities": {"hashtags": [], "symbols": [], "user_mentions": [{"screen_name": "pitcow77", "name": "Cornelius vandenBerg", "id": 2377524836, "id_str": "2377524836", "indices": [0, 9]}, {"screen_name": "Hippie_of_Love", "name": "Becca\ud83d\udc78", "id": 512287398, "id_str": "512287398", "indices": [10, 25]}, {"screen_name": "GruntleLife", "name": "\u2659", "id": 2352301454, "id_str": "2352301454", "indices": [26, 38]}, {"screen_name": "cannaworldsite", "name": "CannaWorld", "id": 816290173298282496, "id_str": "816290173298282496", "indices": [50, 65]}, {"screen_name": "Michael87163152", "name": "Michael", "id": 902686761968693249, "id_str": "902686761968693249", "indices": [66, 82]}, {"screen_name": "EmeraldZoo", "name": "Emerald Zoo LLC", "id": 789642890884501504, "id_str": "789642890884501504", "indices": [99, 110]}, {"screen_name": "nuTTTz_", "name": "Al McDonald", "id": 3397631735, "id_str": "3397631735", "indices": [111, 119]}, {"screen_name": "mmatyree", "name": "happy", "id": 508674483, "id_str": "508674483", "indices": [120, 129]}, {"screen_name": "Calrtipper", "name": "Calvin", "id": 2235605119, "id_str": "2235605119", "indices": [130, 141]}, {"screen_name": "greenthumbrn_b", "name": "CANANA\ud83c\udde8\ud83c\udde6\u262e\ufe0f\u2764\ufe0f\ud83d\ude4f\ud83c\udffb", "id": 2998991410, "id_str": "2998991410", "indices": [142, 157]}], "urls": []}, "source": "<a href=\"http://twitter.com/download/iphone\" rel=\"nofollow\">Twitter for iPhone</a>", "in_reply_to_status_id": 1069782151489478657, "in_reply_to_status_id_str": "1069782151489478657", "in_reply_to_user_id": 2377524836, "in_reply_to_user_id_str": "2377524836", "in_reply_to_screen_name": "pitcow77", "user": {"id": 14816458, "id_str": "14816458", "name": "Beaver Murray", "screen_name": "yeppoon", "location": "Gippsland", "description": "The war on drugs has been a massive fail,needs coming at from a different perspective.Portugal comes to mind.Collective Bargaining.Join a union.", "url": "https://t.co/74KnHbCqWr", "entities": {"url": {"urls": [{"url": "https://t.co/74KnHbCqWr", "expanded_url": "https://www.twitter.com/yeppoon", "display_url": "twitter.com/yeppoon", "indices": [0, 23]}]}, "description": {"urls": []}}, "protected": false, "followers_count": 352, "friends_count": 1001, "listed_count": 9, "created_at": "Sun May 18 01:11:03 +0000 2008", "favourites_count": 12585, "utc_offset": null, "time_zone": null, "geo_enabled": true, "verified": false, "statuses_count": 24632, "lang": null, "contributors_enabled": false, "is_translator": false, "is_translation_enabled": false, "profile_background_color": "FFFFFF", "profile_background_image_url": "http://abs.twimg.com/images/themes/theme1/bg.png", "profile_background_image_url_https": "https://abs.twimg.com/images/themes/theme1/bg.png", "profile_background_tile": false, "profile_image_url": "http://pbs.twimg.com/profile_images/1048509868817051648/jBaOhhGb_normal.jpg", "profile_image_url_https": "https://pbs.twimg.com/profile_images/1048509868817051648/jBaOhhGb_normal.jpg", "profile_banner_url": "https://pbs.twimg.com/profile_banners/14816458/1554960326", "profile_link_color": "1B95E0", "profile_sidebar_border_color": "BABAB2", "profile_sidebar_fill_color": "BABAB2", "profile_text_color": "47484D", "profile_use_background_image": true, "has_extended_profile": true, "default_profile": false, "default_profile_image": false, "following": false, "follow_request_sent": false, "notifications": false, "translator_type": "none"}, "geo": null, "coordinates": null, "place": null, "contributors": null, "is_quote_status": false, "retweet_count": 0, "favorite_count": 1, "favorited": false, "retweeted": false, "lang": "en", "reply_count": 0}