{"created_at": "Tue Dec 04 02:11:23 +0000 2018", "id": 1069776145019822080, "id_str": "1069776145019822080", "full_text": "@cannaworldsite @Michael87163152 @realmedicineMI @EmeraldZoo @nuTTTz_ @mmatyree @Calrtipper @pitcow77 @greenthumbrn_b I play guitar so I like a real guitar player. Beatles, Floyd,  Moody Blues", "truncated": false, "display_text_range": [118, 192], "entities": {"hashtags": [], "symbols": [], "user_mentions": [{"screen_name": "cannaworldsite", "name": "CannaWorld", "id": 816290173298282496, "id_str": "816290173298282496", "indices": [0, 15]}, {"screen_name": "Michael87163152", "name": "Michael", "id": 902686761968693249, "id_str": "902686761968693249", "indices": [16, 32]}, {"screen_name": "EmeraldZoo", "name": "Emerald Zoo LLC", "id": 789642890884501504, "id_str": "789642890884501504", "indices": [49, 60]}, {"screen_name": "nuTTTz_", "name": "Al McDonald", "id": 3397631735, "id_str": "3397631735", "indices": [61, 69]}, {"screen_name": "mmatyree", "name": "happy", "id": 508674483, "id_str": "508674483", "indices": [70, 79]}, {"screen_name": "Calrtipper", "name": "Calvin", "id": 2235605119, "id_str": "2235605119", "indices": [80, 91]}, {"screen_name": "pitcow77", "name": "Cornelius vandenBerg", "id": 2377524836, "id_str": "2377524836", "indices": [92, 101]}, {"screen_name": "greenthumbrn_b", "name": "CANANA\ud83c\udde8\ud83c\udde6\u262e\ufe0f\u2764\ufe0f\ud83d\ude4f\ud83c\udffb", "id": 2998991410, "id_str": "2998991410", "indices": [102, 117]}], "urls": []}, "source": "<a href=\"http://twitter.com/download/android\" rel=\"nofollow\">Twitter for Android</a>", "in_reply_to_status_id": 1069770113799348224, "in_reply_to_status_id_str": "1069770113799348224", "in_reply_to_user_id": 816290173298282496, "in_reply_to_user_id_str": "816290173298282496", "in_reply_to_screen_name": "cannaworldsite", "user": {"id": 512287398, "id_str": "512287398", "name": "Becca\ud83d\udc78", "screen_name": "Hippie_of_Love", "location": "", "description": "Peace, love and kindness are free, spread it # product reviewer and promotions #IAmCannabis #IG hippieoflove https://t.co/knsRiZWkSu", "url": null, "entities": {"description": {"urls": [{"url": "https://t.co/knsRiZWkSu", "expanded_url": "http://hippiereview777577530.wordpress.com", "display_url": "hippiereview777577530.wordpress.com", "indices": [109, 132]}]}}, "protected": false, "followers_count": 77075, "friends_count": 65549, "listed_count": 462, "created_at": "Fri Mar 02 18:22:36 +0000 2012", "favourites_count": 258949, "utc_offset": null, "time_zone": null, "geo_enabled": true, "verified": false, "statuses_count": 285949, "lang": null, "contributors_enabled": false, "is_translator": false, "is_translation_enabled": false, "profile_background_color": "C0DEED", "profile_background_image_url": "http://abs.twimg.com/images/themes/theme1/bg.png", "profile_background_image_url_https": "https://abs.twimg.com/images/themes/theme1/bg.png", "profile_background_tile": false, "profile_image_url": "http://pbs.twimg.com/profile_images/877354471881232384/4sodszRt_normal.jpg", "profile_image_url_https": "https://pbs.twimg.com/profile_images/877354471881232384/4sodszRt_normal.jpg", "profile_banner_url": "https://pbs.twimg.com/profile_banners/512287398/1564007329", "profile_link_color": "1DA1F2", "profile_sidebar_border_color": "C0DEED", "profile_sidebar_fill_color": "DDEEF6", "profile_text_color": "333333", "profile_use_background_image": true, "has_extended_profile": true, "default_profile": true, "default_profile_image": false, "following": false, "follow_request_sent": false, "notifications": false, "translator_type": "none"}, "geo": null, "coordinates": null, "place": null, "contributors": null, "is_quote_status": false, "retweet_count": 0, "favorite_count": 11, "favorited": false, "retweeted": false, "lang": "en", "reply_count": 5}