{"created_at": "Tue Dec 04 01:11:40 +0000 2018", "id": 1069761116971114497, "id_str": "1069761116971114497", "full_text": "@Michael87163152 @realmedicineMI @EmeraldZoo @nuTTTz_ @mmatyree @Calrtipper @pitcow77 @Hippie_of_Love @greenthumbrn_b or a murder, depending how you look at it. he didn't prescribe that to himself :/ https://t.co/K80wi3DqBU", "truncated": false, "display_text_range": [118, 199], "entities": {"hashtags": [], "symbols": [], "user_mentions": [{"screen_name": "Michael87163152", "name": "Michael", "id": 902686761968693249, "id_str": "902686761968693249", "indices": [0, 16]}, {"screen_name": "EmeraldZoo", "name": "Emerald Zoo LLC", "id": 789642890884501504, "id_str": "789642890884501504", "indices": [33, 44]}, {"screen_name": "nuTTTz_", "name": "Al McDonald", "id": 3397631735, "id_str": "3397631735", "indices": [45, 53]}, {"screen_name": "mmatyree", "name": "happy", "id": 508674483, "id_str": "508674483", "indices": [54, 63]}, {"screen_name": "Calrtipper", "name": "Calvin", "id": 2235605119, "id_str": "2235605119", "indices": [64, 75]}, {"screen_name": "pitcow77", "name": "Cornelius vandenBerg", "id": 2377524836, "id_str": "2377524836", "indices": [76, 85]}, {"screen_name": "Hippie_of_Love", "name": "Becca\ud83d\udca8\ud83d\udca8", "id": 512287398, "id_str": "512287398", "indices": [86, 101]}, {"screen_name": "greenthumbrn_b", "name": "\ud83c\udde8\ud83c\udde6DAR\ud83c\udde8\ud83c\udde6\u270c\ud83c\udffb\ud83e\udd1f\ud83c\udffb\ud83c\udf3f\ud83e\udd1c\ud83c\udffb\ud83e\udd1b\ud83c\udffb\ud83d\udcaf", "id": 2998991410, "id_str": "2998991410", "indices": [102, 117]}], "urls": [], "media": [{"id": 1069761105961070592, "id_str": "1069761105961070592", "indices": [200, 223], "media_url": "http://pbs.twimg.com/tweet_video_thumb/DtiODttWsAAowrT.jpg", "media_url_https": "https://pbs.twimg.com/tweet_video_thumb/DtiODttWsAAowrT.jpg", "url": "https://t.co/K80wi3DqBU", "display_url": "pic.twitter.com/K80wi3DqBU", "expanded_url": "https://twitter.com/cannaworldsite/status/1069761116971114497/photo/1", "type": "photo", "sizes": {"thumb": {"w": 150, "h": 150, "resize": "crop"}, "large": {"w": 220, "h": 154, "resize": "fit"}, "medium": {"w": 220, "h": 154, "resize": "fit"}, "small": {"w": 220, "h": 154, "resize": "fit"}}}]}, "extended_entities": {"media": [{"id": 1069761105961070592, "id_str": "1069761105961070592", "indices": [200, 223], "media_url": "http://pbs.twimg.com/tweet_video_thumb/DtiODttWsAAowrT.jpg", "media_url_https": "https://pbs.twimg.com/tweet_video_thumb/DtiODttWsAAowrT.jpg", "url": "https://t.co/K80wi3DqBU", "display_url": "pic.twitter.com/K80wi3DqBU", "expanded_url": "https://twitter.com/cannaworldsite/status/1069761116971114497/photo/1", "type": "animated_gif", "sizes": {"thumb": {"w": 150, "h": 150, "resize": "crop"}, "large": {"w": 220, "h": 154, "resize": "fit"}, "medium": {"w": 220, "h": 154, "resize": "fit"}, "small": {"w": 220, "h": 154, "resize": "fit"}}, "video_info": {"aspect_ratio": [10, 7], "variants": [{"bitrate": 0, "content_type": "video/mp4", "url": "https://video.twimg.com/tweet_video/DtiODttWsAAowrT.mp4"}]}}]}, "source": "<a href=\"http://twitter.com\" rel=\"nofollow\">Twitter Web Client</a>", "in_reply_to_status_id": 1069760546541617152, "in_reply_to_status_id_str": "1069760546541617152", "in_reply_to_user_id": 902686761968693249, "in_reply_to_user_id_str": "902686761968693249", "in_reply_to_screen_name": "Michael87163152", "user": {"id": 816290173298282496, "id_str": "816290173298282496", "name": "CannaWorld", "screen_name": "cannaworldsite", "location": "", "description": "Cannabis based website featuring news, media, interviews, strain reviews...", "url": "https://t.co/VDRNuOjnj0", "entities": {"url": {"urls": [{"url": "https://t.co/VDRNuOjnj0", "expanded_url": "https://www.facebook.com/cannaworldsite/", "display_url": "facebook.com/cannaworldsite/", "indices": [0, 23]}]}, "description": {"urls": []}}, "protected": false, "followers_count": 26198, "friends_count": 5089, "listed_count": 133, "created_at": "Tue Jan 03 14:28:38 +0000 2017", "favourites_count": 248559, "utc_offset": null, "time_zone": null, "geo_enabled": false, "verified": false, "statuses_count": 113097, "lang": null, "contributors_enabled": false, "is_translator": false, "is_translation_enabled": false, "profile_background_color": "F5F8FA", "profile_background_image_url": null, "profile_background_image_url_https": null, "profile_background_tile": false, "profile_image_url": "http://pbs.twimg.com/profile_images/816291701149040640/PsG59myM_normal.jpg", "profile_image_url_https": "https://pbs.twimg.com/profile_images/816291701149040640/PsG59myM_normal.jpg", "profile_banner_url": "https://pbs.twimg.com/profile_banners/816290173298282496/1487419718", "profile_link_color": "1DA1F2", "profile_sidebar_border_color": "C0DEED", "profile_sidebar_fill_color": "DDEEF6", "profile_text_color": "333333", "profile_use_background_image": true, "has_extended_profile": true, "default_profile": true, "default_profile_image": false, "following": false, "follow_request_sent": false, "notifications": false, "translator_type": "none"}, "geo": null, "coordinates": null, "place": null, "contributors": null, "is_quote_status": false, "retweet_count": 1, "favorite_count": 7, "favorited": false, "retweeted": false, "possibly_sensitive": false, "possibly_sensitive_appealable": false, "lang": "en", "reply_count": 2}