{"created_at": "Tue Dec 04 02:37:39 +0000 2018", "id": 1069782758115938305, "id_str": "1069782758115938305", "full_text": "@Hippie_of_Love @GruntleLife @ButchyXOX @Michael87163152 @realmedicineMI @EmeraldZoo @nuTTTz_ @mmatyree @Calrtipper @pitcow77 @greenthumbrn_b :) relax, he's not trying to debate anyone, just saying that some people are super fans and might get offended and unfollow you just because you said that - not him, but other people", "truncated": false, "display_text_range": [142, 324], "entities": {"hashtags": [], "symbols": [], "user_mentions": [{"screen_name": "Hippie_of_Love", "name": "Becca\ud83d\udc78", "id": 512287398, "id_str": "512287398", "indices": [0, 15]}, {"screen_name": "GruntleLife", "name": "\u2659", "id": 2352301454, "id_str": "2352301454", "indices": [16, 28]}, {"screen_name": "Michael87163152", "name": "Michael", "id": 902686761968693249, "id_str": "902686761968693249", "indices": [40, 56]}, {"screen_name": "EmeraldZoo", "name": "Emerald Zoo LLC", "id": 789642890884501504, "id_str": "789642890884501504", "indices": [73, 84]}, {"screen_name": "nuTTTz_", "name": "Al McDonald", "id": 3397631735, "id_str": "3397631735", "indices": [85, 93]}, {"screen_name": "mmatyree", "name": "happy", "id": 508674483, "id_str": "508674483", "indices": [94, 103]}, {"screen_name": "Calrtipper", "name": "Calvin", "id": 2235605119, "id_str": "2235605119", "indices": [104, 115]}, {"screen_name": "pitcow77", "name": "Cornelius vandenBerg", "id": 2377524836, "id_str": "2377524836", "indices": [116, 125]}, {"screen_name": "greenthumbrn_b", "name": "CANANA\ud83c\udde8\ud83c\udde6\u262e\ufe0f\u2764\ufe0f\ud83d\ude4f\ud83c\udffb", "id": 2998991410, "id_str": "2998991410", "indices": [126, 141]}], "urls": []}, "source": "<a href=\"http://twitter.com\" rel=\"nofollow\">Twitter Web Client</a>", "in_reply_to_status_id": 1069782285292048384, "in_reply_to_status_id_str": "1069782285292048384", "in_reply_to_user_id": 512287398, "in_reply_to_user_id_str": "512287398", "in_reply_to_screen_name": "Hippie_of_Love", "user": {"id": 816290173298282496, "id_str": "816290173298282496", "name": "CannaWorld", "screen_name": "cannaworldsite", "location": "", "description": "Cannabis based website featuring news, media, interviews, strain reviews...", "url": "https://t.co/VDRNuOjnj0", "entities": {"url": {"urls": [{"url": "https://t.co/VDRNuOjnj0", "expanded_url": "https://www.facebook.com/cannaworldsite/", "display_url": "facebook.com/cannaworldsite/", "indices": [0, 23]}]}, "description": {"urls": []}}, "protected": false, "followers_count": 26198, "friends_count": 5089, "listed_count": 133, "created_at": "Tue Jan 03 14:28:38 +0000 2017", "favourites_count": 248559, "utc_offset": null, "time_zone": null, "geo_enabled": false, "verified": false, "statuses_count": 113097, "lang": null, "contributors_enabled": false, "is_translator": false, "is_translation_enabled": false, "profile_background_color": "F5F8FA", "profile_background_image_url": null, "profile_background_image_url_https": null, "profile_background_tile": false, "profile_image_url": "http://pbs.twimg.com/profile_images/816291701149040640/PsG59myM_normal.jpg", "profile_image_url_https": "https://pbs.twimg.com/profile_images/816291701149040640/PsG59myM_normal.jpg", "profile_banner_url": "https://pbs.twimg.com/profile_banners/816290173298282496/1487419718", "profile_link_color": "1DA1F2", "profile_sidebar_border_color": "C0DEED", "profile_sidebar_fill_color": "DDEEF6", "profile_text_color": "333333", "profile_use_background_image": true, "has_extended_profile": true, "default_profile": true, "default_profile_image": false, "following": false, "follow_request_sent": false, "notifications": false, "translator_type": "none"}, "geo": null, "coordinates": null, "place": null, "contributors": null, "is_quote_status": false, "retweet_count": 0, "favorite_count": 3, "favorited": false, "retweeted": false, "lang": "en", "reply_count": 0}