{"created_at": "Tue Dec 04 02:19:50 +0000 2018", "id": 1069778274027327488, "id_str": "1069778274027327488", "full_text": "@Hippie_of_Love @ButchyXOX @cannaworldsite @Michael87163152 @realmedicineMI @EmeraldZoo @nuTTTz_ @mmatyree @Calrtipper @pitcow77 @greenthumbrn_b can not blame folks\n\nthere are superfans out there\n\nlike me\n\nI'm a superfan of awareness &amp; trying to perpetuate positive global change\n\ngo against that &amp; I will unfollow quick as fuck\n\nbet\n\nwe have to change those opposed\n\nGTFO NOW!", "truncated": false, "display_text_range": [145, 385], "entities": {"hashtags": [], "symbols": [], "user_mentions": [{"screen_name": "Hippie_of_Love", "name": "Becca\ud83d\udca8\ud83d\udca8", "id": 512287398, "id_str": "512287398", "indices": [0, 15]}, {"screen_name": "cannaworldsite", "name": "CannaWorld", "id": 816290173298282496, "id_str": "816290173298282496", "indices": [27, 42]}, {"screen_name": "Michael87163152", "name": "Michael", "id": 902686761968693249, "id_str": "902686761968693249", "indices": [43, 59]}, {"screen_name": "EmeraldZoo", "name": "Emerald Zoo LLC", "id": 789642890884501504, "id_str": "789642890884501504", "indices": [76, 87]}, {"screen_name": "nuTTTz_", "name": "Al McDonald", "id": 3397631735, "id_str": "3397631735", "indices": [88, 96]}, {"screen_name": "mmatyree", "name": "happy", "id": 508674483, "id_str": "508674483", "indices": [97, 106]}, {"screen_name": "Calrtipper", "name": "Calvin", "id": 2235605119, "id_str": "2235605119", "indices": [107, 118]}, {"screen_name": "pitcow77", "name": "Cornelius vandenBerg", "id": 2377524836, "id_str": "2377524836", "indices": [119, 128]}, {"screen_name": "greenthumbrn_b", "name": "\ud83c\udde8\ud83c\udde6DAR\ud83c\udde8\ud83c\udde6\u270c\ud83c\udffb\ud83e\udd1f\ud83c\udffb\ud83c\udf3f\ud83e\udd1c\ud83c\udffb\ud83e\udd1b\ud83c\udffb\ud83d\udcaf", "id": 2998991410, "id_str": "2998991410", "indices": [129, 144]}], "urls": []}, "source": "<a href=\"http://twitter.com\" rel=\"nofollow\">Twitter Web Client</a>", "in_reply_to_status_id": 1069777009142837250, "in_reply_to_status_id_str": "1069777009142837250", "in_reply_to_user_id": 512287398, "in_reply_to_user_id_str": "512287398", "in_reply_to_screen_name": "Hippie_of_Love", "user": {"id": 2352301454, "id_str": "2352301454", "name": "\u2659", "screen_name": "GruntleLife", "location": "\ud83c\udf0e", "description": "\ud835\ude91\ud835\ude8a\ud835\ude9b\ud835\ude8d \ud835\ude9d\ud835\ude98 \ud835\ude8f\ud835\ude98\ud835\ude95\ud835\ude95\ud835\ude98\ud835\udea0\n\ud835\ude97\ud835\ude8e\ud835\ude8a\ud835\ude9b \ud835\ude92\ud835\ude96\ud835\ude99\ud835\ude98\ud835\ude9c\ud835\ude9c\ud835\ude92\ud835\ude8b\ud835\ude95\ud835\ude8e\n\ud835\ude9d\ud835\ude98 \ud835\ude9c\ud835\ude9d\ud835\ude8a\ud835\udea2 \ud835\ude8f\ud835\ude98\ud835\ude95\ud835\ude95\ud835\ude98\ud835\udea0\ud835\ude8e\ud835\ude8d", "url": null, "entities": {"description": {"urls": []}}, "protected": false, "followers_count": 1, "friends_count": 4, "listed_count": 18, "created_at": "Wed Feb 19 21:58:30 +0000 2014", "favourites_count": 19104, "utc_offset": null, "time_zone": null, "geo_enabled": false, "verified": false, "statuses_count": 10308, "lang": null, "contributors_enabled": false, "is_translator": false, "is_translation_enabled": false, "profile_background_color": "131516", "profile_background_image_url": "http://abs.twimg.com/images/themes/theme14/bg.gif", "profile_background_image_url_https": "https://abs.twimg.com/images/themes/theme14/bg.gif", "profile_background_tile": false, "profile_image_url": "http://pbs.twimg.com/profile_images/1209492357441175553/wYWhRtpu_normal.jpg", "profile_image_url_https": "https://pbs.twimg.com/profile_images/1209492357441175553/wYWhRtpu_normal.jpg", "profile_banner_url": "https://pbs.twimg.com/profile_banners/2352301454/1577200358", "profile_link_color": "52664B", "profile_sidebar_border_color": "FFFFFF", "profile_sidebar_fill_color": "EFEFEF", "profile_text_color": "333333", "profile_use_background_image": true, "has_extended_profile": false, "default_profile": false, "default_profile_image": false, "following": false, "follow_request_sent": false, "notifications": false, "translator_type": "none"}, "geo": null, "coordinates": null, "place": null, "contributors": null, "is_quote_status": false, "retweet_count": 0, "favorite_count": 1, "favorited": false, "retweeted": false, "lang": "en", "reply_count": 1}