{"created_at": "Tue Dec 04 02:49:40 +0000 2018", "id": 1069785782276173824, "id_str": "1069785782276173824", "full_text": "@Hippie_of_Love @GruntleLife @ButchyXOX @cannaworldsite @Michael87163152 @realmedicineMI @EmeraldZoo @nuTTTz_ @mmatyree @Calrtipper @greenthumbrn_b You crack me up ....\ud83d\ude02\ud83d\udc9a\u2764\ufe0f\ud83d\udc41\ud83d\udc41", "truncated": false, "display_text_range": [148, 174], "entities": {"hashtags": [], "symbols": [], "user_mentions": [{"screen_name": "Hippie_of_Love", "name": "Becca\ud83d\udc78", "id": 512287398, "id_str": "512287398", "indices": [0, 15]}, {"screen_name": "GruntleLife", "name": "\u2659", "id": 2352301454, "id_str": "2352301454", "indices": [16, 28]}, {"screen_name": "cannaworldsite", "name": "CannaWorld", "id": 816290173298282496, "id_str": "816290173298282496", "indices": [40, 55]}, {"screen_name": "Michael87163152", "name": "Michael", "id": 902686761968693249, "id_str": "902686761968693249", "indices": [56, 72]}, {"screen_name": "EmeraldZoo", "name": "Emerald Zoo LLC", "id": 789642890884501504, "id_str": "789642890884501504", "indices": [89, 100]}, {"screen_name": "nuTTTz_", "name": "Al McDonald", "id": 3397631735, "id_str": "3397631735", "indices": [101, 109]}, {"screen_name": "mmatyree", "name": "happy", "id": 508674483, "id_str": "508674483", "indices": [110, 119]}, {"screen_name": "Calrtipper", "name": "Calvin", "id": 2235605119, "id_str": "2235605119", "indices": [120, 131]}, {"screen_name": "greenthumbrn_b", "name": "CANANA\ud83c\udde8\ud83c\udde6\u262e\ufe0f\u2764\ufe0f\ud83d\ude4f\ud83c\udffb", "id": 2998991410, "id_str": "2998991410", "indices": [132, 147]}], "urls": []}, "source": "<a href=\"http://twitter.com/download/iphone\" rel=\"nofollow\">Twitter for iPhone</a>", "in_reply_to_status_id": 1069785131831963648, "in_reply_to_status_id_str": "1069785131831963648", "in_reply_to_user_id": 512287398, "in_reply_to_user_id_str": "512287398", "in_reply_to_screen_name": "Hippie_of_Love", "user": {"id": 2377524836, "id_str": "2377524836", "name": "Cornelius vandenBerg", "screen_name": "pitcow77", "location": "South Park, Colorado", "description": "Coffee drinking, father, granddaddy, son, guitar picker, dog walking friend of animals, COWBOY FROM HELL, and a lucky man to have so many cool people in my life", "url": null, "entities": {"description": {"urls": []}}, "protected": false, "followers_count": 1862, "friends_count": 502, "listed_count": 6, "created_at": "Fri Mar 07 18:55:18 +0000 2014", "favourites_count": 2811, "utc_offset": null, "time_zone": null, "geo_enabled": true, "verified": false, "statuses_count": 6255, "lang": null, "contributors_enabled": false, "is_translator": false, "is_translation_enabled": false, "profile_background_color": "C0DEED", "profile_background_image_url": "http://abs.twimg.com/images/themes/theme1/bg.png", "profile_background_image_url_https": "https://abs.twimg.com/images/themes/theme1/bg.png", "profile_background_tile": false, "profile_image_url": "http://pbs.twimg.com/profile_images/1085622706555412480/iBAvBst9_normal.jpg", "profile_image_url_https": "https://pbs.twimg.com/profile_images/1085622706555412480/iBAvBst9_normal.jpg", "profile_banner_url": "https://pbs.twimg.com/profile_banners/2377524836/1541607639", "profile_link_color": "1DA1F2", "profile_sidebar_border_color": "C0DEED", "profile_sidebar_fill_color": "DDEEF6", "profile_text_color": "333333", "profile_use_background_image": true, "has_extended_profile": false, "default_profile": true, "default_profile_image": false, "following": false, "follow_request_sent": false, "notifications": false, "translator_type": "none"}, "geo": null, "coordinates": null, "place": null, "contributors": null, "is_quote_status": false, "retweet_count": 0, "favorite_count": 2, "favorited": false, "retweeted": false, "lang": "en", "reply_count": 0}