{"created_at": "Tue Dec 04 02:14:56 +0000 2018", "id": 1069777038830133248, "id_str": "1069777038830133248", "full_text": "@Hippie_of_Love @cannaworldsite @Michael87163152 @realmedicineMI @EmeraldZoo @mmatyree @Calrtipper @pitcow77 @greenthumbrn_b A lil side of SRV every now and then too I'd bet.", "truncated": false, "display_text_range": [125, 174], "entities": {"hashtags": [], "symbols": [], "user_mentions": [{"screen_name": "Hippie_of_Love", "name": "Becca\ud83d\udc78", "id": 512287398, "id_str": "512287398", "indices": [0, 15]}, {"screen_name": "cannaworldsite", "name": "CannaWorld", "id": 816290173298282496, "id_str": "816290173298282496", "indices": [16, 31]}, {"screen_name": "Michael87163152", "name": "Michael", "id": 902686761968693249, "id_str": "902686761968693249", "indices": [32, 48]}, {"screen_name": "EmeraldZoo", "name": "Emerald Zoo LLC", "id": 789642890884501504, "id_str": "789642890884501504", "indices": [65, 76]}, {"screen_name": "mmatyree", "name": "happy", "id": 508674483, "id_str": "508674483", "indices": [77, 86]}, {"screen_name": "Calrtipper", "name": "Calvin", "id": 2235605119, "id_str": "2235605119", "indices": [87, 98]}, {"screen_name": "pitcow77", "name": "Cornelius vandenBerg", "id": 2377524836, "id_str": "2377524836", "indices": [99, 108]}, {"screen_name": "greenthumbrn_b", "name": "CANANA\ud83c\udde8\ud83c\udde6\u262e\ufe0f\u2764\ufe0f\ud83d\ude4f\ud83c\udffb", "id": 2998991410, "id_str": "2998991410", "indices": [109, 124]}], "urls": []}, "source": "<a href=\"http://twitter.com\" rel=\"nofollow\">Twitter Web Client</a>", "in_reply_to_status_id": 1069776145019822080, "in_reply_to_status_id_str": "1069776145019822080", "in_reply_to_user_id": 512287398, "in_reply_to_user_id_str": "512287398", "in_reply_to_screen_name": "Hippie_of_Love", "user": {"id": 3397631735, "id_str": "3397631735", "name": "Al McDonald", "screen_name": "nuTTTz_", "location": "Ontario, Canada", "description": "https://t.co/hmgxLgm6WE 30+ year cannabis grower/advocate, geek, seeker, next quest N,N-DMT got any? \u262e\ufe0f\ud83c\udde8\ud83c\udde6#Iamcannabis #stonerfam", "url": "https://t.co/4VpozQ3nyl", "entities": {"url": {"urls": [{"url": "https://t.co/4VpozQ3nyl", "expanded_url": "http://MellowMeds.ca", "display_url": "MellowMeds.ca", "indices": [0, 23]}]}, "description": {"urls": [{"url": "https://t.co/hmgxLgm6WE", "expanded_url": "https://www.MellowMeds.ca", "display_url": "MellowMeds.ca", "indices": [0, 23]}]}}, "protected": false, "followers_count": 4562, "friends_count": 3022, "listed_count": 15, "created_at": "Fri Jul 31 20:02:09 +0000 2015", "favourites_count": 86766, "utc_offset": null, "time_zone": null, "geo_enabled": true, "verified": false, "statuses_count": 12142, "lang": null, "contributors_enabled": false, "is_translator": false, "is_translation_enabled": false, "profile_background_color": "000000", "profile_background_image_url": "http://abs.twimg.com/images/themes/theme1/bg.png", "profile_background_image_url_https": "https://abs.twimg.com/images/themes/theme1/bg.png", "profile_background_tile": false, "profile_image_url": "http://pbs.twimg.com/profile_images/1168700529742139399/sJnn0cEp_normal.jpg", "profile_image_url_https": "https://pbs.twimg.com/profile_images/1168700529742139399/sJnn0cEp_normal.jpg", "profile_banner_url": "https://pbs.twimg.com/profile_banners/3397631735/1593103407", "profile_link_color": "19CF86", "profile_sidebar_border_color": "000000", "profile_sidebar_fill_color": "000000", "profile_text_color": "000000", "profile_use_background_image": false, "has_extended_profile": true, "default_profile": false, "default_profile_image": false, "following": false, "follow_request_sent": false, "notifications": false, "translator_type": "none"}, "geo": null, "coordinates": null, "place": null, "contributors": null, "is_quote_status": false, "retweet_count": 0, "favorite_count": 3, "favorited": false, "retweeted": false, "lang": "en", "reply_count": 1}