{"created_at": "Tue Dec 04 23:34:05 +0000 2018", "id": 1070098948340146177, "id_str": "1070098948340146177", "full_text": "@cannaworldsite @Michael87163152 @realmedicineMI @EmeraldZoo @nuTTTz_ @mmatyree @Calrtipper @pitcow77 @Hippie_of_Love @greenthumbrn_b U can't even get Quaaludes in the US any more. That's just crazy to take all that in one day. No wonder he is dead. Bad doctor.", "truncated": false, "display_text_range": [134, 261], "entities": {"hashtags": [], "symbols": [], "user_mentions": [{"screen_name": "cannaworldsite", "name": "CannaWorld", "id": 816290173298282496, "id_str": "816290173298282496", "indices": [0, 15]}, {"screen_name": "Michael87163152", "name": "Michael", "id": 902686761968693249, "id_str": "902686761968693249", "indices": [16, 32]}, {"screen_name": "EmeraldZoo", "name": "Emerald Zoo LLC", "id": 789642890884501504, "id_str": "789642890884501504", "indices": [49, 60]}, {"screen_name": "nuTTTz_", "name": "Al McDonald", "id": 3397631735, "id_str": "3397631735", "indices": [61, 69]}, {"screen_name": "mmatyree", "name": "happy", "id": 508674483, "id_str": "508674483", "indices": [70, 79]}, {"screen_name": "Calrtipper", "name": "Calvin", "id": 2235605119, "id_str": "2235605119", "indices": [80, 91]}, {"screen_name": "pitcow77", "name": "Cornelius vandenBerg", "id": 2377524836, "id_str": "2377524836", "indices": [92, 101]}, {"screen_name": "Hippie_of_Love", "name": "Becca\ud83d\udca8\ud83d\udca8", "id": 512287398, "id_str": "512287398", "indices": [102, 117]}, {"screen_name": "greenthumbrn_b", "name": "\ud83c\udde8\ud83c\udde6DAR\ud83c\udde8\ud83c\udde6\u270c\ud83c\udffb\ud83e\udd1f\ud83c\udffb\ud83c\udf3f\ud83e\udd1c\ud83c\udffb\ud83e\udd1b\ud83c\udffb\ud83d\udcaf", "id": 2998991410, "id_str": "2998991410", "indices": [118, 133]}], "urls": []}, "source": "<a href=\"http://twitter.com/download/android\" rel=\"nofollow\">Twitter for Android</a>", "in_reply_to_status_id": 1069759449328484353, "in_reply_to_status_id_str": "1069759449328484353", "in_reply_to_user_id": 816290173298282496, "in_reply_to_user_id_str": "816290173298282496", "in_reply_to_screen_name": "cannaworldsite", "user": {"id": 3097036220, "id_str": "3097036220", "name": "Fern Walter \ud83d\udc15\ud83c\uddfa\ud83c\uddf8", "screen_name": "fernw662", "location": "Sacramento, CA", "description": "NASCAR fan, Sports fan, Love my Lug Nut. Marijuana lover, Gluten Free-Celiac's disease, PLUGS WILL BE BLOCKED! #female  #Jew-Hashem #faith #party\ud83d\ude09", "url": null, "entities": {"description": {"urls": []}}, "protected": false, "followers_count": 473, "friends_count": 556, "listed_count": 6, "created_at": "Thu Mar 19 03:27:32 +0000 2015", "favourites_count": 27202, "utc_offset": null, "time_zone": null, "geo_enabled": true, "verified": false, "statuses_count": 8241, "lang": null, "contributors_enabled": false, "is_translator": false, "is_translation_enabled": false, "profile_background_color": "C0DEED", "profile_background_image_url": "http://abs.twimg.com/images/themes/theme1/bg.png", "profile_background_image_url_https": "https://abs.twimg.com/images/themes/theme1/bg.png", "profile_background_tile": false, "profile_image_url": "http://pbs.twimg.com/profile_images/1271226503527723009/BTFb0ly5_normal.jpg", "profile_image_url_https": "https://pbs.twimg.com/profile_images/1271226503527723009/BTFb0ly5_normal.jpg", "profile_banner_url": "https://pbs.twimg.com/profile_banners/3097036220/1514876038", "profile_link_color": "1DA1F2", "profile_sidebar_border_color": "C0DEED", "profile_sidebar_fill_color": "DDEEF6", "profile_text_color": "333333", "profile_use_background_image": true, "has_extended_profile": true, "default_profile": true, "default_profile_image": false, "following": false, "follow_request_sent": false, "notifications": false, "translator_type": "none"}, "geo": null, "coordinates": null, "place": null, "contributors": null, "is_quote_status": false, "retweet_count": 0, "favorite_count": 3, "favorited": false, "retweeted": false, "lang": "en", "reply_count": 0}