{"created_at": "Tue Dec 04 19:59:32 +0000 2018", "id": 1070044955039674369, "id_str": "1070044955039674369", "full_text": "@cannaworldsite @mmatyree @Michael87163152 @realmedicineMI @EmeraldZoo @nuTTTz_ @Calrtipper @pitcow77 @Hippie_of_Love @greenthumbrn_b What did they think would happen? Insane.", "truncated": false, "display_text_range": [134, 175], "entities": {"hashtags": [], "symbols": [], "user_mentions": [{"screen_name": "cannaworldsite", "name": "CannaWorld", "id": 816290173298282496, "id_str": "816290173298282496", "indices": [0, 15]}, {"screen_name": "mmatyree", "name": "happy", "id": 508674483, "id_str": "508674483", "indices": [16, 25]}, {"screen_name": "Michael87163152", "name": "Michael", "id": 902686761968693249, "id_str": "902686761968693249", "indices": [26, 42]}, {"screen_name": "EmeraldZoo", "name": "Emerald Zoo LLC", "id": 789642890884501504, "id_str": "789642890884501504", "indices": [59, 70]}, {"screen_name": "nuTTTz_", "name": "Al McDonald", "id": 3397631735, "id_str": "3397631735", "indices": [71, 79]}, {"screen_name": "Calrtipper", "name": "Calvin", "id": 2235605119, "id_str": "2235605119", "indices": [80, 91]}, {"screen_name": "pitcow77", "name": "Cornelius vandenBerg", "id": 2377524836, "id_str": "2377524836", "indices": [92, 101]}, {"screen_name": "Hippie_of_Love", "name": "Becca\ud83d\udc78", "id": 512287398, "id_str": "512287398", "indices": [102, 117]}, {"screen_name": "greenthumbrn_b", "name": "CANANA\ud83c\udde8\ud83c\udde6\u262e\ufe0f\u2764\ufe0f\ud83d\ude4f\ud83c\udffb", "id": 2998991410, "id_str": "2998991410", "indices": [118, 133]}], "urls": []}, "source": "<a href=\"http://twitter.com/download/android\" rel=\"nofollow\">Twitter for Android</a>", "in_reply_to_status_id": 1069759449328484353, "in_reply_to_status_id_str": "1069759449328484353", "in_reply_to_user_id": 816290173298282496, "in_reply_to_user_id_str": "816290173298282496", "in_reply_to_screen_name": "cannaworldsite", "user": {"id": 275580978, "id_str": "275580978", "name": "Leah J", "screen_name": "SwoonTheMoon", "location": "Nashville, TN", "description": "Emotionally attached to every dog I meet. Camera addict. Procrastinator.\n\n#believeinfilm #SafeAccesss #fujifilm #tacos\n\nhttps://t.co/rkPgsgTiVO", "url": "https://t.co/vgm9thyDm8", "entities": {"url": {"urls": [{"url": "https://t.co/vgm9thyDm8", "expanded_url": "http://area25photography.blogspot.com", "display_url": "area25photography.blogspot.com", "indices": [0, 23]}]}, "description": {"urls": [{"url": "https://t.co/rkPgsgTiVO", "expanded_url": "http://Instagram.com/area25artistry", "display_url": "Instagram.com/area25artistry", "indices": [120, 143]}]}}, "protected": false, "followers_count": 679, "friends_count": 1915, "listed_count": 22, "created_at": "Fri Apr 01 15:31:57 +0000 2011", "favourites_count": 15341, "utc_offset": null, "time_zone": null, "geo_enabled": true, "verified": false, "statuses_count": 4870, "lang": null, "contributors_enabled": false, "is_translator": false, "is_translation_enabled": false, "profile_background_color": "C0DEED", "profile_background_image_url": "http://abs.twimg.com/images/themes/theme1/bg.png", "profile_background_image_url_https": "https://abs.twimg.com/images/themes/theme1/bg.png", "profile_background_tile": true, "profile_image_url": "http://pbs.twimg.com/profile_images/1169701391448838145/ZJX63fnt_normal.jpg", "profile_image_url_https": "https://pbs.twimg.com/profile_images/1169701391448838145/ZJX63fnt_normal.jpg", "profile_banner_url": "https://pbs.twimg.com/profile_banners/275580978/1550097656", "profile_link_color": "ABB8C2", "profile_sidebar_border_color": "FFFFFF", "profile_sidebar_fill_color": "DDEEF6", "profile_text_color": "333333", "profile_use_background_image": true, "has_extended_profile": false, "default_profile": false, "default_profile_image": false, "following": false, "follow_request_sent": false, "notifications": false, "translator_type": "none"}, "geo": null, "coordinates": null, "place": null, "contributors": null, "is_quote_status": false, "retweet_count": 0, "favorite_count": 2, "favorited": false, "retweeted": false, "lang": "en", "reply_count": 0}