{"created_at": "Tue Dec 04 20:52:29 +0000 2018", "id": 1070058282201563136, "id_str": "1070058282201563136", "full_text": "@cannaworldsite @Michael87163152 @realmedicineMI @EmeraldZoo @nuTTTz_ @mmatyree @Calrtipper @pitcow77 @Hippie_of_Love @greenthumbrn_b yeah he put that between his peanut and bacon sandwiches! oh gosh!!", "truncated": false, "display_text_range": [134, 201], "entities": {"hashtags": [], "symbols": [], "user_mentions": [{"screen_name": "cannaworldsite", "name": "CannaWorld", "id": 816290173298282496, "id_str": "816290173298282496", "indices": [0, 15]}, {"screen_name": "Michael87163152", "name": "Michael", "id": 902686761968693249, "id_str": "902686761968693249", "indices": [16, 32]}, {"screen_name": "EmeraldZoo", "name": "Emerald Zoo LLC", "id": 789642890884501504, "id_str": "789642890884501504", "indices": [49, 60]}, {"screen_name": "nuTTTz_", "name": "Al McDonald", "id": 3397631735, "id_str": "3397631735", "indices": [61, 69]}, {"screen_name": "mmatyree", "name": "happy", "id": 508674483, "id_str": "508674483", "indices": [70, 79]}, {"screen_name": "Calrtipper", "name": "Calvin", "id": 2235605119, "id_str": "2235605119", "indices": [80, 91]}, {"screen_name": "pitcow77", "name": "Cornelius vandenBerg", "id": 2377524836, "id_str": "2377524836", "indices": [92, 101]}, {"screen_name": "Hippie_of_Love", "name": "Becca\ud83d\udc78", "id": 512287398, "id_str": "512287398", "indices": [102, 117]}, {"screen_name": "greenthumbrn_b", "name": "CANANA\ud83c\udde8\ud83c\udde6\u262e\ufe0f\u2764\ufe0f\ud83d\ude4f\ud83c\udffb", "id": 2998991410, "id_str": "2998991410", "indices": [118, 133]}], "urls": []}, "source": "<a href=\"http://twitter.com\" rel=\"nofollow\">Twitter Web Client</a>", "in_reply_to_status_id": 1069759449328484353, "in_reply_to_status_id_str": "1069759449328484353", "in_reply_to_user_id": 816290173298282496, "in_reply_to_user_id_str": "816290173298282496", "in_reply_to_screen_name": "cannaworldsite", "user": {"id": 998921988176535552, "id_str": "998921988176535552", "name": "cherry~bomb2020", "screen_name": "cherryb15583410", "location": "", "description": "I am interested in taking care of animals and people", "url": null, "entities": {"description": {"urls": []}}, "protected": false, "followers_count": 1181, "friends_count": 3734, "listed_count": 2, "created_at": "Tue May 22 13:42:15 +0000 2018", "favourites_count": 12121, "utc_offset": null, "time_zone": null, "geo_enabled": false, "verified": false, "statuses_count": 6610, "lang": null, "contributors_enabled": false, "is_translator": false, "is_translation_enabled": false, "profile_background_color": "000000", "profile_background_image_url": "http://abs.twimg.com/images/themes/theme1/bg.png", "profile_background_image_url_https": "https://abs.twimg.com/images/themes/theme1/bg.png", "profile_background_tile": false, "profile_image_url": "http://pbs.twimg.com/profile_images/1226539771092197376/NTlXVbfB_normal.jpg", "profile_image_url_https": "https://pbs.twimg.com/profile_images/1226539771092197376/NTlXVbfB_normal.jpg", "profile_banner_url": "https://pbs.twimg.com/profile_banners/998921988176535552/1555622802", "profile_link_color": "E81C4F", "profile_sidebar_border_color": "000000", "profile_sidebar_fill_color": "000000", "profile_text_color": "000000", "profile_use_background_image": false, "has_extended_profile": true, "default_profile": false, "default_profile_image": false, "following": false, "follow_request_sent": false, "notifications": false, "translator_type": "none"}, "geo": null, "coordinates": null, "place": null, "contributors": null, "is_quote_status": false, "retweet_count": 0, "favorite_count": 2, "favorited": false, "retweeted": false, "lang": "en", "reply_count": 0}