{"created_at": "Tue Dec 04 20:00:18 +0000 2018", "id": 1070045149722497024, "id_str": "1070045149722497024", "full_text": "@cwfmoore @cannaworldsite @Michael87163152 @realmedicineMI @EmeraldZoo @mmatyree @Calrtipper @pitcow77 @Hippie_of_Love @greenthumbrn_b ba dum tish https://t.co/qTswkwRneb", "truncated": false, "display_text_range": [135, 146], "entities": {"hashtags": [], "symbols": [], "user_mentions": [{"screen_name": "cwfmoore", "name": "Craig Moore", "id": 207569292, "id_str": "207569292", "indices": [0, 9]}, {"screen_name": "cannaworldsite", "name": "CannaWorld", "id": 816290173298282496, "id_str": "816290173298282496", "indices": [10, 25]}, {"screen_name": "Michael87163152", "name": "Michael", "id": 902686761968693249, "id_str": "902686761968693249", "indices": [26, 42]}, {"screen_name": "EmeraldZoo", "name": "Emerald Zoo LLC", "id": 789642890884501504, "id_str": "789642890884501504", "indices": [59, 70]}, {"screen_name": "mmatyree", "name": "happy", "id": 508674483, "id_str": "508674483", "indices": [71, 80]}, {"screen_name": "Calrtipper", "name": "Calvin", "id": 2235605119, "id_str": "2235605119", "indices": [81, 92]}, {"screen_name": "pitcow77", "name": "Cornelius vandenBerg", "id": 2377524836, "id_str": "2377524836", "indices": [93, 102]}, {"screen_name": "Hippie_of_Love", "name": "Becca\ud83d\udca8\ud83d\udca8", "id": 512287398, "id_str": "512287398", "indices": [103, 118]}, {"screen_name": "greenthumbrn_b", "name": "\ud83c\udde8\ud83c\udde6DAR\ud83c\udde8\ud83c\udde6\u270c\ud83c\udffb\ud83e\udd1f\ud83c\udffb\ud83c\udf3f\ud83e\udd1c\ud83c\udffb\ud83e\udd1b\ud83c\udffb\ud83d\udcaf", "id": 2998991410, "id_str": "2998991410", "indices": [119, 134]}], "urls": [], "media": [{"id": 1070045130877558784, "id_str": "1070045130877558784", "indices": [147, 170], "media_url": "http://pbs.twimg.com/tweet_video_thumb/DtmQYI-X4AA817j.jpg", "media_url_https": "https://pbs.twimg.com/tweet_video_thumb/DtmQYI-X4AA817j.jpg", "url": "https://t.co/qTswkwRneb", "display_url": "pic.twitter.com/qTswkwRneb", "expanded_url": "https://twitter.com/nuTTTz_/status/1070045149722497024/photo/1", "type": "photo", "sizes": {"thumb": {"w": 150, "h": 150, "resize": "crop"}, "large": {"w": 356, "h": 200, "resize": "fit"}, "small": {"w": 356, "h": 200, "resize": "fit"}, "medium": {"w": 356, "h": 200, "resize": "fit"}}}]}, "extended_entities": {"media": [{"id": 1070045130877558784, "id_str": "1070045130877558784", "indices": [147, 170], "media_url": "http://pbs.twimg.com/tweet_video_thumb/DtmQYI-X4AA817j.jpg", "media_url_https": "https://pbs.twimg.com/tweet_video_thumb/DtmQYI-X4AA817j.jpg", "url": "https://t.co/qTswkwRneb", "display_url": "pic.twitter.com/qTswkwRneb", "expanded_url": "https://twitter.com/nuTTTz_/status/1070045149722497024/photo/1", "type": "animated_gif", "sizes": {"thumb": {"w": 150, "h": 150, "resize": "crop"}, "large": {"w": 356, "h": 200, "resize": "fit"}, "small": {"w": 356, "h": 200, "resize": "fit"}, "medium": {"w": 356, "h": 200, "resize": "fit"}}, "video_info": {"aspect_ratio": [89, 50], "variants": [{"bitrate": 0, "content_type": "video/mp4", "url": "https://video.twimg.com/tweet_video/DtmQYI-X4AA817j.mp4"}]}}]}, "source": "<a href=\"http://twitter.com\" rel=\"nofollow\">Twitter Web Client</a>", "in_reply_to_status_id": 1070043996775477249, "in_reply_to_status_id_str": "1070043996775477249", "in_reply_to_user_id": 207569292, "in_reply_to_user_id_str": "207569292", "in_reply_to_screen_name": "cwfmoore", "user": {"id": 3397631735, "id_str": "3397631735", "name": "Al McDonald", "screen_name": "nuTTTz_", "location": "Ontario, Canada", "description": "https://t.co/hmgxLgm6WE 30+ year cannabis grower/advocate, geek, seeker, next quest N,N-DMT got any? \u262e\ufe0f\ud83c\udde8\ud83c\udde6#Iamcannabis #stonerfam", "url": "https://t.co/4VpozQ3nyl", "entities": {"url": {"urls": [{"url": "https://t.co/4VpozQ3nyl", "expanded_url": "http://MellowMeds.ca", "display_url": "MellowMeds.ca", "indices": [0, 23]}]}, "description": {"urls": [{"url": "https://t.co/hmgxLgm6WE", "expanded_url": "https://www.MellowMeds.ca", "display_url": "MellowMeds.ca", "indices": [0, 23]}]}}, "protected": false, "followers_count": 4563, "friends_count": 3022, "listed_count": 15, "created_at": "Fri Jul 31 20:02:09 +0000 2015", "favourites_count": 86765, "utc_offset": null, "time_zone": null, "geo_enabled": true, "verified": false, "statuses_count": 12142, "lang": null, "contributors_enabled": false, "is_translator": false, "is_translation_enabled": false, "profile_background_color": "000000", "profile_background_image_url": "http://abs.twimg.com/images/themes/theme1/bg.png", "profile_background_image_url_https": "https://abs.twimg.com/images/themes/theme1/bg.png", "profile_background_tile": false, "profile_image_url": "http://pbs.twimg.com/profile_images/1168700529742139399/sJnn0cEp_normal.jpg", "profile_image_url_https": "https://pbs.twimg.com/profile_images/1168700529742139399/sJnn0cEp_normal.jpg", "profile_banner_url": "https://pbs.twimg.com/profile_banners/3397631735/1593103407", "profile_link_color": "19CF86", "profile_sidebar_border_color": "000000", "profile_sidebar_fill_color": "000000", "profile_text_color": "000000", "profile_use_background_image": false, "has_extended_profile": true, "default_profile": false, "default_profile_image": false, "following": false, "follow_request_sent": false, "notifications": false, "translator_type": "none"}, "geo": null, "coordinates": null, "place": null, "contributors": null, "is_quote_status": false, "retweet_count": 0, "favorite_count": 2, "favorited": false, "retweeted": false, "possibly_sensitive": false, "possibly_sensitive_appealable": false, "lang": "tl", "reply_count": 0}