{"created_at": "Tue Dec 04 19:21:56 +0000 2018", "id": 1070035495139270656, "id_str": "1070035495139270656", "full_text": "@cannaworldsite @Michael87163152 @realmedicineMI @EmeraldZoo @nuTTTz_ @mmatyree @Calrtipper @pitcow77 @Hippie_of_Love @greenthumbrn_b Way too much drugs. https://t.co/0MWz6rgc82", "truncated": false, "display_text_range": [134, 153], "entities": {"hashtags": [], "symbols": [], "user_mentions": [{"screen_name": "cannaworldsite", "name": "CannaWorld", "id": 816290173298282496, "id_str": "816290173298282496", "indices": [0, 15]}, {"screen_name": "Michael87163152", "name": "Michael", "id": 902686761968693249, "id_str": "902686761968693249", "indices": [16, 32]}, {"screen_name": "EmeraldZoo", "name": "Emerald Zoo LLC", "id": 789642890884501504, "id_str": "789642890884501504", "indices": [49, 60]}, {"screen_name": "nuTTTz_", "name": "Al McDonald", "id": 3397631735, "id_str": "3397631735", "indices": [61, 69]}, {"screen_name": "mmatyree", "name": "happy", "id": 508674483, "id_str": "508674483", "indices": [70, 79]}, {"screen_name": "Calrtipper", "name": "Calvin", "id": 2235605119, "id_str": "2235605119", "indices": [80, 91]}, {"screen_name": "pitcow77", "name": "Cornelius vandenBerg", "id": 2377524836, "id_str": "2377524836", "indices": [92, 101]}, {"screen_name": "Hippie_of_Love", "name": "Becca\ud83d\udc78", "id": 512287398, "id_str": "512287398", "indices": [102, 117]}, {"screen_name": "greenthumbrn_b", "name": "CANANA\ud83c\udde8\ud83c\udde6\u262e\ufe0f\u2764\ufe0f\ud83d\ude4f\ud83c\udffb", "id": 2998991410, "id_str": "2998991410", "indices": [118, 133]}], "urls": [], "media": [{"id": 1070035487690113024, "id_str": "1070035487690113024", "indices": [154, 177], "media_url": "http://pbs.twimg.com/tweet_video_thumb/DtmHm1TUwAACDCa.jpg", "media_url_https": "https://pbs.twimg.com/tweet_video_thumb/DtmHm1TUwAACDCa.jpg", "url": "https://t.co/0MWz6rgc82", "display_url": "pic.twitter.com/0MWz6rgc82", "expanded_url": "https://twitter.com/girlygirlsguide/status/1070035495139270656/photo/1", "type": "photo", "sizes": {"thumb": {"w": 150, "h": 150, "resize": "crop"}, "small": {"w": 244, "h": 360, "resize": "fit"}, "large": {"w": 244, "h": 360, "resize": "fit"}, "medium": {"w": 244, "h": 360, "resize": "fit"}}}]}, "extended_entities": {"media": [{"id": 1070035487690113024, "id_str": "1070035487690113024", "indices": [154, 177], "media_url": "http://pbs.twimg.com/tweet_video_thumb/DtmHm1TUwAACDCa.jpg", "media_url_https": "https://pbs.twimg.com/tweet_video_thumb/DtmHm1TUwAACDCa.jpg", "url": "https://t.co/0MWz6rgc82", "display_url": "pic.twitter.com/0MWz6rgc82", "expanded_url": "https://twitter.com/girlygirlsguide/status/1070035495139270656/photo/1", "type": "animated_gif", "sizes": {"thumb": {"w": 150, "h": 150, "resize": "crop"}, "small": {"w": 244, "h": 360, "resize": "fit"}, "large": {"w": 244, "h": 360, "resize": "fit"}, "medium": {"w": 244, "h": 360, "resize": "fit"}}, "video_info": {"aspect_ratio": [61, 90], "variants": [{"bitrate": 0, "content_type": "video/mp4", "url": "https://video.twimg.com/tweet_video/DtmHm1TUwAACDCa.mp4"}]}}]}, "source": "<a href=\"http://twitter.com/download/iphone\" rel=\"nofollow\">Twitter for iPhone</a>", "in_reply_to_status_id": 1069759449328484353, "in_reply_to_status_id_str": "1069759449328484353", "in_reply_to_user_id": 816290173298282496, "in_reply_to_user_id_str": "816290173298282496", "in_reply_to_screen_name": "cannaworldsite", "user": {"id": 25769038, "id_str": "25769038", "name": "Dana Arcuri", "screen_name": "girlygirlsguide", "location": "United States", "description": "#Author #Speaker #Survivor #Advocate #TruthSeeker #CPTSD #IntuitiveHealer #Empath https://t.co/JXwuTdGHZ1", "url": "https://t.co/cShLkXWQGA", "entities": {"url": {"urls": [{"url": "https://t.co/cShLkXWQGA", "expanded_url": "http://www.danaarcuri.com/", "display_url": "danaarcuri.com", "indices": [0, 23]}]}, "description": {"urls": [{"url": "https://t.co/JXwuTdGHZ1", "expanded_url": "http://amazon.com/dp/B085X3Z79S", "display_url": "amazon.com/dp/B085X3Z79S", "indices": [82, 105]}]}}, "protected": false, "followers_count": 4751, "friends_count": 2071, "listed_count": 73, "created_at": "Sun Mar 22 02:44:16 +0000 2009", "favourites_count": 72749, "utc_offset": null, "time_zone": null, "geo_enabled": true, "verified": false, "statuses_count": 49463, "lang": null, "contributors_enabled": false, "is_translator": false, "is_translation_enabled": false, "profile_background_color": "39DBC5", "profile_background_image_url": "http://abs.twimg.com/images/themes/theme13/bg.gif", "profile_background_image_url_https": "https://abs.twimg.com/images/themes/theme13/bg.gif", "profile_background_tile": false, "profile_image_url": "http://pbs.twimg.com/profile_images/1229910619312283648/_vNP8N1k_normal.jpg", "profile_image_url_https": "https://pbs.twimg.com/profile_images/1229910619312283648/_vNP8N1k_normal.jpg", "profile_banner_url": "https://pbs.twimg.com/profile_banners/25769038/1581630649", "profile_link_color": "34AD78", "profile_sidebar_border_color": "FFFFFF", "profile_sidebar_fill_color": "95E8EC", "profile_text_color": "3C3940", "profile_use_background_image": true, "has_extended_profile": false, "default_profile": false, "default_profile_image": false, "following": false, "follow_request_sent": false, "notifications": false, "translator_type": "none"}, "geo": null, "coordinates": null, "place": null, "contributors": null, "is_quote_status": false, "retweet_count": 0, "favorite_count": 3, "favorited": false, "retweeted": false, "possibly_sensitive": false, "possibly_sensitive_appealable": false, "lang": "en", "reply_count": 0}