{"created_at": "Sun Jun 14 19:23:54 +0000 2020", "id": 1272248418476462080, "id_str": "1272248418476462080", "full_text": "@DavidSmith237 \ud83d\udca9\ud83c\udff5\ufe0f\ud83d\udeac\ud83d\udc38\ud83c\udf7a\ud83c\udff5\ufe0f\ud83d\udca9", "truncated": false, "display_text_range": [15, 24], "entities": {"hashtags": [], "symbols": [], "user_mentions": [{"screen_name": "DavidSmith237", "name": "David Smith", "id": 110114282, "id_str": "110114282", "indices": [0, 14]}], "urls": []}, "source": "<a href=\"http://twitter.com/download/android\" rel=\"nofollow\">Twitter for Android</a>", "in_reply_to_status_id": 1272240978087337984, "in_reply_to_status_id_str": "1272240978087337984", "in_reply_to_user_id": 110114282, "in_reply_to_user_id_str": "110114282", "in_reply_to_screen_name": "DavidSmith237", "user": {"id": 755505037, "id_str": "755505037", "name": "Nick Lumb \ud83c\uddea\ud83c\uddfa \ud83c\udf39\ud83d\udc1f", "screen_name": "inkinick", "location": "Sandbach, England", "description": "Freelance printer / print production engineer. Inky fingers, colour tweaker. Happiest at a cosy gig or regional theatre play.", "url": null, "entities": {"description": {"urls": []}}, "protected": false, "followers_count": 2425, "friends_count": 2918, "listed_count": 2, "created_at": "Mon Aug 13 17:17:05 +0000 2012", "favourites_count": 31686, "utc_offset": null, "time_zone": null, "geo_enabled": false, "verified": false, "statuses_count": 28342, "lang": null, "contributors_enabled": false, "is_translator": false, "is_translation_enabled": false, "profile_background_color": "C0DEED", "profile_background_image_url": "http://abs.twimg.com/images/themes/theme1/bg.png", "profile_background_image_url_https": "https://abs.twimg.com/images/themes/theme1/bg.png", "profile_background_tile": false, "profile_image_url": "http://pbs.twimg.com/profile_images/1196546498672177153/kvpqBVmV_normal.png", "profile_image_url_https": "https://pbs.twimg.com/profile_images/1196546498672177153/kvpqBVmV_normal.png", "profile_banner_url": "https://pbs.twimg.com/profile_banners/755505037/1576928664", "profile_link_color": "1DA1F2", "profile_sidebar_border_color": "C0DEED", "profile_sidebar_fill_color": "DDEEF6", "profile_text_color": "333333", "profile_use_background_image": true, "has_extended_profile": true, "default_profile": true, "default_profile_image": false, "following": false, "follow_request_sent": false, "notifications": false, "translator_type": "none"}, "geo": null, "coordinates": null, "place": null, "contributors": null, "is_quote_status": false, "retweet_count": 0, "favorite_count": 1, "favorited": false, "retweeted": false, "lang": "und", "reply_count": 0}