{"created_at": "Sun Jun 14 22:11:29 +0000 2020", "id": 1272290588763840512, "id_str": "1272290588763840512", "full_text": "@inkinick @Jpofgwynedd Oh yes, well now the Churchill-statue-protectors are pissed off with the police and Bojo for being soft and not giving a shit, now\u2019s the perfect time. My imagination has just caught up - Farage at the dispatch box \ud83d\udc7a", "truncated": false, "display_text_range": [23, 238], "entities": {"hashtags": [], "symbols": [], "user_mentions": [{"screen_name": "inkinick", "name": "Nick Lumb \ud83c\uddea\ud83c\uddfa \ud83c\udf39\ud83d\udc1f", "id": 755505037, "id_str": "755505037", "indices": [0, 9]}, {"screen_name": "Jpofgwynedd", "name": "Jeremiah Savant \ud83d\udd6f\ufe0f \ud83e\udda0", "id": 216750349, "id_str": "216750349", "indices": [10, 22]}], "urls": []}, "source": "<a href=\"http://twitter.com/download/iphone\" rel=\"nofollow\">Twitter for iPhone</a>", "in_reply_to_status_id": 1272223849824882690, "in_reply_to_status_id_str": "1272223849824882690", "in_reply_to_user_id": 755505037, "in_reply_to_user_id_str": "755505037", "in_reply_to_screen_name": "inkinick", "user": {"id": 1265601520936116229, "id_str": "1265601520936116229", "name": "Katie Fiszman", "screen_name": "FiszmanKatie", "location": "", "description": "", "url": "https://t.co/ObG8vydxbA", "entities": {"url": {"urls": [{"url": "https://t.co/ObG8vydxbA", "expanded_url": "http://www.katiefiszman.com", "display_url": "katiefiszman.com", "indices": [0, 23]}]}, "description": {"urls": []}}, "protected": false, "followers_count": 23, "friends_count": 139, "listed_count": 0, "created_at": "Wed May 27 11:11:41 +0000 2020", "favourites_count": 989, "utc_offset": null, "time_zone": null, "geo_enabled": false, "verified": false, "statuses_count": 837, "lang": null, "contributors_enabled": false, "is_translator": false, "is_translation_enabled": false, "profile_background_color": "F5F8FA", "profile_background_image_url": null, "profile_background_image_url_https": null, "profile_background_tile": false, "profile_image_url": "http://pbs.twimg.com/profile_images/1265601709587533824/WqA9DWFB_normal.jpg", "profile_image_url_https": "https://pbs.twimg.com/profile_images/1265601709587533824/WqA9DWFB_normal.jpg", "profile_link_color": "1DA1F2", "profile_sidebar_border_color": "C0DEED", "profile_sidebar_fill_color": "DDEEF6", "profile_text_color": "333333", "profile_use_background_image": true, "has_extended_profile": false, "default_profile": true, "default_profile_image": false, "following": false, "follow_request_sent": false, "notifications": false, "translator_type": "none"}, "geo": null, "coordinates": null, "place": null, "contributors": null, "is_quote_status": false, "retweet_count": 0, "favorite_count": 0, "favorited": false, "retweeted": false, "lang": "en", "reply_count": 0}