{"created_at": "Sun Jun 14 20:56:58 +0000 2020", "id": 1272271838283026432, "id_str": "1272271838283026432", "full_text": "@inkinick So basically he needs a job so will run the same party as before that had no MP\u2019s? So the outcome will be what?", "truncated": false, "display_text_range": [10, 121], "entities": {"hashtags": [], "symbols": [], "user_mentions": [{"screen_name": "inkinick", "name": "Nick Lumb \ud83c\uddea\ud83c\uddfa \ud83c\udf39\ud83d\udc1f", "id": 755505037, "id_str": "755505037", "indices": [0, 9]}], "urls": []}, "source": "<a href=\"http://twitter.com/download/iphone\" rel=\"nofollow\">Twitter for iPhone</a>", "in_reply_to_status_id": 1272223849824882690, "in_reply_to_status_id_str": "1272223849824882690", "in_reply_to_user_id": 755505037, "in_reply_to_user_id_str": "755505037", "in_reply_to_screen_name": "inkinick", "user": {"id": 1517326466, "id_str": "1517326466", "name": "FFCGCFC66", "screen_name": "FFCGCFC66", "location": "", "description": "Sport", "url": null, "entities": {"description": {"urls": []}}, "protected": false, "followers_count": 14, "friends_count": 95, "listed_count": 0, "created_at": "Fri Jun 14 19:07:59 +0000 2013", "favourites_count": 915, "utc_offset": null, "time_zone": null, "geo_enabled": false, "verified": false, "statuses_count": 5636, "lang": null, "contributors_enabled": false, "is_translator": false, "is_translation_enabled": false, "profile_background_color": "C0DEED", "profile_background_image_url": "http://abs.twimg.com/images/themes/theme1/bg.png", "profile_background_image_url_https": "https://abs.twimg.com/images/themes/theme1/bg.png", "profile_background_tile": false, "profile_image_url": "http://abs.twimg.com/sticky/default_profile_images/default_profile_normal.png", "profile_image_url_https": "https://abs.twimg.com/sticky/default_profile_images/default_profile_normal.png", "profile_link_color": "1DA1F2", "profile_sidebar_border_color": "C0DEED", "profile_sidebar_fill_color": "DDEEF6", "profile_text_color": "333333", "profile_use_background_image": true, "has_extended_profile": false, "default_profile": true, "default_profile_image": true, "following": false, "follow_request_sent": false, "notifications": false, "translator_type": "none"}, "geo": null, "coordinates": null, "place": null, "contributors": null, "is_quote_status": false, "retweet_count": 1, "favorite_count": 1, "favorited": false, "retweeted": false, "lang": "en", "reply_count": 1}