{"created_at": "Sun Jun 14 18:16:28 +0000 2020", "id": 1272231445940113414, "id_str": "1272231445940113414", "full_text": "@inkinick Farage wants to fleece the mugs again. They will fall for it again. They wont even ask where the \u00a32 million donated to the BXP this year has gone.", "truncated": false, "display_text_range": [10, 156], "entities": {"hashtags": [], "symbols": [], "user_mentions": [{"screen_name": "inkinick", "name": "Nick Lumb \ud83c\uddea\ud83c\uddfa \ud83c\udf39\ud83d\udc1f", "id": 755505037, "id_str": "755505037", "indices": [0, 9]}], "urls": []}, "source": "<a href=\"http://twitter.com/download/android\" rel=\"nofollow\">Twitter for Android</a>", "in_reply_to_status_id": 1272223849824882690, "in_reply_to_status_id_str": "1272223849824882690", "in_reply_to_user_id": 755505037, "in_reply_to_user_id_str": "755505037", "in_reply_to_screen_name": "inkinick", "user": {"id": 105468938, "id_str": "105468938", "name": "Chris Smith", "screen_name": "ledredman", "location": "Europe", "description": "Passionate supporter of the European project, Defender of the Greenbelt, Racing Dinghy Sailor, Engineer.", "url": null, "entities": {"description": {"urls": []}}, "protected": false, "followers_count": 5598, "friends_count": 1809, "listed_count": 50, "created_at": "Sat Jan 16 12:44:33 +0000 2010", "favourites_count": 53227, "utc_offset": null, "time_zone": null, "geo_enabled": true, "verified": false, "statuses_count": 183690, "lang": null, "contributors_enabled": false, "is_translator": false, "is_translation_enabled": false, "profile_background_color": "C0DEED", "profile_background_image_url": "http://abs.twimg.com/images/themes/theme1/bg.png", "profile_background_image_url_https": "https://abs.twimg.com/images/themes/theme1/bg.png", "profile_background_tile": false, "profile_image_url": "http://pbs.twimg.com/profile_images/378800000833201534/a3c72a3d19476ac5a60c45dcec14abd6_normal.jpeg", "profile_image_url_https": "https://pbs.twimg.com/profile_images/378800000833201534/a3c72a3d19476ac5a60c45dcec14abd6_normal.jpeg", "profile_banner_url": "https://pbs.twimg.com/profile_banners/105468938/1568098241", "profile_link_color": "1DA1F2", "profile_sidebar_border_color": "C0DEED", "profile_sidebar_fill_color": "DDEEF6", "profile_text_color": "333333", "profile_use_background_image": true, "has_extended_profile": false, "default_profile": true, "default_profile_image": false, "following": false, "follow_request_sent": false, "notifications": false, "translator_type": "none"}, "geo": null, "coordinates": null, "place": null, "contributors": null, "is_quote_status": false, "retweet_count": 4, "favorite_count": 8, "favorited": false, "retweeted": false, "lang": "en", "reply_count": 2}