{"created_at": "Mon Jun 15 05:52:32 +0000 2020", "id": 1272406617242210304, "id_str": "1272406617242210304", "full_text": "@inkinick Loathe Farage but it's probably not him.\n\nhttps://t.co/5l5FHlEGIw", "truncated": false, "display_text_range": [10, 75], "entities": {"hashtags": [], "symbols": [], "user_mentions": [{"screen_name": "inkinick", "name": "Nick Lumb \ud83c\uddea\ud83c\uddfa \ud83c\udf39\ud83d\udc1f", "id": 755505037, "id_str": "755505037", "indices": [0, 9]}], "urls": [{"url": "https://t.co/5l5FHlEGIw", "expanded_url": "https://www.snopes.com/fact-check/nigel-farage-martin-webster-photo/", "display_url": "snopes.com/fact-check/nig\u2026", "indices": [52, 75]}]}, "source": "<a href=\"https://mobile.twitter.com\" rel=\"nofollow\">Twitter Web App</a>", "in_reply_to_status_id": 1272223849824882690, "in_reply_to_status_id_str": "1272223849824882690", "in_reply_to_user_id": 755505037, "in_reply_to_user_id_str": "755505037", "in_reply_to_screen_name": "inkinick", "user": {"id": 14794660, "id_str": "14794660", "name": "GaryP2727 #FBPE #StillEuropean", "screen_name": "GaryP2727", "location": "", "description": "", "url": null, "entities": {"description": {"urls": []}}, "protected": false, "followers_count": 277, "friends_count": 468, "listed_count": 0, "created_at": "Fri May 16 03:49:29 +0000 2008", "favourites_count": 4463, "utc_offset": null, "time_zone": null, "geo_enabled": false, "verified": false, "statuses_count": 2283, "lang": null, "contributors_enabled": false, "is_translator": false, "is_translation_enabled": false, "profile_background_color": "C0DEED", "profile_background_image_url": "http://abs.twimg.com/images/themes/theme1/bg.png", "profile_background_image_url_https": "https://abs.twimg.com/images/themes/theme1/bg.png", "profile_background_tile": false, "profile_image_url": "http://pbs.twimg.com/profile_images/1261527085027225600/b1u2JMXI_normal.jpg", "profile_image_url_https": "https://pbs.twimg.com/profile_images/1261527085027225600/b1u2JMXI_normal.jpg", "profile_banner_url": "https://pbs.twimg.com/profile_banners/14794660/1589337992", "profile_link_color": "1DA1F2", "profile_sidebar_border_color": "C0DEED", "profile_sidebar_fill_color": "DDEEF6", "profile_text_color": "333333", "profile_use_background_image": true, "has_extended_profile": false, "default_profile": true, "default_profile_image": false, "following": false, "follow_request_sent": false, "notifications": false, "translator_type": "none"}, "geo": null, "coordinates": null, "place": null, "contributors": null, "is_quote_status": false, "retweet_count": 0, "favorite_count": 1, "favorited": false, "retweeted": false, "possibly_sensitive": false, "possibly_sensitive_appealable": false, "lang": "en", "reply_count": 0}