{"created_at": "Sun Jun 14 18:13:22 +0000 2020", "id": 1272230666399363073, "id_str": "1272230666399363073", "full_text": "@inkinick I'd like to throw a discus at him.", "truncated": false, "display_text_range": [10, 44], "entities": {"hashtags": [], "symbols": [], "user_mentions": [{"screen_name": "inkinick", "name": "Nick Lumb \ud83c\uddea\ud83c\uddfa \ud83c\udf39\ud83d\udc1f", "id": 755505037, "id_str": "755505037", "indices": [0, 9]}], "urls": []}, "source": "<a href=\"http://twitter.com/download/android\" rel=\"nofollow\">Twitter for Android</a>", "in_reply_to_status_id": 1272226461026529281, "in_reply_to_status_id_str": "1272226461026529281", "in_reply_to_user_id": 755505037, "in_reply_to_user_id_str": "755505037", "in_reply_to_screen_name": "inkinick", "user": {"id": 1060726418357784576, "id_str": "1060726418357784576", "name": "Speedcuffs", "screen_name": "Speedcuffs1", "location": "Danelaw.", "description": "Socialist. \nTories out, FPTP out, PR in!\npro EU.\nSometimes has mad swear rants.\nQuite often wrong.\nExtremely sweary at the moment.\nFollow back for Socialists.", "url": null, "entities": {"description": {"urls": []}}, "protected": false, "followers_count": 480, "friends_count": 609, "listed_count": 1, "created_at": "Fri Nov 09 02:51:00 +0000 2018", "favourites_count": 16309, "utc_offset": null, "time_zone": null, "geo_enabled": false, "verified": false, "statuses_count": 3023, "lang": null, "contributors_enabled": false, "is_translator": false, "is_translation_enabled": false, "profile_background_color": "F5F8FA", "profile_background_image_url": null, "profile_background_image_url_https": null, "profile_background_tile": false, "profile_image_url": "http://pbs.twimg.com/profile_images/1272612095142563840/It795KfF_normal.jpg", "profile_image_url_https": "https://pbs.twimg.com/profile_images/1272612095142563840/It795KfF_normal.jpg", "profile_banner_url": "https://pbs.twimg.com/profile_banners/1060726418357784576/1588540332", "profile_link_color": "1DA1F2", "profile_sidebar_border_color": "C0DEED", "profile_sidebar_fill_color": "DDEEF6", "profile_text_color": "333333", "profile_use_background_image": true, "has_extended_profile": false, "default_profile": true, "default_profile_image": false, "following": false, "follow_request_sent": false, "notifications": false, "translator_type": "none"}, "geo": null, "coordinates": null, "place": null, "contributors": null, "is_quote_status": false, "retweet_count": 0, "favorite_count": 0, "favorited": false, "retweeted": false, "lang": "en", "reply_count": 1}