{"created_at": "Mon Jun 15 00:36:42 +0000 2020", "id": 1272327136133689344, "id_str": "1272327136133689344", "full_text": "@inkinick Nigel Fuherage wouldn\u2019t not know What centre right is . All in what he knows as this picture shows Is The Far Right", "truncated": false, "display_text_range": [10, 125], "entities": {"hashtags": [], "symbols": [], "user_mentions": [{"screen_name": "inkinick", "name": "Nick Lumb \ud83c\uddea\ud83c\uddfa \ud83c\udf39\ud83d\udc1f", "id": 755505037, "id_str": "755505037", "indices": [0, 9]}], "urls": []}, "source": "<a href=\"http://twitter.com/download/iphone\" rel=\"nofollow\">Twitter for iPhone</a>", "in_reply_to_status_id": 1272223849824882690, "in_reply_to_status_id_str": "1272223849824882690", "in_reply_to_user_id": 755505037, "in_reply_to_user_id_str": "755505037", "in_reply_to_screen_name": "inkinick", "user": {"id": 59120414, "id_str": "59120414", "name": "bella4001", "screen_name": "moo2n", "location": "", "description": "", "url": null, "entities": {"description": {"urls": []}}, "protected": false, "followers_count": 2670, "friends_count": 4994, "listed_count": 55, "created_at": "Wed Jul 22 13:09:03 +0000 2009", "favourites_count": 65738, "utc_offset": null, "time_zone": null, "geo_enabled": true, "verified": false, "statuses_count": 119339, "lang": null, "contributors_enabled": false, "is_translator": false, "is_translation_enabled": false, "profile_background_color": "C0DEED", "profile_background_image_url": "http://abs.twimg.com/images/themes/theme1/bg.png", "profile_background_image_url_https": "https://abs.twimg.com/images/themes/theme1/bg.png", "profile_background_tile": false, "profile_image_url": "http://pbs.twimg.com/profile_images/745612258798108672/aAxvWDYL_normal.jpg", "profile_image_url_https": "https://pbs.twimg.com/profile_images/745612258798108672/aAxvWDYL_normal.jpg", "profile_link_color": "1DA1F2", "profile_sidebar_border_color": "C0DEED", "profile_sidebar_fill_color": "DDEEF6", "profile_text_color": "333333", "profile_use_background_image": true, "has_extended_profile": false, "default_profile": true, "default_profile_image": false, "following": false, "follow_request_sent": false, "notifications": false, "translator_type": "none"}, "geo": null, "coordinates": null, "place": null, "contributors": null, "is_quote_status": false, "retweet_count": 0, "favorite_count": 1, "favorited": false, "retweeted": false, "lang": "en", "reply_count": 0}