{"created_at": "Sun Jun 14 21:33:25 +0000 2020", "id": 1272281011737505794, "id_str": "1272281011737505794", "full_text": "@inkinick Unless the new \u2018centre\u2019 is between the right wing Tories, and the far right wing soccer hooligan extremists that were in London yesterday then @Nigel_Farage and his Brexshitter gammon mob are far from the \u2018centre\u2019", "truncated": false, "display_text_range": [10, 223], "entities": {"hashtags": [], "symbols": [], "user_mentions": [{"screen_name": "inkinick", "name": "Nick Lumb \ud83c\uddea\ud83c\uddfa \ud83c\udf39\ud83d\udc1f", "id": 755505037, "id_str": "755505037", "indices": [0, 9]}, {"screen_name": "Nigel_Farage", "name": "Nigel Farage", "id": 19017675, "id_str": "19017675", "indices": [153, 166]}], "urls": []}, "source": "<a href=\"http://twitter.com/download/iphone\" rel=\"nofollow\">Twitter for iPhone</a>", "in_reply_to_status_id": 1272223849824882690, "in_reply_to_status_id_str": "1272223849824882690", "in_reply_to_user_id": 755505037, "in_reply_to_user_id_str": "755505037", "in_reply_to_screen_name": "inkinick", "user": {"id": 149642035, "id_str": "149642035", "name": "James Steel", "screen_name": "Jamessteel2008", "location": "UK", "description": "#COYR \ud83c\udfc9\ud83c\uddef\ud83c\uddea\ud83c\udf7a", "url": null, "entities": {"description": {"urls": []}}, "protected": false, "followers_count": 501, "friends_count": 4983, "listed_count": 12, "created_at": "Sat May 29 20:42:52 +0000 2010", "favourites_count": 171154, "utc_offset": null, "time_zone": null, "geo_enabled": false, "verified": false, "statuses_count": 57523, "lang": null, "contributors_enabled": false, "is_translator": false, "is_translation_enabled": false, "profile_background_color": "C0DEED", "profile_background_image_url": "http://abs.twimg.com/images/themes/theme1/bg.png", "profile_background_image_url_https": "https://abs.twimg.com/images/themes/theme1/bg.png", "profile_background_tile": false, "profile_image_url": "http://pbs.twimg.com/profile_images/1252994606972706818/10rJA7xU_normal.jpg", "profile_image_url_https": "https://pbs.twimg.com/profile_images/1252994606972706818/10rJA7xU_normal.jpg", "profile_link_color": "1DA1F2", "profile_sidebar_border_color": "C0DEED", "profile_sidebar_fill_color": "DDEEF6", "profile_text_color": "333333", "profile_use_background_image": true, "has_extended_profile": true, "default_profile": true, "default_profile_image": false, "following": false, "follow_request_sent": false, "notifications": false, "translator_type": "none"}, "geo": null, "coordinates": null, "place": null, "contributors": null, "is_quote_status": false, "retweet_count": 0, "favorite_count": 1, "favorited": false, "retweeted": false, "lang": "en", "reply_count": 0}