{"created_at": "Sun Jun 14 20:23:58 +0000 2020", "id": 1272263531258404864, "id_str": "1272263531258404864", "full_text": "@inkinick Yet another scam.\nA fool and his money are soon parted...", "truncated": false, "display_text_range": [10, 67], "entities": {"hashtags": [], "symbols": [], "user_mentions": [{"screen_name": "inkinick", "name": "Nick Lumb \ud83c\uddea\ud83c\uddfa \ud83c\udf39\ud83d\udc1f", "id": 755505037, "id_str": "755505037", "indices": [0, 9]}], "urls": []}, "source": "<a href=\"http://twitter.com/download/android\" rel=\"nofollow\">Twitter for Android</a>", "in_reply_to_status_id": 1272223849824882690, "in_reply_to_status_id_str": "1272223849824882690", "in_reply_to_user_id": 755505037, "in_reply_to_user_id_str": "755505037", "in_reply_to_screen_name": "inkinick", "user": {"id": 605259349, "id_str": "605259349", "name": "Jonely", "screen_name": "JamesBurnie2", "location": "Barcelona", "description": "Virtue-signalling PC Woke Snowflake", "url": null, "entities": {"description": {"urls": []}}, "protected": false, "followers_count": 633, "friends_count": 2091, "listed_count": 0, "created_at": "Mon Jun 11 09:03:55 +0000 2012", "favourites_count": 25565, "utc_offset": null, "time_zone": null, "geo_enabled": false, "verified": false, "statuses_count": 10082, "lang": null, "contributors_enabled": false, "is_translator": false, "is_translation_enabled": false, "profile_background_color": "C0DEED", "profile_background_image_url": "http://abs.twimg.com/images/themes/theme1/bg.png", "profile_background_image_url_https": "https://abs.twimg.com/images/themes/theme1/bg.png", "profile_background_tile": false, "profile_image_url": "http://abs.twimg.com/sticky/default_profile_images/default_profile_normal.png", "profile_image_url_https": "https://abs.twimg.com/sticky/default_profile_images/default_profile_normal.png", "profile_link_color": "1DA1F2", "profile_sidebar_border_color": "C0DEED", "profile_sidebar_fill_color": "DDEEF6", "profile_text_color": "333333", "profile_use_background_image": true, "has_extended_profile": false, "default_profile": true, "default_profile_image": true, "following": false, "follow_request_sent": false, "notifications": false, "translator_type": "none"}, "geo": null, "coordinates": null, "place": null, "contributors": null, "is_quote_status": false, "retweet_count": 0, "favorite_count": 0, "favorited": false, "retweeted": false, "lang": "en", "reply_count": 0}