{"created_at": "Sun Jun 14 19:06:59 +0000 2020", "id": 1272244161522151427, "id_str": "1272244161522151427", "full_text": "@inkinick ...desperate to hold on to the \u00a310m in the Brexit ltd company masquerading as a political party's bank account...", "truncated": false, "display_text_range": [10, 123], "entities": {"hashtags": [], "symbols": [], "user_mentions": [{"screen_name": "inkinick", "name": "Nick Lumb \ud83c\uddea\ud83c\uddfa \ud83c\udf39\ud83d\udc1f", "id": 755505037, "id_str": "755505037", "indices": [0, 9]}], "urls": []}, "source": "<a href=\"https://mobile.twitter.com\" rel=\"nofollow\">Twitter Web App</a>", "in_reply_to_status_id": 1272223849824882690, "in_reply_to_status_id_str": "1272223849824882690", "in_reply_to_user_id": 755505037, "in_reply_to_user_id_str": "755505037", "in_reply_to_screen_name": "inkinick", "user": {"id": 838231195, "id_str": "838231195", "name": "Stephen Blanchard, Esq", "screen_name": "stephenblanchar", "location": "", "description": "", "url": null, "entities": {"description": {"urls": []}}, "protected": false, "followers_count": 483, "friends_count": 1051, "listed_count": 0, "created_at": "Fri Sep 21 17:14:32 +0000 2012", "favourites_count": 101054, "utc_offset": null, "time_zone": null, "geo_enabled": false, "verified": false, "statuses_count": 23580, "lang": null, "contributors_enabled": false, "is_translator": false, "is_translation_enabled": false, "profile_background_color": "C0DEED", "profile_background_image_url": "http://abs.twimg.com/images/themes/theme1/bg.png", "profile_background_image_url_https": "https://abs.twimg.com/images/themes/theme1/bg.png", "profile_background_tile": false, "profile_image_url": "http://abs.twimg.com/sticky/default_profile_images/default_profile_normal.png", "profile_image_url_https": "https://abs.twimg.com/sticky/default_profile_images/default_profile_normal.png", "profile_link_color": "1DA1F2", "profile_sidebar_border_color": "C0DEED", "profile_sidebar_fill_color": "DDEEF6", "profile_text_color": "333333", "profile_use_background_image": true, "has_extended_profile": false, "default_profile": true, "default_profile_image": true, "following": false, "follow_request_sent": false, "notifications": false, "translator_type": "none"}, "geo": null, "coordinates": null, "place": null, "contributors": null, "is_quote_status": false, "retweet_count": 0, "favorite_count": 0, "favorited": false, "retweeted": false, "lang": "en", "reply_count": 0}