{"created_at": "Sun Jun 14 21:39:45 +0000 2020", "id": 1272282604302204932, "id_str": "1272282604302204932", "full_text": "@inkinick @rcpwells He was ugly even back then and marching commando , balls to the left hand side,  lol \ud83d\ude1d", "truncated": false, "display_text_range": [20, 106], "entities": {"hashtags": [], "symbols": [], "user_mentions": [{"screen_name": "inkinick", "name": "Nick Lumb \ud83c\uddea\ud83c\uddfa \ud83c\udf39\ud83d\udc1f", "id": 755505037, "id_str": "755505037", "indices": [0, 9]}, {"screen_name": "rcpwells", "name": "Roger Wells", "id": 2420943918, "id_str": "2420943918", "indices": [10, 19]}], "urls": []}, "source": "<a href=\"http://twitter.com/download/android\" rel=\"nofollow\">Twitter for Android</a>", "in_reply_to_status_id": 1272223849824882690, "in_reply_to_status_id_str": "1272223849824882690", "in_reply_to_user_id": 755505037, "in_reply_to_user_id_str": "755505037", "in_reply_to_screen_name": "inkinick", "user": {"id": 1226228721583087616, "id_str": "1226228721583087616", "name": "Davo75", "screen_name": "Davo751", "location": "The Netherlands", "description": "Bit of a news geek, Irish/Dutch , cook & gardener .\ud83c\udff3\ufe0f\u200d\ud83c\udf08\u2618\ufe0f\ud83c\uddf3\ud83c\uddf1\ud83c\uddee\ud83c\uddea\ud83c\uddea\ud83c\uddfaFollowers welcome, Brexiters & other extremists are not welcome .\nDavid M.K.", "url": null, "entities": {"description": {"urls": []}}, "protected": false, "followers_count": 43, "friends_count": 150, "listed_count": 1, "created_at": "Sat Feb 08 19:38:25 +0000 2020", "favourites_count": 2226, "utc_offset": null, "time_zone": null, "geo_enabled": false, "verified": false, "statuses_count": 643, "lang": null, "contributors_enabled": false, "is_translator": false, "is_translation_enabled": false, "profile_background_color": "F5F8FA", "profile_background_image_url": null, "profile_background_image_url_https": null, "profile_background_tile": false, "profile_image_url": "http://pbs.twimg.com/profile_images/1229815520205168642/63CR_PFT_normal.png", "profile_image_url_https": "https://pbs.twimg.com/profile_images/1229815520205168642/63CR_PFT_normal.png", "profile_banner_url": "https://pbs.twimg.com/profile_banners/1226228721583087616/1582044272", "profile_link_color": "1DA1F2", "profile_sidebar_border_color": "C0DEED", "profile_sidebar_fill_color": "DDEEF6", "profile_text_color": "333333", "profile_use_background_image": true, "has_extended_profile": false, "default_profile": true, "default_profile_image": false, "following": false, "follow_request_sent": false, "notifications": false, "translator_type": "none"}, "geo": null, "coordinates": null, "place": null, "contributors": null, "is_quote_status": false, "retweet_count": 0, "favorite_count": 0, "favorited": false, "retweeted": false, "lang": "en", "reply_count": 0}