{"created_at": "Sun Jun 14 18:14:40 +0000 2020", "id": 1272230995656347649, "id_str": "1272230995656347649", "full_text": "@Speedcuffs1 \ud83d\ude02", "truncated": false, "display_text_range": [13, 14], "entities": {"hashtags": [], "symbols": [], "user_mentions": [{"screen_name": "Speedcuffs1", "name": "Speedcuffs", "id": 1060726418357784576, "id_str": "1060726418357784576", "indices": [0, 12]}], "urls": []}, "source": "<a href=\"http://twitter.com/download/android\" rel=\"nofollow\">Twitter for Android</a>", "in_reply_to_status_id": 1272230666399363073, "in_reply_to_status_id_str": "1272230666399363073", "in_reply_to_user_id": 1060726418357784576, "in_reply_to_user_id_str": "1060726418357784576", "in_reply_to_screen_name": "Speedcuffs1", "user": {"id": 755505037, "id_str": "755505037", "name": "Nick Lumb \ud83c\uddea\ud83c\uddfa \ud83c\udf39\ud83d\udc1f", "screen_name": "inkinick", "location": "Sandbach, England", "description": "Freelance printer / print production engineer. Inky fingers, colour tweaker. Happiest at a cosy gig or regional theatre play.", "url": null, "entities": {"description": {"urls": []}}, "protected": false, "followers_count": 2425, "friends_count": 2918, "listed_count": 2, "created_at": "Mon Aug 13 17:17:05 +0000 2012", "favourites_count": 31686, "utc_offset": null, "time_zone": null, "geo_enabled": false, "verified": false, "statuses_count": 28342, "lang": null, "contributors_enabled": false, "is_translator": false, "is_translation_enabled": false, "profile_background_color": "C0DEED", "profile_background_image_url": "http://abs.twimg.com/images/themes/theme1/bg.png", "profile_background_image_url_https": "https://abs.twimg.com/images/themes/theme1/bg.png", "profile_background_tile": false, "profile_image_url": "http://pbs.twimg.com/profile_images/1196546498672177153/kvpqBVmV_normal.png", "profile_image_url_https": "https://pbs.twimg.com/profile_images/1196546498672177153/kvpqBVmV_normal.png", "profile_banner_url": "https://pbs.twimg.com/profile_banners/755505037/1576928664", "profile_link_color": "1DA1F2", "profile_sidebar_border_color": "C0DEED", "profile_sidebar_fill_color": "DDEEF6", "profile_text_color": "333333", "profile_use_background_image": true, "has_extended_profile": true, "default_profile": true, "default_profile_image": false, "following": false, "follow_request_sent": false, "notifications": false, "translator_type": "none"}, "geo": null, "coordinates": null, "place": null, "contributors": null, "is_quote_status": false, "retweet_count": 0, "favorite_count": 0, "favorited": false, "retweeted": false, "lang": "und", "reply_count": 0}