{"created_at": "Mon Jun 15 06:03:19 +0000 2020", "id": 1272409331397427205, "id_str": "1272409331397427205", "full_text": "@ledredman @Revoke_A50 @inkinick Just keep an eye on Companies House, his last scam was listed as a Ltd company on it and so will this. Donations in Directors loans out.", "truncated": false, "display_text_range": [33, 169], "entities": {"hashtags": [], "symbols": [], "user_mentions": [{"screen_name": "ledredman", "name": "Chris Smith", "id": 105468938, "id_str": "105468938", "indices": [0, 10]}, {"screen_name": "Revoke_A50", "name": "StillDeeplyUnhelpful \ud83c\uddea\ud83c\uddfa\ud83c\uddec\ud83c\udde7 #Rejoin", "id": 1192976407, "id_str": "1192976407", "indices": [11, 22]}, {"screen_name": "inkinick", "name": "Nick Lumb \ud83c\uddea\ud83c\uddfa \ud83c\udf39\ud83d\udc1f", "id": 755505037, "id_str": "755505037", "indices": [23, 32]}], "urls": []}, "source": "<a href=\"https://mobile.twitter.com\" rel=\"nofollow\">Twitter Web App</a>", "in_reply_to_status_id": 1272231445940113414, "in_reply_to_status_id_str": "1272231445940113414", "in_reply_to_user_id": 105468938, "in_reply_to_user_id_str": "105468938", "in_reply_to_screen_name": "ledredman", "user": {"id": 3309425884, "id_str": "3309425884", "name": "Mark Bennett", "screen_name": "GrumpyBearMark", "location": "England, United Kingdom", "description": "I speak my mind, my views are sometimes controversial but they are mine.", "url": null, "entities": {"description": {"urls": []}}, "protected": false, "followers_count": 320, "friends_count": 318, "listed_count": 0, "created_at": "Fri Jun 05 15:23:11 +0000 2015", "favourites_count": 10297, "utc_offset": null, "time_zone": null, "geo_enabled": false, "verified": false, "statuses_count": 6816, "lang": null, "contributors_enabled": false, "is_translator": false, "is_translation_enabled": false, "profile_background_color": "000000", "profile_background_image_url": "http://abs.twimg.com/images/themes/theme1/bg.png", "profile_background_image_url_https": "https://abs.twimg.com/images/themes/theme1/bg.png", "profile_background_tile": false, "profile_image_url": "http://pbs.twimg.com/profile_images/622142727044657153/3JnJLIYk_normal.jpg", "profile_image_url_https": "https://pbs.twimg.com/profile_images/622142727044657153/3JnJLIYk_normal.jpg", "profile_banner_url": "https://pbs.twimg.com/profile_banners/3309425884/1587039039", "profile_link_color": "981CEB", "profile_sidebar_border_color": "000000", "profile_sidebar_fill_color": "000000", "profile_text_color": "000000", "profile_use_background_image": false, "has_extended_profile": false, "default_profile": false, "default_profile_image": false, "following": false, "follow_request_sent": false, "notifications": false, "translator_type": "none"}, "geo": null, "coordinates": null, "place": null, "contributors": null, "is_quote_status": false, "retweet_count": 0, "favorite_count": 0, "favorited": false, "retweeted": false, "lang": "en", "reply_count": 0}