{"created_at": "Sun Jun 14 22:04:39 +0000 2020", "id": 1272288869061472256, "id_str": "1272288869061472256", "full_text": "@inkinick @Knavery66 I'm sure that image has been outed before as not being of Farage.", "truncated": false, "display_text_range": [21, 86], "entities": {"hashtags": [], "symbols": [], "user_mentions": [{"screen_name": "inkinick", "name": "Nick Lumb \ud83c\uddea\ud83c\uddfa \ud83c\udf39\ud83d\udc1f", "id": 755505037, "id_str": "755505037", "indices": [0, 9]}, {"screen_name": "Knavery66", "name": "Nick Avery", "id": 966324026133172229, "id_str": "966324026133172229", "indices": [10, 20]}], "urls": []}, "source": "<a href=\"http://twitter.com/download/android\" rel=\"nofollow\">Twitter for Android</a>", "in_reply_to_status_id": 1272223849824882690, "in_reply_to_status_id_str": "1272223849824882690", "in_reply_to_user_id": 755505037, "in_reply_to_user_id_str": "755505037", "in_reply_to_screen_name": "inkinick", "user": {"id": 19507191, "id_str": "19507191", "name": "Corryvreckan Antifa Starmtrooper Nankless \ud83e\udd88 \ud83c\uddea\ud83c\uddfa", "screen_name": "corryvreckan", "location": "Dundee", "description": "Tayside designer/maker jeweller \n*scientist*\n*enamellist*\n*repoussist*", "url": "https://t.co/bpcjW1bwf8", "entities": {"url": {"urls": [{"url": "https://t.co/bpcjW1bwf8", "expanded_url": "http://www.corryvreckan.etsy.com", "display_url": "corryvreckan.etsy.com", "indices": [0, 23]}]}, "description": {"urls": []}}, "protected": false, "followers_count": 1323, "friends_count": 1475, "listed_count": 12, "created_at": "Sun Jan 25 22:01:53 +0000 2009", "favourites_count": 118085, "utc_offset": null, "time_zone": null, "geo_enabled": false, "verified": false, "statuses_count": 18066, "lang": null, "contributors_enabled": false, "is_translator": false, "is_translation_enabled": false, "profile_background_color": "384E69", "profile_background_image_url": "http://abs.twimg.com/images/themes/theme13/bg.gif", "profile_background_image_url_https": "https://abs.twimg.com/images/themes/theme13/bg.gif", "profile_background_tile": false, "profile_image_url": "http://pbs.twimg.com/profile_images/1254160378285694977/Xs7us0nL_normal.jpg", "profile_image_url_https": "https://pbs.twimg.com/profile_images/1254160378285694977/Xs7us0nL_normal.jpg", "profile_banner_url": "https://pbs.twimg.com/profile_banners/19507191/1587850151", "profile_link_color": "554B61", "profile_sidebar_border_color": "A39056", "profile_sidebar_fill_color": "2B334F", "profile_text_color": "55667D", "profile_use_background_image": true, "has_extended_profile": false, "default_profile": false, "default_profile_image": false, "following": false, "follow_request_sent": false, "notifications": false, "translator_type": "none"}, "geo": null, "coordinates": null, "place": null, "contributors": null, "is_quote_status": false, "retweet_count": 0, "favorite_count": 1, "favorited": false, "retweeted": false, "lang": "en", "reply_count": 1}