{"created_at": "Mon Jun 15 13:11:40 +0000 2020", "id": 1272517129460465664, "id_str": "1272517129460465664", "full_text": "@corryvreckan @inkinick I\u2019ve unretweeted it", "truncated": false, "display_text_range": [24, 43], "entities": {"hashtags": [], "symbols": [], "user_mentions": [{"screen_name": "corryvreckan", "name": "Corryvreckan Antifa Starmtrooper Nankless \ud83e\udd88 \ud83c\uddea\ud83c\uddfa", "id": 19507191, "id_str": "19507191", "indices": [0, 13]}, {"screen_name": "inkinick", "name": "Nick Lumb \ud83c\uddea\ud83c\uddfa \ud83c\udf39\ud83d\udc1f", "id": 755505037, "id_str": "755505037", "indices": [14, 23]}], "urls": []}, "source": "<a href=\"http://twitter.com/download/iphone\" rel=\"nofollow\">Twitter for iPhone</a>", "in_reply_to_status_id": 1272508048171585537, "in_reply_to_status_id_str": "1272508048171585537", "in_reply_to_user_id": 19507191, "in_reply_to_user_id_str": "19507191", "in_reply_to_screen_name": "corryvreckan", "user": {"id": 966324026133172229, "id_str": "966324026133172229", "name": "Nick Avery", "screen_name": "Knavery66", "location": "Saarf East of Eden ", "description": "Clams on the half shell and roller skates, roller skates... Like cricket, films, football, architecture. Dislike Brexit & the Britain we\u2019ve become", "url": null, "entities": {"description": {"urls": []}}, "protected": false, "followers_count": 1145, "friends_count": 1486, "listed_count": 1, "created_at": "Wed Feb 21 14:49:36 +0000 2018", "favourites_count": 12504, "utc_offset": null, "time_zone": null, "geo_enabled": false, "verified": false, "statuses_count": 55373, "lang": null, "contributors_enabled": false, "is_translator": false, "is_translation_enabled": false, "profile_background_color": "F5F8FA", "profile_background_image_url": null, "profile_background_image_url_https": null, "profile_background_tile": false, "profile_image_url": "http://pbs.twimg.com/profile_images/1220798724248625157/5euih1bD_normal.jpg", "profile_image_url_https": "https://pbs.twimg.com/profile_images/1220798724248625157/5euih1bD_normal.jpg", "profile_banner_url": "https://pbs.twimg.com/profile_banners/966324026133172229/1588111365", "profile_link_color": "1DA1F2", "profile_sidebar_border_color": "C0DEED", "profile_sidebar_fill_color": "DDEEF6", "profile_text_color": "333333", "profile_use_background_image": true, "has_extended_profile": false, "default_profile": true, "default_profile_image": false, "following": false, "follow_request_sent": false, "notifications": false, "translator_type": "none"}, "geo": null, "coordinates": null, "place": null, "contributors": null, "is_quote_status": false, "retweet_count": 0, "favorite_count": 1, "favorited": false, "retweeted": false, "lang": "en", "reply_count": 0}