{"created_at": "Sun Jun 14 18:54:20 +0000 2020", "id": 1272240978087337984, "id_str": "1272240978087337984", "full_text": "@inkinick You can\u2019t polish a turd, but you can stick a BREXIT party rosette on it", "truncated": false, "display_text_range": [10, 81], "entities": {"hashtags": [], "symbols": [], "user_mentions": [{"screen_name": "inkinick", "name": "Nick Lumb \ud83c\uddea\ud83c\uddfa \ud83c\udf39\ud83d\udc1f", "id": 755505037, "id_str": "755505037", "indices": [0, 9]}], "urls": []}, "source": "<a href=\"http://twitter.com/download/iphone\" rel=\"nofollow\">Twitter for iPhone</a>", "in_reply_to_status_id": 1272223849824882690, "in_reply_to_status_id_str": "1272223849824882690", "in_reply_to_user_id": 755505037, "in_reply_to_user_id_str": "755505037", "in_reply_to_screen_name": "inkinick", "user": {"id": 110114282, "id_str": "110114282", "name": "David Smith", "screen_name": "DavidSmith237", "location": "European Union\ud83c\uddea\ud83c\uddfa", "description": "\u201cBit of a snarky fucker aren\u2019t you\u201d - yes I am. Still pro European and will still follow back\ud83c\uddea\ud83c\uddfa\ud83c\uddec\ud83c\udde7\ud83c\udff4\udb40\udc67\udb40\udc62\udb40\udc77\udb40\udc6c\udb40\udc73\udb40\udc7f", "url": null, "entities": {"description": {"urls": []}}, "protected": false, "followers_count": 1755, "friends_count": 1907, "listed_count": 7, "created_at": "Sun Jan 31 11:32:35 +0000 2010", "favourites_count": 132256, "utc_offset": null, "time_zone": null, "geo_enabled": true, "verified": false, "statuses_count": 61894, "lang": null, "contributors_enabled": false, "is_translator": false, "is_translation_enabled": false, "profile_background_color": "C0DEED", "profile_background_image_url": "http://abs.twimg.com/images/themes/theme1/bg.png", "profile_background_image_url_https": "https://abs.twimg.com/images/themes/theme1/bg.png", "profile_background_tile": false, "profile_image_url": "http://pbs.twimg.com/profile_images/1111829039/image_normal.jpg", "profile_image_url_https": "https://pbs.twimg.com/profile_images/1111829039/image_normal.jpg", "profile_banner_url": "https://pbs.twimg.com/profile_banners/110114282/1348384010", "profile_link_color": "1DA1F2", "profile_sidebar_border_color": "C0DEED", "profile_sidebar_fill_color": "DDEEF6", "profile_text_color": "333333", "profile_use_background_image": true, "has_extended_profile": false, "default_profile": true, "default_profile_image": false, "following": false, "follow_request_sent": false, "notifications": false, "translator_type": "none"}, "geo": null, "coordinates": null, "place": null, "contributors": null, "is_quote_status": false, "retweet_count": 0, "favorite_count": 1, "favorited": false, "retweeted": false, "lang": "en", "reply_count": 1}