{"created_at": "Sun Jun 14 18:18:54 +0000 2020", "id": 1272232057456951297, "id_str": "1272232057456951297", "full_text": "@ledredman @inkinick A Farage Sky rocket?", "truncated": false, "display_text_range": [21, 41], "entities": {"hashtags": [], "symbols": [], "user_mentions": [{"screen_name": "ledredman", "name": "Chris Smith", "id": 105468938, "id_str": "105468938", "indices": [0, 10]}, {"screen_name": "inkinick", "name": "Nick Lumb \ud83c\uddea\ud83c\uddfa \ud83c\udf39\ud83d\udc1f", "id": 755505037, "id_str": "755505037", "indices": [11, 20]}], "urls": []}, "source": "<a href=\"http://twitter.com/download/iphone\" rel=\"nofollow\">Twitter for iPhone</a>", "in_reply_to_status_id": 1272231445940113414, "in_reply_to_status_id_str": "1272231445940113414", "in_reply_to_user_id": 105468938, "in_reply_to_user_id_str": "105468938", "in_reply_to_screen_name": "ledredman", "user": {"id": 1266014204420657154, "id_str": "1266014204420657154", "name": "Lord NotHerd-Immunity #notmovingontilldomhasgone", "screen_name": "HerdImmunity3", "location": "ne dimicent", "description": "70% of the electorate didn't vote conservative. #Toriesout Make gentle love not war.", "url": null, "entities": {"description": {"urls": []}}, "protected": false, "followers_count": 206, "friends_count": 420, "listed_count": 0, "created_at": "Thu May 28 14:31:49 +0000 2020", "favourites_count": 3556, "utc_offset": null, "time_zone": null, "geo_enabled": false, "verified": false, "statuses_count": 2217, "lang": null, "contributors_enabled": false, "is_translator": false, "is_translation_enabled": false, "profile_background_color": "F5F8FA", "profile_background_image_url": null, "profile_background_image_url_https": null, "profile_background_tile": false, "profile_image_url": "http://pbs.twimg.com/profile_images/1276506429734760449/vCMd1buo_normal.jpg", "profile_image_url_https": "https://pbs.twimg.com/profile_images/1276506429734760449/vCMd1buo_normal.jpg", "profile_banner_url": "https://pbs.twimg.com/profile_banners/1266014204420657154/1592482076", "profile_link_color": "1DA1F2", "profile_sidebar_border_color": "C0DEED", "profile_sidebar_fill_color": "DDEEF6", "profile_text_color": "333333", "profile_use_background_image": true, "has_extended_profile": false, "default_profile": true, "default_profile_image": false, "following": false, "follow_request_sent": false, "notifications": false, "translator_type": "none"}, "geo": null, "coordinates": null, "place": null, "contributors": null, "is_quote_status": false, "retweet_count": 1, "favorite_count": 0, "favorited": false, "retweeted": false, "lang": "en", "reply_count": 0}