{"created_at": "Sun Jun 14 17:55:33 +0000 2020", "id": 1272226183787266050, "id_str": "1272226183787266050", "full_text": "@inkinick #Fascist #Fartrage.", "truncated": false, "display_text_range": [10, 29], "entities": {"hashtags": [{"text": "Fascist", "indices": [10, 18]}, {"text": "Fartrage", "indices": [19, 28]}], "symbols": [], "user_mentions": [{"screen_name": "inkinick", "name": "Nick Lumb \ud83c\uddea\ud83c\uddfa \ud83c\udf39\ud83d\udc1f", "id": 755505037, "id_str": "755505037", "indices": [0, 9]}], "urls": []}, "source": "<a href=\"http://twitter.com/download/android\" rel=\"nofollow\">Twitter for Android</a>", "in_reply_to_status_id": 1272223849824882690, "in_reply_to_status_id_str": "1272223849824882690", "in_reply_to_user_id": 755505037, "in_reply_to_user_id_str": "755505037", "in_reply_to_screen_name": "inkinick", "user": {"id": 1061514177846624256, "id_str": "1061514177846624256", "name": "Dellboy \ud83c\udf39SocialJustice\ud83c\udf39", "screen_name": "Dellboy29670181", "location": "England, United Kingdom", "description": "Strong sense of what is right. Won't walk past people who need help. Hate liars. Happily married to my gorgeous wife! Humanist. T2 diabetic.", "url": null, "entities": {"description": {"urls": []}}, "protected": false, "followers_count": 1427, "friends_count": 1526, "listed_count": 2, "created_at": "Sun Nov 11 07:01:16 +0000 2018", "favourites_count": 42642, "utc_offset": null, "time_zone": null, "geo_enabled": false, "verified": false, "statuses_count": 27040, "lang": null, "contributors_enabled": false, "is_translator": false, "is_translation_enabled": false, "profile_background_color": "F5F8FA", "profile_background_image_url": null, "profile_background_image_url_https": null, "profile_background_tile": false, "profile_image_url": "http://pbs.twimg.com/profile_images/1260551055076622339/kIVAYD2t_normal.jpg", "profile_image_url_https": "https://pbs.twimg.com/profile_images/1260551055076622339/kIVAYD2t_normal.jpg", "profile_banner_url": "https://pbs.twimg.com/profile_banners/1061514177846624256/1579793764", "profile_link_color": "1DA1F2", "profile_sidebar_border_color": "C0DEED", "profile_sidebar_fill_color": "DDEEF6", "profile_text_color": "333333", "profile_use_background_image": true, "has_extended_profile": false, "default_profile": true, "default_profile_image": false, "following": false, "follow_request_sent": false, "notifications": false, "translator_type": "none"}, "geo": null, "coordinates": null, "place": null, "contributors": null, "is_quote_status": false, "retweet_count": 0, "favorite_count": 2, "favorited": false, "retweeted": false, "lang": "und", "reply_count": 0}