{"created_at": "Sun Jun 14 17:49:06 +0000 2020", "id": 1272224560922923009, "id_str": "1272224560922923009", "full_text": "@inkinick centre right?? https://t.co/dYKPEKKwpF", "truncated": false, "display_text_range": [10, 24], "entities": {"hashtags": [], "symbols": [], "user_mentions": [{"screen_name": "inkinick", "name": "Nick Lumb \ud83c\uddea\ud83c\uddfa \ud83c\udf39\ud83d\udc1f", "id": 755505037, "id_str": "755505037", "indices": [0, 9]}], "urls": [], "media": [{"id": 1272224553889079296, "id_str": "1272224553889079296", "indices": [25, 48], "media_url": "http://pbs.twimg.com/tweet_video_thumb/EafZfcEWoAANlso.jpg", "media_url_https": "https://pbs.twimg.com/tweet_video_thumb/EafZfcEWoAANlso.jpg", "url": "https://t.co/dYKPEKKwpF", "display_url": "pic.twitter.com/dYKPEKKwpF", "expanded_url": "https://twitter.com/FSaltao/status/1272224560922923009/photo/1", "type": "photo", "sizes": {"medium": {"w": 450, "h": 192, "resize": "fit"}, "thumb": {"w": 150, "h": 150, "resize": "crop"}, "large": {"w": 450, "h": 192, "resize": "fit"}, "small": {"w": 450, "h": 192, "resize": "fit"}}}]}, "extended_entities": {"media": [{"id": 1272224553889079296, "id_str": "1272224553889079296", "indices": [25, 48], "media_url": "http://pbs.twimg.com/tweet_video_thumb/EafZfcEWoAANlso.jpg", "media_url_https": "https://pbs.twimg.com/tweet_video_thumb/EafZfcEWoAANlso.jpg", "url": "https://t.co/dYKPEKKwpF", "display_url": "pic.twitter.com/dYKPEKKwpF", "expanded_url": "https://twitter.com/FSaltao/status/1272224560922923009/photo/1", "type": "animated_gif", "sizes": {"medium": {"w": 450, "h": 192, "resize": "fit"}, "thumb": {"w": 150, "h": 150, "resize": "crop"}, "large": {"w": 450, "h": 192, "resize": "fit"}, "small": {"w": 450, "h": 192, "resize": "fit"}}, "video_info": {"aspect_ratio": [75, 32], "variants": [{"bitrate": 0, "content_type": "video/mp4", "url": "https://video.twimg.com/tweet_video/EafZfcEWoAANlso.mp4"}]}}]}, "source": "<a href=\"https://mobile.twitter.com\" rel=\"nofollow\">Twitter Web App</a>", "in_reply_to_status_id": 1272223849824882690, "in_reply_to_status_id_str": "1272223849824882690", "in_reply_to_user_id": 755505037, "in_reply_to_user_id_str": "755505037", "in_reply_to_screen_name": "inkinick", "user": {"id": 835372326, "id_str": "835372326", "name": "Fil #FBPE \ud83c\uddea\ud83c\uddfa\ud83d\udd36\ud83c\uddf5\ud83c\uddf9 \ud83c\uddec\ud83c\udde7", "screen_name": "FSaltao", "location": "Liverpool, England", "description": "A nation that abandons the weak serves no purpose.", "url": null, "entities": {"description": {"urls": []}}, "protected": false, "followers_count": 1204, "friends_count": 1480, "listed_count": 0, "created_at": "Thu Sep 20 11:36:47 +0000 2012", "favourites_count": 6283, "utc_offset": null, "time_zone": null, "geo_enabled": true, "verified": false, "statuses_count": 15391, "lang": null, "contributors_enabled": false, "is_translator": false, "is_translation_enabled": false, "profile_background_color": "C0DEED", "profile_background_image_url": "http://abs.twimg.com/images/themes/theme1/bg.png", "profile_background_image_url_https": "https://abs.twimg.com/images/themes/theme1/bg.png", "profile_background_tile": false, "profile_image_url": "http://pbs.twimg.com/profile_images/1095698870087102466/JP1VwEjo_normal.png", "profile_image_url_https": "https://pbs.twimg.com/profile_images/1095698870087102466/JP1VwEjo_normal.png", "profile_banner_url": "https://pbs.twimg.com/profile_banners/835372326/1549901889", "profile_link_color": "1DA1F2", "profile_sidebar_border_color": "C0DEED", "profile_sidebar_fill_color": "DDEEF6", "profile_text_color": "333333", "profile_use_background_image": true, "has_extended_profile": true, "default_profile": true, "default_profile_image": false, "following": false, "follow_request_sent": false, "notifications": false, "translator_type": "none"}, "geo": null, "coordinates": null, "place": null, "contributors": null, "is_quote_status": false, "retweet_count": 1, "favorite_count": 6, "favorited": false, "retweeted": false, "possibly_sensitive": false, "possibly_sensitive_appealable": false, "lang": "en", "reply_count": 1}