{"created_at": "Tue Sep 24 15:41:37 +0000 2019", "id": 1176522082085232640, "id_str": "1176522082085232640", "full_text": "@Sjopinion10 @JimWhite At least it would stop that horrible droning voice", "truncated": false, "display_text_range": [23, 73], "entities": {"hashtags": [], "symbols": [], "user_mentions": [{"screen_name": "Sjopinion10", "name": "Simon Jordan", "id": 781161379281731584, "id_str": "781161379281731584", "indices": [0, 12]}, {"screen_name": "JimWhite", "name": "Jim White", "id": 2228621604, "id_str": "2228621604", "indices": [13, 22]}], "urls": []}, "source": "<a href=\"http://twitter.com/#!/download/ipad\" rel=\"nofollow\">Twitter for iPad</a>", "in_reply_to_status_id": 1176449882317578242, "in_reply_to_status_id_str": "1176449882317578242", "in_reply_to_user_id": 781161379281731584, "in_reply_to_user_id_str": "781161379281731584", "in_reply_to_screen_name": "Sjopinion10", "user": {"id": 758042056862433280, "id_str": "758042056862433280", "name": "Metal Micky", "screen_name": "metal4always", "location": "England, United Kingdom", "description": "", "url": null, "entities": {"description": {"urls": []}}, "protected": false, "followers_count": 36, "friends_count": 39, "listed_count": 0, "created_at": "Tue Jul 26 20:51:25 +0000 2016", "favourites_count": 647, "utc_offset": null, "time_zone": null, "geo_enabled": false, "verified": false, "statuses_count": 2624, "lang": null, "contributors_enabled": false, "is_translator": false, "is_translation_enabled": false, "profile_background_color": "F5F8FA", "profile_background_image_url": null, "profile_background_image_url_https": null, "profile_background_tile": false, "profile_image_url": "http://pbs.twimg.com/profile_images/758044494960988160/t5fA2fLQ_normal.jpg", "profile_image_url_https": "https://pbs.twimg.com/profile_images/758044494960988160/t5fA2fLQ_normal.jpg", "profile_banner_url": "https://pbs.twimg.com/profile_banners/758042056862433280/1469566978", "profile_link_color": "1DA1F2", "profile_sidebar_border_color": "C0DEED", "profile_sidebar_fill_color": "DDEEF6", "profile_text_color": "333333", "profile_use_background_image": true, "has_extended_profile": false, "default_profile": true, "default_profile_image": false, "following": false, "follow_request_sent": false, "notifications": false, "translator_type": "none"}, "geo": null, "coordinates": null, "place": null, "contributors": null, "is_quote_status": false, "retweet_count": 0, "favorite_count": 0, "favorited": false, "retweeted": false, "lang": "en", "reply_count": 0}