{"created_at": "Tue Sep 24 12:15:07 +0000 2019", "id": 1176470112242675714, "id_str": "1176470112242675714", "full_text": "@Sjopinion10 @JimWhite Bet the guy still got sacked for sleeping or dying on the job", "truncated": false, "display_text_range": [23, 84], "entities": {"hashtags": [], "symbols": [], "user_mentions": [{"screen_name": "Sjopinion10", "name": "Simon Jordan", "id": 781161379281731584, "id_str": "781161379281731584", "indices": [0, 12]}, {"screen_name": "JimWhite", "name": "Jim White", "id": 2228621604, "id_str": "2228621604", "indices": [13, 22]}], "urls": []}, "source": "<a href=\"http://twitter.com/download/android\" rel=\"nofollow\">Twitter for Android</a>", "in_reply_to_status_id": 1176449882317578242, "in_reply_to_status_id_str": "1176449882317578242", "in_reply_to_user_id": 781161379281731584, "in_reply_to_user_id_str": "781161379281731584", "in_reply_to_screen_name": "Sjopinion10", "user": {"id": 284444735, "id_str": "284444735", "name": "Michael \ud83c\uddec\ud83c\udde7 \ud83c\uddea\ud83c\uddfa", "screen_name": "Michael_781", "location": "Cardiff, Wales ", "description": "", "url": null, "entities": {"description": {"urls": []}}, "protected": false, "followers_count": 39, "friends_count": 173, "listed_count": 0, "created_at": "Tue Apr 19 08:56:28 +0000 2011", "favourites_count": 6033, "utc_offset": null, "time_zone": null, "geo_enabled": false, "verified": false, "statuses_count": 3230, "lang": null, "contributors_enabled": false, "is_translator": false, "is_translation_enabled": false, "profile_background_color": "C0DEED", "profile_background_image_url": "http://abs.twimg.com/images/themes/theme1/bg.png", "profile_background_image_url_https": "https://abs.twimg.com/images/themes/theme1/bg.png", "profile_background_tile": false, "profile_image_url": "http://pbs.twimg.com/profile_images/1174555096308420608/m03qYpWi_normal.jpg", "profile_image_url_https": "https://pbs.twimg.com/profile_images/1174555096308420608/m03qYpWi_normal.jpg", "profile_link_color": "1DA1F2", "profile_sidebar_border_color": "C0DEED", "profile_sidebar_fill_color": "DDEEF6", "profile_text_color": "333333", "profile_use_background_image": true, "has_extended_profile": false, "default_profile": true, "default_profile_image": false, "following": false, "follow_request_sent": false, "notifications": false, "translator_type": "none"}, "geo": null, "coordinates": null, "place": null, "contributors": null, "is_quote_status": false, "retweet_count": 0, "favorite_count": 0, "favorited": false, "retweeted": false, "lang": "en", "reply_count": 0}