{"created_at": "Tue Sep 24 20:49:35 +0000 2019", "id": 1176599585294364672, "id_str": "1176599585294364672", "full_text": "@Sjopinion10 @JimWhite Too cruel", "truncated": false, "display_text_range": [23, 32], "entities": {"hashtags": [], "symbols": [], "user_mentions": [{"screen_name": "Sjopinion10", "name": "Simon Jordan", "id": 781161379281731584, "id_str": "781161379281731584", "indices": [0, 12]}, {"screen_name": "JimWhite", "name": "Jim White", "id": 2228621604, "id_str": "2228621604", "indices": [13, 22]}], "urls": []}, "source": "<a href=\"http://twitter.com/download/iphone\" rel=\"nofollow\">Twitter for iPhone</a>", "in_reply_to_status_id": 1176449882317578242, "in_reply_to_status_id_str": "1176449882317578242", "in_reply_to_user_id": 781161379281731584, "in_reply_to_user_id_str": "781161379281731584", "in_reply_to_screen_name": "Sjopinion10", "user": {"id": 469432953, "id_str": "469432953", "name": "Barry Harvey", "screen_name": "barharvey1", "location": "England", "description": "Lucky grandad of 5, sports nut, radio head, tries to do 1 good turn a day, enjoys life, carries a donor card, stay karma - carry on", "url": null, "entities": {"description": {"urls": []}}, "protected": false, "followers_count": 147, "friends_count": 411, "listed_count": 3, "created_at": "Fri Jan 20 15:55:54 +0000 2012", "favourites_count": 6397, "utc_offset": null, "time_zone": null, "geo_enabled": true, "verified": false, "statuses_count": 17158, "lang": null, "contributors_enabled": false, "is_translator": false, "is_translation_enabled": false, "profile_background_color": "C0DEED", "profile_background_image_url": "http://abs.twimg.com/images/themes/theme1/bg.png", "profile_background_image_url_https": "https://abs.twimg.com/images/themes/theme1/bg.png", "profile_background_tile": false, "profile_image_url": "http://pbs.twimg.com/profile_images/1242812712217972736/eXcf8R4u_normal.jpg", "profile_image_url_https": "https://pbs.twimg.com/profile_images/1242812712217972736/eXcf8R4u_normal.jpg", "profile_banner_url": "https://pbs.twimg.com/profile_banners/469432953/1381905252", "profile_link_color": "1DA1F2", "profile_sidebar_border_color": "C0DEED", "profile_sidebar_fill_color": "DDEEF6", "profile_text_color": "333333", "profile_use_background_image": true, "has_extended_profile": false, "default_profile": true, "default_profile_image": false, "following": false, "follow_request_sent": false, "notifications": false, "translator_type": "none"}, "geo": null, "coordinates": null, "place": null, "contributors": null, "is_quote_status": false, "retweet_count": 0, "favorite_count": 0, "favorited": false, "retweeted": false, "lang": "en", "reply_count": 0}