{"created_at": "Tue Sep 24 12:35:40 +0000 2019", "id": 1176475284763267074, "id_str": "1176475284763267074", "full_text": "@Sjopinion10 @JimWhite This can\u2019t be a true story??? #Surely", "truncated": false, "display_text_range": [23, 60], "entities": {"hashtags": [{"text": "Surely", "indices": [53, 60]}], "symbols": [], "user_mentions": [{"screen_name": "Sjopinion10", "name": "Simon Jordan", "id": 781161379281731584, "id_str": "781161379281731584", "indices": [0, 12]}, {"screen_name": "JimWhite", "name": "Jim White", "id": 2228621604, "id_str": "2228621604", "indices": [13, 22]}], "urls": []}, "source": "<a href=\"http://twitter.com/download/iphone\" rel=\"nofollow\">Twitter for iPhone</a>", "in_reply_to_status_id": 1176449882317578242, "in_reply_to_status_id_str": "1176449882317578242", "in_reply_to_user_id": 781161379281731584, "in_reply_to_user_id_str": "781161379281731584", "in_reply_to_screen_name": "Sjopinion10", "user": {"id": 85422734, "id_str": "85422734", "name": "Peter Clarke", "screen_name": "PeterClarkeHH", "location": "Ingerrrlunddd", "description": "Always right, always got an answer, not always popular!", "url": null, "entities": {"description": {"urls": []}}, "protected": false, "followers_count": 117, "friends_count": 311, "listed_count": 5, "created_at": "Mon Oct 26 21:36:25 +0000 2009", "favourites_count": 3804, "utc_offset": null, "time_zone": null, "geo_enabled": true, "verified": false, "statuses_count": 4273, "lang": null, "contributors_enabled": false, "is_translator": false, "is_translation_enabled": false, "profile_background_color": "642D8B", "profile_background_image_url": "http://abs.twimg.com/images/themes/theme10/bg.gif", "profile_background_image_url_https": "https://abs.twimg.com/images/themes/theme10/bg.gif", "profile_background_tile": false, "profile_image_url": "http://pbs.twimg.com/profile_images/988858849858908161/hv6Ga-44_normal.jpg", "profile_image_url_https": "https://pbs.twimg.com/profile_images/988858849858908161/hv6Ga-44_normal.jpg", "profile_banner_url": "https://pbs.twimg.com/profile_banners/85422734/1541767784", "profile_link_color": "FF0000", "profile_sidebar_border_color": "65B0DA", "profile_sidebar_fill_color": "7AC3EE", "profile_text_color": "3D1957", "profile_use_background_image": true, "has_extended_profile": false, "default_profile": false, "default_profile_image": false, "following": false, "follow_request_sent": false, "notifications": false, "translator_type": "none"}, "geo": null, "coordinates": null, "place": null, "contributors": null, "is_quote_status": false, "retweet_count": 0, "favorite_count": 0, "favorited": false, "retweeted": false, "lang": "en", "reply_count": 0}