{"created_at": "Tue Sep 24 10:56:17 +0000 2019", "id": 1176450276573753344, "id_str": "1176450276573753344", "full_text": "@Sjopinion10 @JimWhite @ScottEaglen \ud83d\ude02\ud83d\ude02\ud83d\ude02", "truncated": false, "display_text_range": [23, 39], "entities": {"hashtags": [], "symbols": [], "user_mentions": [{"screen_name": "Sjopinion10", "name": "Simon Jordan", "id": 781161379281731584, "id_str": "781161379281731584", "indices": [0, 12]}, {"screen_name": "JimWhite", "name": "Jim White", "id": 2228621604, "id_str": "2228621604", "indices": [13, 22]}, {"screen_name": "ScottEaglen", "name": "Scott Eaglen", "id": 76616143, "id_str": "76616143", "indices": [23, 35]}], "urls": []}, "source": "<a href=\"http://twitter.com/download/iphone\" rel=\"nofollow\">Twitter for iPhone</a>", "in_reply_to_status_id": 1176449882317578242, "in_reply_to_status_id_str": "1176449882317578242", "in_reply_to_user_id": 781161379281731584, "in_reply_to_user_id_str": "781161379281731584", "in_reply_to_screen_name": "Sjopinion10", "user": {"id": 1636062229, "id_str": "1636062229", "name": "MCGUIRE", "screen_name": "Andymcguire4", "location": "Leeds, England", "description": "32| director of the box events| entrepreneur| host of @flatbackfourpod  show producer of million dollar men", "url": null, "entities": {"description": {"urls": []}}, "protected": false, "followers_count": 733, "friends_count": 1594, "listed_count": 7, "created_at": "Wed Jul 31 17:54:17 +0000 2013", "favourites_count": 4405, "utc_offset": null, "time_zone": null, "geo_enabled": true, "verified": false, "statuses_count": 18945, "lang": null, "contributors_enabled": false, "is_translator": false, "is_translation_enabled": false, "profile_background_color": "C0DEED", "profile_background_image_url": "http://abs.twimg.com/images/themes/theme1/bg.png", "profile_background_image_url_https": "https://abs.twimg.com/images/themes/theme1/bg.png", "profile_background_tile": false, "profile_image_url": "http://pbs.twimg.com/profile_images/1267973347666808834/Vg34bzlu_normal.jpg", "profile_image_url_https": "https://pbs.twimg.com/profile_images/1267973347666808834/Vg34bzlu_normal.jpg", "profile_banner_url": "https://pbs.twimg.com/profile_banners/1636062229/1591143379", "profile_link_color": "1DA1F2", "profile_sidebar_border_color": "C0DEED", "profile_sidebar_fill_color": "DDEEF6", "profile_text_color": "333333", "profile_use_background_image": true, "has_extended_profile": true, "default_profile": true, "default_profile_image": false, "following": false, "follow_request_sent": false, "notifications": false, "translator_type": "none"}, "geo": null, "coordinates": null, "place": null, "contributors": null, "is_quote_status": false, "retweet_count": 0, "favorite_count": 0, "favorited": false, "retweeted": false, "lang": "und", "reply_count": 0}