{"created_at": "Tue Sep 24 11:13:10 +0000 2019", "id": 1176454525013639168, "id_str": "1176454525013639168", "full_text": "@Sjopinion10 @JimWhite Surprised it wasn\u2019t @JimWhite after Leeds won the @FIFAcom fair play award! Fuck me, that man hates #LUFC", "truncated": false, "display_text_range": [23, 128], "entities": {"hashtags": [{"text": "LUFC", "indices": [123, 128]}], "symbols": [], "user_mentions": [{"screen_name": "Sjopinion10", "name": "Simon Jordan", "id": 781161379281731584, "id_str": "781161379281731584", "indices": [0, 12]}, {"screen_name": "JimWhite", "name": "Jim White", "id": 2228621604, "id_str": "2228621604", "indices": [13, 22]}, {"screen_name": "JimWhite", "name": "Jim White", "id": 2228621604, "id_str": "2228621604", "indices": [43, 52]}, {"screen_name": "FIFAcom", "name": "FIFA.com", "id": 140070953, "id_str": "140070953", "indices": [73, 81]}], "urls": []}, "source": "<a href=\"http://twitter.com/download/iphone\" rel=\"nofollow\">Twitter for iPhone</a>", "in_reply_to_status_id": 1176449882317578242, "in_reply_to_status_id_str": "1176449882317578242", "in_reply_to_user_id": 781161379281731584, "in_reply_to_user_id_str": "781161379281731584", "in_reply_to_screen_name": "Sjopinion10", "user": {"id": 799320079, "id_str": "799320079", "name": "Chris Lambert", "screen_name": "CJLufc88", "location": "Howden, England", "description": "Established in \u201888. Leeds United season ticket holder since \u201897.", "url": null, "entities": {"description": {"urls": []}}, "protected": false, "followers_count": 265, "friends_count": 560, "listed_count": 3, "created_at": "Mon Sep 03 00:36:30 +0000 2012", "favourites_count": 8192, "utc_offset": null, "time_zone": null, "geo_enabled": true, "verified": false, "statuses_count": 3871, "lang": null, "contributors_enabled": false, "is_translator": false, "is_translation_enabled": false, "profile_background_color": "C0DEED", "profile_background_image_url": "http://abs.twimg.com/images/themes/theme1/bg.png", "profile_background_image_url_https": "https://abs.twimg.com/images/themes/theme1/bg.png", "profile_background_tile": false, "profile_image_url": "http://pbs.twimg.com/profile_images/1253742017152258051/CSp81wB5_normal.jpg", "profile_image_url_https": "https://pbs.twimg.com/profile_images/1253742017152258051/CSp81wB5_normal.jpg", "profile_banner_url": "https://pbs.twimg.com/profile_banners/799320079/1571396798", "profile_link_color": "1DA1F2", "profile_sidebar_border_color": "C0DEED", "profile_sidebar_fill_color": "DDEEF6", "profile_text_color": "333333", "profile_use_background_image": true, "has_extended_profile": true, "default_profile": true, "default_profile_image": false, "following": false, "follow_request_sent": false, "notifications": false, "translator_type": "none"}, "geo": null, "coordinates": null, "place": null, "contributors": null, "is_quote_status": false, "retweet_count": 0, "favorite_count": 0, "favorited": false, "retweeted": false, "lang": "en", "reply_count": 0}