{"created_at": "Tue Sep 24 15:11:55 +0000 2019", "id": 1176514605683814401, "id_str": "1176514605683814401", "full_text": "@Sjopinion10 @JimWhite NOT NICE Simon", "truncated": false, "display_text_range": [23, 37], "entities": {"hashtags": [], "symbols": [], "user_mentions": [{"screen_name": "Sjopinion10", "name": "Simon Jordan", "id": 781161379281731584, "id_str": "781161379281731584", "indices": [0, 12]}, {"screen_name": "JimWhite", "name": "Jim White", "id": 2228621604, "id_str": "2228621604", "indices": [13, 22]}], "urls": []}, "source": "<a href=\"http://twitter.com\" rel=\"nofollow\">Twitter Web Client</a>", "in_reply_to_status_id": 1176449882317578242, "in_reply_to_status_id_str": "1176449882317578242", "in_reply_to_user_id": 781161379281731584, "in_reply_to_user_id_str": "781161379281731584", "in_reply_to_screen_name": "Sjopinion10", "user": {"id": 45806471, "id_str": "45806471", "name": "eddy nffc", "screen_name": "danzboyd", "location": "burton upon trent", "description": "forest fan Tugger", "url": null, "entities": {"description": {"urls": []}}, "protected": false, "followers_count": 1173, "friends_count": 1770, "listed_count": 12, "created_at": "Tue Jun 09 10:05:50 +0000 2009", "favourites_count": 544, "utc_offset": null, "time_zone": null, "geo_enabled": true, "verified": false, "statuses_count": 6698, "lang": null, "contributors_enabled": false, "is_translator": false, "is_translation_enabled": false, "profile_background_color": "C0DEED", "profile_background_image_url": "http://abs.twimg.com/images/themes/theme1/bg.png", "profile_background_image_url_https": "https://abs.twimg.com/images/themes/theme1/bg.png", "profile_background_tile": false, "profile_image_url": "http://pbs.twimg.com/profile_images/1438593838/TUGS_normal.jpg", "profile_image_url_https": "https://pbs.twimg.com/profile_images/1438593838/TUGS_normal.jpg", "profile_link_color": "1DA1F2", "profile_sidebar_border_color": "C0DEED", "profile_sidebar_fill_color": "DDEEF6", "profile_text_color": "333333", "profile_use_background_image": true, "has_extended_profile": false, "default_profile": true, "default_profile_image": false, "following": false, "follow_request_sent": false, "notifications": false, "translator_type": "none"}, "geo": null, "coordinates": null, "place": null, "contributors": null, "is_quote_status": false, "retweet_count": 0, "favorite_count": 0, "favorited": false, "retweeted": false, "lang": "en", "reply_count": 0}