{"created_at": "Tue Sep 24 21:39:14 +0000 2019", "id": 1176612079266123777, "id_str": "1176612079266123777", "full_text": "@Sjopinion10 @JimWhite \ud83d\ude4f\ud83c\udffb", "truncated": false, "display_text_range": [23, 25], "entities": {"hashtags": [], "symbols": [], "user_mentions": [{"screen_name": "Sjopinion10", "name": "Simon Jordan", "id": 781161379281731584, "id_str": "781161379281731584", "indices": [0, 12]}, {"screen_name": "JimWhite", "name": "Jim White", "id": 2228621604, "id_str": "2228621604", "indices": [13, 22]}], "urls": []}, "source": "<a href=\"http://twitter.com/download/iphone\" rel=\"nofollow\">Twitter for iPhone</a>", "in_reply_to_status_id": 1176449882317578242, "in_reply_to_status_id_str": "1176449882317578242", "in_reply_to_user_id": 781161379281731584, "in_reply_to_user_id_str": "781161379281731584", "in_reply_to_screen_name": "Sjopinion10", "user": {"id": 137857607, "id_str": "137857607", "name": "Jonathan Sumner", "screen_name": "j_sumner25", "location": "Preston", "description": "", "url": null, "entities": {"description": {"urls": []}}, "protected": false, "followers_count": 75, "friends_count": 305, "listed_count": 1, "created_at": "Tue Apr 27 23:59:18 +0000 2010", "favourites_count": 2924, "utc_offset": null, "time_zone": null, "geo_enabled": true, "verified": false, "statuses_count": 2988, "lang": null, "contributors_enabled": false, "is_translator": false, "is_translation_enabled": false, "profile_background_color": "C0DEED", "profile_background_image_url": "http://abs.twimg.com/images/themes/theme1/bg.png", "profile_background_image_url_https": "https://abs.twimg.com/images/themes/theme1/bg.png", "profile_background_tile": false, "profile_image_url": "http://pbs.twimg.com/profile_images/3477123233/918ad9c1561d556aa1333e1636d053d5_normal.jpeg", "profile_image_url_https": "https://pbs.twimg.com/profile_images/3477123233/918ad9c1561d556aa1333e1636d053d5_normal.jpeg", "profile_link_color": "1DA1F2", "profile_sidebar_border_color": "C0DEED", "profile_sidebar_fill_color": "DDEEF6", "profile_text_color": "333333", "profile_use_background_image": true, "has_extended_profile": true, "default_profile": true, "default_profile_image": false, "following": false, "follow_request_sent": false, "notifications": false, "translator_type": "none"}, "geo": null, "coordinates": null, "place": null, "contributors": null, "is_quote_status": false, "retweet_count": 0, "favorite_count": 0, "favorited": false, "retweeted": false, "lang": "und", "reply_count": 0}