{"created_at": "Tue Sep 24 11:44:12 +0000 2019", "id": 1176462331800371200, "id_str": "1176462331800371200", "full_text": "@Sjopinion10 @JimWhite Of fuck", "truncated": false, "display_text_range": [23, 30], "entities": {"hashtags": [], "symbols": [], "user_mentions": [{"screen_name": "Sjopinion10", "name": "Simon Jordan", "id": 781161379281731584, "id_str": "781161379281731584", "indices": [0, 12]}, {"screen_name": "JimWhite", "name": "Jim White", "id": 2228621604, "id_str": "2228621604", "indices": [13, 22]}], "urls": []}, "source": "<a href=\"http://twitter.com/download/iphone\" rel=\"nofollow\">Twitter for iPhone</a>", "in_reply_to_status_id": 1176449882317578242, "in_reply_to_status_id_str": "1176449882317578242", "in_reply_to_user_id": 781161379281731584, "in_reply_to_user_id_str": "781161379281731584", "in_reply_to_screen_name": "Sjopinion10", "user": {"id": 1031611458533171200, "id_str": "1031611458533171200", "name": "Daniel", "screen_name": "MrDanielKerr", "location": "Truro, England", "description": "I cook things for a living. \nHead chef @FistralBeachH \nAston Villa fan from the midlands \u26bd\ufe0f\nAll opinions are my own!\n#FistralBeachHotel", "url": null, "entities": {"description": {"urls": []}}, "protected": false, "followers_count": 247, "friends_count": 729, "listed_count": 1, "created_at": "Mon Aug 20 18:38:32 +0000 2018", "favourites_count": 2870, "utc_offset": null, "time_zone": null, "geo_enabled": true, "verified": false, "statuses_count": 2219, "lang": null, "contributors_enabled": false, "is_translator": false, "is_translation_enabled": false, "profile_background_color": "F5F8FA", "profile_background_image_url": null, "profile_background_image_url_https": null, "profile_background_tile": false, "profile_image_url": "http://pbs.twimg.com/profile_images/1187860541378834437/ASzYJWXz_normal.jpg", "profile_image_url_https": "https://pbs.twimg.com/profile_images/1187860541378834437/ASzYJWXz_normal.jpg", "profile_banner_url": "https://pbs.twimg.com/profile_banners/1031611458533171200/1586629267", "profile_link_color": "1DA1F2", "profile_sidebar_border_color": "C0DEED", "profile_sidebar_fill_color": "DDEEF6", "profile_text_color": "333333", "profile_use_background_image": true, "has_extended_profile": true, "default_profile": true, "default_profile_image": false, "following": false, "follow_request_sent": false, "notifications": false, "translator_type": "none"}, "geo": null, "coordinates": null, "place": null, "contributors": null, "is_quote_status": false, "retweet_count": 0, "favorite_count": 0, "favorited": false, "retweeted": false, "lang": "en", "reply_count": 0}