{"created_at": "Tue Sep 24 18:13:28 +0000 2019", "id": 1176560294195335168, "id_str": "1176560294195335168", "full_text": "@Sjopinion10 @JimWhite Only one likely to have a heart attack is Alan Brazil. Somebody find the man some beta blockers!", "truncated": false, "display_text_range": [23, 119], "entities": {"hashtags": [], "symbols": [], "user_mentions": [{"screen_name": "Sjopinion10", "name": "Simon Jordan", "id": 781161379281731584, "id_str": "781161379281731584", "indices": [0, 12]}, {"screen_name": "JimWhite", "name": "Jim White", "id": 2228621604, "id_str": "2228621604", "indices": [13, 22]}], "urls": []}, "source": "<a href=\"http://twitter.com/download/android\" rel=\"nofollow\">Twitter for Android</a>", "in_reply_to_status_id": 1176449882317578242, "in_reply_to_status_id_str": "1176449882317578242", "in_reply_to_user_id": 781161379281731584, "in_reply_to_user_id_str": "781161379281731584", "in_reply_to_screen_name": "Sjopinion10", "user": {"id": 52491498, "id_str": "52491498", "name": "Ted Bromley-Hall", "screen_name": "TJBH", "location": "Aylsham, England", "description": "\ud83e\uddf7 Husband\n\ud83d\udc68\u200d\ud83d\udc69\u200d\ud83d\udc66 father\n\ud83d\udcb0 entrepreneur businessman\n\ud83d\udd34 #nffc fan.", "url": "https://t.co/xDdZ0epOkp", "entities": {"url": {"urls": [{"url": "https://t.co/xDdZ0epOkp", "expanded_url": "http://www.tjbh.co.uk", "display_url": "tjbh.co.uk", "indices": [0, 23]}]}, "description": {"urls": []}}, "protected": false, "followers_count": 528, "friends_count": 581, "listed_count": 15, "created_at": "Tue Jun 30 19:25:55 +0000 2009", "favourites_count": 1971, "utc_offset": null, "time_zone": null, "geo_enabled": true, "verified": false, "statuses_count": 12648, "lang": null, "contributors_enabled": false, "is_translator": false, "is_translation_enabled": false, "profile_background_color": "131516", "profile_background_image_url": "http://abs.twimg.com/images/themes/theme14/bg.gif", "profile_background_image_url_https": "https://abs.twimg.com/images/themes/theme14/bg.gif", "profile_background_tile": true, "profile_image_url": "http://pbs.twimg.com/profile_images/1224716990365032449/WHx5JWqj_normal.jpg", "profile_image_url_https": "https://pbs.twimg.com/profile_images/1224716990365032449/WHx5JWqj_normal.jpg", "profile_banner_url": "https://pbs.twimg.com/profile_banners/52491498/1563378332", "profile_link_color": "0025F0", "profile_sidebar_border_color": "000000", "profile_sidebar_fill_color": "EFEFEF", "profile_text_color": "333333", "profile_use_background_image": true, "has_extended_profile": true, "default_profile": false, "default_profile_image": false, "following": false, "follow_request_sent": false, "notifications": false, "translator_type": "regular"}, "geo": null, "coordinates": null, "place": null, "contributors": null, "is_quote_status": false, "retweet_count": 0, "favorite_count": 0, "favorited": false, "retweeted": false, "lang": "en", "reply_count": 0}