{"created_at": "Tue Sep 24 10:57:11 +0000 2019", "id": 1176450499995979776, "id_str": "1176450499995979776", "full_text": "@Sjopinion10 @JimWhite 'Kick it out' will find this racist; stop it, Simon!", "truncated": false, "display_text_range": [23, 75], "entities": {"hashtags": [], "symbols": [], "user_mentions": [{"screen_name": "Sjopinion10", "name": "Simon Jordan", "id": 781161379281731584, "id_str": "781161379281731584", "indices": [0, 12]}, {"screen_name": "JimWhite", "name": "Jim White", "id": 2228621604, "id_str": "2228621604", "indices": [13, 22]}], "urls": []}, "source": "<a href=\"http://twitter.com/download/iphone\" rel=\"nofollow\">Twitter for iPhone</a>", "in_reply_to_status_id": 1176449882317578242, "in_reply_to_status_id_str": "1176449882317578242", "in_reply_to_user_id": 781161379281731584, "in_reply_to_user_id_str": "781161379281731584", "in_reply_to_screen_name": "Sjopinion10", "user": {"id": 356734740, "id_str": "356734740", "name": "Matt", "screen_name": "MatLFC1892", "location": "Here", "description": "Unbearables 19/20 \ud83c\udfc6\ud83e\udd47", "url": null, "entities": {"description": {"urls": []}}, "protected": false, "followers_count": 886, "friends_count": 1318, "listed_count": 15, "created_at": "Wed Aug 17 08:44:33 +0000 2011", "favourites_count": 5106, "utc_offset": null, "time_zone": null, "geo_enabled": true, "verified": false, "statuses_count": 12208, "lang": null, "contributors_enabled": false, "is_translator": false, "is_translation_enabled": false, "profile_background_color": "C0DEED", "profile_background_image_url": "http://abs.twimg.com/images/themes/theme1/bg.png", "profile_background_image_url_https": "https://abs.twimg.com/images/themes/theme1/bg.png", "profile_background_tile": false, "profile_image_url": "http://pbs.twimg.com/profile_images/1276950041639424001/udNUN9mO_normal.jpg", "profile_image_url_https": "https://pbs.twimg.com/profile_images/1276950041639424001/udNUN9mO_normal.jpg", "profile_banner_url": "https://pbs.twimg.com/profile_banners/356734740/1593265484", "profile_link_color": "1DA1F2", "profile_sidebar_border_color": "C0DEED", "profile_sidebar_fill_color": "DDEEF6", "profile_text_color": "333333", "profile_use_background_image": true, "has_extended_profile": true, "default_profile": true, "default_profile_image": false, "following": false, "follow_request_sent": false, "notifications": false, "translator_type": "none"}, "geo": null, "coordinates": null, "place": null, "contributors": null, "is_quote_status": false, "retweet_count": 0, "favorite_count": 6, "favorited": false, "retweeted": false, "lang": "en", "reply_count": 0}