{"created_at": "Wed Sep 25 04:07:59 +0000 2019", "id": 1176709909947342848, "id_str": "1176709909947342848", "full_text": "@Sjopinion10 @JimWhite He\u2019s even got his headphones on to drown out Jim", "truncated": false, "display_text_range": [23, 71], "entities": {"hashtags": [], "symbols": [], "user_mentions": [{"screen_name": "Sjopinion10", "name": "Simon Jordan", "id": 781161379281731584, "id_str": "781161379281731584", "indices": [0, 12]}, {"screen_name": "JimWhite", "name": "Jim White", "id": 2228621604, "id_str": "2228621604", "indices": [13, 22]}], "urls": []}, "source": "<a href=\"http://twitter.com/download/iphone\" rel=\"nofollow\">Twitter for iPhone</a>", "in_reply_to_status_id": 1176449882317578242, "in_reply_to_status_id_str": "1176449882317578242", "in_reply_to_user_id": 781161379281731584, "in_reply_to_user_id_str": "781161379281731584", "in_reply_to_screen_name": "Sjopinion10", "user": {"id": 3355247939, "id_str": "3355247939", "name": "Simon Rowell", "screen_name": "SimonRowell3", "location": "Newcastle Upon Tyne, England", "description": "Music Football Books Movies History", "url": null, "entities": {"description": {"urls": []}}, "protected": false, "followers_count": 7, "friends_count": 66, "listed_count": 0, "created_at": "Thu Jul 02 15:47:48 +0000 2015", "favourites_count": 74, "utc_offset": null, "time_zone": null, "geo_enabled": false, "verified": false, "statuses_count": 84, "lang": null, "contributors_enabled": false, "is_translator": false, "is_translation_enabled": false, "profile_background_color": "C0DEED", "profile_background_image_url": "http://abs.twimg.com/images/themes/theme1/bg.png", "profile_background_image_url_https": "https://abs.twimg.com/images/themes/theme1/bg.png", "profile_background_tile": false, "profile_image_url": "http://pbs.twimg.com/profile_images/1177449460659412993/MfTH7Hz9_normal.jpg", "profile_image_url_https": "https://pbs.twimg.com/profile_images/1177449460659412993/MfTH7Hz9_normal.jpg", "profile_banner_url": "https://pbs.twimg.com/profile_banners/3355247939/1569561008", "profile_link_color": "1DA1F2", "profile_sidebar_border_color": "C0DEED", "profile_sidebar_fill_color": "DDEEF6", "profile_text_color": "333333", "profile_use_background_image": true, "has_extended_profile": false, "default_profile": true, "default_profile_image": false, "following": false, "follow_request_sent": false, "notifications": false, "translator_type": "none"}, "geo": null, "coordinates": null, "place": null, "contributors": null, "is_quote_status": false, "retweet_count": 0, "favorite_count": 0, "favorited": false, "retweeted": false, "lang": "en", "reply_count": 0}